{
"type": "FeatureCollection",
"name": "2026-08-18",
"crs": { "type": "name", "properties": { "name": "urn:ogc:def:crs:OGC:1.3:CRS84" } },
"features": [
{ "type": "Feature", "properties": { }, "geometry": { "type": "MultiPolygon", "coordinates": [ [ [ [ 106.96050058527652, 11.940842561646303 ], [ 106.995278511931829, 12.134043378127201 ], [ 106.9973929, 12.1357849 ], [ 106.9990031, 12.1369808 ], [ 107.0007249, 12.1380094 ], [ 107.0025411, 12.1388604 ], [ 107.0122084, 12.1428118 ], [ 107.0161084, 12.1444059 ], [ 107.0298087, 12.1500057 ], [ 107.029823, 12.1500115 ], [ 107.0323169, 12.1559815 ], [ 107.0333809, 12.1581501 ], [ 107.0357314, 12.1622883 ], [ 107.0367853, 12.1639481 ], [ 107.0379971, 12.1654963 ], [ 107.0421779, 12.1703286 ], [ 107.0422254, 12.1703836 ], [ 107.0424374, 12.1706287 ], [ 107.0437515, 12.1720092 ], [ 107.045191, 12.1732583 ], [ 107.0467428, 12.1743647 ], [ 107.0485495, 12.1755271 ], [ 107.0484543, 12.1763599 ], [ 107.0484174, 12.1782435 ], [ 107.0485578, 12.1801223 ], [ 107.0489093, 12.1829953 ], [ 107.0492954, 12.1851578 ], [ 107.0499164, 12.1872649 ], [ 107.0507646, 12.1892912 ], [ 107.0532932, 12.194507 ], [ 107.0540331, 12.1958918 ], [ 107.0548792, 12.1972143 ], [ 107.0565095, 12.1995546 ], [ 107.0576235, 12.2010071 ], [ 107.0588656, 12.2023517 ], [ 107.0602254, 12.2035771 ], [ 107.0616915, 12.204673 ], [ 107.0632517, 12.2056303 ], [ 107.0648929, 12.206441 ], [ 107.0666014, 12.2070982 ], [ 107.0676936, 12.2074619 ], [ 107.069731, 12.2080227 ], [ 107.0718163, 12.2083654 ], [ 107.073926, 12.2084861 ], [ 107.0747114, 12.2084895 ], [ 107.0751986, 12.2084917 ], [ 107.0772798, 12.2083925 ], [ 107.0776469, 12.2083363 ], [ 107.0778541, 12.2089845 ], [ 107.0792945, 12.2131186 ], [ 107.0801132, 12.2151147 ], [ 107.0811422, 12.2170109 ], [ 107.0823694, 12.2187853 ], [ 107.0841825, 12.2211261 ], [ 107.0855141, 12.222675 ], [ 107.0869967, 12.2240799 ], [ 107.0935363, 12.2296715 ], [ 107.0940512, 12.2300971 ], [ 107.0984693, 12.2336263 ], [ 107.1002182, 12.2350233 ], [ 107.1090646, 12.2420899 ], [ 107.1108542, 12.243365 ], [ 107.1127551, 12.2444261 ], [ 107.1200696, 12.252021 ], [ 107.1217398, 12.2550391 ], [ 107.1230894, 12.257478 ], [ 107.1241049, 12.2593129 ], [ 107.1251723, 12.2612415 ], [ 107.125951, 12.2633247 ], [ 107.1263668, 12.2644375 ], [ 107.1264258, 12.2645932 ], [ 107.1266968, 12.2653005 ], [ 107.1281347, 12.2690524 ], [ 107.1291877, 12.2718003 ], [ 107.1302143, 12.2744795 ], [ 107.1302322, 12.274526 ], [ 107.1320366, 12.2791999 ], [ 107.1328512, 12.2810312 ], [ 107.1338451, 12.2827717 ], [ 107.1350081, 12.284404 ], [ 107.1363287, 12.2859117 ], [ 107.1377263, 12.2873547 ], [ 107.1390464, 12.2887176 ], [ 107.1404495, 12.2901661 ], [ 107.1404575, 12.2901744 ], [ 107.140458, 12.2901748 ], [ 107.1404836, 12.2902013 ], [ 107.1404849, 12.2902 ], [ 107.1419802, 12.2915977 ], [ 107.1436428, 12.2928548 ], [ 107.1454272, 12.293932 ], [ 107.1473139, 12.2948177 ], [ 107.1492827, 12.2955022 ], [ 107.1555133, 12.2973106 ], [ 107.1578625, 12.2978415 ], [ 107.1579959, 12.2978633 ], [ 107.1606687, 12.2982988 ], [ 107.1645882, 12.2992796 ], [ 107.1657061, 12.2995592 ], [ 107.1659054, 12.299609 ], [ 107.1682605, 12.3005302 ], [ 107.1684133, 12.3007672 ], [ 107.1695559, 12.3025393 ], [ 107.1708704, 12.3043476 ], [ 107.1739564, 12.3081287 ], [ 107.1752526, 12.3095684 ], [ 107.1766819, 12.3108759 ], [ 107.178231, 12.3120391 ], [ 107.1798853, 12.3130469 ], [ 107.1827066, 12.3145834 ], [ 107.1846176, 12.3154964 ], [ 107.1866145, 12.3162023 ], [ 107.1886748, 12.316693 ], [ 107.1926851, 12.3174263 ], [ 107.1930282, 12.317486 ], [ 107.1996499, 12.318578 ], [ 107.2030556, 12.3191394 ], [ 107.2049214, 12.3193576 ], [ 107.2067995, 12.3193998 ], [ 107.2110096, 12.3192965 ], [ 107.2129536, 12.3191538 ], [ 107.2148745, 12.3188225 ], [ 107.217248, 12.3182929 ], [ 107.2195605, 12.3176286 ], [ 107.2224112, 12.3166205 ], [ 107.222691, 12.3165215 ], [ 107.224097, 12.3171957 ], [ 107.2314725, 12.3223512 ], [ 107.2323131, 12.3229389 ], [ 107.2338577, 12.3240185 ], [ 107.2350405, 12.3247847 ], [ 107.2395855, 12.3275064 ], [ 107.2406031, 12.3281157 ], [ 107.2427849, 12.3294222 ], [ 107.2432073, 12.3296752 ], [ 107.2457407, 12.3311923 ], [ 107.2461471, 12.3314356 ], [ 107.2498663, 12.3356342 ], [ 107.2506797, 12.3366766 ], [ 107.2522357, 12.3384454 ], [ 107.2532654, 12.3394854 ], [ 107.2548216, 12.3409 ], [ 107.2565178, 12.3421434 ], [ 107.2583351, 12.3432018 ], [ 107.2594694, 12.3437848 ], [ 107.261431, 12.3446631 ], [ 107.2634754, 12.3453259 ], [ 107.2655792, 12.3457655 ], [ 107.2674232, 12.3460484 ], [ 107.2695607, 12.3462597 ], [ 107.2717086, 12.3462404 ], [ 107.2738421, 12.345991 ], [ 107.2759365, 12.3455141 ], [ 107.2769486, 12.3452257 ], [ 107.2776492, 12.3457155 ], [ 107.2797715, 12.3468469 ], [ 107.2812344, 12.3475171 ], [ 107.2828955, 12.3481897 ], [ 107.2869261, 12.3496153 ], [ 107.2883657, 12.3500642 ], [ 107.2912229, 12.3508382 ], [ 107.2922981, 12.3510978 ], [ 107.301513, 12.3530545 ], [ 107.3034298, 12.3533652 ], [ 107.3053677, 12.3534885 ], [ 107.3073084, 12.3534232 ], [ 107.3092336, 12.3531701 ], [ 107.3111252, 12.3527315 ], [ 107.3129654, 12.3521116 ], [ 107.3147368, 12.3513161 ], [ 107.3164226, 12.3503525 ], [ 107.318894, 12.3487761 ], [ 107.3194275, 12.3484358 ], [ 107.3209536, 12.3473589 ], [ 107.3223725, 12.3461443 ], [ 107.3231907, 12.3452995 ], [ 107.3276714, 12.3463627 ], [ 107.3287748, 12.3468855 ], [ 107.3304213, 12.3474952 ], [ 107.3321149, 12.3479582 ], [ 107.3338427, 12.3482709 ], [ 107.33883, 12.3489489 ], [ 107.3405017, 12.3491763 ], [ 107.3424536, 12.3493449 ], [ 107.3444127, 12.3493217 ], [ 107.3463602, 12.3491069 ], [ 107.3494816, 12.3486069 ], [ 107.3511699, 12.3482613 ], [ 107.3528223, 12.3477716 ], [ 107.3544263, 12.3471414 ], [ 107.3559702, 12.3463755 ], [ 107.3578108, 12.3453613 ], [ 107.3597347, 12.3443013 ], [ 107.3614561, 12.3432358 ], [ 107.363061, 12.3420018 ], [ 107.3648236, 12.3404986 ], [ 107.367526, 12.3384985 ], [ 107.3683705, 12.3378378 ], [ 107.3706374, 12.335964 ], [ 107.3759082, 12.3316071 ], [ 107.3761681, 12.3313885 ], [ 107.3771418, 12.3305554 ], [ 107.3820216, 12.3263801 ], [ 107.3831061, 12.3253806 ], [ 107.3841141, 12.3243039 ], [ 107.3888302, 12.318878 ], [ 107.3903384, 12.3171427 ], [ 107.3914718, 12.3157119 ], [ 107.3924699, 12.3141836 ], [ 107.3933246, 12.3125708 ], [ 107.3955279, 12.3079105 ], [ 107.3962526, 12.3061696 ], [ 107.3964798, 12.3055419 ], [ 107.3977572, 12.3020137 ], [ 107.3982702, 12.3005968 ], [ 107.4003953, 12.2960462 ], [ 107.4012659, 12.2938529 ], [ 107.4018722, 12.2915724 ], [ 107.4027296, 12.2873599 ], [ 107.40455, 12.2839467 ], [ 107.4048637, 12.2833585 ], [ 107.4076956, 12.2798595 ], [ 107.4100892, 12.2775913 ], [ 107.4148177, 12.2744905 ], [ 107.4196742, 12.2716955 ], [ 107.420065, 12.2717762 ], [ 107.4204018, 12.2759761 ], [ 107.4205239, 12.2774997 ], [ 107.4210487, 12.2846439 ], [ 107.4211613, 12.2857526 ], [ 107.421894, 12.2913983 ], [ 107.422243, 12.2933351 ], [ 107.4227807, 12.2952282 ], [ 107.4235018, 12.2970593 ], [ 107.4243993, 12.2988106 ], [ 107.4254646, 12.3004653 ], [ 107.4266874, 12.3020073 ], [ 107.4280559, 12.3034216 ], [ 107.4305607, 12.3057676 ], [ 107.4307107, 12.305908 ], [ 107.4320466, 12.3070521 ], [ 107.4334778, 12.3080744 ], [ 107.4349933, 12.308967 ], [ 107.435655, 12.3093184 ], [ 107.4379564, 12.3105411 ], [ 107.4399903, 12.3114796 ], [ 107.4445521, 12.313282 ], [ 107.4461257, 12.3138291 ], [ 107.4477393, 12.3142433 ], [ 107.4499209, 12.3147075 ], [ 107.4499966, 12.3153572 ], [ 107.4504197, 12.3172934 ], [ 107.4510323, 12.3191782 ], [ 107.4518284, 12.3209931 ], [ 107.4528002, 12.3227204 ], [ 107.4539383, 12.3243429 ], [ 107.4552313, 12.3258449 ], [ 107.4566666, 12.3272115 ], [ 107.4582302, 12.3284294 ], [ 107.4599066, 12.3294865 ], [ 107.4616794, 12.3303725 ], [ 107.4913194, 12.343393 ], [ 107.4921332, 12.3437293 ], [ 107.4942247, 12.3445403 ], [ 107.4953425, 12.3453898 ], [ 107.496655, 12.3467704 ], [ 107.4979193, 12.3482338 ], [ 107.4995512, 12.3499132 ], [ 107.5034115, 12.3534462 ], [ 107.504899, 12.3546809 ], [ 107.5064988, 12.3557663 ], [ 107.513049, 12.3597621 ], [ 107.5136348, 12.3601059 ], [ 107.5219869, 12.3648194 ], [ 107.5229494, 12.3653286 ], [ 107.5251201, 12.3664023 ], [ 107.5248635, 12.3682139 ], [ 107.5247862, 12.3702771 ], [ 107.5249221, 12.3723372 ], [ 107.5252697, 12.3743724 ], [ 107.5258252, 12.3763609 ], [ 107.5271693, 12.3803624 ], [ 107.5278686, 12.3821539 ], [ 107.5287367, 12.3838699 ], [ 107.5297656, 12.3854946 ], [ 107.5302482, 12.3861155 ], [ 107.5268211, 12.3988964 ], [ 107.5263419, 12.4012324 ], [ 107.5261442, 12.4036089 ], [ 107.5258567, 12.4159067 ], [ 107.5259214, 12.418048 ], [ 107.5262147, 12.4201701 ], [ 107.5267334, 12.4222486 ], [ 107.5274714, 12.4242598 ], [ 107.5279421, 12.4253569 ], [ 107.5308357, 12.4321005 ], [ 107.5317137, 12.4338941 ], [ 107.5327662, 12.4355911 ], [ 107.5352388, 12.439166 ], [ 107.5367246, 12.4419769 ], [ 107.5374009, 12.4432563 ], [ 107.5387485, 12.4458057 ], [ 107.5405487, 12.4492714 ], [ 107.5421337, 12.4524737 ], [ 107.5421408, 12.452488 ], [ 107.5437475, 12.4557343 ], [ 107.5438729, 12.4559875 ], [ 107.5443995, 12.4570514 ], [ 107.5445708, 12.4611673 ], [ 107.5441436, 12.4692703 ], [ 107.5441159, 12.4702802 ], [ 107.5441114, 12.4723793 ], [ 107.5442301, 12.474598 ], [ 107.5445941, 12.4767897 ], [ 107.5447955, 12.4776897 ], [ 107.5453541, 12.4796916 ], [ 107.5461175, 12.4816246 ], [ 107.5470773, 12.483468 ], [ 107.5482232, 12.4852018 ], [ 107.5495429, 12.4868074 ], [ 107.551022, 12.4882673 ], [ 107.5526447, 12.4895658 ], [ 107.5537612, 12.4903678 ], [ 107.5539996, 12.4905209 ], [ 107.5531814, 12.4917005 ], [ 107.5523167, 12.4932136 ], [ 107.5515869, 12.4947962 ], [ 107.550627, 12.4971418 ], [ 107.5499521, 12.4987905 ], [ 107.5492217, 12.5009053 ], [ 107.5490515, 12.5015049 ], [ 107.5485393, 12.5033095 ], [ 107.5474809, 12.5070386 ], [ 107.5453034, 12.5125741 ], [ 107.5447611, 12.5141402 ], [ 107.5443504, 12.5157459 ], [ 107.544074, 12.5173801 ], [ 107.5437294, 12.5200985 ], [ 107.5435822, 12.5219315 ], [ 107.5436041, 12.5237703 ], [ 107.5437947, 12.5255992 ], [ 107.543921, 12.5264358 ], [ 107.5445645, 12.5306982 ], [ 107.5449164, 12.5324775 ], [ 107.5454279, 12.5342177 ], [ 107.5460951, 12.5359043 ], [ 107.5469122, 12.5375236 ], [ 107.5478728, 12.5390622 ], [ 107.561973, 12.5595205 ], [ 107.5628924, 12.5607505 ], [ 107.5633549, 12.5612793 ], [ 107.5632812, 12.5614035 ], [ 107.562485, 12.562882 ], [ 107.5618158, 12.5644221 ], [ 107.5603332, 12.5682678 ], [ 107.5597873, 12.5698866 ], [ 107.5593815, 12.5715461 ], [ 107.5591189, 12.5732342 ], [ 107.5587044, 12.5769321 ], [ 107.5585891, 12.5785539 ], [ 107.55848, 12.5821525 ], [ 107.5585286, 12.5842775 ], [ 107.5586771, 12.5862272 ], [ 107.5589962, 12.5885725 ], [ 107.5599021, 12.5931728 ], [ 107.5604035, 12.5951703 ], [ 107.5611076, 12.5971056 ], [ 107.5612547, 12.5974531 ], [ 107.5617837, 12.6038671 ], [ 107.5615625, 12.6057633 ], [ 107.5567922, 12.6149943 ], [ 107.5543347, 12.6197501 ], [ 107.5527286, 12.6228582 ], [ 107.5519897, 12.6244568 ], [ 107.5513944, 12.6261143 ], [ 107.5509471, 12.6278177 ], [ 107.5478528, 12.6421448 ], [ 107.5475448, 12.6439817 ], [ 107.5474091, 12.6458393 ], [ 107.5474467, 12.6477015 ], [ 107.5478412, 12.6536007 ], [ 107.5478878, 12.6541736 ], [ 107.5490326, 12.6661228 ], [ 107.5492686, 12.6678182 ], [ 107.5496487, 12.6694872 ], [ 107.5501702, 12.6711176 ], [ 107.5514976, 12.6747277 ], [ 107.5537312, 12.682861 ], [ 107.5507927, 12.6862753 ], [ 107.5456575, 12.6922411 ], [ 107.5445612, 12.6936352 ], [ 107.5435928, 12.6951209 ], [ 107.5420599, 12.6977174 ], [ 107.5407753, 12.7003033 ], [ 107.5397522, 12.7028007 ], [ 107.5391577, 12.7044559 ], [ 107.5387109, 12.7061569 ], [ 107.5384153, 12.7078906 ], [ 107.5380011, 12.711189 ], [ 107.5378475, 12.7133801 ], [ 107.5379351, 12.7155748 ], [ 107.5382628, 12.7177467 ], [ 107.5388268, 12.7198696 ], [ 107.5397872, 12.722821 ], [ 107.5407721, 12.7252806 ], [ 107.5425959, 12.7290836 ], [ 107.5434775, 12.7306957 ], [ 107.5423773, 12.7328457 ], [ 107.5416119, 12.7345291 ], [ 107.5410053, 12.7362759 ], [ 107.5405626, 12.7380713 ], [ 107.5393527, 12.7441809 ], [ 107.5390316, 12.746519 ], [ 107.5380468, 12.7592115 ], [ 107.5379924, 12.7612285 ], [ 107.5381415, 12.7632407 ], [ 107.5393959, 12.77327 ], [ 107.5393859, 12.7778797 ], [ 107.5394844, 12.7799058 ], [ 107.5396, 12.781066 ], [ 107.5402778, 12.7878674 ], [ 107.5404904, 12.7900014 ], [ 107.5400024, 12.7915866 ], [ 107.5399983, 12.7915998 ], [ 107.5380943, 12.7953937 ], [ 107.5360495, 12.7987751 ], [ 107.5353784, 12.7998849 ], [ 107.5342901, 12.8019474 ], [ 107.5337147, 12.8032115 ], [ 107.5287807, 12.8118191 ], [ 107.5284881, 12.8123294 ], [ 107.5284832, 12.8123381 ], [ 107.5158495, 12.8265215 ], [ 107.5107212, 12.8322789 ], [ 107.5088612, 12.8343671 ], [ 107.5085292, 12.8347495 ], [ 107.5013393, 12.8432452 ], [ 107.497617, 12.8476436 ], [ 107.4887118, 12.8581661 ], [ 107.486067, 12.8605778 ], [ 107.4846293, 12.8620301 ], [ 107.4833474, 12.8636214 ], [ 107.4822345, 12.8653353 ], [ 107.4813023, 12.8671538 ], [ 107.4790655, 12.872128 ], [ 107.4783852, 12.8738498 ], [ 107.477867, 12.8756272 ], [ 107.4762606, 12.8822667 ], [ 107.4751895, 12.8852227 ], [ 107.474558, 12.8873167 ], [ 107.4741589, 12.889467 ], [ 107.473997, 12.8916482 ], [ 107.4739646, 12.8933183 ], [ 107.4738371, 12.8998781 ], [ 107.4738017, 12.9016982 ], [ 107.4738215, 12.903059 ], [ 107.4740696, 12.9081586 ], [ 107.4740813, 12.9083742 ], [ 107.4743945, 12.9136408 ], [ 107.4728097, 12.9197611 ], [ 107.4723037, 12.9224758 ], [ 107.4721704, 12.9236278 ], [ 107.4720484, 12.9252742 ], [ 107.4720627, 12.9269251 ], [ 107.4722131, 12.9285692 ], [ 107.4724514, 12.9303569 ], [ 107.4703887, 12.9327267 ], [ 107.4691928, 12.9342427 ], [ 107.4681486, 12.935867 ], [ 107.4672659, 12.9375843 ], [ 107.4665529, 12.9393788 ], [ 107.4659025, 12.9412784 ], [ 107.4646225, 12.9450161 ], [ 107.4640293, 12.9471155 ], [ 107.4636683, 12.9492671 ], [ 107.4635438, 12.9514451 ], [ 107.4635299, 12.9569208 ], [ 107.4636157, 12.9588229 ], [ 107.4638819, 12.9607081 ], [ 107.4643263, 12.9625595 ], [ 107.4649447, 12.9643603 ], [ 107.4657315, 12.9660941 ], [ 107.4666796, 12.9677452 ], [ 107.4677804, 12.9692986 ], [ 107.4690239, 12.9707404 ], [ 107.470399, 12.9720574 ], [ 107.4729193, 12.9742511 ], [ 107.4804006, 12.9807627 ], [ 107.4795232, 12.9826536 ], [ 107.4754136, 12.991511 ], [ 107.4731351, 12.9964218 ], [ 107.4715545, 12.9998282 ], [ 107.4712627, 13.0005769 ], [ 107.46587, 13.0121852 ], [ 107.4653065, 13.0132943 ], [ 107.4646177, 13.0150375 ], [ 107.4640951, 13.0168375 ], [ 107.4637433, 13.0186786 ], [ 107.4635654, 13.0205445 ], [ 107.463563, 13.0224189 ], [ 107.463736, 13.0242852 ], [ 107.464083, 13.0261272 ], [ 107.4654906, 13.0320566 ], [ 107.4660042, 13.0338454 ], [ 107.4680739, 13.0399643 ], [ 107.4684393, 13.0409572 ], [ 107.470323, 13.0456861 ], [ 107.4714633, 13.0480752 ], [ 107.4731406, 13.051063 ], [ 107.4793448, 13.0643082 ], [ 107.4906496, 13.0908269 ], [ 107.4906739, 13.0908837 ], [ 107.4926693, 13.0955247 ], [ 107.4926996, 13.0955948 ], [ 107.4940906, 13.0987963 ], [ 107.4998708, 13.1120995 ], [ 107.5000479, 13.1124955 ], [ 107.5071001, 13.1278088 ], [ 107.516543, 13.1509853 ], [ 107.5168688, 13.1517402 ], [ 107.5220186, 13.1630281 ], [ 107.5296977, 13.1810548 ], [ 107.5347968, 13.1930229 ], [ 107.53486, 13.1931696 ], [ 107.5463109, 13.2194617 ], [ 107.546355, 13.2195621 ], [ 107.5596129, 13.249553 ], [ 107.5727427, 13.2800879 ], [ 107.5727598, 13.2801276 ], [ 107.5858989, 13.3105033 ], [ 107.5863564, 13.311561 ], [ 107.5870659, 13.3132039 ], [ 107.599816, 13.3427237 ], [ 107.59985, 13.3428019 ], [ 107.6096358, 13.365196 ], [ 107.6090911, 13.372822 ], [ 107.607635, 13.3901514 ], [ 107.6056182, 13.4111472 ], [ 107.6052121, 13.4153737 ], [ 107.6051634, 13.4159762 ], [ 107.6048208, 13.4211946 ], [ 107.6021833, 13.4508911 ], [ 107.5993867, 13.4808184 ], [ 107.5993616, 13.4811094 ], [ 107.5969806, 13.5113503 ], [ 107.5969511, 13.5117859 ], [ 107.5968098, 13.5142734 ], [ 107.5962408, 13.5242861 ], [ 107.5926271, 13.5322776 ], [ 107.5806942, 13.5551867 ], [ 107.5799043, 13.5568948 ], [ 107.5779329, 13.5617447 ], [ 107.5649163, 13.5895388 ], [ 107.5556125, 13.6076955 ], [ 107.5555052, 13.6079079 ], [ 107.5527689, 13.6134081 ], [ 107.5525098, 13.6139291 ], [ 107.5516542, 13.6159107 ], [ 107.5510171, 13.617973 ], [ 107.550606, 13.620092 ], [ 107.5498319, 13.6256806 ], [ 107.5496696, 13.6273898 ], [ 107.5489216, 13.6418254 ], [ 107.5489159, 13.6419427 ], [ 107.5482687, 13.6560329 ], [ 107.5478375, 13.6600242 ], [ 107.5451468, 13.6636948 ], [ 107.5334702, 13.6787265 ], [ 107.5323945, 13.6802534 ], [ 107.531466, 13.681874 ], [ 107.5306927, 13.6835741 ], [ 107.527861, 13.6906602 ], [ 107.5272531, 13.6924134 ], [ 107.5231151, 13.706415 ], [ 107.5153345, 13.7308797 ], [ 107.4883608, 13.7492109 ], [ 107.481386, 13.7538613 ], [ 107.480686, 13.7543499 ], [ 107.4769124, 13.7571056 ], [ 107.4676525, 13.7592022 ], [ 107.4658582, 13.7596973 ], [ 107.4641178, 13.760357 ], [ 107.4624462, 13.7611756 ], [ 107.460858, 13.7621461 ], [ 107.4548124, 13.7662383 ], [ 107.4376486, 13.7778562 ], [ 107.4361127, 13.779007 ], [ 107.4346942, 13.7802998 ], [ 107.4334061, 13.7817225 ], [ 107.4322603, 13.7832622 ], [ 107.4312674, 13.7849046 ], [ 107.4304365, 13.7866346 ], [ 107.4297752, 13.7884363 ], [ 107.4292896, 13.7902931 ], [ 107.4289843, 13.7921879 ], [ 107.428862, 13.7941032 ], [ 107.4289238, 13.7960214 ], [ 107.4291692, 13.7979249 ], [ 107.429596, 13.799796 ], [ 107.4302001, 13.8016177 ], [ 107.430976, 13.8033731 ], [ 107.4315795, 13.8045784 ], [ 107.432327, 13.8059369 ], [ 107.4365736, 13.8129931 ], [ 107.4372476, 13.814003 ], [ 107.436345, 13.8155598 ], [ 107.4354559, 13.8175775 ], [ 107.4344008, 13.8203812 ], [ 107.4338044, 13.8222353 ], [ 107.4333911, 13.8241387 ], [ 107.433165, 13.8260732 ], [ 107.4331281, 13.8280206 ], [ 107.4332807, 13.8299623 ], [ 107.4336216, 13.8318799 ], [ 107.4341473, 13.8337553 ], [ 107.434853, 13.8355707 ], [ 107.4366753, 13.8396573 ], [ 107.4375635, 13.8414118 ], [ 107.4386198, 13.8430706 ], [ 107.4398339, 13.8446177 ], [ 107.441194, 13.8460381 ], [ 107.4426871, 13.847318 ], [ 107.4454108, 13.8494297 ], [ 107.4442601, 13.8501726 ], [ 107.442658, 13.8513227 ], [ 107.441177, 13.8526249 ], [ 107.4398314, 13.8540667 ], [ 107.4386344, 13.855634 ], [ 107.4360045, 13.8594542 ], [ 107.4349513, 13.8611616 ], [ 107.4340744, 13.8629659 ], [ 107.4333827, 13.8648489 ], [ 107.4328831, 13.8667918 ], [ 107.4325806, 13.8687749 ], [ 107.4324783, 13.8707784 ], [ 107.4325772, 13.872782 ], [ 107.4328764, 13.8747656 ], [ 107.4339105, 13.8798708 ], [ 107.4343958, 13.8817785 ], [ 107.4350662, 13.8836293 ], [ 107.4359153, 13.8854052 ], [ 107.4382613, 13.8897485 ], [ 107.4392247, 13.8913486 ], [ 107.4403332, 13.8928518 ], [ 107.441577, 13.8942451 ], [ 107.4429454, 13.8955163 ], [ 107.448696, 13.9003784 ], [ 107.4491057, 13.9007156 ], [ 107.4492435, 13.900826 ], [ 107.4492477, 13.9009231 ], [ 107.4496577, 13.9055478 ], [ 107.4493682, 13.9056877 ], [ 107.4476743, 13.9067249 ], [ 107.4460917, 13.9079251 ], [ 107.4446359, 13.9092763 ], [ 107.4433214, 13.9107652 ], [ 107.4425848, 13.911688 ], [ 107.4406941, 13.9137813 ], [ 107.4403451, 13.9141781 ], [ 107.4392837, 13.9154175 ], [ 107.4381261, 13.9169059 ], [ 107.4371138, 13.9184966 ], [ 107.4351758, 13.9218848 ], [ 107.4342121, 13.9238014 ], [ 107.4334592, 13.9258101 ], [ 107.4329258, 13.9278879 ], [ 107.4318505, 13.9332578 ], [ 107.4314992, 13.9359522 ], [ 107.430894, 13.9457534 ], [ 107.4308714, 13.9477712 ], [ 107.4310523, 13.949781 ], [ 107.4324421, 13.959629 ], [ 107.4311121, 13.975577 ], [ 107.4271553, 13.9748339 ], [ 107.4248218, 13.9743957 ], [ 107.4134711, 13.9722638 ], [ 107.4131252, 13.9721988 ], [ 107.4083635, 13.9708613 ], [ 107.4065119, 13.9704349 ], [ 107.4046283, 13.9701861 ], [ 107.4016452, 13.9699356 ], [ 107.3996023, 13.9698689 ], [ 107.3991161, 13.9698779 ], [ 107.3923505, 13.9700021 ], [ 107.3830901, 13.9701721 ], [ 107.3811103, 13.9703069 ], [ 107.3791536, 13.9706372 ], [ 107.3772393, 13.9711598 ], [ 107.3753861, 13.9718696 ], [ 107.3736125, 13.9727595 ], [ 107.3719357, 13.9738207 ], [ 107.3703724, 13.975043 ], [ 107.3689379, 13.9764141 ], [ 107.3678246, 13.9775893 ], [ 107.3661941, 13.9793104 ], [ 107.3648032, 13.9809461 ], [ 107.3621413, 13.9844407 ], [ 107.359864149620648, 13.986704869880446 ], [ 107.393069920678556, 14.153849056990699 ], [ 107.401543187667258, 14.233651297102304 ], [ 107.418372556166602, 14.28623198534507 ], [ 107.419865867477867, 14.326518439927561 ], [ 107.426300606156659, 14.33429210601771 ], [ 107.443718003540937, 14.447020533657573 ], [ 107.4452624, 14.4471415 ], [ 107.4472585, 14.447098 ], [ 107.4492402, 14.4468559 ], [ 107.4504968, 14.4466382 ], [ 107.4525212, 14.4461781 ], [ 107.454487, 14.4455106 ], [ 107.456373, 14.444643 ], [ 107.458159, 14.4435846 ], [ 107.458784, 14.4431689 ], [ 107.4603643, 14.4420019 ], [ 107.4618226, 14.4406854 ], [ 107.4648069, 14.4377126 ], [ 107.46674, 14.4359618 ], [ 107.4674298, 14.4353066 ], [ 107.468038, 14.4347007 ], [ 107.4682897, 14.4356757 ], [ 107.4689185, 14.4374229 ], [ 107.4697067, 14.4391043 ], [ 107.4709928, 14.441546 ], [ 107.4720359, 14.4433024 ], [ 107.4732526, 14.4449432 ], [ 107.4755924, 14.447783 ], [ 107.4758483, 14.4480874 ], [ 107.477221, 14.4496875 ], [ 107.4794626, 14.4548202 ], [ 107.4784394, 14.463277 ], [ 107.4783007, 14.4651841 ], [ 107.4783448, 14.4670958 ], [ 107.4785713, 14.4689945 ], [ 107.478978, 14.4708629 ], [ 107.479416, 14.4724951 ], [ 107.4797562, 14.4736279 ], [ 107.480842, 14.47689 ], [ 107.4808757, 14.4769902 ], [ 107.4817904, 14.4796906 ], [ 107.4819587, 14.480896 ], [ 107.4818747, 14.4827332 ], [ 107.4818797, 14.484664 ], [ 107.4820708, 14.4865853 ], [ 107.4824464, 14.4884792 ], [ 107.4830028, 14.4903281 ], [ 107.4843032, 14.4939971 ], [ 107.4849464, 14.4955908 ], [ 107.485724, 14.4971233 ], [ 107.4866303, 14.4985834 ], [ 107.4876585, 14.4999603 ], [ 107.4881452, 14.5005567 ], [ 107.4876889, 14.501931 ], [ 107.4872645, 14.5037786 ], [ 107.487017, 14.505658 ], [ 107.4869486, 14.5075525 ], [ 107.4869717, 14.5095983 ], [ 107.4870766, 14.5114305 ], [ 107.487349, 14.5132454 ], [ 107.4877866, 14.5150277 ], [ 107.4883857, 14.5167624 ], [ 107.4890338, 14.5183923 ], [ 107.4898578, 14.5201979 ], [ 107.4908566, 14.5219129 ], [ 107.4920206, 14.5235206 ], [ 107.4933381, 14.5250049 ], [ 107.4947963, 14.5263513 ], [ 107.4963807, 14.5275466 ], [ 107.4980758, 14.528579 ], [ 107.4995541, 14.5293816 ], [ 107.5000099, 14.5296049 ], [ 107.5001344, 14.5314142 ], [ 107.5004526, 14.5333212 ], [ 107.5008956, 14.5353624 ], [ 107.501591, 14.5378059 ], [ 107.5022416, 14.5396403 ], [ 107.5029853, 14.5414506 ], [ 107.5039023, 14.5431796 ], [ 107.504984, 14.5448107 ], [ 107.5050894, 14.5449401 ], [ 107.5052359, 14.5466775 ], [ 107.5056883, 14.5495371 ], [ 107.506215, 14.5519164 ], [ 107.5064478, 14.5525749 ], [ 107.5052484, 14.5543708 ], [ 107.5041947, 14.5561394 ], [ 107.5033284, 14.5580068 ], [ 107.5026587, 14.5599534 ], [ 107.5021926, 14.5619586 ], [ 107.501935, 14.564001 ], [ 107.501753, 14.5664582 ], [ 107.5016997, 14.568163 ], [ 107.5017167, 14.5696625 ], [ 107.5015906, 14.5705249 ], [ 107.5014755, 14.5706384 ], [ 107.5001935, 14.5721853 ], [ 107.4990731, 14.573853 ], [ 107.4981257, 14.5756246 ], [ 107.4973608, 14.5774824 ], [ 107.4967862, 14.5794075 ], [ 107.4963849, 14.5810486 ], [ 107.4960557, 14.5826898 ], [ 107.4958649, 14.5843527 ], [ 107.4958138, 14.5860258 ], [ 107.4958277, 14.5872533 ], [ 107.4959462, 14.5892126 ], [ 107.4962562, 14.5911508 ], [ 107.4967547, 14.5930493 ], [ 107.4974369, 14.5948898 ], [ 107.4982963, 14.5966546 ], [ 107.4993245, 14.5983266 ], [ 107.5005116, 14.5998898 ], [ 107.5013631, 14.6009036 ], [ 107.5028306, 14.6024716 ], [ 107.5031316, 14.6027308 ], [ 107.5036139, 14.6041141 ], [ 107.5044565, 14.6059254 ], [ 107.505315, 14.6075529 ], [ 107.506251, 14.6091446 ], [ 107.5073298, 14.6106432 ], [ 107.5085423, 14.6120359 ], [ 107.509878, 14.6133109 ], [ 107.5113256, 14.6144572 ], [ 107.5128727, 14.6154652 ], [ 107.5145062, 14.6163261 ], [ 107.5159237, 14.6169915 ], [ 107.5176092, 14.6176908 ], [ 107.5178571, 14.6177806 ], [ 107.5177276, 14.6183572 ], [ 107.5174871, 14.6203037 ], [ 107.5173053, 14.6227609 ], [ 107.5172631, 14.6249384 ], [ 107.5174579, 14.6271076 ], [ 107.5178875, 14.6292428 ], [ 107.5192062, 14.6343434 ], [ 107.5194437, 14.6351855 ], [ 107.5211896, 14.6408952 ], [ 107.5218359, 14.6426959 ], [ 107.5252924, 14.6510466 ], [ 107.5254545, 14.651427 ], [ 107.5276297, 14.6563893 ], [ 107.5278635, 14.6571184 ], [ 107.5279324, 14.6582134 ], [ 107.5279464, 14.659432 ], [ 107.5279512, 14.6598463 ], [ 107.5279837, 14.662652 ], [ 107.5279377, 14.6723707 ], [ 107.5279375, 14.6724949 ], [ 107.5279447, 14.6773448 ], [ 107.5281012, 14.6798123 ], [ 107.5283326, 14.6816511 ], [ 107.5286479, 14.6834725 ], [ 107.5291301, 14.685257 ], [ 107.5297749, 14.6869894 ], [ 107.5305769, 14.6886549 ], [ 107.5315293, 14.6902392 ], [ 107.5326146, 14.691869 ], [ 107.5338314, 14.6935083 ], [ 107.5352091, 14.6950151 ], [ 107.5367332, 14.6963736 ], [ 107.5371329, 14.6966948 ], [ 107.5371179, 14.6967721 ], [ 107.5360638, 14.7001668 ], [ 107.5355686, 14.702096 ], [ 107.5352677, 14.7040649 ], [ 107.535233, 14.7047313 ], [ 107.53265, 14.7049822 ], [ 107.5268401, 14.7051041 ], [ 107.5252291, 14.705203 ], [ 107.520849, 14.70565 ], [ 107.518844, 14.7059581 ], [ 107.5168806, 14.7064676 ], [ 107.5149789, 14.7071734 ], [ 107.5142419, 14.7074903 ], [ 107.5121613, 14.7083849 ], [ 107.5104705, 14.7092081 ], [ 107.5088645, 14.7101865 ], [ 107.5073575, 14.7113114 ], [ 107.5059629, 14.7125729 ], [ 107.5046929, 14.7139598 ], [ 107.5035587, 14.7154598 ], [ 107.5025705, 14.7170597 ], [ 107.5017369, 14.7187454 ], [ 107.501364139100261, 14.719720317391891 ], [ 107.506866919104326, 14.745590727932655 ], [ 107.5077412, 14.7467083 ], [ 107.5091183, 14.7481472 ], [ 107.5106317, 14.7494419 ], [ 107.5122664, 14.7505798 ], [ 107.5159555, 14.7528837 ], [ 107.515557, 14.7535905 ], [ 107.5142545, 14.7561834 ], [ 107.5139835, 14.7567228 ], [ 107.5126543, 14.7582548 ], [ 107.5116161, 14.7594514 ], [ 107.509954925467653, 14.760108479380653 ], [ 107.513359840472475, 14.776116124419325 ], [ 107.520896068403474, 14.835291368702473 ], [ 107.5233684, 14.8365681 ], [ 107.5239396, 14.8375738 ], [ 107.5251173, 14.8396473 ], [ 107.5261099, 14.8412198 ], [ 107.5272443, 14.8426933 ], [ 107.5285106, 14.8440551 ], [ 107.5298979, 14.8452934 ], [ 107.5313942, 14.8463974 ], [ 107.5399085, 14.8520881 ], [ 107.5400397, 14.8521751 ], [ 107.5432279, 14.8542699 ], [ 107.545401, 14.8566587 ], [ 107.5483988, 14.8611207 ], [ 107.5493909, 14.8624715 ], [ 107.5504926, 14.8637344 ], [ 107.5516962, 14.8649007 ], [ 107.5546492, 14.8675314 ], [ 107.5562846, 14.8688413 ], [ 107.558048, 14.8699729 ], [ 107.5599202, 14.8709138 ], [ 107.5643454, 14.8728545 ], [ 107.5672262, 14.8743567 ], [ 107.5671268, 14.8749182 ], [ 107.5664907, 14.8750164 ], [ 107.5644898, 14.8755416 ], [ 107.5625539, 14.8762706 ], [ 107.5614271, 14.8767629 ], [ 107.5598533, 14.8774505 ], [ 107.5581308, 14.8783039 ], [ 107.5564982, 14.8793187 ], [ 107.5549706, 14.8804855 ], [ 107.553562, 14.8817936 ], [ 107.5521903, 14.8831961 ], [ 107.5517, 14.8831951 ], [ 107.5494781, 14.8833138 ], [ 107.5472831, 14.8836786 ], [ 107.5435385, 14.8845174 ], [ 107.5419204, 14.8849518 ], [ 107.5403443, 14.8855201 ], [ 107.5388213, 14.8862183 ], [ 107.537508, 14.8868883 ], [ 107.534089, 14.8886326 ], [ 107.5294441, 14.8909626 ], [ 107.528083726169143, 14.89172960385166 ], [ 107.532902636607716, 14.929568189015558 ], [ 107.545114071752749, 14.963414166883789 ], [ 107.55218043544599, 15.054134077453625 ], [ 107.555495580725562, 15.066814264521273 ], [ 107.5564595, 15.0663994 ], [ 107.5620762, 15.0635504 ], [ 107.5633756, 15.0628294 ], [ 107.5646178, 15.062014 ], [ 107.5685245, 15.0592364 ], [ 107.5724118, 15.0567288 ], [ 107.5728525, 15.0565283 ], [ 107.5738313, 15.0580781 ], [ 107.5751527, 15.0599283 ], [ 107.5766755, 15.0616165 ], [ 107.5783801, 15.063121 ], [ 107.5803694, 15.064685 ], [ 107.5815106, 15.0655822 ], [ 107.5831417, 15.0667375 ], [ 107.58488, 15.0677243 ], [ 107.5864247, 15.0684073 ], [ 107.5851533, 15.0702915 ], [ 107.5822684, 15.074567 ], [ 107.5816643, 15.0754623 ], [ 107.5806939, 15.0770563 ], [ 107.5798762, 15.0787337 ], [ 107.5792185, 15.0804801 ], [ 107.5787264, 15.0822802 ], [ 107.5784042, 15.0841183 ], [ 107.5781414, 15.0861789 ], [ 107.5779615, 15.0875895 ], [ 107.577807, 15.0896244 ], [ 107.5778607, 15.0916645 ], [ 107.578122, 15.0936884 ], [ 107.5785881, 15.0956752 ], [ 107.5792543, 15.0976042 ], [ 107.5801136, 15.0994552 ], [ 107.5811571, 15.101209 ], [ 107.5823738, 15.1028474 ], [ 107.5837512, 15.1043532 ], [ 107.5911424, 15.1116487 ], [ 107.5933045, 15.1134984 ], [ 107.5939696, 15.11399 ], [ 107.5930709, 15.1149463 ], [ 107.5919134, 15.1164376 ], [ 107.5909018, 15.1180313 ], [ 107.5900449, 15.1197134 ], [ 107.5893504, 15.1214688 ], [ 107.5888245, 15.1232818 ], [ 107.5882974, 15.1254823 ], [ 107.587928, 15.1274583 ], [ 107.5877588, 15.1294615 ], [ 107.5877915, 15.1314716 ], [ 107.5880259, 15.1334682 ], [ 107.5884595, 15.1354312 ], [ 107.589088, 15.1373407 ], [ 107.589905, 15.1391775 ], [ 107.5909022, 15.140923 ], [ 107.5920697, 15.1425596 ], [ 107.5923269, 15.1428843 ], [ 107.593548, 15.1444258 ], [ 107.5949447, 15.1460093 ], [ 107.5965005, 15.1474368 ], [ 107.596747, 15.1476191 ], [ 107.5962044, 15.1486047 ], [ 107.5954706, 15.1502859 ], [ 107.5932194, 15.1561655 ], [ 107.5915522, 15.1605136 ], [ 107.5908958, 15.1625435 ], [ 107.5908635, 15.1626652 ], [ 107.5906975, 15.1628641 ], [ 107.5890409, 15.1648489 ], [ 107.5873998, 15.1671218 ], [ 107.5844026, 15.1719534 ], [ 107.5836237, 15.1729775 ], [ 107.583346495875304, 15.173341968233062 ], [ 107.586450704483113, 15.185215338032711 ], [ 107.591643321940523, 15.232056329202027 ], [ 107.5919644, 15.2320922 ], [ 107.5924011, 15.2321224 ], [ 107.5941743, 15.2321662 ], [ 107.5959444, 15.2320527 ], [ 107.5963074, 15.2320132 ], [ 107.5983538, 15.2316825 ], [ 107.5983782, 15.2316759 ], [ 107.5984781, 15.2319647 ], [ 107.5992371, 15.2336413 ], [ 107.6000942, 15.2353238 ], [ 107.600926, 15.2367987 ], [ 107.6016904, 15.2379203 ], [ 107.6016918, 15.2380354 ], [ 107.601728, 15.2385382 ], [ 107.6005702, 15.2421882 ], [ 107.5998439, 15.244478 ], [ 107.5993567, 15.2463116 ], [ 107.5990454, 15.2481831 ], [ 107.5989129, 15.2500756 ], [ 107.5988707, 15.2519497 ], [ 107.5984519, 15.2588055 ], [ 107.5984485, 15.2611871 ], [ 107.5984565, 15.2613248 ], [ 107.5978825, 15.2624639 ], [ 107.5972256, 15.2641194 ], [ 107.596942100767393, 15.265074127001478 ], [ 107.606493419661362, 15.289399287675398 ], [ 107.649021155208473, 15.517640026822679 ], [ 107.663825025715937, 15.549375521279133 ], [ 107.674874885988245, 15.620960943570708 ], [ 107.68678718111758, 15.65108540136367 ], [ 107.690702992161619, 15.711056211710838 ], [ 107.70934200387741, 15.775158961857997 ], [ 107.727348725270375, 15.908558108314439 ], [ 107.74332530471473, 15.954893938024689 ], [ 107.752235132101887, 16.026491664437255 ], [ 107.777369567270412, 16.12125450389064 ], [ 107.782421124757576, 16.189969879223369 ], [ 107.796733858617415, 16.215978015027215 ], [ 107.812492862616665, 16.301326654755901 ], [ 107.822279182194862, 16.291234719015971 ], [ 107.85026430174878, 16.287456180080049 ], [ 107.858104579719935, 16.297412984955315 ], [ 107.871407212092095, 16.288259448808002 ], [ 107.890669167005512, 16.293911132170841 ], [ 107.891768197899893, 16.312656361486784 ], [ 107.896712051069855, 16.293735957403801 ], [ 107.905949656520178, 16.288951814290272 ], [ 107.914600177676306, 16.294128081792692 ], [ 107.921707244362594, 16.314886637789261 ], [ 107.918410522455076, 16.330367585943591 ], [ 107.883467089471552, 16.346574732791272 ], [ 107.867501293004068, 16.343559301924902 ], [ 107.867371009847275, 16.327906018293117 ], [ 107.8582233736755, 16.323482403160423 ], [ 107.848077553088885, 16.336382425506446 ], [ 107.825586796161375, 16.339936026899771 ], [ 107.832172192354605, 16.396864302412986 ], [ 107.86909059854149, 16.39424881158941 ], [ 107.892731138594428, 16.371177550903454 ], [ 107.955272911578575, 16.34075483793389 ], [ 107.978119564477282, 16.317082046669999 ], [ 108.007088977288362, 16.313689392683344 ], [ 108.016030046114764, 16.319783780569868 ], [ 108.0213913101217, 16.339460848228708 ], [ 108.035523256884957, 16.337322458803033 ], [ 108.048793807938864, 16.289188639607609 ], [ 108.102308518900145, 16.220060700514924 ], [ 108.124783686884271, 16.213692483098821 ], [ 108.151230373132634, 16.221259985030972 ], [ 108.17318040204276, 16.209196969814439 ], [ 108.182558969661883, 16.216457895348743 ], [ 108.197541698314652, 16.212731169075489 ], [ 108.20933075161598, 16.223941420605666 ], [ 108.211146282566474, 16.21498850621423 ], [ 108.194992961264489, 16.200094381877612 ], [ 108.155151833172866, 16.187708416625878 ], [ 108.152878376665328, 16.160198938472234 ], [ 108.141421060371727, 16.157920707097301 ], [ 108.139564841204091, 16.144848329405217 ], [ 108.12524874493559, 16.133072742362764 ], [ 108.135840180258924, 16.107050834815944 ], [ 108.169518920418028, 16.080188907467136 ], [ 108.191203352454906, 16.073272617219828 ], [ 108.202785573065455, 16.078363480927493 ], [ 108.202693081795985, 16.094628474435041 ], [ 108.21337086527717, 16.102618927348416 ], [ 108.208876637140875, 16.122643018668743 ], [ 108.226774332711173, 16.136877586391922 ], [ 108.22952860334857, 16.151329979914671 ], [ 108.250302242136769, 16.156825932208797 ], [ 108.269270565976825, 16.139881102100134 ], [ 108.300699703317136, 16.130307731202837 ], [ 108.320266257277211, 16.140241631356098 ], [ 108.328391031493069, 16.136090579502945 ], [ 108.337653037934672, 16.117300269598559 ], [ 108.313603617874179, 16.110165598506121 ], [ 108.309187989874474, 16.095636187497373 ], [ 108.291710974730549, 16.103283788713341 ], [ 108.25763297533031, 16.096974483845838 ], [ 108.246896729926974, 16.079124386717403 ], [ 108.25422505018814, 16.037292635809958 ], [ 108.291726075927912, 15.963681950719552 ], [ 108.32817868801618, 15.922984414441819 ], [ 108.382468053714533, 15.890218235625724 ], [ 108.405466809321339, 15.866373714171228 ], [ 108.418879521173167, 15.803276607062093 ], [ 108.44549491126395, 15.75421961928833 ], [ 108.529492143923449, 15.622580066172823 ], [ 108.607337782333246, 15.525739084792994 ], [ 108.648191900861633, 15.498178692815076 ], [ 108.669160931933433, 15.501075095391721 ], [ 108.673048088106256, 15.514455090565086 ], [ 108.691670039462707, 15.50281340635445 ], [ 108.686852058148887, 15.491316913095774 ], [ 108.701274216051658, 15.463643817731592 ], [ 108.699583717710482, 15.438005032280385 ], [ 108.756261131159562, 15.38870612328741 ], [ 108.773097478714547, 15.389162201471919 ], [ 108.774954928420954, 15.408754102921158 ], [ 108.7753048, 15.4088433 ], [ 108.7764777, 15.4090905 ], [ 108.7760314, 15.4100423 ], [ 108.7753912, 15.4118324 ], [ 108.775281036319299, 15.412193805102115 ], [ 108.775468550695251, 15.414171658478843 ], [ 108.790889489089622, 15.409819260489192 ], [ 108.796835694273881, 15.425237041788014 ], [ 108.80719209525796, 15.414867785812941 ], [ 108.827351226434871, 15.417456686284542 ], [ 108.826418090972055, 15.402938812741235 ], [ 108.833363779142999, 15.396221357858666 ], [ 108.829612772808531, 15.374955894848751 ], [ 108.848927162671515, 15.350711305007282 ], [ 108.87098061222305, 15.352532943292118 ], [ 108.868191186700443, 15.336976583992159 ], [ 108.88225123950626, 15.327552270664841 ], [ 108.871441725279041, 15.301116964491621 ], [ 108.890260365764235, 15.266934908569461 ], [ 108.910828311095543, 15.248082155967074 ], [ 108.938262760647703, 15.24902966699365 ], [ 108.943386485748889, 15.242402230869745 ], [ 108.933987970836782, 15.212078531082293 ], [ 108.918260634017457, 15.200141975492414 ], [ 108.903049721257304, 15.201721018091348 ], [ 108.895268047719071, 15.184644608390851 ], [ 108.90211542574302, 15.088598754716527 ], [ 108.917660851011661, 15.023545786885339 ], [ 108.950036755018658, 14.933420102849301 ], [ 109.004830324642356, 14.816694720886694 ], [ 109.077912496732012, 14.705111241433173 ], [ 109.084615613208115, 14.666392407267574 ], [ 109.069325972565323, 14.662439407232657 ], [ 109.065531615887537, 14.648026211372198 ], [ 109.083046655492637, 14.582658439941815 ], [ 109.068362162593516, 14.573105684428498 ], [ 109.06916160106303, 14.556145000444044 ], [ 109.123394916307802, 14.445771887586412 ], [ 109.116897999542672, 14.424487435746546 ], [ 109.12872652175119, 14.395675796242802 ], [ 109.122309141346705, 14.371570568137107 ], [ 109.186004528331821, 14.282045540363578 ], [ 109.184759600408071, 14.260241922070966 ], [ 109.197547228373125, 14.249325077054742 ], [ 109.210741479211336, 14.251918458379246 ], [ 109.199443156758463, 14.243369760518458 ], [ 109.202449483427657, 14.230139830116956 ], [ 109.185173967002271, 14.22464677158248 ], [ 109.180984081098131, 14.215199074299532 ], [ 109.205997662610216, 14.158981197888718 ], [ 109.228337588863539, 14.139000036591304 ], [ 109.224197981947668, 14.128118145882958 ], [ 109.208109432600679, 14.123278087323156 ], [ 109.205188157741702, 14.109885314789951 ], [ 109.235752912247889, 14.043203015376305 ], [ 109.253919974570351, 14.021868144382983 ], [ 109.248576559322828, 14.003939225684965 ], [ 109.258500115531234, 13.98926976523853 ], [ 109.251232019538492, 13.976434074820309 ], [ 109.258536627479003, 13.965878351192128 ], [ 109.242910466704046, 13.952131977077006 ], [ 109.247007894013123, 13.93285028335427 ], [ 109.274205000314083, 13.892469138236645 ], [ 109.295106987204989, 13.893465201614077 ], [ 109.305177900630483, 13.883112303640619 ], [ 109.295090830785654, 13.870485403157355 ], [ 109.300057975290187, 13.8403147446136 ], [ 109.287025816064883, 13.801931792305632 ], [ 109.301988612168358, 13.762071959511209 ], [ 109.289341549709931, 13.752576149875871 ], [ 109.277707691857103, 13.760442682550623 ], [ 109.250783835235126, 13.758960217928466 ], [ 109.240349310200699, 13.770372062858886 ], [ 109.224550960363018, 13.761929870872697 ], [ 109.216132941452415, 13.74566694921046 ], [ 109.227987158900433, 13.733748947263967 ], [ 109.218145474362231, 13.718980244422658 ], [ 109.238038762238716, 13.677893698397227 ], [ 109.228463988373534, 13.634832387342531 ], [ 109.262925415650585, 13.58457606957414 ], [ 109.298687899762129, 13.568646126000667 ], [ 109.277834044091136, 13.544865549797986 ], [ 109.301251705091516, 13.519012024512127 ], [ 109.287837386261799, 13.495347208354989 ], [ 109.30097915172864, 13.470726241270386 ], [ 109.311228878338056, 13.467308315748603 ], [ 109.326950752183592, 13.474219683085716 ], [ 109.331164234528629, 13.462171137648911 ], [ 109.318370321647478, 13.457480561486937 ], [ 109.311247969573813, 13.413160426764749 ], [ 109.298850191285226, 13.403637708138721 ], [ 109.284307772110992, 13.41467583251344 ], [ 109.266042025249547, 13.411961487685685 ], [ 109.253868554724988, 13.42549255846208 ], [ 109.235433371779948, 13.422328605893982 ], [ 109.231532933720089, 13.40496390364949 ], [ 109.247430312633696, 13.397644937720129 ], [ 109.245577590616449, 13.378664130011872 ], [ 109.254982077294017, 13.36143344788929 ], [ 109.274823367152905, 13.367068980426829 ], [ 109.294146733494827, 13.363870690839706 ], [ 109.296237490927297, 13.357741032722778 ], [ 109.299081485213378, 13.334128782083846 ], [ 109.284252888184696, 13.333192743740279 ], [ 109.280651956224887, 13.317871372708023 ], [ 109.317973054197438, 13.255722832100234 ], [ 109.303522465310849, 13.246360080791739 ], [ 109.30601379070427, 13.225880832226023 ], [ 109.294026435213766, 13.213541904561978 ], [ 109.300200837166599, 13.193906006276888 ], [ 109.314790342657787, 13.180989673234842 ], [ 109.313791309058274, 13.172493080548369 ], [ 109.302586099223447, 13.177312803969571 ], [ 109.294109971686566, 13.170880308536461 ], [ 109.298959113746491, 13.130312505947819 ], [ 109.334436485628316, 13.085109777381946 ], [ 109.36991136207871, 13.016680727502459 ], [ 109.433359844227439, 12.947070420384811 ], [ 109.43918155153159, 12.924422497096838 ], [ 109.457544810778742, 12.914083145748153 ], [ 109.453942339631084, 12.859711528843686 ], [ 109.429928992080661, 12.846366772935593 ], [ 109.419155990264386, 12.848155817836366 ], [ 109.422468712984212, 12.865259416377004 ], [ 109.408048545123947, 12.868131781772755 ], [ 109.390965810357571, 12.844429315135377 ], [ 109.396991931929307, 12.828709962116692 ], [ 109.384556849479921, 12.836976724647281 ], [ 109.364941725985645, 12.834832297708601 ], [ 109.358535317139101, 12.805424596574046 ], [ 109.391843034848577, 12.72053209116824 ], [ 109.403192213768307, 12.704955348356801 ], [ 109.416028105966546, 12.703960501428938 ], [ 109.413705716362799, 12.688089198423675 ], [ 109.425374413271584, 12.671808538560063 ], [ 109.45393680015107, 12.66868424807217 ], [ 109.454356902154771, 12.648377076972297 ], [ 109.435240189955692, 12.640287536497132 ], [ 109.439047566151345, 12.613300114047515 ], [ 109.433703179414906, 12.599646285710561 ], [ 109.439141410827318, 12.590131216897671 ], [ 109.433085292515699, 12.562220753434278 ], [ 109.417393140171058, 12.56598707209498 ], [ 109.409133118773468, 12.548854998160607 ], [ 109.38927186183345, 12.546381520084097 ], [ 109.381217711861083, 12.563614945772235 ], [ 109.338299823479417, 12.589587865522221 ], [ 109.331574980984939, 12.60673403582636 ], [ 109.302916970155607, 12.598350989297968 ], [ 109.307373050178867, 12.611206843296387 ], [ 109.293777818472421, 12.640359178252394 ], [ 109.309852221110404, 12.638410340713467 ], [ 109.316748875090781, 12.645234618218216 ], [ 109.33481431026253, 12.639863857100302 ], [ 109.3327993049013, 12.662834803805861 ], [ 109.343617075054723, 12.669082151082767 ], [ 109.34984453613275, 12.688944969978175 ], [ 109.363148950041833, 12.696638236420595 ], [ 109.373340601426563, 12.714575372794476 ], [ 109.352950634145913, 12.763685007006471 ], [ 109.354659375086115, 12.787159990787426 ], [ 109.343478719123539, 12.798508253863393 ], [ 109.331884892941133, 12.793080267493371 ], [ 109.32476457277015, 12.762580810940456 ], [ 109.299274688834345, 12.753417569844133 ], [ 109.256026574234482, 12.701608382503638 ], [ 109.228125072603078, 12.692443464871065 ], [ 109.212196946568, 12.665754937422816 ], [ 109.220995146052843, 12.640825718688664 ], [ 109.205468682751103, 12.648417082488059 ], [ 109.192507455160708, 12.634886332294748 ], [ 109.194261725374886, 12.624608730859064 ], [ 109.204634615362025, 12.62034742143358 ], [ 109.206435196475653, 12.582865954836898 ], [ 109.217080330675174, 12.580955834484069 ], [ 109.229513334398519, 12.593098293022358 ], [ 109.245325266251839, 12.584705202016245 ], [ 109.24401948308001, 12.573360952613749 ], [ 109.231700675725747, 12.561871046808708 ], [ 109.229187859256513, 12.541676506677835 ], [ 109.239894784738155, 12.512564326700515 ], [ 109.274608832663944, 12.49206643492224 ], [ 109.28900598364649, 12.491606035664088 ], [ 109.299990568990737, 12.50042160579482 ], [ 109.316444253028408, 12.497693497518272 ], [ 109.293938871649047, 12.468574039020272 ], [ 109.288335924403725, 12.430887209631186 ], [ 109.341955502931086, 12.403754965596942 ], [ 109.327061636814406, 12.37151952050386 ], [ 109.313231396828797, 12.380151098339439 ], [ 109.304164059906682, 12.377243947701144 ], [ 109.293090108367167, 12.345309341993131 ], [ 109.26412490994548, 12.358793280295625 ], [ 109.251312743573763, 12.387777874562063 ], [ 109.235892271184966, 12.380815853079557 ], [ 109.216702875020516, 12.383980395669907 ], [ 109.220216499721374, 12.395205861600944 ], [ 109.213485874960156, 12.402542191842006 ], [ 109.224596563166713, 12.407062351789286 ], [ 109.226141256614625, 12.417055686573624 ], [ 109.187407673160806, 12.448900401058376 ], [ 109.175913289109474, 12.448699007862329 ], [ 109.159100849500248, 12.426683662855432 ], [ 109.163663740654584, 12.409040039322548 ], [ 109.20734136649456, 12.402192418772717 ], [ 109.1987423803143, 12.367615517311942 ], [ 109.205491081392495, 12.361287807698419 ], [ 109.217152074190679, 12.363627620120916 ], [ 109.203878871685433, 12.353436593152304 ], [ 109.204203358869435, 12.339109914887924 ], [ 109.241473018651419, 12.307530744800165 ], [ 109.247749552741126, 12.289132719074146 ], [ 109.218720767344394, 12.293553925090659 ], [ 109.205167115090219, 12.28260282258003 ], [ 109.200040347804816, 12.230017520822448 ], [ 109.220890329348592, 12.198425383695103 ], [ 109.234313525522779, 12.195870865659815 ], [ 109.234873648211547, 12.183949987305109 ], [ 109.251224289015695, 12.172819554587701 ], [ 109.242702120594544, 12.171349688035644 ], [ 109.226022941056542, 12.184330811118699 ], [ 109.205846309723256, 12.17332478186308 ], [ 109.205326571272423, 12.163412518915822 ], [ 109.221251933932152, 12.154609735946963 ], [ 109.225147795136039, 12.139728993936659 ], [ 109.214583748900125, 12.135863807107478 ], [ 109.211902106093063, 12.121442968084738 ], [ 109.195253647615715, 12.113004070972011 ], [ 109.194717448381752, 12.091325138408136 ], [ 109.228894807915211, 12.011414161066915 ], [ 109.251028066178677, 11.983200630476293 ], [ 109.270645053665831, 11.975740839232067 ], [ 109.273137856097577, 11.958614319270767 ], [ 109.282060597895992, 11.953599213394261 ], [ 109.285276333285097, 11.932834598068689 ], [ 109.263125559523573, 11.928448058773553 ], [ 109.258434829273824, 11.916743454661081 ], [ 109.281604733153642, 11.875783569196834 ], [ 109.271443580647102, 11.859895738895196 ], [ 109.2527378384694, 11.857584886888533 ], [ 109.251516695673757, 11.831361816238015 ], [ 109.226619943873459, 11.832577298780652 ], [ 109.220342749988035, 11.85095024046977 ], [ 109.237199510773451, 11.845296444607163 ], [ 109.245875963354393, 11.861069177362927 ], [ 109.231617892151547, 11.879595985606636 ], [ 109.200336522596402, 11.879982614508181 ], [ 109.213745094735359, 11.939488079536636 ], [ 109.197524458149431, 11.95403375263909 ], [ 109.169057722462284, 11.916378719526966 ], [ 109.168036435605643, 11.905867013824219 ], [ 109.139469401469157, 11.893825155777751 ], [ 109.11714749418563, 11.869989798304118 ], [ 109.122047768291338, 11.831161886093618 ], [ 109.139809573328733, 11.820937681384057 ], [ 109.149497195953217, 11.826130304920847 ], [ 109.171784771551387, 11.864728252487131 ], [ 109.193518986882879, 11.875940743881738 ], [ 109.181229863872488, 11.853946223932567 ], [ 109.181624820436724, 11.821916390605358 ], [ 109.196398019839805, 11.811496420510322 ], [ 109.186870002687414, 11.796099004939702 ], [ 109.202105354047092, 11.781476279522954 ], [ 109.223894603380145, 11.783818520187836 ], [ 109.219995863835038, 11.76455720904131 ], [ 109.22889462463931, 11.754065958827814 ], [ 109.233895626887772, 11.724321269817153 ], [ 109.207133841769107, 11.71366663121727 ], [ 109.179005211634347, 11.673554803070086 ], [ 109.173636605257826, 11.657517226461696 ], [ 109.17793780238371, 11.646739000122166 ], [ 109.166896799829999, 11.622518351001393 ], [ 109.145879604411078, 11.606667777499574 ], [ 109.141365506052168, 11.589713045802062 ], [ 109.147873528602631, 11.576457219066789 ], [ 109.133994635709897, 11.576762058385722 ], [ 109.129610809249485, 11.562091606574912 ], [ 109.119528693563439, 11.574646381399015 ], [ 109.086409072597561, 11.586504605435884 ], [ 109.067816169188475, 11.580870347651373 ], [ 109.039345771709222, 11.587970321082237 ], [ 109.026360114355271, 11.57590889795763 ], [ 109.033124666536693, 11.543334199343933 ], [ 109.013968551801298, 11.520234026999004 ], [ 109.014488122906855, 11.424410483526888 ], [ 109.005644042105999, 11.393983417050444 ], [ 109.019476402416686, 11.368854933343277 ], [ 109.018232734026242, 11.35750046540092 ], [ 108.99398399382568, 11.343550315087427 ], [ 108.98088148364107, 11.320176382179286 ], [ 108.921212651782241, 11.306688854479368 ], [ 108.88860052101586, 11.335042325543188 ], [ 108.850255176338536, 11.33321569551771 ], [ 108.839798703403716, 11.322690598226876 ], [ 108.819200187192394, 11.317449060229727 ], [ 108.812824768146569, 11.303877315127689 ], [ 108.786393944581278, 11.304681779977994 ], [ 108.777688615806952, 11.286360221374677 ], [ 108.756493861619447, 11.279748909299361 ], [ 108.730702737605782, 11.183930858152484 ], [ 108.709221446256947, 11.164215731480642 ], [ 108.696228414680576, 11.183256786170427 ], [ 108.653624762704936, 11.193098203653928 ], [ 108.630118633911238, 11.186743619121836 ], [ 108.619101006875951, 11.175622452360402 ], [ 108.594645973299137, 11.184108581411607 ], [ 108.565273544249507, 11.163870285614765 ], [ 108.52624945889923, 11.153409526736544 ], [ 108.497003753342597, 11.115730835828554 ], [ 108.475625354499329, 11.047782457309655 ], [ 108.463855289458735, 11.040948894220351 ], [ 108.436397710145329, 11.046970250217267 ], [ 108.415242200985702, 11.025401689295428 ], [ 108.405040463021749, 11.032766999635818 ], [ 108.374908485859677, 11.032020929493244 ], [ 108.353362183760566, 11.010872000308261 ], [ 108.338405078022802, 10.950573411015966 ], [ 108.320045069033227, 10.959194238132657 ], [ 108.30939898038325, 10.956158261821271 ], [ 108.294985933288956, 10.929338835062826 ], [ 108.295946244244718, 10.913760490471892 ], [ 108.279658206208168, 10.916279002977575 ], [ 108.281054518389823, 10.933726814816737 ], [ 108.273675560992118, 10.942565786852034 ], [ 108.231575604487972, 10.955452985338756 ], [ 108.190511220612478, 10.935789397324267 ], [ 108.124627831080062, 10.928127804185648 ], [ 108.108477542542332, 10.916525634179012 ], [ 108.089754145877933, 10.91435268677481 ], [ 108.058093716386509, 10.874897700268937 ], [ 108.032920661516187, 10.819986604561414 ], [ 108.015575363588866, 10.733961838836352 ], [ 107.994558597248314, 10.705245109969779 ], [ 107.995005594869667, 10.69369247608406 ], [ 107.982980324309892, 10.704012348523175 ], [ 107.962725440141313, 10.70146611220536 ], [ 107.929241510805866, 10.717907063621885 ], [ 107.901776011650213, 10.722159323034287 ], [ 107.827404469061278, 10.703323226524446 ], [ 107.796522732921076, 10.675927777838666 ], [ 107.778060937504605, 10.645280992793284 ], [ 107.732672994037245, 10.631784660599202 ], [ 107.704713711117961, 10.631878826875884 ], [ 107.588683215613386, 10.579151112949312 ], [ 107.556235124962015, 10.555270328533176 ], [ 107.513408103423984, 10.499212984970912 ], [ 107.468638599846514, 10.495948310855823 ], [ 107.444491853226566, 10.468761840146913 ], [ 107.371433120415801, 10.467351788704008 ], [ 107.334925629052961, 10.444127019577991 ], [ 107.320030325459783, 10.4446851466332 ], [ 107.257445867165359, 10.380061692028692 ], [ 107.240660673875752, 10.376682142786581 ], [ 107.207373019937677, 10.404524911807892 ], [ 107.170666260716374, 10.402233948472459 ], [ 107.107683135507799, 10.356216469700197 ], [ 107.090073003654112, 10.322907247841043 ], [ 107.079247755652474, 10.324439508173835 ], [ 107.060604891745939, 10.354332028483 ], [ 107.047554977467954, 10.353264154831228 ], [ 107.041835522013571, 10.346675825238819 ], [ 107.0416743, 10.3469181 ], [ 107.0406735, 10.348848 ], [ 107.0398881, 10.3508752 ], [ 107.0393273, 10.3529756 ], [ 107.0390704, 10.3542018 ], [ 107.0387868, 10.3559291 ], [ 107.0386194, 10.3573295 ], [ 107.0384885, 10.3590547 ], [ 107.0385073, 10.3607848 ], [ 107.038605296949285, 10.361788011247178 ], [ 107.044566852876699, 10.357279570063984 ], [ 107.056937247161855, 10.359894643643949 ], [ 107.056986788699035, 10.373359228457266 ], [ 107.042867545949107, 10.374937584766995 ], [ 107.04979804116175, 10.392207139354136 ], [ 107.071333736505792, 10.388405049388034 ], [ 107.084297077143077, 10.398711937613898 ], [ 107.084451997949799, 10.410452032576758 ], [ 107.099289860889485, 10.411510847530463 ], [ 107.100835586892543, 10.424511849776893 ], [ 107.049084856619871, 10.446212652402036 ], [ 107.040652054203392, 10.468270718652461 ], [ 107.023566618006001, 10.46534097766421 ], [ 107.015759477849883, 10.481944927223923 ], [ 106.995887010530069, 10.492381502085571 ], [ 106.978832636892491, 10.475186542111388 ], [ 106.976373231470518, 10.460400275134313 ], [ 106.943786480535138, 10.471530433913831 ], [ 106.932196927899113, 10.45600186189523 ], [ 106.93491861185062, 10.440938704522928 ], [ 106.947085434398502, 10.428729173022615 ], [ 106.97244130966611, 10.417544622788595 ], [ 106.971391717605968, 10.406141749891994 ], [ 106.899940581959484, 10.375639086656545 ], [ 106.865932630293088, 10.382426202288357 ], [ 106.850358526845653, 10.373861599964412 ], [ 106.815954694584562, 10.419801662158843 ], [ 106.775185104065841, 10.453682256004829 ], [ 106.756572086959153, 10.490957891837008 ], [ 106.755219275902348, 10.511941035295072 ], [ 106.734856275180945, 10.512234241223048 ], [ 106.725294586722356, 10.487814279362663 ], [ 106.782141917114402, 10.409323523626595 ], [ 106.782427109142901, 10.290706773911985 ], [ 106.755741819834483, 10.257113921234613 ], [ 106.794968101733218, 10.216657365317285 ], [ 106.788012458163323, 10.200280475099937 ], [ 106.764659804279972, 10.211695053894346 ], [ 106.741223600036918, 10.192741332923294 ], [ 106.77190531530735, 10.173560648270584 ], [ 106.78906595899538, 10.150950544859757 ], [ 106.790641017584861, 10.107359285349002 ], [ 106.735539481675531, 10.042658502062862 ], [ 106.590158087206433, 10.071224205176277 ], [ 106.96050058527652, 11.940842561646303 ] ], [ [ 109.242228, 13.4508174 ], [ 109.2439817, 13.4499861 ], [ 109.2453167, 13.449272 ], [ 109.2464008, 13.4486304 ], [ 109.2470515, 13.4493133 ], [ 109.2484883, 13.4505593 ], [ 109.2500369, 13.4516632 ], [ 109.2516833, 13.452615 ], [ 109.2534127, 13.4534061 ], [ 109.2549095, 13.4540065 ], [ 109.2567346, 13.4546381 ], [ 109.2585496, 13.4550758 ], [ 109.2576155, 13.4565247 ], [ 109.2571538, 13.4572767 ], [ 109.2554485, 13.4601971 ], [ 109.2540517, 13.4621665 ], [ 109.2523497, 13.4624664 ], [ 109.2500286, 13.4629941 ], [ 109.2494565, 13.4631548 ], [ 109.2491116, 13.4624233 ], [ 109.2481213, 13.4605798 ], [ 109.2469438, 13.4588499 ], [ 109.2454713, 13.4569128 ], [ 109.2438519, 13.4550361 ], [ 109.2423345, 13.4534838 ], [ 109.2421385, 13.4532495 ], [ 109.2413081, 13.4511485 ], [ 109.242228, 13.4508174 ] ] ], [ [ [ 109.229354906151201, 12.225635817368321 ], [ 109.233062014314541, 12.233684238700661 ], [ 109.251211625740439, 12.224956545528919 ], [ 109.26417802328632, 12.23722823691328 ], [ 109.278179430764197, 12.229136022022935 ], [ 109.297044361091622, 12.231789513687847 ], [ 109.30601664839547, 12.224238542522786 ], [ 109.318744088167875, 12.228204448960058 ], [ 109.331682531005143, 12.217369835722137 ], [ 109.330780218534841, 12.201869938599105 ], [ 109.345189972819526, 12.189100991114323 ], [ 109.334319174229336, 12.192295132943576 ], [ 109.312648180177774, 12.183537432808723 ], [ 109.299350868739111, 12.190158073646048 ], [ 109.295922334698759, 12.176770852906731 ], [ 109.320020781382752, 12.164322204988339 ], [ 109.298026698269652, 12.165085251818445 ], [ 109.289852234974902, 12.180732468836268 ], [ 109.271069922769314, 12.175344396725997 ], [ 109.270278623203566, 12.193523743354412 ], [ 109.244762126212265, 12.207183233698842 ], [ 109.229354906151201, 12.225635817368321 ] ] ], [ [ [ 109.096057100729126, 15.39137272803424 ], [ 109.116401951389989, 15.393842704750304 ], [ 109.144437468552212, 15.389257814119894 ], [ 109.146540140467664, 15.383126501214482 ], [ 109.124805546934752, 15.369321953198639 ], [ 109.096765955343727, 15.373901462389847 ], [ 109.096057100729126, 15.39137272803424 ] ] ], [ [ [ 108.913127507874918, 10.503668379584985 ], [ 108.9127102, 10.5043327 ], [ 108.9119411, 10.5057012 ], [ 108.9110495, 10.5074918 ], [ 108.9103412, 10.5093626 ], [ 108.909466, 10.5120771 ], [ 108.9090731, 10.5134652 ], [ 108.9077334, 10.5189457 ], [ 108.9074613, 10.5202441 ], [ 108.9054177, 10.531911 ], [ 108.9044587, 10.5333255 ], [ 108.9034941, 10.5351161 ], [ 108.9025955, 10.5370089 ], [ 108.9018673, 10.5387503 ], [ 108.9013066, 10.5405527 ], [ 108.9009183, 10.5423998 ], [ 108.9007058, 10.5442754 ], [ 108.9006711, 10.5461626 ], [ 108.9008145, 10.5480447 ], [ 108.9010237, 10.5497337 ], [ 108.901375, 10.5517326 ], [ 108.9019271, 10.5536856 ], [ 108.9026743, 10.5555725 ], [ 108.9038957, 10.5582513 ], [ 108.9047484, 10.5599116 ], [ 108.9057522, 10.5614851 ], [ 108.9068982, 10.5629582 ], [ 108.9086603, 10.5650172 ], [ 108.9103183, 10.5667353 ], [ 108.9121692, 10.5682436 ], [ 108.9140904, 10.5696269 ], [ 108.9156423, 10.5706386 ], [ 108.9172812, 10.5715024 ], [ 108.9204738, 10.5730004 ], [ 108.9221959, 10.5737125 ], [ 108.9239769, 10.5742613 ], [ 108.9258012, 10.5746419 ], [ 108.927653, 10.574851 ], [ 108.9290645, 10.5749441 ], [ 108.930993, 10.5749781 ], [ 108.9329157, 10.5748262 ], [ 108.935018, 10.5745576 ], [ 108.9357388, 10.5744887 ], [ 108.9360258, 10.5747871 ], [ 108.936331, 10.5750781 ], [ 108.9379919, 10.5764968 ], [ 108.9397975, 10.577726 ], [ 108.9417265, 10.5787509 ], [ 108.9420797, 10.5789145 ], [ 108.944191, 10.5797504 ], [ 108.9463835, 10.5803416 ], [ 108.9486289, 10.5806804 ], [ 108.9489292, 10.5807084 ], [ 108.95058, 10.5807937 ], [ 108.9522322, 10.5807424 ], [ 108.9538745, 10.5805549 ], [ 108.954156, 10.5805109 ], [ 108.956526, 10.5799915 ], [ 108.9588157, 10.5791889 ], [ 108.9590589, 10.5790867 ], [ 108.9607021, 10.5783064 ], [ 108.9622677, 10.5773801 ], [ 108.9637426, 10.5763153 ], [ 108.9640269, 10.5760897 ], [ 108.9656919, 10.5746102 ], [ 108.9662354, 10.5740064 ], [ 108.9669299, 10.5736491 ], [ 108.9687142, 10.572475 ], [ 108.9703631, 10.5711174 ], [ 108.9706011, 10.5708991 ], [ 108.9719996, 10.5694818 ], [ 108.9732504, 10.5679324 ], [ 108.9743408, 10.5662664 ], [ 108.9745235, 10.5659544 ], [ 108.9754431, 10.5641876 ], [ 108.9761825, 10.5623382 ], [ 108.9767342, 10.5604244 ], [ 108.9768073, 10.5601134 ], [ 108.9771531, 10.5582498 ], [ 108.9773209, 10.556362 ], [ 108.9773092, 10.5544667 ], [ 108.9772937, 10.5541775 ], [ 108.9771272, 10.5524603 ], [ 108.9768132, 10.5507638 ], [ 108.9763543, 10.5491007 ], [ 108.9762616, 10.5488137 ], [ 108.9755112, 10.5468499 ], [ 108.9751224, 10.5460848 ], [ 108.9750859, 10.5455802 ], [ 108.9748617, 10.543908 ], [ 108.9752825, 10.5430393 ], [ 108.9759988, 10.5410474 ], [ 108.9765007, 10.5389909 ], [ 108.9767823, 10.5368929 ], [ 108.976911, 10.5352974 ], [ 108.9776841, 10.5347542 ], [ 108.9790997, 10.5335485 ], [ 108.9803971, 10.5322165 ], [ 108.9815653, 10.5307697 ], [ 108.9825941, 10.5292207 ], [ 108.9834745, 10.5275829 ], [ 108.9845722, 10.5252915 ], [ 108.9852779, 10.52363 ], [ 108.9858308, 10.5219116 ], [ 108.9862266, 10.5201503 ], [ 108.9864619, 10.5183605 ], [ 108.9865349, 10.5165568 ], [ 108.9865078, 10.5107913 ], [ 108.9863967, 10.5087782 ], [ 108.9860835, 10.5067865 ], [ 108.9859038, 10.5061022 ], [ 108.9863953, 10.5051988 ], [ 108.987159, 10.5033937 ], [ 108.9877424, 10.5015226 ], [ 108.9881398, 10.4996033 ], [ 108.9883474, 10.4976543 ], [ 108.9883633, 10.4956944 ], [ 108.9881872, 10.4937424 ], [ 108.988083, 10.4929974 ], [ 108.987819495213827, 10.491765378303088 ], [ 108.913127507874918, 10.503668379584985 ] ] ], [ [ [ 108.483587090173529, 15.967138084282844 ], [ 108.502209819619864, 15.978698822869291 ], [ 108.517669625337447, 15.962546678305412 ], [ 108.537154358772753, 15.958738753003054 ], [ 108.541929821328466, 15.902979895275692 ], [ 108.533152726529565, 15.901461805224821 ], [ 108.534669209030184, 15.919403536027311 ], [ 108.50658006801369, 15.943279553511438 ], [ 108.504218671907992, 15.953903046585687 ], [ 108.487319678608287, 15.95473662791775 ], [ 108.483587090173529, 15.967138084282844 ] ] ], [ [ [ 105.647108951970196, 10.972708345100292 ], [ 105.655831016755087, 10.976673985401346 ], [ 105.658579373887363, 11.00743753683766 ], [ 105.6598329, 11.0077498 ], [ 105.6792725, 11.0176302 ], [ 105.684643, 11.0227578 ], [ 105.6921424, 11.0303382 ], [ 105.6936842, 11.0317421 ], [ 105.6953638, 11.0329779 ], [ 105.7039532, 11.0386319 ], [ 105.7055604, 11.0395853 ], [ 105.7072495, 11.0403845 ], [ 105.7167236, 11.0443368 ], [ 105.7182554, 11.0449036 ], [ 105.7198283, 11.0453435 ], [ 105.7293216, 11.0475848 ], [ 105.731497, 11.0479729 ], [ 105.7337021, 11.0481187 ], [ 105.7444794, 11.0482346 ], [ 105.7690794, 11.0528916 ], [ 105.7708259, 11.053143 ], [ 105.7725876, 11.0532395 ], [ 105.7751833, 11.053267 ], [ 105.777307, 11.0531765 ], [ 105.7794092, 11.0528612 ], [ 105.7814659, 11.0523245 ], [ 105.7834542, 11.0515726 ], [ 105.7851876, 11.0506966 ], [ 105.7891582, 11.0493971 ], [ 105.7910593, 11.0486657 ], [ 105.7928761, 11.0477448 ], [ 105.7945899, 11.0466439 ], [ 105.7961828, 11.0453744 ], [ 105.7976383, 11.0439494 ], [ 105.7989413, 11.0423838 ], [ 105.8000783, 11.0406938 ], [ 105.8010375, 11.0388969 ], [ 105.8274708, 10.9826593 ], [ 105.8298867, 10.9784644 ], [ 105.8338944, 10.971506 ], [ 105.8707064, 10.9247072 ], [ 105.8713463, 10.9238938 ], [ 105.8716731, 10.9234667 ], [ 105.878443, 10.9143679 ], [ 105.879613, 10.9126084 ], [ 105.8805909, 10.9107352 ], [ 105.8813657, 10.9087693 ], [ 105.8819287, 10.9067326 ], [ 105.8822737, 10.9046479 ], [ 105.882469, 10.9028985 ], [ 105.8826826, 10.9009853 ], [ 105.882804, 10.8990585 ], [ 105.882739, 10.8971289 ], [ 105.8824882, 10.8952147 ], [ 105.8820541, 10.8933335 ], [ 105.8814406, 10.8915029 ], [ 105.8806534, 10.88974 ], [ 105.8733473, 10.8752939 ], [ 105.888145, 10.8692233 ], [ 105.8944504, 10.8676157 ], [ 105.8955469, 10.8673362 ], [ 105.9052791, 10.8648542 ], [ 105.9054134, 10.8658788 ], [ 105.9058291, 10.8677039 ], [ 105.9064136, 10.869482 ], [ 105.9071618, 10.8711978 ], [ 105.9078173, 10.8725275 ], [ 105.9104318, 10.8778308 ], [ 105.9113868, 10.8795495 ], [ 105.912506, 10.881166 ], [ 105.9137785, 10.8826649 ], [ 105.9151921, 10.8840316 ], [ 105.916733, 10.8852529 ], [ 105.9255677, 10.8915737 ], [ 105.9256905, 10.8916543 ], [ 105.9252399, 10.8931991 ], [ 105.920228, 10.9038218 ], [ 105.9194154, 10.9058156 ], [ 105.9188219, 10.907885 ], [ 105.9184543, 10.9100064 ], [ 105.9183168, 10.9121549 ], [ 105.9182652, 10.9172884 ], [ 105.9183418, 10.9192499 ], [ 105.9186104, 10.9211945 ], [ 105.9190683, 10.9231033 ], [ 105.9197111, 10.9249581 ], [ 105.9205326, 10.926741 ], [ 105.921525, 10.9284347 ], [ 105.9226786, 10.930023 ], [ 105.9239824, 10.9314905 ], [ 105.9254238, 10.9328231 ], [ 105.9269888, 10.9340081 ], [ 105.9286625, 10.9350338 ], [ 105.9304287, 10.9358906 ], [ 105.9322704, 10.9365701 ], [ 105.9341698, 10.9370658 ], [ 105.9361086, 10.9373729 ], [ 105.9380682, 10.9374884 ], [ 105.9414055, 10.9375211 ], [ 105.9434951, 10.9374323 ], [ 105.9455639, 10.9371257 ], [ 105.9475894, 10.9366047 ], [ 105.9495494, 10.9358751 ], [ 105.9514225, 10.9349447 ], [ 105.9531882, 10.9338239 ], [ 105.9548272, 10.9325248 ], [ 105.957447, 10.9302153 ], [ 106.0089908, 10.8847768 ], [ 106.0156334, 10.8789209 ], [ 106.0171099, 10.8776188 ], [ 106.0200656, 10.875012 ], [ 106.0245759, 10.8716323 ], [ 106.0255652, 10.8708146 ], [ 106.0294119, 10.8678837 ], [ 106.040144, 10.8597056 ], [ 106.0554022, 10.8490407 ], [ 106.0709632, 10.8381618 ], [ 106.0795236, 10.8335326 ], [ 106.0903552, 10.8319294 ], [ 106.1150573, 10.8333136 ], [ 106.1234508, 10.8337833 ], [ 106.1235448, 10.8337883 ], [ 106.1587961, 10.8355945 ], [ 106.1606851, 10.835602 ], [ 106.1625663, 10.8354312 ], [ 106.1644231, 10.8350837 ], [ 106.1662197, 10.8345679 ], [ 106.1617755, 10.8412428 ], [ 106.1439873, 10.8679548 ], [ 106.1429278, 10.8697402 ], [ 106.1420591, 10.8716259 ], [ 106.1413906, 10.8735914 ], [ 106.1409294, 10.8756156 ], [ 106.1406805, 10.8776767 ], [ 106.1406138, 10.8786537 ], [ 106.1191529, 10.9023626 ], [ 106.1179773, 10.9037885 ], [ 106.1169384, 10.9053169 ], [ 106.116045, 10.9069346 ], [ 106.1153047, 10.9086278 ], [ 106.1147239, 10.9103822 ], [ 106.1143075, 10.9121827 ], [ 106.114059, 10.914014 ], [ 106.1139806, 10.9158603 ], [ 106.1139881, 10.9178334 ], [ 106.1140789, 10.9196619 ], [ 106.1143365, 10.9214745 ], [ 106.1147587, 10.9232559 ], [ 106.1153421, 10.9249913 ], [ 106.1185089, 10.933154 ], [ 106.119391, 10.9351096 ], [ 106.1204775, 10.9369595 ], [ 106.1256585, 10.9447864 ], [ 106.1251736, 10.9462054 ], [ 106.1245781, 10.9483219 ], [ 106.1242185, 10.9504909 ], [ 106.1235883, 10.9562332 ], [ 106.1214638, 10.975588 ], [ 106.1213454, 10.977571 ], [ 106.1214243, 10.9795559 ], [ 106.1216997, 10.9815232 ], [ 106.1221689, 10.9834535 ], [ 106.1228273, 10.9853277 ], [ 106.1236683, 10.9871274 ], [ 106.1246838, 10.9888348 ], [ 106.1258636, 10.9904329 ], [ 106.1271961, 10.9919062 ], [ 106.1286683, 10.99324 ], [ 106.1302654, 10.9944212 ], [ 106.1319719, 10.9954381 ], [ 106.1441373, 11.0018916 ], [ 106.1459846, 11.002754 ], [ 106.14791, 11.0034238 ], [ 106.1498937, 11.0038941 ], [ 106.1519149, 11.00416 ], [ 106.1539526, 11.0042188 ], [ 106.1559858, 11.0040698 ], [ 106.1579932, 11.0037147 ], [ 106.1612976, 11.0029546 ], [ 106.1628686, 11.0025252 ], [ 106.1646667, 11.0019541 ], [ 106.1663867, 11.0014764 ], [ 106.1683479, 11.0008208 ], [ 106.1724159, 10.9992227 ], [ 106.1713543, 11.0055669 ], [ 106.171171, 11.0069626 ], [ 106.1677459, 11.042759 ], [ 106.1647313, 11.0480795 ], [ 106.1628374, 11.051422 ], [ 106.155617, 11.0641643 ], [ 106.1454469, 11.0785338 ], [ 106.1454364, 11.0785271 ], [ 106.1436076, 11.0776044 ], [ 106.1379581, 11.0751085 ], [ 106.1376396, 11.0748039 ], [ 106.1359859, 11.0732219 ], [ 106.134781, 11.0720391 ], [ 106.1320935, 11.0694002 ], [ 106.1272308, 11.0646258 ], [ 106.1253939, 11.0628222 ], [ 106.1201668, 11.057284 ], [ 106.1197012, 11.0567907 ], [ 106.1182481, 11.0553988 ], [ 106.1166625, 11.05416 ], [ 106.1149604, 11.0530867 ], [ 106.1131591, 11.0521899 ], [ 106.1112768, 11.0514786 ], [ 106.1093326, 11.0509601 ], [ 106.1073461, 11.0506395 ], [ 106.1053375, 11.0505202 ], [ 106.1028068, 11.0504974 ], [ 106.1008666, 11.0505742 ], [ 106.098943, 11.0508387 ], [ 106.0970542, 11.0512886 ], [ 106.0952178, 11.0519195 ], [ 106.0934513, 11.0527254 ], [ 106.0917713, 11.0536989 ], [ 106.0901936, 11.0548307 ], [ 106.0866877, 11.0576131 ], [ 106.0851877, 11.0589308 ], [ 106.0838265, 11.0603915 ], [ 106.0826178, 11.0619806 ], [ 106.0815735, 11.0636823 ], [ 106.0807041, 11.0654796 ], [ 106.0800183, 11.0673547 ], [ 106.0795228, 11.0692888 ], [ 106.0792226, 11.0712627 ], [ 106.0787603, 11.0758253 ], [ 106.0787278, 11.0761452 ], [ 106.0775242, 11.077784 ], [ 106.0759806, 11.0777699 ], [ 106.074713, 11.0777583 ], [ 106.0727337, 11.0778383 ], [ 106.070772, 11.0781137 ], [ 106.0688471, 11.0785819 ], [ 106.066978, 11.0792381 ], [ 106.0651831, 11.080076 ], [ 106.0634798, 11.0810874 ], [ 106.0618849, 11.0822623 ], [ 106.060414, 11.0835892 ], [ 106.0590817, 11.0850552 ], [ 106.0579009, 11.0866457 ], [ 106.048771, 11.1003088 ], [ 106.0391692, 11.1087333 ], [ 106.0387451, 11.1089535 ], [ 106.028625, 11.1142073 ], [ 106.0158776, 11.1208251 ], [ 106.0140663, 11.1218898 ], [ 106.0123767, 11.1231386 ], [ 106.011996, 11.1234522 ], [ 106.005996, 11.1283949 ], [ 106.0046022, 11.1296576 ], [ 106.0033332, 11.1310457 ], [ 106.0022001, 11.1325469 ], [ 106.0012131, 11.1341478 ], [ 106.0003809, 11.1358344 ], [ 105.9997107, 11.1375917 ], [ 105.9992086, 11.1394042 ], [ 105.9972252, 11.1481416 ], [ 105.9968221, 11.1506415 ], [ 105.9947205, 11.172346 ], [ 105.976305, 11.1764746 ], [ 105.9692692, 11.1770108 ], [ 105.9631746, 11.1774753 ], [ 105.9616222, 11.1776549 ], [ 105.9600886, 11.1779551 ], [ 105.9518199, 11.179912 ], [ 105.9486647, 11.1806588 ], [ 105.9470338, 11.1811185 ], [ 105.9454477, 11.1817147 ], [ 105.9439178, 11.1824429 ], [ 105.9387876, 11.1851572 ], [ 105.9275073, 11.1911254 ], [ 105.9241851, 11.1928831 ], [ 105.9226728, 11.1937701 ], [ 105.921244, 11.1947862 ], [ 105.9199097, 11.1959235 ], [ 105.9186802, 11.1971733 ], [ 105.9138452, 11.2025392 ], [ 105.9074575, 11.2096285 ], [ 105.9055522, 11.2117429 ], [ 105.9038507, 11.2139157 ], [ 105.8922783, 11.2310024 ], [ 105.8913708, 11.2324758 ], [ 105.890594, 11.2340222 ], [ 105.8899539, 11.23563 ], [ 105.8860396, 11.2468505 ], [ 105.8854972, 11.2486823 ], [ 105.885132, 11.2505575 ], [ 105.8849475, 11.252459 ], [ 105.8849452, 11.2543694 ], [ 105.8851252, 11.2562713 ], [ 105.8854858, 11.2581474 ], [ 105.8867011, 11.2631637 ], [ 105.8874292, 11.265522 ], [ 105.8877064, 11.2662558 ], [ 105.8859742, 11.2668218 ], [ 105.8830714, 11.2668882 ], [ 105.8800985, 11.265842 ], [ 105.8778184, 11.2650397 ], [ 105.8743033, 11.2636096 ], [ 105.8735331, 11.2632962 ], [ 105.8716617, 11.2626409 ], [ 105.8697346, 11.2621742 ], [ 105.8677709, 11.2619005 ], [ 105.8657896, 11.2618227 ], [ 105.8638104, 11.2619414 ], [ 105.8618527, 11.2622555 ], [ 105.8599357, 11.2627619 ], [ 105.8570759, 11.2636712 ], [ 105.8552901, 11.2643342 ], [ 105.8535755, 11.265164 ], [ 105.8519476, 11.2661533 ], [ 105.8504212, 11.2672929 ], [ 105.8490101, 11.2685726 ], [ 105.8477272, 11.2699807 ], [ 105.8465841, 11.2715045 ], [ 105.8455912, 11.2731301 ], [ 105.8447573, 11.2748428 ], [ 105.8424851, 11.2801369 ], [ 105.8417761, 11.2820538 ], [ 105.8412663, 11.2840331 ], [ 105.8409613, 11.2860541 ], [ 105.840864, 11.2880956 ], [ 105.8409757, 11.2901364 ], [ 105.841295, 11.2921551 ], [ 105.8418187, 11.2941307 ], [ 105.8425413, 11.2960426 ], [ 105.8437786, 11.2988702 ], [ 105.8448137, 11.3009096 ], [ 105.846075, 11.3028175 ], [ 105.8475457, 11.304569 ], [ 105.8476978, 11.3047304 ], [ 105.8455533, 11.3106508 ], [ 105.844963, 11.3125788 ], [ 105.8445698, 11.3145565 ], [ 105.8443778, 11.3165637 ], [ 105.8443889, 11.3185801 ], [ 105.8446029, 11.3205851 ], [ 105.8451972, 11.3243446 ], [ 105.8455917, 11.3262402 ], [ 105.8461677, 11.3280887 ], [ 105.8469197, 11.3298729 ], [ 105.8478407, 11.3315759 ], [ 105.8489221, 11.333182 ], [ 105.8501537, 11.3346759 ], [ 105.851524, 11.3360438 ], [ 105.8530202, 11.3372728 ], [ 105.8544586, 11.3383421 ], [ 105.8553534, 11.3405759 ], [ 105.858234, 11.350858 ], [ 105.8600571, 11.3573653 ], [ 105.8597195, 11.3575845 ], [ 105.8582721, 11.358727 ], [ 105.8569359, 11.359998 ], [ 105.8557226, 11.3613867 ], [ 105.8546423, 11.3628812 ], [ 105.8537042, 11.3644688 ], [ 105.8529164, 11.3661362 ], [ 105.8523137, 11.3675805 ], [ 105.8508941, 11.3709827 ], [ 105.8496669, 11.3739236 ], [ 105.8489918, 11.3757996 ], [ 105.8485069, 11.3777334 ], [ 105.8482168, 11.3797059 ], [ 105.8481246, 11.3816974 ], [ 105.8482312, 11.3836883 ], [ 105.8485354, 11.3856586 ], [ 105.8490343, 11.3875889 ], [ 105.8497229, 11.3894599 ], [ 105.8505943, 11.3912531 ], [ 105.8531456, 11.3958986 ], [ 105.8528248, 11.3970679 ], [ 105.852489, 11.3990671 ], [ 105.8523573, 11.40109 ], [ 105.8524311, 11.4031159 ], [ 105.8527096, 11.4051238 ], [ 105.8531899, 11.4070933 ], [ 105.8538671, 11.409004 ], [ 105.8547343, 11.4108364 ], [ 105.8557824, 11.4125716 ], [ 105.8570009, 11.4141917 ], [ 105.8583771, 11.4156802 ], [ 105.8598969, 11.4170217 ], [ 105.8615447, 11.4182025 ], [ 105.8648901, 11.4203518 ], [ 105.865376, 11.4206737 ], [ 105.8655139, 11.4213773 ], [ 105.8660397, 11.423162 ], [ 105.8670488, 11.426079 ], [ 105.8674733, 11.4271966 ], [ 105.8688252, 11.4304591 ], [ 105.8695542, 11.4320238 ], [ 105.8704153, 11.4335197 ], [ 105.8714023, 11.4349359 ], [ 105.8721347, 11.4358144 ], [ 105.8695243, 11.4374665 ], [ 105.8682155, 11.4383697 ], [ 105.8669825, 11.439374 ], [ 105.8629614, 11.4429245 ], [ 105.8611783, 11.4447114 ], [ 105.8581981, 11.4481013 ], [ 105.8569716, 11.4496434 ], [ 105.8559028, 11.4512987 ], [ 105.8550021, 11.4530512 ], [ 105.8542782, 11.4548837 ], [ 105.8538063, 11.4562753 ], [ 105.8532605, 11.4581948 ], [ 105.8529087, 11.460159 ], [ 105.8527545, 11.4621486 ], [ 105.8527992, 11.4641436 ], [ 105.8530425, 11.4661242 ], [ 105.8534742, 11.4686071 ], [ 105.8539381, 11.4706403 ], [ 105.8546112, 11.4726141 ], [ 105.8554861, 11.4745072 ], [ 105.8565534, 11.4762988 ], [ 105.8578015, 11.4779696 ], [ 105.8594614, 11.4799655 ], [ 105.8602662, 11.4816753 ], [ 105.8622488, 11.4858875 ], [ 105.8616574, 11.4866923 ], [ 105.8606689, 11.4883524 ], [ 105.8598453, 11.4901 ], [ 105.8591941, 11.491919 ], [ 105.8587215, 11.4937924 ], [ 105.8579754, 11.4974956 ], [ 105.8576134, 11.5003148 ], [ 105.8573246, 11.5054141 ], [ 105.8573246, 11.5076752 ], [ 105.8575341, 11.5113765 ], [ 105.8577592, 11.5134426 ], [ 105.8581975, 11.5154742 ], [ 105.8588442, 11.5174494 ], [ 105.8596962, 11.5196563 ], [ 105.860428, 11.5213219 ], [ 105.861308, 11.5229141 ], [ 105.8623291, 11.5244198 ], [ 105.8641969, 11.526921 ], [ 105.8642887, 11.5278898 ], [ 105.8642583, 11.5281902 ], [ 105.8630131, 11.5313413 ], [ 105.8603944, 11.536251 ], [ 105.8597492, 11.5367748 ], [ 105.8589012, 11.5375307 ], [ 105.8569309, 11.539287 ], [ 105.8559696, 11.540203 ], [ 105.8540912, 11.5421157 ], [ 105.8525011, 11.5416815 ], [ 105.8506987, 11.5412778 ], [ 105.8488668, 11.541042 ], [ 105.8470208, 11.5409762 ], [ 105.8451767, 11.541081 ], [ 105.8433502, 11.5413555 ], [ 105.8415567, 11.5417974 ], [ 105.8400825, 11.5422337 ], [ 105.8396773, 11.5423536 ], [ 105.83872, 11.5426369 ], [ 105.8376924, 11.5428332 ], [ 105.8370314, 11.5429594 ], [ 105.8318938, 11.5439405 ], [ 105.8248406, 11.5442527 ], [ 105.8229664, 11.5444243 ], [ 105.8211167, 11.5447712 ], [ 105.8193078, 11.5452906 ], [ 105.8175557, 11.5459776 ], [ 105.8143112, 11.5474295 ], [ 105.8104694, 11.5489807 ], [ 105.8086446, 11.5498265 ], [ 105.806914, 11.5508513 ], [ 105.8052951, 11.5520448 ], [ 105.8020613, 11.5546897 ], [ 105.800641, 11.5559694 ], [ 105.7993493, 11.5573789 ], [ 105.7981981, 11.5589053 ], [ 105.797198, 11.5605347 ], [ 105.7963579, 11.5622521 ], [ 105.7956857, 11.5640419 ], [ 105.7951875, 11.5658876 ], [ 105.7948677, 11.5677726 ], [ 105.7941644, 11.5735949 ], [ 105.7940226, 11.5756759 ], [ 105.7940983, 11.5777604 ], [ 105.79437, 11.5796796 ], [ 105.7940313, 11.5803307 ], [ 105.7900496, 11.5879834 ], [ 105.7892521, 11.5897129 ], [ 105.7886226, 11.5915103 ], [ 105.7881669, 11.5933595 ], [ 105.7878892, 11.5952436 ], [ 105.787792, 11.5971456 ], [ 105.7878761, 11.5990482 ], [ 105.7881409, 11.6009342 ], [ 105.7885838, 11.6027865 ], [ 105.7892008, 11.6045882 ], [ 105.7899865, 11.6063231 ], [ 105.7909336, 11.6079754 ], [ 105.7919096, 11.6093548 ], [ 105.7910344, 11.6110163 ], [ 105.7902742, 11.6129033 ], [ 105.7897095, 11.6148577 ], [ 105.7893464, 11.6168594 ], [ 105.7891884, 11.6188876 ], [ 105.7892373, 11.6209214 ], [ 105.7894926, 11.6229397 ], [ 105.7899515, 11.6249216 ], [ 105.7906094, 11.6268466 ], [ 105.7914595, 11.6286949 ], [ 105.7924929, 11.6304472 ], [ 105.7937416, 11.6323377 ], [ 105.794936, 11.6339617 ], [ 105.7962879, 11.6354571 ], [ 105.7977833, 11.6368089 ], [ 105.7994073, 11.6380033 ], [ 105.8011433, 11.6390281 ], [ 105.8029736, 11.639873 ], [ 105.8048796, 11.6405293 ], [ 105.8068421, 11.6409905 ], [ 105.808841, 11.6412517 ], [ 105.810856, 11.6413104 ], [ 105.8120731, 11.6412229 ], [ 105.811362, 11.6453823 ], [ 105.8111246, 11.6473596 ], [ 105.8110849, 11.6493507 ], [ 105.8112435, 11.6513359 ], [ 105.8115988, 11.6532955 ], [ 105.8121471, 11.65521 ], [ 105.8128832, 11.6570605 ], [ 105.8137996, 11.6588286 ], [ 105.8148873, 11.6604968 ], [ 105.8161356, 11.6620486 ], [ 105.8175319, 11.6634685 ], [ 105.8190626, 11.6647425 ], [ 105.8207124, 11.665858 ], [ 105.8225909, 11.6669962 ], [ 105.8340261, 11.6764997 ], [ 105.8349221, 11.6772022 ], [ 105.8443676, 11.6841831 ], [ 105.8457508, 11.6851187 ], [ 105.8472072, 11.6859356 ], [ 105.8487266, 11.6866282 ], [ 105.8692644, 11.6949725 ], [ 105.870355, 11.695379 ], [ 105.875098, 11.6969915 ], [ 105.8770792, 11.6975531 ], [ 105.8791077, 11.697908 ], [ 105.8811619, 11.6980524 ], [ 105.8832201, 11.6979848 ], [ 105.8852604, 11.697706 ], [ 105.8872612, 11.6972188 ], [ 105.8892013, 11.6965285 ], [ 105.8910602, 11.6956423 ], [ 105.8938627, 11.6941245 ], [ 105.8961662, 11.6928769 ], [ 105.8976985, 11.6919561 ], [ 105.9100429, 11.6837657 ], [ 105.9324007, 11.6689314 ], [ 105.9431503, 11.66365 ], [ 105.945218, 11.6626341 ], [ 105.9463149, 11.6622406 ], [ 105.9530725, 11.6684945 ], [ 105.9537715, 11.6694495 ], [ 105.9547392, 11.6707717 ], [ 105.9578828, 11.6750665 ], [ 105.957933, 11.6751351 ], [ 105.9556304, 11.6806552 ], [ 105.9549964, 11.6823988 ], [ 105.9545266, 11.6841937 ], [ 105.9542252, 11.6860243 ], [ 105.9540948, 11.687875 ], [ 105.9541363, 11.6897298 ], [ 105.9543496, 11.6915728 ], [ 105.9547328, 11.6933881 ], [ 105.9552825, 11.6951601 ], [ 105.955994, 11.6968735 ], [ 105.9590379, 11.703339 ], [ 105.9591481, 11.703573 ], [ 105.960168, 11.7054671 ], [ 105.9613853, 11.7072407 ], [ 105.9627862, 11.7088733 ], [ 105.9643542, 11.710346 ], [ 105.9660714, 11.7116417 ], [ 105.9825009, 11.7227048 ], [ 105.9876603, 11.7295061 ], [ 105.9888985, 11.7330742 ], [ 105.9868291, 11.7550112 ], [ 105.986741, 11.7567763 ], [ 105.9868091, 11.7585423 ], [ 105.9870328, 11.7602955 ], [ 105.9874105, 11.762022 ], [ 105.9879391, 11.7637085 ], [ 105.9922672, 11.7756422 ], [ 105.9929865, 11.777369 ], [ 105.9938641, 11.7790212 ], [ 105.9948922, 11.7805841 ], [ 105.9960618, 11.7820441 ], [ 105.9973628, 11.7833884 ], [ 105.9987836, 11.7846053 ], [ 106.008551, 11.7922085 ], [ 106.0102712, 11.7934082 ], [ 106.0121076, 11.7944212 ], [ 106.01404, 11.7952363 ], [ 106.0160471, 11.7958446 ], [ 106.0168183, 11.7960348 ], [ 106.0318849, 11.7997489 ], [ 106.0336516, 11.8001008 ], [ 106.0354427, 11.8002924 ], [ 106.0372438, 11.800322 ], [ 106.0455003, 11.8000858 ], [ 106.046027, 11.8000638 ], [ 106.0606382, 11.79926 ], [ 106.062994, 11.7989896 ], [ 106.0731698, 11.7972052 ], [ 106.0752364, 11.7967287 ], [ 106.0772409, 11.7960359 ], [ 106.0791608, 11.7951349 ], [ 106.0877758, 11.7905191 ], [ 106.0901755, 11.789005 ], [ 106.0991094, 11.7824383 ], [ 106.1043067, 11.7786181 ], [ 106.1061575, 11.7772577 ], [ 106.1076631, 11.7760343 ], [ 106.1090431, 11.7746708 ], [ 106.1114626, 11.7720363 ], [ 106.1134983, 11.7698196 ], [ 106.1161637, 11.7669172 ], [ 106.1165932, 11.7664495 ], [ 106.1167859, 11.7662486 ], [ 106.117758, 11.7664333 ], [ 106.1201658, 11.766741 ], [ 106.1239367, 11.7669916 ], [ 106.1256729, 11.7670314 ], [ 106.127406, 11.7669205 ], [ 106.1359294, 11.7660019 ], [ 106.1381038, 11.7656454 ], [ 106.1402258, 11.765052 ], [ 106.1444386, 11.7636193 ], [ 106.1471196, 11.7624836 ], [ 106.1491573, 11.7614395 ], [ 106.1523274, 11.7644565 ], [ 106.1537549, 11.7656921 ], [ 106.1552926, 11.7667876 ], [ 106.1569268, 11.7677333 ], [ 106.1586428, 11.7685206 ], [ 106.1604254, 11.7691426 ], [ 106.1612842, 11.7693974 ], [ 106.1636607, 11.7701027 ], [ 106.1663419, 11.7707016 ], [ 106.185024, 11.7735448 ], [ 106.1870346, 11.7737476 ], [ 106.1890555, 11.7737464 ], [ 106.1910659, 11.7735412 ], [ 106.1930453, 11.7731343 ], [ 106.1949736, 11.7725296 ], [ 106.196831, 11.7717335 ], [ 106.1985986, 11.770754 ], [ 106.2002583, 11.7696011 ], [ 106.2017932, 11.7682866 ], [ 106.2056372, 11.7646423 ], [ 106.2070037, 11.763212 ], [ 106.2082223, 11.7616536 ], [ 106.2092809, 11.7599825 ], [ 106.2094645, 11.7596583 ], [ 106.2112859, 11.7564433 ], [ 106.2159579, 11.7527259 ], [ 106.2186096, 11.7514193 ], [ 106.2225601, 11.7510853 ], [ 106.2240713, 11.7508994 ], [ 106.226971, 11.75043 ], [ 106.2345541, 11.7492024 ], [ 106.236458, 11.7488941 ], [ 106.2419359, 11.7483059 ], [ 106.2426219, 11.7482202 ], [ 106.2560757, 11.7463032 ], [ 106.2581734, 11.7458888 ], [ 106.260215, 11.7452529 ], [ 106.263351, 11.7440887 ], [ 106.2650282, 11.7433775 ], [ 106.2666338, 11.7425167 ], [ 106.2681543, 11.7415134 ], [ 106.269764, 11.7403426 ], [ 106.2733043, 11.7382189 ], [ 106.2768813, 11.736073 ], [ 106.2784241, 11.7350474 ], [ 106.2798653, 11.7338834 ], [ 106.2811927, 11.7325911 ], [ 106.2823949, 11.7311815 ], [ 106.2827713, 11.7306963 ], [ 106.2837116, 11.7294839 ], [ 106.2840549, 11.7290412 ], [ 106.2863218, 11.7261185 ], [ 106.287412, 11.724566 ], [ 106.2883503, 11.7229171 ], [ 106.2891282, 11.7211868 ], [ 106.2897386, 11.7193905 ], [ 106.290176, 11.7175445 ], [ 106.2904366, 11.7156653 ], [ 106.2905179, 11.7137699 ], [ 106.2905159, 11.7133336 ], [ 106.2905155, 11.7132435 ], [ 106.2904782, 11.7124745 ], [ 106.3066965, 11.6970328 ], [ 106.3070266, 11.6970621 ], [ 106.312979036590036, 11.701554567935469 ], [ 106.554294603966909, 10.472340482116078 ], [ 105.869141338878876, 10.33642332344972 ], [ 105.862389329608376, 10.327158776740166 ], [ 105.870504060464341, 10.276205290336021 ], [ 105.094610453647661, 10.122993495899067 ], [ 105.084805277892798, 10.110013556904345 ], [ 105.094557205084726, 10.060030322298092 ], [ 105.015247815860235, 10.044457602321161 ], [ 105.0045937, 10.0553721 ], [ 104.9983689, 10.0617481 ], [ 104.9982581, 10.0618625 ], [ 104.9942758, 10.066007 ], [ 104.9861357, 10.072512 ], [ 104.985138, 10.0733644 ], [ 104.9822998, 10.075955 ], [ 104.9782012, 10.0788916 ], [ 104.9764243, 10.0801646 ], [ 104.9761941, 10.0801975 ], [ 104.9732356, 10.0806486 ], [ 104.9711875, 10.0807679 ], [ 104.9670135, 10.0806653 ], [ 104.9616543, 10.0799716 ], [ 104.9566788, 10.0790854 ], [ 104.9483426, 10.0772698 ], [ 104.9424628, 10.0756912 ], [ 104.9420928, 10.0755957 ], [ 104.9362438, 10.0741446 ], [ 104.9278536, 10.071675 ], [ 104.9265282, 10.0713337 ], [ 104.9204596, 10.0699906 ], [ 104.9154871, 10.0688899 ], [ 104.915133, 10.0688149 ], [ 104.9074486, 10.0672592 ], [ 104.9055269, 10.0669665 ], [ 104.9011996, 10.0665213 ], [ 104.8991586, 10.0664163 ], [ 104.8950551, 10.0664151 ], [ 104.8921492, 10.0666265 ], [ 104.88812, 10.067217 ], [ 104.8856231, 10.0677476 ], [ 104.8816684, 10.0688559 ], [ 104.8800071, 10.0694008 ], [ 104.8783998, 10.0700887 ], [ 104.8733254, 10.0725282 ], [ 104.8717137, 10.073396 ], [ 104.8685047, 10.0753182 ], [ 104.8664486, 10.0767312 ], [ 104.8632393, 10.0792452 ], [ 104.8612401, 10.0810405 ], [ 104.8592248, 10.0831112 ], [ 104.8575694, 10.0850443 ], [ 104.8501641, 10.0948975 ], [ 104.8485913, 10.096845 ], [ 104.8475439, 10.098266 ], [ 104.8466259, 10.0997738 ], [ 104.8424077, 10.1074447 ], [ 104.838829, 10.1129955 ], [ 104.8382253, 10.1139948 ], [ 104.8348468, 10.1199748 ], [ 104.8314744, 10.1255885 ], [ 104.8311898, 10.1260778 ], [ 104.8290718, 10.1298406 ], [ 104.8202058, 10.1428416 ], [ 104.813353, 10.1520679 ], [ 104.8129591, 10.1526174 ], [ 104.8045553, 10.1647694 ], [ 104.8025131, 10.1674653 ], [ 104.7979593, 10.1728755 ], [ 104.7933789, 10.177671 ], [ 104.7867174, 10.1838841 ], [ 104.7841232, 10.1860241 ], [ 104.7806066, 10.1884455 ], [ 104.7677615, 10.1971499 ], [ 104.7668558, 10.1977637 ], [ 104.7662916, 10.1981605 ], [ 104.7661527, 10.1982617 ], [ 104.7639597, 10.199463 ], [ 104.7600224, 10.2015281 ], [ 104.7558201, 10.2031232 ], [ 104.7499293, 10.204779 ], [ 104.7418771, 10.2070114 ], [ 104.7381647, 10.2078119 ], [ 104.7354977, 10.2080708 ], [ 104.7333629, 10.2080162 ], [ 104.7320121, 10.2077608 ], [ 104.7276305, 10.2059749 ], [ 104.7200884, 10.2018705 ], [ 104.7137493, 10.1978833 ], [ 104.7136252, 10.1978053 ], [ 104.7089936, 10.1945269 ], [ 104.7032241, 10.1895717 ], [ 104.6953361, 10.1820063 ], [ 104.6922442, 10.1784564 ], [ 104.6919776, 10.1781565 ], [ 104.6895266, 10.1754539 ], [ 104.6871456, 10.1724449 ], [ 104.6848537, 10.1689623 ], [ 104.6838886, 10.1676201 ], [ 104.6734121, 10.1542529 ], [ 104.668962, 10.148248 ], [ 104.6669102, 10.1449206 ], [ 104.6669652, 10.1444928 ], [ 104.6671172, 10.1426137 ], [ 104.6670916, 10.1407285 ], [ 104.6668886, 10.1388542 ], [ 104.6665101, 10.1370072 ], [ 104.6659593, 10.1352042 ], [ 104.6652411, 10.133461 ], [ 104.6643621, 10.1317932 ], [ 104.6633298, 10.1302155 ], [ 104.6621536, 10.1287421 ], [ 104.6603851, 10.1267291 ], [ 104.6596709, 10.1259579 ], [ 104.6584898, 10.1247481 ], [ 104.657218, 10.1235544 ], [ 104.6558471, 10.122476 ], [ 104.6538689, 10.121055 ], [ 104.6522604, 10.1200126 ], [ 104.6505595, 10.119129 ], [ 104.6487818, 10.1184123 ], [ 104.6475877, 10.1179962 ], [ 104.6455446, 10.117404 ], [ 104.6434502, 10.1170322 ], [ 104.6413281, 10.116885 ], [ 104.6401276, 10.1168657 ], [ 104.6382879, 10.1169208 ], [ 104.636461, 10.1171448 ], [ 104.6346624, 10.1175358 ], [ 104.6329075, 10.1180905 ], [ 104.6312109, 10.1188042 ], [ 104.6304041, 10.1191882 ], [ 104.6282393, 10.1203882 ], [ 104.6270258, 10.1211627 ], [ 104.6252571, 10.1224322 ], [ 104.6236368, 10.1238864 ], [ 104.6221842, 10.1255081 ], [ 104.6216873, 10.1261276 ], [ 104.617905, 10.1268457 ], [ 104.6176798, 10.1268985 ], [ 104.617285, 10.1266448 ], [ 104.6156849, 10.1257183 ], [ 104.6140061, 10.1249435 ], [ 104.6122629, 10.1243271 ], [ 104.6104702, 10.1238743 ], [ 104.6086434, 10.123589 ], [ 104.606798, 10.1234736 ], [ 104.6053973, 10.1234509 ], [ 104.6028298, 10.1235745 ], [ 104.5982179, 10.1240951 ], [ 104.5960779, 10.1244552 ], [ 104.5939894, 10.125045 ], [ 104.5919772, 10.1258576 ], [ 104.5900648, 10.1268834 ], [ 104.5878408, 10.1282367 ], [ 104.5862187, 10.1293362 ], [ 104.5847119, 10.1305891 ], [ 104.583335, 10.1319835 ], [ 104.5822828, 10.1332817 ], [ 104.5814598, 10.133429 ], [ 104.5806427, 10.1336098 ], [ 104.5792002, 10.134022 ], [ 104.5758704, 10.1338146 ], [ 104.5746528, 10.1337759 ], [ 104.5741976, 10.1337753 ], [ 104.5741906, 10.1334951 ], [ 104.5741645, 10.1331267 ], [ 104.5740064, 10.1316626 ], [ 104.573741, 10.1302141 ], [ 104.5736793, 10.1299356 ], [ 104.5729708, 10.127488 ], [ 104.5728838, 10.1272463 ], [ 104.571794, 10.1247618 ], [ 104.5716354, 10.1244581 ], [ 104.5701242, 10.1220111 ], [ 104.5699234, 10.1217329 ], [ 104.5688779, 10.1204063 ], [ 104.5677243, 10.1191727 ], [ 104.567459, 10.118912 ], [ 104.5662751, 10.1178382 ], [ 104.5650092, 10.1168623 ], [ 104.564682, 10.1166303 ], [ 104.5631793, 10.1156627 ], [ 104.5615963, 10.1148332 ], [ 104.5612585, 10.114675 ], [ 104.5597923, 10.1140582 ], [ 104.5587492, 10.113714 ], [ 104.5583942, 10.113131 ], [ 104.5572777, 10.1116324 ], [ 104.556803, 10.1110538 ], [ 104.5551511, 10.109273 ], [ 104.5532955, 10.1077055 ], [ 104.5529276, 10.1074312 ], [ 104.5513122, 10.1063449 ], [ 104.5495988, 10.1054208 ], [ 104.5478037, 10.1046677 ], [ 104.5459439, 10.1040927 ], [ 104.544037, 10.1037012 ], [ 104.542101, 10.1034969 ], [ 104.5415487, 10.1034657 ], [ 104.5395955, 10.1034509 ], [ 104.5376502, 10.1036267 ], [ 104.5357313, 10.1039914 ], [ 104.5347202, 10.1042882 ], [ 104.5347145, 10.1039784 ], [ 104.5344171, 10.101732 ], [ 104.5342985, 10.1011097 ], [ 104.5337562, 10.0989351 ], [ 104.532974, 10.0968348 ], [ 104.5320801, 10.0950692 ], [ 104.531972, 10.0943789 ], [ 104.531617, 10.0926281 ], [ 104.5312333, 10.0913394 ], [ 104.5312411, 10.0911706 ], [ 104.5312436, 10.0908571 ], [ 104.531058, 10.0879746 ], [ 104.5310153, 10.0876639 ], [ 104.5304622, 10.0849995 ], [ 104.5303777, 10.0846974 ], [ 104.5294715, 10.0821405 ], [ 104.5293581, 10.0818785 ], [ 104.5280281, 10.0793269 ], [ 104.5278482, 10.0790351 ], [ 104.5270001, 10.0777699 ], [ 104.5260581, 10.0765729 ], [ 104.5258173, 10.0762898 ], [ 104.5238073, 10.074244 ], [ 104.5235923, 10.0740545 ], [ 104.5215974, 10.0725085 ], [ 104.5213837, 10.0723635 ], [ 104.5193705, 10.0711635 ], [ 104.5191157, 10.0710312 ], [ 104.5169727, 10.0700736 ], [ 104.5167307, 10.0699821 ], [ 104.516224, 10.0698284 ], [ 104.5157994, 10.0695362 ], [ 104.5146372, 10.0688108 ], [ 104.5137825, 10.0683064 ], [ 104.5126429, 10.0676714 ], [ 104.5105984, 10.0666799 ], [ 104.5084547, 10.0659268 ], [ 104.5075883, 10.0656767 ], [ 104.5055588, 10.0652038 ], [ 104.5034911, 10.0649447 ], [ 104.5014076, 10.0649021 ], [ 104.499331, 10.0650766 ], [ 104.4983499, 10.0652108 ], [ 104.4961885, 10.0656288 ], [ 104.4940862, 10.0662817 ], [ 104.4920683, 10.0671618 ], [ 104.4901593, 10.0682583 ], [ 104.4892916, 10.0688224 ], [ 104.4877439, 10.0699371 ], [ 104.4863093, 10.0711941 ], [ 104.4850011, 10.0725822 ], [ 104.483831, 10.0740885 ], [ 104.4828097, 10.0756994 ], [ 104.4819465, 10.0774004 ], [ 104.4812493, 10.0791758 ], [ 104.4807244, 10.0810095 ], [ 104.4803765, 10.0828849 ], [ 104.4802089, 10.0847849 ], [ 104.4801852, 10.0853729 ], [ 104.4802054, 10.0873846 ], [ 104.4804252, 10.0893627 ], [ 104.4802116, 10.0895608 ], [ 104.4788918, 10.0910548 ], [ 104.4777273, 10.0926728 ], [ 104.4767297, 10.0943987 ], [ 104.4759088, 10.0962154 ], [ 104.4752729, 10.0981047 ], [ 104.475094, 10.0987392 ], [ 104.4746312, 10.1007864 ], [ 104.4743855, 10.1028707 ], [ 104.4743596, 10.1049693 ], [ 104.4745538, 10.1070591 ], [ 104.4749658, 10.109117 ], [ 104.4762071, 10.1139761 ], [ 104.4764618, 10.1152686 ], [ 104.4764168, 10.1153326 ], [ 104.4751239, 10.1174351 ], [ 104.4747843, 10.1180724 ], [ 104.4741062, 10.1194736 ], [ 104.4735392, 10.1209234 ], [ 104.4733181, 10.1215608 ], [ 104.472739, 10.1235611 ], [ 104.472371, 10.1256108 ], [ 104.4722182, 10.1276877 ], [ 104.4721999, 10.1285436 ], [ 104.4722364, 10.1302526 ], [ 104.472369, 10.1314894 ], [ 104.4721599, 10.1319366 ], [ 104.4715229, 10.1337228 ], [ 104.4710579, 10.1355612 ], [ 104.4707692, 10.1374354 ], [ 104.470703, 10.1380609 ], [ 104.4705921, 10.140263 ], [ 104.4707244, 10.1424638 ], [ 104.4708317, 10.1433915 ], [ 104.4712978, 10.1459501 ], [ 104.4715355, 10.1468997 ], [ 104.4719892, 10.1484451 ], [ 104.4725658, 10.1499491 ], [ 104.4728259, 10.1505535 ], [ 104.4737248, 10.1523802 ], [ 104.4748048, 10.154106 ], [ 104.475152, 10.1546027 ], [ 104.4762757, 10.1560623 ], [ 104.477529, 10.1574123 ], [ 104.4792447, 10.1590976 ], [ 104.4806731, 10.1603722 ], [ 104.4822168, 10.1615044 ], [ 104.4838617, 10.1624839 ], [ 104.4844648, 10.1627688 ], [ 104.4846179, 10.1630622 ], [ 104.48613, 10.1655124 ], [ 104.4863307, 10.1657906 ], [ 104.4873761, 10.1671177 ], [ 104.4885297, 10.1683519 ], [ 104.488795, 10.1686127 ], [ 104.4899787, 10.1696867 ], [ 104.4912443, 10.1706627 ], [ 104.4915715, 10.1708948 ], [ 104.4930757, 10.1718638 ], [ 104.4946605, 10.1726943 ], [ 104.4949983, 10.1728525 ], [ 104.4967542, 10.1735753 ], [ 104.4985708, 10.1741284 ], [ 104.4990715, 10.1742552 ], [ 104.5008014, 10.1746128 ], [ 104.502556, 10.1748163 ], [ 104.5029003, 10.1748409 ], [ 104.5054719, 10.1748403 ], [ 104.5049142, 10.1757294 ], [ 104.5040711, 10.1774035 ], [ 104.5033885, 10.1791492 ], [ 104.5031561, 10.1798369 ], [ 104.5026077, 10.1817769 ], [ 104.5022575, 10.1837623 ], [ 104.5021089, 10.1857729 ], [ 104.5021634, 10.1877883 ], [ 104.5024206, 10.1897879 ], [ 104.5028778, 10.1917514 ], [ 104.503108, 10.1925544 ], [ 104.5038267, 10.1946255 ], [ 104.5047679, 10.1966056 ], [ 104.50592, 10.1984707 ], [ 104.506959, 10.199963 ], [ 104.5081634, 10.2015229 ], [ 104.5095154, 10.2029566 ], [ 104.5106707, 10.2040667 ], [ 104.5123429, 10.2055049 ], [ 104.5141633, 10.2067501 ], [ 104.5161097, 10.2077873 ], [ 104.5166933, 10.2080581 ], [ 104.5185573, 10.2088117 ], [ 104.5204875, 10.2093742 ], [ 104.5224645, 10.2097402 ], [ 104.5244682, 10.2099058 ], [ 104.5264784, 10.2098693 ], [ 104.5283951, 10.209738 ], [ 104.5303775, 10.2095024 ], [ 104.5323265, 10.2090702 ], [ 104.5342227, 10.208446 ], [ 104.5360473, 10.2076358 ], [ 104.5377069, 10.2067973 ], [ 104.53931, 10.2058923 ], [ 104.5408232, 10.2048438 ], [ 104.5422336, 10.2036606 ], [ 104.5435292, 10.2023528 ], [ 104.5455828, 10.2000794 ], [ 104.5469456, 10.1983956 ], [ 104.5481184, 10.1965744 ], [ 104.5490873, 10.194637 ], [ 104.5496677, 10.1933 ], [ 104.5502793, 10.1917089 ], [ 104.550431, 10.1911845 ], [ 104.5517838, 10.1933745 ], [ 104.5519846, 10.1936526 ], [ 104.5530291, 10.1949776 ], [ 104.5541816, 10.1962099 ], [ 104.554447, 10.1964707 ], [ 104.5556321, 10.1975455 ], [ 104.5568993, 10.1985222 ], [ 104.5572266, 10.1987542 ], [ 104.5587322, 10.1997232 ], [ 104.5603185, 10.2005536 ], [ 104.5606565, 10.2007117 ], [ 104.56241, 10.2014327 ], [ 104.564224, 10.2019845 ], [ 104.5644766, 10.2020484 ], [ 104.5643232, 10.2024636 ], [ 104.5638327, 10.2043263 ], [ 104.5635236, 10.2062276 ], [ 104.5633989, 10.2081498 ], [ 104.5633826, 10.2091299 ], [ 104.5634387, 10.2109969 ], [ 104.5636689, 10.2128505 ], [ 104.5640709, 10.2146746 ], [ 104.5646413, 10.2164532 ], [ 104.5653752, 10.2181708 ], [ 104.5657336, 10.2189118 ], [ 104.5665072, 10.220357 ], [ 104.5673966, 10.221734 ], [ 104.5683958, 10.2230335 ], [ 104.5686233, 10.2233055 ], [ 104.567952, 10.2266306 ], [ 104.5670295, 10.2299754 ], [ 104.5662463, 10.2321044 ], [ 104.5656364, 10.2340687 ], [ 104.5651501, 10.2359763 ], [ 104.5647435, 10.2380041 ], [ 104.5645485, 10.2400632 ], [ 104.5645653, 10.2419261 ], [ 104.5633024, 10.2440288 ], [ 104.5594109, 10.2502654 ], [ 104.5591649, 10.2506703 ], [ 104.5566169, 10.2549777 ], [ 104.5550603, 10.2576091 ], [ 104.5540652, 10.259107 ], [ 104.5503074, 10.2647633 ], [ 104.5489404, 10.2660975 ], [ 104.5479202, 10.2648455 ], [ 104.546444, 10.2633768 ], [ 104.5448231, 10.2620696 ], [ 104.543075, 10.260938 ], [ 104.5412187, 10.2599943 ], [ 104.5404288, 10.2596432 ], [ 104.5384413, 10.2588836 ], [ 104.5363844, 10.2583395 ], [ 104.5342813, 10.2580169 ], [ 104.5329195, 10.2578817 ], [ 104.5312759, 10.2577867 ], [ 104.530253, 10.2577697 ], [ 104.5282462, 10.2578371 ], [ 104.5262562, 10.2581055 ], [ 104.5243032, 10.258572 ], [ 104.5224068, 10.259232 ], [ 104.5216056, 10.2595568 ], [ 104.5198612, 10.2603637 ], [ 104.5182023, 10.2613342 ], [ 104.5166442, 10.2624595 ], [ 104.5152013, 10.2637292 ], [ 104.5138869, 10.2651315 ], [ 104.5127132, 10.2666534 ], [ 104.5122472, 10.2673218 ], [ 104.51123, 10.2689406 ], [ 104.5103721, 10.2706491 ], [ 104.5096811, 10.2724317 ], [ 104.5091636, 10.2742721 ], [ 104.5088241, 10.2761535 ], [ 104.5086658, 10.2780588 ], [ 104.5086902, 10.2799705 ], [ 104.5087791, 10.2814368 ], [ 104.5089018, 10.2827463 ], [ 104.5090022, 10.2835368 ], [ 104.5093857, 10.285645 ], [ 104.5099925, 10.2877001 ], [ 104.510333, 10.2885184 ], [ 104.5101791, 10.2887726 ], [ 104.5098542, 10.2893291 ], [ 104.508096, 10.2924552 ], [ 104.5072117, 10.2942275 ], [ 104.5065071, 10.2960786 ], [ 104.505989, 10.2979904 ], [ 104.5056626, 10.299944 ], [ 104.505531, 10.3019203 ], [ 104.5055119, 10.3030468 ], [ 104.5056039, 10.3053324 ], [ 104.5059564, 10.3075925 ], [ 104.5062727, 10.3090627 ], [ 104.5068238, 10.3110965 ], [ 104.5075858, 10.3130611 ], [ 104.5080045, 10.3138743 ], [ 104.5072667, 10.3158882 ], [ 104.5051719, 10.3191636 ], [ 104.5026246, 10.3231081 ], [ 104.4975502, 10.3296935 ], [ 104.4751863, 10.3530922 ], [ 104.4751568, 10.3531231 ], [ 104.4704642, 10.3580539 ], [ 104.470257, 10.3582966 ], [ 104.4690387, 10.3573246 ], [ 104.4676556, 10.3563982 ], [ 104.454188, 10.348168 ], [ 104.4525482, 10.3472684 ], [ 104.4508316, 10.3465259 ], [ 104.4490531, 10.345947 ], [ 104.4472284, 10.3455368 ], [ 104.4453733, 10.3452989 ], [ 104.443504, 10.3452352 ], [ 104.441637, 10.3453465 ], [ 104.4397886, 10.3456317 ], [ 104.4390778, 10.3457756 ], [ 104.4381284, 10.3459301 ], [ 104.4360995, 10.3463693 ], [ 104.4341271, 10.3470164 ], [ 104.4322324, 10.3478645 ], [ 104.4304358, 10.3489044 ], [ 104.4287566, 10.3501249 ], [ 104.427213, 10.3515129 ], [ 104.4258216, 10.3530535 ], [ 104.4249591, 10.3541143 ], [ 104.4237796, 10.3557226 ], [ 104.4227662, 10.3574404 ], [ 104.4219288, 10.3592506 ], [ 104.421276, 10.3611353 ], [ 104.4208141, 10.3630755 ], [ 104.4206812, 10.3637903 ], [ 104.4204398, 10.3654928 ], [ 104.4203456, 10.3672097 ], [ 104.4203992, 10.3689283 ], [ 104.420497, 10.3702444 ], [ 104.4207107, 10.3720299 ], [ 104.420929, 10.3733481 ], [ 104.4213923, 10.375442 ], [ 104.4220772, 10.3774742 ], [ 104.4227929, 10.3790253 ], [ 104.4222073, 10.3807306 ], [ 104.4217435, 10.382728 ], [ 104.4214865, 10.3847625 ], [ 104.4214393, 10.3868125 ], [ 104.4216022, 10.3888567 ], [ 104.4219736, 10.3908734 ], [ 104.4225495, 10.3928415 ], [ 104.4230951, 10.3944039 ], [ 104.4237868, 10.3961241 ], [ 104.4246349, 10.3977729 ], [ 104.425632, 10.399336 ], [ 104.4277171, 10.4022929 ], [ 104.4286921, 10.4035317 ], [ 104.4285344, 10.403747 ], [ 104.423716, 10.4079923 ], [ 104.422317, 10.4093515 ], [ 104.4210572, 10.4108406 ], [ 104.4199484, 10.4124454 ], [ 104.4190011, 10.4141505 ], [ 104.4182245, 10.4159398 ], [ 104.4176259, 10.4177962 ], [ 104.417211, 10.4197021 ], [ 104.4169836, 10.4216393 ], [ 104.4169461, 10.4235895 ], [ 104.4170988, 10.4255341 ], [ 104.4174401, 10.4274546 ], [ 104.4179669, 10.4293326 ], [ 104.4186741, 10.4311505 ], [ 104.419555, 10.4328907 ], [ 104.4206013, 10.4345369 ], [ 104.4218029, 10.4360734 ], [ 104.4231485, 10.4374855 ], [ 104.4246253, 10.4387598 ], [ 104.4262191, 10.4398842 ], [ 104.427915, 10.4408479 ], [ 104.4296966, 10.4416419 ], [ 104.4315471, 10.4422586 ], [ 104.4335448, 10.4428177 ], [ 104.4536404, 10.448441 ], [ 104.4553014, 10.4488303 ], [ 104.4569896, 10.4490766 ], [ 104.4586926, 10.4491781 ], [ 104.4651016, 10.4492862 ], [ 104.4695822, 10.4493617 ], [ 104.4722036, 10.4492336 ], [ 104.4799993, 10.4483373 ], [ 104.4819102, 10.4480232 ], [ 104.4837818, 10.4475258 ], [ 104.4855965, 10.4468497 ], [ 104.4873373, 10.4460013 ], [ 104.4889879, 10.4449884 ], [ 104.493557, 10.4418706 ], [ 104.4945322, 10.445367 ], [ 104.4950257, 10.4468962 ], [ 104.4956404, 10.4483807 ], [ 104.4973388, 10.4520574 ], [ 104.4981543, 10.4536349 ], [ 104.4991066, 10.4551339 ], [ 104.5001881, 10.4565425 ], [ 104.5044146, 10.4615685 ], [ 104.5055392, 10.462798 ], [ 104.5067623, 10.4639296 ], [ 104.5105648, 10.4671645 ], [ 104.5119902, 10.4682703 ], [ 104.5135094, 10.4692432 ], [ 104.5151102, 10.4700752 ], [ 104.5167794, 10.4707596 ], [ 104.5185034, 10.4712907 ], [ 104.5202683, 10.4716644 ], [ 104.5281092, 10.4729581 ], [ 104.5281708, 10.4729652 ], [ 104.5284777, 10.4747927 ], [ 104.5291112, 10.4769893 ], [ 104.5299911, 10.4790992 ], [ 104.5315875, 10.4823847 ], [ 104.5332206, 10.4857457 ], [ 104.5331963, 10.4884568 ], [ 104.5330446, 10.4935668 ], [ 104.5330801, 10.4954913 ], [ 104.5333005, 10.4974034 ], [ 104.5337037, 10.4992856 ], [ 104.534286, 10.5011202 ], [ 104.5350419, 10.5028904 ], [ 104.5359645, 10.5045797 ], [ 104.5393772, 10.510171 ], [ 104.5404511, 10.5117549 ], [ 104.5416715, 10.5132288 ], [ 104.5430272, 10.5145793 ], [ 104.5445057, 10.5157941 ], [ 104.5460936, 10.5168621 ], [ 104.5477762, 10.5177734 ], [ 104.5495383, 10.5185197 ], [ 104.5562428, 10.5209882 ], [ 104.5581305, 10.521579 ], [ 104.5599636, 10.5219589 ], [ 104.5603694, 10.5251333 ], [ 104.5606234, 10.5266524 ], [ 104.5609935, 10.5281475 ], [ 104.5625199, 10.5334316 ], [ 104.563278, 10.5355861 ], [ 104.5642768, 10.5376401 ], [ 104.5655033, 10.5395668 ], [ 104.5695434, 10.5451784 ], [ 104.5708623, 10.5468205 ], [ 104.5744348, 10.5508177 ], [ 104.5758588, 10.5522572 ], [ 104.5774211, 10.5535454 ], [ 104.5791056, 10.554669 ], [ 104.5808952, 10.5556164 ], [ 104.5870981, 10.5585086 ], [ 104.5880407, 10.5589482 ], [ 104.589717, 10.5596391 ], [ 104.591449, 10.5601754 ], [ 104.5932225, 10.5605526 ], [ 104.5950228, 10.5607676 ], [ 104.5968352, 10.5608188 ], [ 104.6049842, 10.5606791 ], [ 104.6068316, 10.5605617 ], [ 104.6086601, 10.5602741 ], [ 104.6104543, 10.5598186 ], [ 104.6156904, 10.5582281 ], [ 104.6173929, 10.5576258 ], [ 104.6190341, 10.5568723 ], [ 104.6206006, 10.5559739 ], [ 104.6247425, 10.5533431 ], [ 104.6296804, 10.5514662 ], [ 104.630664, 10.5515633 ], [ 104.6316731, 10.5528254 ], [ 104.6319469, 10.5531679 ], [ 104.6332413, 10.5546341 ], [ 104.6346728, 10.5559667 ], [ 104.6362276, 10.5571532 ], [ 104.6378909, 10.5581822 ], [ 104.6396467, 10.5590437 ], [ 104.6414782, 10.5597297 ], [ 104.643368, 10.5602335 ], [ 104.645298, 10.5605503 ], [ 104.6472497, 10.5606771 ], [ 104.658664, 10.5608592 ], [ 104.6599212, 10.5608397 ], [ 104.6926406, 10.5593032 ], [ 104.6943158, 10.5591537 ], [ 104.6959726, 10.558864 ], [ 104.6975991, 10.5584362 ], [ 104.72051, 10.551367 ], [ 104.7364246, 10.5464565 ], [ 104.738801, 10.5457229 ], [ 104.7395121, 10.5454888 ], [ 104.7551513, 10.5400124 ], [ 104.7582707, 10.5398233 ], [ 104.7761853, 10.5402769 ], [ 104.8588718, 10.5423497 ], [ 104.872259, 10.5539112 ], [ 104.8804265, 10.5609637 ], [ 104.8838273, 10.566021 ], [ 104.8996414, 10.5972203 ], [ 104.9024268, 10.6027147 ], [ 104.9031527, 10.604023 ], [ 104.9163239, 10.6257967 ], [ 104.9179775, 10.6281342 ], [ 104.9286495, 10.6411357 ], [ 104.9363355, 10.6504981 ], [ 104.9375181, 10.6518152 ], [ 104.9462133, 10.6606769 ], [ 104.9475546, 10.6619242 ], [ 104.9490045, 10.6630435 ], [ 104.9505506, 10.6640255 ], [ 104.9809296, 10.6814209 ], [ 104.9814092, 10.6816868 ], [ 104.9877791, 10.6851059 ], [ 104.9919808, 10.6873612 ], [ 105.0043048, 10.6944303 ], [ 105.0516328, 10.7215674 ], [ 105.061662, 10.7273159 ], [ 105.0708451, 10.7332792 ], [ 105.0686411, 10.746241 ], [ 105.0679095, 10.7474097 ], [ 105.0654028, 10.7494986 ], [ 105.0479755, 10.7640191 ], [ 105.0465738, 10.7653047 ], [ 105.0453006, 10.7667176 ], [ 105.0441674, 10.7682451 ], [ 105.0431843, 10.7698733 ], [ 105.0423604, 10.7715876 ], [ 105.0417031, 10.7733723 ], [ 105.0412182, 10.7752114 ], [ 105.0409102, 10.7770883 ], [ 105.0400684, 10.784372 ], [ 105.0399509, 10.7859005 ], [ 105.0394668, 10.7985024 ], [ 105.0394452, 10.799066 ], [ 105.0389436, 10.8121238 ], [ 105.0265249, 10.836452 ], [ 105.0263518, 10.8367994 ], [ 105.0119052, 10.8665104 ], [ 105.0110937, 10.8684272 ], [ 105.0104857, 10.8704179 ], [ 105.010088, 10.8724611 ], [ 105.0084436, 10.8841122 ], [ 105.0082621, 10.8861382 ], [ 105.0082873, 10.8881722 ], [ 105.0085191, 10.8901931 ], [ 105.0089549, 10.89218 ], [ 105.0096722, 10.8948045 ], [ 105.0103566, 10.8973083 ], [ 105.0110491, 10.8993867 ], [ 105.0119648, 10.9013769 ], [ 105.0130927, 10.9032551 ], [ 105.0144193, 10.9049986 ], [ 105.0147197, 10.9053515 ], [ 105.018089, 10.9093092 ], [ 105.0179194, 10.9121161 ], [ 105.0179018, 10.9141901 ], [ 105.0180991, 10.9162547 ], [ 105.0185091, 10.9182877 ], [ 105.0191274, 10.9202674 ], [ 105.0199475, 10.9221724 ], [ 105.0209604, 10.9239822 ], [ 105.0242234, 10.9291624 ], [ 105.0242556, 10.9292134 ], [ 105.0322337, 10.9417948 ], [ 105.0333604, 10.9433931 ], [ 105.0346378, 10.9448737 ], [ 105.0360537, 10.9462225 ], [ 105.0375945, 10.9474265 ], [ 105.0471412, 10.9541618 ], [ 105.0486671, 10.955138 ], [ 105.050275, 10.955972 ], [ 105.0519519, 10.9566572 ], [ 105.0564606, 10.9582653 ], [ 105.0571958, 10.9628251 ], [ 105.057609, 10.964768 ], [ 105.0582129, 10.9666603 ], [ 105.0590015, 10.9684834 ], [ 105.0599671, 10.9702193 ], [ 105.0611001, 10.9718508 ], [ 105.0623894, 10.9733619 ], [ 105.0638221, 10.9747377 ], [ 105.0653843, 10.9759645 ], [ 105.0670605, 10.9770304 ], [ 105.0688342, 10.9779247 ], [ 105.0706878, 10.9786387 ], [ 105.072603, 10.9791652 ], [ 105.0745611, 10.9794992 ], [ 105.0765427, 10.9796373 ], [ 105.0785281, 10.9795782 ], [ 105.080498, 10.9793224 ], [ 105.0824327, 10.9788725 ], [ 105.0843132, 10.9782329 ], [ 105.0861211, 10.9774099 ], [ 105.087727, 10.9765802 ], [ 105.0892732, 10.9756918 ], [ 105.0895588, 10.9754919 ], [ 105.0913414, 10.9750104 ], [ 105.0915765, 10.9749469 ], [ 105.0990195, 10.9789764 ], [ 105.100744, 10.9798059 ], [ 105.1025399, 10.9804668 ], [ 105.1043907, 10.9809531 ], [ 105.1080575, 10.981731 ], [ 105.110028, 10.9820472 ], [ 105.1120201, 10.9821655 ], [ 105.1140141, 10.9820847 ], [ 105.1159901, 10.9818056 ], [ 105.1179285, 10.9813309 ], [ 105.1198099, 10.9806654 ], [ 105.1216156, 10.9798157 ], [ 105.1233276, 10.9787904 ], [ 105.124929, 10.9775995 ], [ 105.1264037, 10.9762549 ], [ 105.127737, 10.9747701 ], [ 105.1289158, 10.9731598 ], [ 105.1299282, 10.97144 ], [ 105.1301872, 10.9709451 ], [ 105.1306849, 10.9699937 ], [ 105.1312018, 10.9689306 ], [ 105.1334797, 10.9638697 ], [ 105.1341991, 10.9620347 ], [ 105.1347344, 10.9601378 ], [ 105.1350804, 10.9581975 ], [ 105.1352337, 10.9562325 ], [ 105.1351929, 10.9542619 ], [ 105.1345802, 10.9455241 ], [ 105.1343962, 10.9439596 ], [ 105.1445465, 10.9443314 ], [ 105.1473891, 10.9442331 ], [ 105.156661, 10.9432492 ], [ 105.1592798, 10.9429713 ], [ 105.1596465, 10.9429324 ], [ 105.16157, 10.942633 ], [ 105.1634553, 10.942148 ], [ 105.1652844, 10.941482 ], [ 105.1670402, 10.9406413 ], [ 105.1689196, 10.9396262 ], [ 105.1793462, 10.9339942 ], [ 105.1829358, 10.9331196 ], [ 105.186856, 10.9331721 ], [ 105.18896, 10.9332003 ], [ 105.1978264, 10.9333188 ], [ 105.1997218, 10.9332542 ], [ 105.2016026, 10.9330104 ], [ 105.2034519, 10.9325895 ], [ 105.2052529, 10.9319953 ], [ 105.2069896, 10.9312332 ], [ 105.2086463, 10.9303101 ], [ 105.2145866, 10.9266204 ], [ 105.2265883, 10.9199604 ], [ 105.23724, 10.9166047 ], [ 105.2461115, 10.9167213 ], [ 105.2578182, 10.9188084 ], [ 105.2597208, 10.9190542 ], [ 105.2616382, 10.9191165 ], [ 105.2635527, 10.9189949 ], [ 105.2654467, 10.9186903 ], [ 105.2673029, 10.9182057 ], [ 105.2691041, 10.9175455 ], [ 105.2708338, 10.9167158 ], [ 105.272476, 10.9157242 ], [ 105.2740156, 10.9145798 ], [ 105.2754386, 10.9132931 ], [ 105.2767317, 10.9118761 ], [ 105.2776894, 10.9107198 ], [ 105.2790267, 10.9097718 ], [ 105.2793035, 10.9095944 ], [ 105.2804487, 10.9088605 ], [ 105.2844103, 10.9082601 ], [ 105.2862899, 10.9078822 ], [ 105.2881247, 10.9073262 ], [ 105.2925266, 10.9057581 ], [ 105.2945827, 10.9048936 ], [ 105.2965297, 10.9038056 ], [ 105.3017896, 10.9004684 ], [ 105.3170782, 10.8927668 ], [ 105.3201599, 10.8912147 ], [ 105.320413, 10.8910849 ], [ 105.3206399, 10.8909665 ], [ 105.3306005, 10.8857732 ], [ 105.3346082, 10.8913286 ], [ 105.3355081, 10.8924844 ], [ 105.3423276, 10.9006104 ], [ 105.3436198, 10.9020092 ], [ 105.3450392, 10.9032786 ], [ 105.3465728, 10.9044074 ], [ 105.3482069, 10.9053852 ], [ 105.3488548, 10.9056934 ], [ 105.3490011, 10.9060695 ], [ 105.3497909, 10.9076643 ], [ 105.351115, 10.9100632 ], [ 105.3520576, 10.9116024 ], [ 105.3528519, 10.9127769 ], [ 105.3537691, 10.9144322 ], [ 105.3547822, 10.9160692 ], [ 105.355948, 10.9176013 ], [ 105.3572557, 10.9190142 ], [ 105.3586931, 10.9202948 ], [ 105.360247, 10.9214312 ], [ 105.361903, 10.922413 ], [ 105.3636457, 10.923231 ], [ 105.3639682, 10.923346 ], [ 105.3642688, 10.9240358 ], [ 105.3652048, 10.925909 ], [ 105.3664357, 10.9280801 ], [ 105.3669185, 10.9289815 ], [ 105.3678705, 10.9305764 ], [ 105.3689664, 10.9320761 ], [ 105.3701966, 10.9334677 ], [ 105.3715506, 10.9347391 ], [ 105.37352, 10.9364233 ], [ 105.3756067, 10.9379844 ], [ 105.377733, 10.9393687 ], [ 105.3793332, 10.9403078 ], [ 105.3810136, 10.9410946 ], [ 105.386088, 10.9431893 ], [ 105.3861857, 10.9432585 ], [ 105.3874375, 10.9441451 ], [ 105.3901229, 10.9514987 ], [ 105.3909715, 10.9534832 ], [ 105.3920291, 10.9553646 ], [ 105.3937558, 10.9580819 ], [ 105.4054745, 10.9820681 ], [ 105.4063468, 10.9836651 ], [ 105.4073607, 10.9851762 ], [ 105.4076556, 10.9855752 ], [ 105.4087406, 10.9869179 ], [ 105.4099374, 10.988162 ], [ 105.4103766, 10.9885808 ], [ 105.4119157, 10.9899059 ], [ 105.4135813, 10.9910681 ], [ 105.4153562, 10.9920554 ], [ 105.417222, 10.9928576 ], [ 105.4191596, 10.9934665 ], [ 105.4211489, 10.9938757 ], [ 105.4232552, 10.9941985 ], [ 105.4253372, 10.9944068 ], [ 105.4281493, 10.9945402 ], [ 105.42982, 10.9945496 ], [ 105.4314856, 10.9944196 ], [ 105.4331345, 10.9941509 ], [ 105.434948, 10.9937771 ], [ 105.4368617, 10.9932829 ], [ 105.4387173, 10.9926023 ], [ 105.4404967, 10.9917418 ], [ 105.4421824, 10.9907099 ], [ 105.4437581, 10.9895167 ], [ 105.4452082, 10.9881737 ], [ 105.4465188, 10.9866942 ], [ 105.4472414, 10.9857923 ], [ 105.447541, 10.9854182 ], [ 105.4490332, 10.9832842 ], [ 105.4501922, 10.9813727 ], [ 105.4505918, 10.9808761 ], [ 105.4511848, 10.9812851 ], [ 105.4526221, 10.9821096 ], [ 105.4541226, 10.9828124 ], [ 105.4563107, 10.9837286 ], [ 105.457946, 10.984331 ], [ 105.4596274, 10.9847887 ], [ 105.4613423, 10.9850984 ], [ 105.4637377, 10.9854239 ], [ 105.4661899, 10.9856046 ], [ 105.4688889, 10.9856371 ], [ 105.4697485, 10.9856289 ], [ 105.4720488, 10.9855577 ], [ 105.4738785, 10.9854169 ], [ 105.4756876, 10.9851089 ], [ 105.4774609, 10.9846363 ], [ 105.4795686, 10.9839697 ], [ 105.4816728, 10.9831715 ], [ 105.4836739, 10.9821419 ], [ 105.4854866, 10.9810762 ], [ 105.4867433, 10.9802728 ], [ 105.4879366, 10.9793781 ], [ 105.489041, 10.9784838 ], [ 105.490545, 10.9771346 ], [ 105.4919052, 10.9756405 ], [ 105.4931077, 10.9740168 ], [ 105.4931852, 10.9738865 ], [ 105.4945835, 10.9741334 ], [ 105.4965656, 10.9742831 ], [ 105.4985527, 10.9742353 ], [ 105.5005253, 10.9739905 ], [ 105.5024639, 10.9735511 ], [ 105.5043492, 10.9729214 ], [ 105.5061628, 10.9721076 ], [ 105.5078866, 10.9711179 ], [ 105.5082844, 10.9708624 ], [ 105.5313316, 10.9733101 ], [ 105.5412876, 10.9784168 ], [ 105.5431724, 10.9792636 ], [ 105.5451344, 10.9799115 ], [ 105.5471529, 10.9803534 ], [ 105.561602761431715, 10.982742619882586 ], [ 105.647108951970196, 10.972708345100292 ] ] ], [ [ [ 104.3675680632346, 10.307652952197973 ], [ 104.355670745229531, 10.30975749237831 ], [ 104.348495209661962, 10.298542866278416 ], [ 104.356259485385777, 10.287245829432418 ], [ 104.345126911348373, 10.294612758403087 ], [ 104.331406795676671, 10.28423573337372 ], [ 104.310266314696449, 10.288743723454276 ], [ 104.298605784863824, 10.275268161779671 ], [ 104.2978933, 10.2758554 ], [ 104.297724537014957, 10.276008960963258 ], [ 104.304073125377826, 10.287252653023515 ], [ 104.299655420767408, 10.299319372753873 ], [ 104.312233705772755, 10.304941801689608 ], [ 104.311761108886301, 10.322976792416636 ], [ 104.328882590062321, 10.32499291510643 ], [ 104.346468438576494, 10.313278807063121 ], [ 104.357086159047213, 10.319650320121964 ], [ 104.3574244, 10.3194876 ], [ 104.3591866, 10.3184023 ], [ 104.3607055, 10.3173548 ], [ 104.3619826, 10.3163967 ], [ 104.3631792, 10.3153398 ], [ 104.3639422, 10.3146096 ], [ 104.3653653, 10.3130986 ], [ 104.3666241, 10.3114482 ], [ 104.3677051, 10.3096762 ], [ 104.3685967, 10.3078017 ], [ 104.3692891, 10.3058449 ], [ 104.369775, 10.3038269 ], [ 104.3700514, 10.3023448 ], [ 104.3703162, 10.3003992 ], [ 104.3703889, 10.2984369 ], [ 104.37037709148224, 10.298244037383682 ], [ 104.3675680632346, 10.307652952197973 ] ] ], [ [ [ 104.344354008945885, 10.386905865132306 ], [ 104.351993594230933, 10.390572841396279 ], [ 104.3514255, 10.3898128 ], [ 104.3512152, 10.3895543 ], [ 104.3494326, 10.387635 ], [ 104.34919, 10.3874059 ], [ 104.348564972772962, 10.386862104481464 ], [ 104.344354008945885, 10.386905865132306 ] ] ], [ [ [ 104.351835615468744, 10.423300108981588 ], [ 104.348642765317081, 10.409484867226075 ], [ 104.337727366198507, 10.429375139810087 ], [ 104.309425324895514, 10.434188905069272 ], [ 104.323838224776622, 10.444155423735491 ], [ 104.352278875787604, 10.424978038761104 ], [ 104.361154540968897, 10.436323833367778 ], [ 104.3614007, 10.4358366 ], [ 104.3621686, 10.4337855 ], [ 104.3627076, 10.4316628 ], [ 104.3630209, 10.4300673 ], [ 104.363187180913883, 10.428936005506943 ], [ 104.351835615468744, 10.423300108981588 ] ] ], [ [ [ 104.098421196460293, 19.686312959430445 ], [ 104.099285, 19.6853152 ], [ 104.0995627, 19.6850768 ], [ 104.1003617, 19.6843905 ], [ 104.1006433, 19.6841797 ], [ 104.1009325, 19.684071 ], [ 104.1096496, 19.6812518 ], [ 104.1107622, 19.6811025 ], [ 104.112092, 19.6811261 ], [ 104.1147517, 19.6812497 ], [ 104.1159735, 19.6815421 ], [ 104.118357, 19.681817 ], [ 104.1271298, 19.6822985 ], [ 104.1311572, 19.6825196 ], [ 104.1320643, 19.6825694 ], [ 104.1329367, 19.6828193 ], [ 104.1329963, 19.6828363 ], [ 104.1354322, 19.6835259 ], [ 104.135403, 19.6850207 ], [ 104.1354686, 19.6870764 ], [ 104.135745, 19.6891146 ], [ 104.13644678136518, 19.692839269972922 ], [ 104.277170231408007, 19.716991559487617 ], [ 104.2772374, 19.716921 ], [ 104.2774115, 19.7167266 ], [ 104.2826219, 19.715888 ], [ 104.2831646, 19.7157929 ], [ 104.285111, 19.7154244 ], [ 104.2908568, 19.7171428 ], [ 104.2917432, 19.7173859 ], [ 104.2934968, 19.7178237 ], [ 104.2954989, 19.7182163 ], [ 104.2975305, 19.7184029 ], [ 104.2990955, 19.7184664 ], [ 104.3018666, 19.7183865 ], [ 104.3034749, 19.7182281 ], [ 104.3041087, 19.7181554 ], [ 104.3053647, 19.7179911 ], [ 104.3074189, 19.7176124 ], [ 104.3094224, 19.7170215 ], [ 104.3113534, 19.7162249 ], [ 104.3121831, 19.7158307 ], [ 104.313774, 19.714985 ], [ 104.3152823, 19.7139996 ], [ 104.3166958, 19.7128824 ], [ 104.3174568, 19.7122231 ], [ 104.3179027, 19.7119085 ], [ 104.3234294, 19.7084829 ], [ 104.3265235, 19.7065785 ], [ 104.3286141, 19.705308 ], [ 104.3297657, 19.7045442 ], [ 104.3319578, 19.70618 ], [ 104.3343005, 19.7076862 ], [ 104.3369044, 19.7091145 ], [ 104.338469, 19.709886 ], [ 104.3422861, 19.7115653 ], [ 104.3443825, 19.7123507 ], [ 104.3465535, 19.7128969 ], [ 104.3478641, 19.7131496 ], [ 104.3500584, 19.7134478 ], [ 104.3511528, 19.7135352 ], [ 104.3528197, 19.7135986 ], [ 104.3544861, 19.7135228 ], [ 104.354923, 19.7134662 ], [ 104.3550638, 19.7135522 ], [ 104.3565589, 19.7143618 ], [ 104.3577596, 19.7149607 ], [ 104.3583876, 19.7152481 ], [ 104.3604964, 19.7160723 ], [ 104.3626849, 19.7166528 ], [ 104.364925, 19.7169823 ], [ 104.3658734, 19.7170673 ], [ 104.3673459, 19.7171447 ], [ 104.3688202, 19.7171133 ], [ 104.3725264, 19.7168977 ], [ 104.3757743, 19.7167081 ], [ 104.376935, 19.7172906 ], [ 104.3788677, 19.7181534 ], [ 104.3807146, 19.7188704 ], [ 104.3826233, 19.7194012 ], [ 104.3846124, 19.7198495 ], [ 104.3869586, 19.7202334 ], [ 104.3893338, 19.7203363 ], [ 104.3894062, 19.7203351 ], [ 104.3896355, 19.7205368 ], [ 104.3914158, 19.7217878 ], [ 104.3933216, 19.722838 ], [ 104.3952049, 19.723746 ], [ 104.3966136, 19.7243597 ], [ 104.3980654, 19.7248634 ], [ 104.4011902, 19.7258148 ], [ 104.4038763, 19.7264341 ], [ 104.4097053, 19.7273605 ], [ 104.4116791, 19.7275744 ], [ 104.4136643, 19.7275916 ], [ 104.4152731, 19.7275256 ], [ 104.417156, 19.7273589 ], [ 104.4190148, 19.7270153 ], [ 104.4208328, 19.7264976 ], [ 104.4225939, 19.7258107 ], [ 104.4242822, 19.7249606 ], [ 104.4258828, 19.7239548 ], [ 104.426919, 19.7232332 ], [ 104.428445, 19.7220574 ], [ 104.4298509, 19.7207402 ], [ 104.4325816, 19.7179228 ], [ 104.4327425, 19.7177549 ], [ 104.4339074, 19.7165247 ], [ 104.4359709, 19.7143456 ], [ 104.4372741, 19.7128233 ], [ 104.4384185, 19.7111782 ], [ 104.4393926, 19.7094269 ], [ 104.4401864, 19.7075868 ], [ 104.4407922, 19.7056766 ], [ 104.4409492, 19.7050791 ], [ 104.4413508, 19.7031801 ], [ 104.4415664, 19.7012512 ], [ 104.441594, 19.6993104 ], [ 104.4414334, 19.6973761 ], [ 104.4413692, 19.6968903 ], [ 104.4409726, 19.6947739 ], [ 104.4409295, 19.6946309 ], [ 104.440969, 19.6944931 ], [ 104.4411844, 19.6935224 ], [ 104.4433644, 19.6934703 ], [ 104.4461187, 19.6932131 ], [ 104.4471446, 19.6930451 ], [ 104.4490191, 19.6926451 ], [ 104.4508466, 19.6920675 ], [ 104.4526105, 19.6913176 ], [ 104.4542944, 19.6904023 ], [ 104.4558831, 19.68933 ], [ 104.4568065, 19.6886401 ], [ 104.4583007, 19.6875239 ], [ 104.4596727, 19.686401 ], [ 104.4609399, 19.685161 ], [ 104.4620922, 19.6838137 ], [ 104.4625908, 19.6831755 ], [ 104.4637112, 19.6815881 ], [ 104.4646723, 19.6798994 ], [ 104.465465, 19.6781254 ], [ 104.4660819, 19.676283 ], [ 104.466517, 19.6743893 ], [ 104.4665661, 19.6740099 ], [ 104.4667896, 19.6741348 ], [ 104.46862, 19.6749294 ], [ 104.4705204, 19.6755377 ], [ 104.472472, 19.6759537 ], [ 104.4744554, 19.676173 ], [ 104.4764507, 19.6761936 ], [ 104.476865, 19.6761772 ], [ 104.4789227, 19.675989 ], [ 104.48095, 19.6755894 ], [ 104.4829252, 19.6749828 ], [ 104.4837159, 19.6746944 ], [ 104.4841694, 19.6746618 ], [ 104.4863716, 19.6745767 ], [ 104.4869969, 19.6745427 ], [ 104.4902153, 19.6743173 ], [ 104.492044, 19.6741043 ], [ 104.4938454, 19.673724 ], [ 104.4956041, 19.6731797 ], [ 104.4965844, 19.6728261 ], [ 104.4984693, 19.6720352 ], [ 104.5002636, 19.671056 ], [ 104.5015868, 19.6702435 ], [ 104.5017704, 19.6701307 ], [ 104.5033463, 19.6690556 ], [ 104.5048126, 19.6678353 ], [ 104.5057038, 19.6670186 ], [ 104.5071787, 19.6655167 ], [ 104.5084876, 19.6638682 ], [ 104.5090183, 19.6631223 ], [ 104.5091425, 19.6629476 ], [ 104.5101984, 19.6612962 ], [ 104.5110875, 19.6595495 ], [ 104.5118015, 19.6577241 ], [ 104.5123333, 19.6558376 ], [ 104.5126502, 19.6544578 ], [ 104.5129839, 19.6526116 ], [ 104.5131432, 19.6507423 ], [ 104.5131445, 19.650708 ], [ 104.513182, 19.6506823 ], [ 104.5146929, 19.6495362 ], [ 104.5160884, 19.6482522 ], [ 104.517356, 19.6468417 ], [ 104.5191233, 19.6446771 ], [ 104.5206526, 19.6425294 ], [ 104.5215551, 19.6410665 ], [ 104.5222782, 19.6397603 ], [ 104.5238708, 19.6390203 ], [ 104.5253558, 19.6382532 ], [ 104.527666, 19.6369348 ], [ 104.5305659, 19.6353024 ], [ 104.5308544, 19.6351322 ], [ 104.5310915, 19.6353413 ], [ 104.5328091, 19.6365607 ], [ 104.5346455, 19.6375927 ], [ 104.5365801, 19.6384258 ], [ 104.5385917, 19.6390508 ], [ 104.5395613, 19.6392969 ], [ 104.5416448, 19.6397094 ], [ 104.5437604, 19.6398986 ], [ 104.5458841, 19.6398624 ], [ 104.5464204, 19.6398247 ], [ 104.548251, 19.6396109 ], [ 104.5500541, 19.6392294 ], [ 104.5518145, 19.6386837 ], [ 104.5535171, 19.6379781 ], [ 104.5551476, 19.6371189 ], [ 104.5558364, 19.6367143 ], [ 104.5571764, 19.6358229 ], [ 104.5576551, 19.6363904 ], [ 104.5593044, 19.6381474 ], [ 104.5608273, 19.6396071 ], [ 104.5624954, 19.6408983 ], [ 104.5657672, 19.6431654 ], [ 104.567339, 19.6441499 ], [ 104.5689953, 19.6449846 ], [ 104.576485, 19.6483331 ], [ 104.5781246, 19.648981 ], [ 104.5821181, 19.6503589 ], [ 104.5837233, 19.6508386 ], [ 104.585363, 19.6511822 ], [ 104.5870257, 19.6513873 ], [ 104.58889, 19.6515384 ], [ 104.5974999, 19.6530757 ], [ 104.5998402, 19.6534936 ], [ 104.6003648, 19.6535801 ], [ 104.6039176, 19.6541175 ], [ 104.6056983, 19.654453 ], [ 104.6074349, 19.6547019 ], [ 104.6091866, 19.6547976 ], [ 104.6109399, 19.6547395 ], [ 104.6126814, 19.654528 ], [ 104.6139512, 19.6543169 ], [ 104.6160116, 19.6538616 ], [ 104.6180125, 19.6531917 ], [ 104.6199317, 19.6523147 ], [ 104.6217478, 19.6512404 ], [ 104.6234406, 19.6499807 ], [ 104.6242423, 19.6493157 ], [ 104.6251608, 19.6492602 ], [ 104.6249251, 19.6502612 ], [ 104.6246747, 19.6519895 ], [ 104.624576, 19.6537331 ], [ 104.6246297, 19.6554787 ], [ 104.6247883, 19.6576047 ], [ 104.6250485, 19.659656 ], [ 104.6255191, 19.6616694 ], [ 104.6261951, 19.6636235 ], [ 104.6270693, 19.6654974 ], [ 104.6278479, 19.6669635 ], [ 104.6288053, 19.6685785 ], [ 104.62991, 19.6700966 ], [ 104.6311522, 19.6715044 ], [ 104.6325209, 19.6727896 ], [ 104.634004, 19.6739407 ], [ 104.6362177, 19.675498 ], [ 104.6379818, 19.6766063 ], [ 104.6392221, 19.6772158 ], [ 104.6394801, 19.6782228 ], [ 104.6401014, 19.6799618 ], [ 104.6405691, 19.681102 ], [ 104.6406128, 19.6812086 ], [ 104.6415021, 19.6830925 ], [ 104.6425825, 19.6848736 ], [ 104.6438423, 19.6865328 ], [ 104.6449882, 19.687889 ], [ 104.645623, 19.6885757 ], [ 104.6455023, 19.6887998 ], [ 104.6442737, 19.6909954 ], [ 104.6434691, 19.6925977 ], [ 104.6428113, 19.6942657 ], [ 104.6423056, 19.6959859 ], [ 104.6419559, 19.6977445 ], [ 104.6416818, 19.6995406 ], [ 104.6414778, 19.7015609 ], [ 104.6414796, 19.7035914 ], [ 104.6416874, 19.7056113 ], [ 104.6420989, 19.7075998 ], [ 104.6427099, 19.7095362 ], [ 104.643514, 19.7114007 ], [ 104.6445032, 19.7131741 ], [ 104.6448827, 19.71378 ], [ 104.6461171, 19.7155342 ], [ 104.6475324, 19.7171462 ], [ 104.6491121, 19.7185973 ], [ 104.6508382, 19.7198708 ], [ 104.6526907, 19.7209522 ], [ 104.6538014, 19.721523 ], [ 104.656288, 19.7225948 ], [ 104.6586124, 19.723415 ], [ 104.6589064, 19.7235078 ], [ 104.6591257, 19.7236785 ], [ 104.6608132, 19.7251699 ], [ 104.6616336, 19.725895 ], [ 104.6619818, 19.7261958 ], [ 104.6634965, 19.7274736 ], [ 104.6635826, 19.7275463 ], [ 104.663853, 19.7278576 ], [ 104.6639058, 19.7280105 ], [ 104.6645658, 19.7296765 ], [ 104.6653722, 19.7312768 ], [ 104.6663187, 19.7327984 ], [ 104.6673976, 19.7342292 ], [ 104.6682093, 19.7352109 ], [ 104.6695928, 19.7367198 ], [ 104.6711233, 19.7380793 ], [ 104.6727848, 19.7392753 ], [ 104.6745598, 19.7402951 ], [ 104.6760572, 19.7410563 ], [ 104.6778045, 19.7418416 ], [ 104.6795779, 19.7425386 ], [ 104.679667, 19.7425736 ], [ 104.6797374, 19.7427625 ], [ 104.680596, 19.7447346 ], [ 104.6816095, 19.7467578 ], [ 104.6825094, 19.7483649 ], [ 104.6835534, 19.7498824 ], [ 104.6847325, 19.7512974 ], [ 104.6860368, 19.752598 ], [ 104.6874553, 19.753773 ], [ 104.6941433, 19.7588126 ], [ 104.6954442, 19.7597145 ], [ 104.6989389, 19.7619377 ], [ 104.7009477, 19.7632155 ], [ 104.7012898, 19.7635103 ], [ 104.7061192, 19.7683588 ], [ 104.7072865, 19.769441 ], [ 104.7088238, 19.7707564 ], [ 104.7105194, 19.772057 ], [ 104.7123441, 19.7731693 ], [ 104.7142771, 19.7740805 ], [ 104.7159227, 19.7747513 ], [ 104.7173447, 19.7752691 ], [ 104.7188018, 19.7756779 ], [ 104.720646, 19.7761208 ], [ 104.7224774, 19.7764713 ], [ 104.7243335, 19.7766496 ], [ 104.7258622, 19.7767249 ], [ 104.7263507, 19.776749 ], [ 104.7284215, 19.7767439 ], [ 104.7304806, 19.7765247 ], [ 104.7323372, 19.7762292 ], [ 104.7339866, 19.775895 ], [ 104.7356021, 19.7754232 ], [ 104.7363861, 19.775158 ], [ 104.738069, 19.7745027 ], [ 104.7396859, 19.7736982 ], [ 104.7412237, 19.7727512 ], [ 104.7415058, 19.7725594 ], [ 104.7413878, 19.7738502 ], [ 104.7413992, 19.7757899 ], [ 104.7415984, 19.7777194 ], [ 104.7419836, 19.7796205 ], [ 104.7425511, 19.7814753 ], [ 104.7430888, 19.7829694 ], [ 104.7438234, 19.7847395 ], [ 104.74465592472265, 19.786303060365093 ], [ 104.757228079067673, 19.751297304857829 ], [ 104.753964666340408, 19.715777732016157 ], [ 104.771925529818333, 19.659851440635045 ], [ 104.778791385060131, 19.576839404762236 ], [ 104.797970380303241, 19.503395641511759 ], [ 104.802506279754695, 19.454499987813531 ], [ 104.819027653123058, 19.416997777705671 ], [ 104.822963762157087, 19.334320011992048 ], [ 104.888309634683381, 18.975502937105993 ], [ 104.901581317775566, 18.935471105245206 ], [ 104.904304873859687, 18.898359119961427 ], [ 104.922812129735874, 18.85192184444411 ], [ 104.924421109987364, 18.803358540595344 ], [ 104.944698822797235, 18.745130352153996 ], [ 104.946246423239316, 18.719764572249765 ], [ 104.9446102, 18.719648 ], [ 104.9429498, 18.7194554 ], [ 104.9411248, 18.7194112 ], [ 104.9393034, 18.7195336 ], [ 104.9375007, 18.7198215 ], [ 104.9367043, 18.7199863 ], [ 104.9347735, 18.7204875 ], [ 104.9329022, 18.7211784 ], [ 104.931109, 18.7220524 ], [ 104.9294119, 18.7231007 ], [ 104.9278275, 18.7243127 ], [ 104.9263718, 18.7256766 ], [ 104.9257943, 18.7262746 ], [ 104.9255759, 18.7265007 ], [ 104.9242589, 18.7280081 ], [ 104.9230993, 18.7296397 ], [ 104.9221085, 18.7313789 ], [ 104.9212966, 18.7332085 ], [ 104.9209153, 18.7341986 ], [ 104.9204232, 18.7356372 ], [ 104.9200418, 18.7371091 ], [ 104.919695, 18.7386932 ], [ 104.9193794, 18.7405493 ], [ 104.9192397, 18.742427 ], [ 104.9191884, 18.7443152 ], [ 104.9188785, 18.7446601 ], [ 104.9185996, 18.7449965 ], [ 104.9183576, 18.7452884 ], [ 104.917081, 18.7470082 ], [ 104.9159956, 18.7488546 ], [ 104.9151139, 18.7508066 ], [ 104.914446, 18.7528416 ], [ 104.9139996, 18.7549363 ], [ 104.9138955, 18.7555964 ], [ 104.913673, 18.7577805 ], [ 104.9136913, 18.7599757 ], [ 104.91395, 18.7621558 ], [ 104.9143196, 18.7637486 ], [ 104.9137406, 18.7640968 ], [ 104.9088711, 18.7670256 ], [ 104.9081731, 18.7674454 ], [ 104.9068628, 18.7673091 ], [ 104.9049518, 18.7671943 ], [ 104.9031721, 18.7671667 ], [ 104.901397, 18.7672975 ], [ 104.9000244, 18.7674603 ], [ 104.8991688, 18.767052 ], [ 104.8973533, 18.766293 ], [ 104.895472, 18.765716 ], [ 104.893543, 18.7653267 ], [ 104.8924084, 18.7651553 ], [ 104.8904503, 18.7649574 ], [ 104.8884822, 18.7649529 ], [ 104.8865231, 18.765142 ], [ 104.8769593, 18.7665425 ], [ 104.8704946, 18.7613531 ], [ 104.8697088, 18.7604904 ], [ 104.8682576, 18.7591805 ], [ 104.8666854, 18.7580185 ], [ 104.8650072, 18.7570156 ], [ 104.8632392, 18.7561813 ], [ 104.8613981, 18.7555236 ], [ 104.8595016, 18.7550489 ], [ 104.8575678, 18.7547615 ], [ 104.8556152, 18.7546643 ], [ 104.8551374, 18.7546639 ], [ 104.8533411, 18.7547432 ], [ 104.8515591, 18.7549836 ], [ 104.849806, 18.755383 ], [ 104.8479384, 18.7558978 ], [ 104.8474277, 18.7560386 ], [ 104.8453576, 18.7567329 ], [ 104.8433755, 18.7576487 ], [ 104.8415051, 18.7587752 ], [ 104.8397686, 18.7600988 ], [ 104.8393929, 18.7604191 ], [ 104.8364709, 18.7629097 ], [ 104.8348724, 18.7644322 ], [ 104.8334515, 18.7661216 ], [ 104.8331508, 18.7665221 ], [ 104.8312727, 18.7665657 ], [ 104.8311261, 18.7665266 ], [ 104.8300734, 18.7662759 ], [ 104.8175351, 18.763646 ], [ 104.8153625, 18.7633137 ], [ 104.8131666, 18.7632218 ], [ 104.8058712, 18.7633177 ], [ 104.8037406, 18.7631886 ], [ 104.8018709, 18.7631629 ], [ 104.8000069, 18.7633119 ], [ 104.796901, 18.763707 ], [ 104.7967103, 18.7637322 ], [ 104.7925891, 18.7642968 ], [ 104.7906642, 18.7646573 ], [ 104.7887837, 18.7652043 ], [ 104.7869658, 18.7659326 ], [ 104.7852329, 18.7667274 ], [ 104.783315, 18.7677362 ], [ 104.7815174, 18.7689467 ], [ 104.7798614, 18.7703445 ], [ 104.7783663, 18.7719133 ], [ 104.778008, 18.7723326 ], [ 104.7725859, 18.7779062 ], [ 104.7722077, 18.778295 ], [ 104.7708442, 18.7798503 ], [ 104.7707703, 18.7799546 ], [ 104.7637451, 18.7773647 ], [ 104.7620696, 18.7768295 ], [ 104.7603535, 18.7764435 ], [ 104.7586101, 18.7762098 ], [ 104.756853, 18.7761302 ], [ 104.7560766, 18.7761292 ], [ 104.7539106, 18.776244 ], [ 104.7517698, 18.7765927 ], [ 104.7496794, 18.7771712 ], [ 104.7476639, 18.7779727 ], [ 104.7465583, 18.7784834 ], [ 104.7440596, 18.7798618 ], [ 104.7416334, 18.7814359 ], [ 104.741366, 18.7816083 ], [ 104.7405714, 18.781509 ], [ 104.7404637, 18.7814955 ], [ 104.7386459, 18.7813514 ], [ 104.7368225, 18.7813735 ], [ 104.7350088, 18.7815616 ], [ 104.7332197, 18.7819141 ], [ 104.7314702, 18.7824281 ], [ 104.7297747, 18.7830992 ], [ 104.7286391, 18.7836098 ], [ 104.7267338, 18.7845925 ], [ 104.7249445, 18.7857735 ], [ 104.723292, 18.7871393 ], [ 104.7217951, 18.788674 ], [ 104.7204711, 18.7903602 ], [ 104.7197528, 18.7913835 ], [ 104.7187517, 18.7929617 ], [ 104.7179023, 18.7946264 ], [ 104.717212, 18.7963631 ], [ 104.7166868, 18.7981567 ], [ 104.716656, 18.7982836 ], [ 104.716453, 18.798311 ], [ 104.7146735, 18.7987193 ], [ 104.7129386, 18.7992882 ], [ 104.7123409, 18.7995149 ], [ 104.7106611, 18.8002416 ], [ 104.7090548, 18.8011188 ], [ 104.7075355, 18.8021391 ], [ 104.7049866, 18.8040256 ], [ 104.7035785, 18.8051701 ], [ 104.70228, 18.8064375 ], [ 104.7011018, 18.8078174 ], [ 104.7000534, 18.8092984 ], [ 104.6991435, 18.8108683 ], [ 104.6972915, 18.8144269 ], [ 104.6956175, 18.8165906 ], [ 104.6949505, 18.8175569 ], [ 104.6934929, 18.8171415 ], [ 104.6917985, 18.8167375 ], [ 104.6900753, 18.8164825 ], [ 104.688403, 18.816309 ], [ 104.6870537, 18.816215 ], [ 104.6853812, 18.8161552 ], [ 104.6832746, 18.8161909 ], [ 104.6811834, 18.8164481 ], [ 104.6802273, 18.8166172 ], [ 104.6785943, 18.816977 ], [ 104.6700475, 18.8192386 ], [ 104.6680294, 18.8198888 ], [ 104.6660915, 18.8207491 ], [ 104.6642555, 18.8218097 ], [ 104.6625422, 18.8230587 ], [ 104.6617045, 18.8237402 ], [ 104.6601596, 18.8251368 ], [ 104.6587683, 18.8266865 ], [ 104.6580797, 18.8275389 ], [ 104.6567347, 18.829416 ], [ 104.654937, 18.8322582 ], [ 104.6541847, 18.8335523 ], [ 104.6535314, 18.834899 ], [ 104.6520136, 18.8383509 ], [ 104.6511097, 18.8404066 ], [ 104.6507557, 18.8405475 ], [ 104.6487952, 18.8415931 ], [ 104.6481443, 18.8419882 ], [ 104.6472993, 18.8425011 ], [ 104.6456431, 18.8436236 ], [ 104.6441073, 18.8449059 ], [ 104.6427073, 18.8463352 ], [ 104.6414571, 18.8478973 ], [ 104.6406782, 18.8489771 ], [ 104.6403364, 18.8495138 ], [ 104.639591, 18.8498193 ], [ 104.6386874, 18.8499015 ], [ 104.6355658, 18.8500285 ], [ 104.6351808, 18.8500443 ], [ 104.6332146, 18.8502221 ], [ 104.6312755, 18.850593 ], [ 104.6293824, 18.8511532 ], [ 104.6285752, 18.8514361 ], [ 104.6267654, 18.8521715 ], [ 104.6250359, 18.8530799 ], [ 104.6234034, 18.8541527 ], [ 104.6218833, 18.8553797 ], [ 104.6204901, 18.8567492 ], [ 104.6192324, 18.8581125 ], [ 104.618078, 18.8594821 ], [ 104.6170508, 18.8609494 ], [ 104.6166089, 18.8617191 ], [ 104.6156933, 18.8623917 ], [ 104.6150267, 18.8628813 ], [ 104.6131024, 18.8644897 ], [ 104.611845, 18.8656823 ], [ 104.6106099, 18.8669628 ], [ 104.6094935, 18.868348 ], [ 104.6085046, 18.8698269 ], [ 104.6076511, 18.8713878 ], [ 104.6069396, 18.8730184 ], [ 104.6066992, 18.8736439 ], [ 104.6061102, 18.8754458 ], [ 104.5927894, 18.8787694 ], [ 104.5902954, 18.8795684 ], [ 104.588752, 18.8801769 ], [ 104.588141, 18.8804178 ], [ 104.5866152, 18.8810943 ], [ 104.5851511, 18.8818957 ], [ 104.5838345, 18.8826895 ], [ 104.5832735, 18.8830649 ], [ 104.5820867, 18.8828368 ], [ 104.5808919, 18.8826634 ], [ 104.5788323, 18.8824725 ], [ 104.5767639, 18.8824954 ], [ 104.5747091, 18.8827319 ], [ 104.5726896, 18.8831793 ], [ 104.5707271, 18.8838328 ], [ 104.5688426, 18.8846856 ], [ 104.5681844, 18.8850255 ], [ 104.5665361, 18.8859787 ], [ 104.5649859, 18.8870844 ], [ 104.5635479, 18.8883324 ], [ 104.562235, 18.8897116 ], [ 104.5610593, 18.8912094 ], [ 104.5600313, 18.8928121 ], [ 104.559311, 18.8940624 ], [ 104.558356, 18.8959431 ], [ 104.5576043, 18.8979138 ], [ 104.5570643, 18.8999528 ], [ 104.556742, 18.9020373 ], [ 104.5565582, 18.9038579 ], [ 104.5564572, 18.9059178 ], [ 104.5564587, 18.905946 ], [ 104.5537317, 18.9103304 ], [ 104.5534536, 18.9106465 ], [ 104.5486799, 18.9160737 ], [ 104.5474607, 18.9176047 ], [ 104.546397, 18.9192476 ], [ 104.545499, 18.9209866 ], [ 104.5447752, 18.922805 ], [ 104.5442327, 18.9246855 ], [ 104.54387, 18.9262211 ], [ 104.5435004, 18.928247 ], [ 104.5434557, 18.9288228 ], [ 104.535346, 18.93649 ], [ 104.5339847, 18.9377768 ], [ 104.5299819, 18.9415606 ], [ 104.5286839, 18.942908 ], [ 104.5275175, 18.9443708 ], [ 104.5264929, 18.9459362 ], [ 104.525619, 18.9475905 ], [ 104.5249036, 18.9493192 ], [ 104.5243528, 18.9511072 ], [ 104.5238695, 18.952984 ], [ 104.5236412, 18.9539741 ], [ 104.5230959, 18.9566473 ], [ 104.522772, 18.9588615 ], [ 104.5226974, 18.961098 ], [ 104.5227179, 18.9620037 ], [ 104.5222319, 18.961905 ], [ 104.5200774, 18.9615884 ], [ 104.5179012, 18.961508 ], [ 104.5157291, 18.9616646 ], [ 104.5137295, 18.9619188 ], [ 104.5123064, 18.9621521 ], [ 104.5108039, 18.9624544 ], [ 104.5100457, 18.9625246 ], [ 104.5077459, 18.9628733 ], [ 104.5055021, 18.9634866 ], [ 104.5043513, 18.9638744 ], [ 104.5042378, 18.9639126 ], [ 104.5025734, 18.9645565 ], [ 104.5009731, 18.9653463 ], [ 104.4994496, 18.9662755 ], [ 104.498015, 18.9673369 ], [ 104.4964212, 18.9686299 ], [ 104.4951277, 18.9697754 ], [ 104.4939378, 18.9710282 ], [ 104.4928606, 18.9723791 ], [ 104.491904, 18.9738179 ], [ 104.4908084, 18.975631 ], [ 104.4895624, 18.9780511 ], [ 104.488786, 18.9798505 ], [ 104.4882254, 18.9789687 ], [ 104.4871062, 18.9775202 ], [ 104.4858592, 18.9761801 ], [ 104.4844948, 18.9749597 ], [ 104.4830247, 18.9738691 ], [ 104.4820659, 18.9732237 ], [ 104.4803268, 18.9721772 ], [ 104.4784906, 18.9713124 ], [ 104.4765763, 18.9706381 ], [ 104.4746034, 18.9701613 ], [ 104.4725924, 18.9698869 ], [ 104.4705639, 18.9698178 ], [ 104.4685389, 18.9699546 ], [ 104.4665382, 18.9702959 ], [ 104.4633321, 18.971012 ], [ 104.4602125, 18.9693906 ], [ 104.4585899, 18.9686375 ], [ 104.4569065, 18.9680323 ], [ 104.4551758, 18.9675799 ], [ 104.4534116, 18.9672841 ], [ 104.451335, 18.9670307 ], [ 104.449502, 18.9668921 ], [ 104.447664, 18.9669224 ], [ 104.4458366, 18.9671213 ], [ 104.4445895, 18.9673154 ], [ 104.4421022, 18.9678668 ], [ 104.4407506, 18.9682582 ], [ 104.4388938, 18.9688962 ], [ 104.4371085, 18.9697132 ], [ 104.4354119, 18.9707014 ], [ 104.4345792, 18.9712428 ], [ 104.4328563, 18.9724985 ], [ 104.4312769, 18.9739304 ], [ 104.4304952, 18.974719 ], [ 104.4286246, 18.9768991 ], [ 104.4273465, 18.9786256 ], [ 104.4272056, 18.9788184 ], [ 104.4256994, 18.9809047 ], [ 104.4237388, 18.982035 ], [ 104.4220286, 18.9831407 ], [ 104.4204396, 18.9844145 ], [ 104.4189884, 18.9858434 ], [ 104.4188821, 18.9859719 ], [ 104.4175482, 18.9863664 ], [ 104.4157956, 18.9870706 ], [ 104.4143428, 18.9877356 ], [ 104.4128596, 18.9884907 ], [ 104.4104928, 18.9898224 ], [ 104.4091801, 18.990629 ], [ 104.4079335, 18.9915344 ], [ 104.4071855, 18.9921229 ], [ 104.4058076, 18.9933123 ], [ 104.4045435, 18.9946222 ], [ 104.4034038, 18.9960415 ], [ 104.4023979, 18.9975585 ], [ 104.4021269, 18.9980106 ], [ 104.4012847, 18.9995681 ], [ 104.4005836, 19.0011939 ], [ 104.4003745, 19.0017446 ], [ 104.3997318, 19.0037491 ], [ 104.3993035, 19.0058101 ], [ 104.3990941, 19.0079047 ], [ 104.399106, 19.0100097 ], [ 104.3991451, 19.0106794 ], [ 104.3992138, 19.0115375 ], [ 104.3993741, 19.0131135 ], [ 104.3995087, 19.0138936 ], [ 104.3992218, 19.01425 ], [ 104.3943908, 19.0179394 ], [ 104.3937312, 19.0184655 ], [ 104.3930244, 19.0190541 ], [ 104.3925696, 19.0194446 ], [ 104.3919044, 19.0200332 ], [ 104.3905419, 19.0213595 ], [ 104.3893115, 19.0228092 ], [ 104.3882243, 19.0243691 ], [ 104.3875573, 19.0254304 ], [ 104.38666, 19.0270138 ], [ 104.384934, 19.0304111 ], [ 104.3846788, 19.030932 ], [ 104.384284, 19.0317683 ], [ 104.3835999, 19.0334009 ], [ 104.3830629, 19.0350875 ], [ 104.3828562, 19.0358522 ], [ 104.3824503, 19.0376949 ], [ 104.3822199, 19.0395677 ], [ 104.382167, 19.0414538 ], [ 104.3821706, 19.0415076 ], [ 104.3797932, 19.0418693 ], [ 104.3797936, 19.0418717 ], [ 104.3785513, 19.0420428 ], [ 104.376458, 19.0425658 ], [ 104.3744331, 19.0433112 ], [ 104.3725004, 19.0442704 ], [ 104.372085, 19.0445053 ], [ 104.370337, 19.045617 ], [ 104.3690487, 19.0466378 ], [ 104.3656982, 19.0490158 ], [ 104.3640204, 19.0503473 ], [ 104.3624946, 19.0518505 ], [ 104.3608574, 19.0536462 ], [ 104.353278, 19.0523092 ], [ 104.351142, 19.0520499 ], [ 104.3489906, 19.0520216 ], [ 104.3468485, 19.0522246 ], [ 104.3447406, 19.0526566 ], [ 104.3426913, 19.0533124 ], [ 104.3409225, 19.0539854 ], [ 104.3360918, 19.0558235 ], [ 104.3299233, 19.0581707 ], [ 104.3274636, 19.0593027 ], [ 104.3267098, 19.0597136 ], [ 104.322138, 19.0622061 ], [ 104.3138872, 19.0664616 ], [ 104.3133385, 19.0667555 ], [ 104.3109784, 19.0680673 ], [ 104.3105347, 19.068246 ], [ 104.3093805, 19.068512 ], [ 104.3068209, 19.069102 ], [ 104.3050195, 19.069607 ], [ 104.3034953, 19.0701123 ], [ 104.3014197, 19.0709315 ], [ 104.2994484, 19.0719768 ], [ 104.2976057, 19.0732352 ], [ 104.2956746, 19.0747185 ], [ 104.2938473, 19.076307 ], [ 104.2922253, 19.0781045 ], [ 104.2918377, 19.0785902 ], [ 104.2890734, 19.082055 ], [ 104.2880439, 19.0834679 ], [ 104.2871418, 19.0849652 ], [ 104.2862395, 19.0866226 ], [ 104.2853305, 19.0885245 ], [ 104.2846268, 19.0905115 ], [ 104.2841362, 19.0925615 ], [ 104.283864, 19.0946517 ], [ 104.2838363, 19.0958033 ], [ 104.2834265, 19.0980755 ], [ 104.2822264, 19.0984938 ], [ 104.2778773, 19.1000096 ], [ 104.2755014, 19.1008378 ], [ 104.2746223, 19.1008513 ], [ 104.2744667, 19.1008351 ], [ 104.2654144, 19.0979338 ], [ 104.2643632, 19.0976283 ], [ 104.2631424, 19.0973096 ], [ 104.2589379, 19.0962116 ], [ 104.256832, 19.0957811 ], [ 104.2546921, 19.095579 ], [ 104.2525428, 19.0956078 ], [ 104.2520208, 19.0956429 ], [ 104.2444201, 19.096154 ], [ 104.2440883, 19.0960907 ], [ 104.2409252, 19.0946559 ], [ 104.2389409, 19.0938804 ], [ 104.2368854, 19.0933204 ], [ 104.234782, 19.0929822 ], [ 104.233435, 19.0928387 ], [ 104.2315283, 19.0927273 ], [ 104.2296197, 19.0927983 ], [ 104.2277266, 19.093051 ], [ 104.2258662, 19.0934831 ], [ 104.2240555, 19.0940907 ], [ 104.2213552, 19.0951428 ], [ 104.2208597, 19.0953436 ], [ 104.2162081, 19.0973007 ], [ 104.2134994, 19.0982246 ], [ 104.2108444, 19.0993497 ], [ 104.2088463, 19.1003723 ], [ 104.2068417, 19.1011512 ], [ 104.2052364, 19.1018575 ], [ 104.2036992, 19.1027017 ], [ 104.2022418, 19.1036773 ], [ 104.2008755, 19.1047768 ], [ 104.199341, 19.1061267 ], [ 104.197811, 19.1076253 ], [ 104.1964501, 19.109279 ], [ 104.1952738, 19.1110686 ], [ 104.1920896, 19.1165293 ], [ 104.1911207, 19.1184137 ], [ 104.1903566, 19.1203901 ], [ 104.1898059, 19.1224362 ], [ 104.1894747, 19.1245291 ], [ 104.1893668, 19.1266452 ], [ 104.1894835, 19.1287609 ], [ 104.1895817, 19.1296661 ], [ 104.1898869, 19.1315954 ], [ 104.1903789, 19.1334857 ], [ 104.1910529, 19.135319 ], [ 104.1919026, 19.1370779 ], [ 104.1952803, 19.1432772 ], [ 104.194856, 19.1433793 ], [ 104.1927397, 19.1441488 ], [ 104.1907233, 19.1451514 ], [ 104.1887818, 19.1462572 ], [ 104.1869466, 19.1474396 ], [ 104.1852512, 19.1488149 ], [ 104.1837158, 19.1503669 ], [ 104.1823587, 19.152077 ], [ 104.1811274, 19.1538156 ], [ 104.1800718, 19.155473 ], [ 104.179184, 19.1572261 ], [ 104.1784726, 19.1590578 ], [ 104.1774903, 19.1620087 ], [ 104.177076, 19.1634257 ], [ 104.1748071, 19.1724046 ], [ 104.1707261, 19.1782777 ], [ 104.1704819, 19.1786625 ], [ 104.1687892, 19.1786291 ], [ 104.1671991, 19.178661 ], [ 104.1659895, 19.1787334 ], [ 104.1530696, 19.1795064 ], [ 104.152206, 19.1795769 ], [ 104.1522031, 19.1795772 ], [ 104.1518615, 19.1796155 ], [ 104.1458626, 19.1803405 ], [ 104.1443029, 19.1805918 ], [ 104.1402081, 19.1814188 ], [ 104.1250427, 19.1844819 ], [ 104.1233635, 19.1848974 ], [ 104.1217265, 19.1854564 ], [ 104.1203656, 19.1859879 ], [ 104.1187198, 19.1867176 ], [ 104.1171464, 19.1875924 ], [ 104.115658, 19.1886051 ], [ 104.1142666, 19.1897475 ], [ 104.1129837, 19.1910105 ], [ 104.1118195, 19.1923837 ], [ 104.1113783, 19.1929543 ], [ 104.109996, 19.1947419 ], [ 104.1098617, 19.1949339 ], [ 104.1079921, 19.1944201 ], [ 104.1071577, 19.1942395 ], [ 104.1053569, 19.1939351 ], [ 104.1035359, 19.1937962 ], [ 104.1017097, 19.193824 ], [ 104.0998938, 19.1940182 ], [ 104.0985003, 19.194232 ], [ 104.0966797, 19.1945986 ], [ 104.0949009, 19.1951324 ], [ 104.0931794, 19.195829 ], [ 104.0915299, 19.1966822 ], [ 104.0899666, 19.1976847 ], [ 104.0885031, 19.1988279 ], [ 104.0871519, 19.200102 ], [ 104.0858936, 19.201404 ], [ 104.0857483, 19.2015544 ], [ 104.0846026, 19.2028479 ], [ 104.0835729, 19.2042354 ], [ 104.0826667, 19.2057066 ], [ 104.0818909, 19.2072506 ], [ 104.0814432, 19.2082468 ], [ 104.0804743, 19.2100351 ], [ 104.0776397, 19.215053 ], [ 104.0757667, 19.2158866 ], [ 104.0743589, 19.2165131 ], [ 104.0727885, 19.2172963 ], [ 104.0712929, 19.218214 ], [ 104.0649837, 19.2224773 ], [ 104.0632838, 19.223763 ], [ 104.0630103, 19.22402 ], [ 104.0622536, 19.2238949 ], [ 104.0601427, 19.2237723 ], [ 104.0579827, 19.2237612 ], [ 104.0558699, 19.2238622 ], [ 104.0537796, 19.2241857 ], [ 104.0527173, 19.2244676 ], [ 104.0514685, 19.2241648 ], [ 104.040527, 19.2215117 ], [ 104.0400102, 19.2213936 ], [ 104.0255548, 19.2182917 ], [ 104.0240356, 19.2180266 ], [ 104.0214504, 19.2176774 ], [ 104.0165192, 19.2164104 ], [ 104.0143102, 19.2150747 ], [ 104.0124749, 19.2140916 ], [ 104.0101511, 19.2129985 ], [ 104.0083709, 19.2122636 ], [ 104.0065284, 19.2117033 ], [ 104.0046405, 19.2113229 ], [ 104.003164, 19.2110987 ], [ 104.0013848, 19.2109094 ], [ 103.9995959, 19.21088 ], [ 103.9978114, 19.2110106 ], [ 103.9960458, 19.2113001 ], [ 103.9947937, 19.2115634 ], [ 103.9929743, 19.2120362 ], [ 103.9917785, 19.2124078 ], [ 103.9902126, 19.2129668 ], [ 103.9886985, 19.2136539 ], [ 103.9872467, 19.2144645 ], [ 103.9857712, 19.2153707 ], [ 103.9842096, 19.2164345 ], [ 103.9827553, 19.217641 ], [ 103.9814214, 19.2189793 ], [ 103.9802198, 19.2204376 ], [ 103.9791611, 19.2220027 ], [ 103.9784135, 19.2233704 ], [ 103.9744724, 19.2251852 ], [ 103.9712625, 19.2254721 ], [ 103.9691985, 19.2257657 ], [ 103.9671763, 19.2262726 ], [ 103.9652178, 19.2269872 ], [ 103.9627722, 19.228027 ], [ 103.9614557, 19.2285868 ], [ 103.9593983, 19.2296048 ], [ 103.9521498, 19.233725 ], [ 103.9502704, 19.2347932 ], [ 103.9488378, 19.2356897 ], [ 103.947486, 19.2367039 ], [ 103.9462247, 19.2378286 ], [ 103.941019, 19.242881 ], [ 103.9402371, 19.2436836 ], [ 103.9349848, 19.2493863 ], [ 103.9312899, 19.253398 ], [ 103.9275068, 19.2564125 ], [ 103.9225548, 19.2602033 ], [ 103.922062, 19.260593 ], [ 103.9190978, 19.2630135 ], [ 103.9162425, 19.2653452 ], [ 103.9132565, 19.2677835 ], [ 103.9122204, 19.2686907 ], [ 103.9093275, 19.2714054 ], [ 103.9079042, 19.2728856 ], [ 103.9066402, 19.2745039 ], [ 103.9049964, 19.2768471 ], [ 103.9001607, 19.2837403 ], [ 103.8992059, 19.2852647 ], [ 103.8981872, 19.2846282 ], [ 103.8964884, 19.2837792 ], [ 103.8948504, 19.2830556 ], [ 103.8932872, 19.2824421 ], [ 103.891678, 19.2819619 ], [ 103.8900342, 19.2816184 ], [ 103.8881447, 19.2813057 ], [ 103.8863513, 19.2810915 ], [ 103.8845458, 19.2810401 ], [ 103.8827432, 19.2811517 ], [ 103.8809579, 19.2814255 ], [ 103.8792046, 19.2818592 ], [ 103.8774976, 19.2824493 ], [ 103.8745836, 19.2836065 ], [ 103.8728064, 19.2844148 ], [ 103.8711166, 19.2853925 ], [ 103.86953, 19.2865303 ], [ 103.8681339, 19.2877543 ], [ 103.8675074, 19.2879761 ], [ 103.8656989, 19.288828 ], [ 103.8644075, 19.2895172 ], [ 103.8629733, 19.2903611 ], [ 103.8616141, 19.2913213 ], [ 103.8603396, 19.2923912 ], [ 103.8594207, 19.2932301 ], [ 103.8579778, 19.2946899 ], [ 103.8566922, 19.29629 ], [ 103.8555774, 19.2980133 ], [ 103.854645, 19.2998418 ], [ 103.853905, 19.3017563 ], [ 103.853365, 19.3037365 ], [ 103.8530309, 19.3057616 ], [ 103.8529434, 19.3065383 ], [ 103.8528464, 19.3073993 ], [ 103.8527251, 19.3092191 ], [ 103.8526608, 19.3122861 ], [ 103.8526962, 19.3139665 ], [ 103.8530014, 19.318796 ], [ 103.8530346, 19.3193229 ], [ 103.8531914, 19.3208597 ], [ 103.8534663, 19.3223799 ], [ 103.8536722, 19.3233114 ], [ 103.8541747, 19.3251599 ], [ 103.8548518, 19.3269518 ], [ 103.8556971, 19.3286706 ], [ 103.8567031, 19.3303008 ], [ 103.856871, 19.3305458 ], [ 103.8573269, 19.3312105 ], [ 103.8584509, 19.332696 ], [ 103.8597083, 19.3340705 ], [ 103.861088, 19.335322 ], [ 103.8637472, 19.3375172 ], [ 103.8684952, 19.3414364 ], [ 103.8695808, 19.3423325 ], [ 103.8717051, 19.3438637 ], [ 103.8784407, 19.3480776 ], [ 103.8799359, 19.3490131 ], [ 103.8817456, 19.350019 ], [ 103.8836497, 19.3508323 ], [ 103.8856277, 19.3514445 ], [ 103.8876583, 19.3518489 ], [ 103.8899052, 19.3521765 ], [ 103.8917485, 19.3523585 ], [ 103.8936008, 19.3523693 ], [ 103.8972099, 19.352223 ], [ 103.8990035, 19.3520692 ], [ 103.8992155, 19.3520316 ], [ 103.89989, 19.3531482 ], [ 103.9011524, 19.3548156 ], [ 103.9018856, 19.3556855 ], [ 103.9032778, 19.3571759 ], [ 103.9048144, 19.3585167 ], [ 103.9064796, 19.359694 ], [ 103.9082561, 19.3606957 ], [ 103.9097433, 19.361437 ], [ 103.9116857, 19.36228 ], [ 103.9137064, 19.3629129 ], [ 103.9157827, 19.3633286 ], [ 103.9176698, 19.3636034 ], [ 103.9208395, 19.3641835 ], [ 103.9212895, 19.364305 ], [ 103.9221823, 19.3647124 ], [ 103.9229842, 19.3651945 ], [ 103.9286664, 19.3692517 ], [ 103.9314923, 19.3717579 ], [ 103.9328436, 19.3728551 ], [ 103.9342852, 19.3738307 ], [ 103.9357505, 19.3747319 ], [ 103.9363176, 19.3750429 ], [ 103.9363428, 19.3750863 ], [ 103.9366294, 19.3755413 ], [ 103.9362475, 19.3764261 ], [ 103.9362213, 19.3764961 ], [ 103.936047, 19.3769623 ], [ 103.9354084, 19.3789932 ], [ 103.9349893, 19.3810805 ], [ 103.9347944, 19.3832005 ], [ 103.9348261, 19.3853292 ], [ 103.9350838, 19.3874424 ], [ 103.9351848, 19.388015 ], [ 103.9355863, 19.3898065 ], [ 103.9361504, 19.3915535 ], [ 103.9368724, 19.3932415 ], [ 103.9377461, 19.3948561 ], [ 103.9387641, 19.3963839 ], [ 103.939918, 19.3978118 ], [ 103.9411979, 19.3991279 ], [ 103.9419351, 19.3998194 ], [ 103.9431917, 19.4009037 ], [ 103.9516212, 19.4075877 ], [ 103.9530183, 19.4086005 ], [ 103.9544975, 19.4094891 ], [ 103.9560477, 19.4102469 ], [ 103.9562939, 19.4103419 ], [ 103.9563249, 19.4103967 ], [ 103.9574701, 19.4120217 ], [ 103.9587711, 19.413525 ], [ 103.9602148, 19.4148917 ], [ 103.9617871, 19.4161083 ], [ 103.9634725, 19.4171628 ], [ 103.9640669, 19.4174948 ], [ 103.9658421, 19.418374 ], [ 103.9676956, 19.4190732 ], [ 103.9696091, 19.4195857 ], [ 103.971564, 19.4199063 ], [ 103.9730635, 19.4200765 ], [ 103.9742002, 19.4201728 ], [ 103.9767951, 19.4203182 ], [ 103.9772391, 19.4207315 ], [ 103.9787206, 19.421872 ], [ 103.9793505, 19.4223116 ], [ 103.9811028, 19.4234045 ], [ 103.9829584, 19.4243108 ], [ 103.9848976, 19.425021 ], [ 103.9868996, 19.4255274 ], [ 103.9882496, 19.4257956 ], [ 103.9882589, 19.4257974 ], [ 103.9900284, 19.4260696 ], [ 103.9918151, 19.4261824 ], [ 103.9939561, 19.4262216 ], [ 103.9956023, 19.426184 ], [ 103.9981984, 19.4260175 ], [ 103.999446, 19.4258981 ], [ 104.0014051, 19.4256485 ], [ 104.0028657, 19.4254072 ], [ 104.0028845, 19.4254026 ], [ 104.0033408, 19.4263267 ], [ 104.0045108, 19.4281619 ], [ 104.0058733, 19.4298591 ], [ 104.0074122, 19.4313982 ], [ 104.0078182, 19.4317623 ], [ 104.0091691, 19.4328712 ], [ 104.0106117, 19.433858 ], [ 104.0121349, 19.434715 ], [ 104.0137271, 19.4354358 ], [ 104.014659, 19.4358095 ], [ 104.016373, 19.436408 ], [ 104.0181341, 19.4368486 ], [ 104.0199279, 19.4371278 ], [ 104.0217397, 19.4372431 ], [ 104.0232422, 19.4372704 ], [ 104.0239793, 19.437252 ], [ 104.0242317, 19.4373989 ], [ 104.0265001, 19.4385816 ], [ 104.0282936, 19.4394068 ], [ 104.0301597, 19.4400512 ], [ 104.0305727, 19.4401713 ], [ 104.0329361, 19.4411049 ], [ 104.0341561, 19.4416582 ], [ 104.0362702, 19.4431095 ], [ 104.0364651, 19.4432433 ], [ 104.0383762, 19.4444037 ], [ 104.040405, 19.4453436 ], [ 104.0425259, 19.4460511 ], [ 104.0430866, 19.4462039 ], [ 104.0446623, 19.4465487 ], [ 104.0446083, 19.4466756 ], [ 104.0439951, 19.448673 ], [ 104.0435936, 19.4507234 ], [ 104.0434082, 19.4528046 ], [ 104.0434409, 19.4548937 ], [ 104.0436914, 19.4569681 ], [ 104.044157, 19.4590049 ], [ 104.0443615, 19.4597243 ], [ 104.0450313, 19.4616874 ], [ 104.0459008, 19.4635704 ], [ 104.0469607, 19.4653533 ], [ 104.0481996, 19.4670169 ], [ 104.049604, 19.4685432 ], [ 104.051159, 19.4699158 ], [ 104.0528478, 19.47112 ], [ 104.0530583, 19.4712542 ], [ 104.0539311, 19.4718105 ], [ 104.055635, 19.4727824 ], [ 104.0574258, 19.4735826 ], [ 104.0585792, 19.4739675 ], [ 104.0586785, 19.4740589 ], [ 104.0594254, 19.4747126 ], [ 104.059526, 19.4747963 ], [ 104.0600464, 19.4754517 ], [ 104.0612249, 19.4768065 ], [ 104.0625202, 19.4780501 ], [ 104.063915, 19.4792739 ], [ 104.0639195, 19.4792999 ], [ 104.0641248, 19.4810982 ], [ 104.0643946, 19.4828041 ], [ 104.0648105, 19.4844803 ], [ 104.0651523, 19.4856408 ], [ 104.0659094, 19.4877623 ], [ 104.0669003, 19.4897853 ], [ 104.0676405, 19.491103 ], [ 104.068386, 19.4923255 ], [ 104.070252, 19.4951525 ], [ 104.0710057, 19.4962171 ], [ 104.0721265, 19.4976956 ], [ 104.0739059, 19.5002284 ], [ 104.0751162, 19.5017823 ], [ 104.0761865, 19.5030251 ], [ 104.0775985, 19.5045045 ], [ 104.0791542, 19.5058319 ], [ 104.0809996, 19.5072501 ], [ 104.0826414, 19.5083862 ], [ 104.0843882, 19.5093529 ], [ 104.0862227, 19.5101406 ], [ 104.0873779, 19.5105051 ], [ 104.0872936, 19.5106033 ], [ 104.0861351, 19.5120876 ], [ 104.0851214, 19.5136743 ], [ 104.0844978, 19.5147598 ], [ 104.0836211, 19.5164716 ], [ 104.0829128, 19.5182596 ], [ 104.0823795, 19.5201075 ], [ 104.0820262, 19.521998 ], [ 104.0818562, 19.5239136 ], [ 104.0818709, 19.5258368 ], [ 104.0820702, 19.5277497 ], [ 104.0824524, 19.5296345 ], [ 104.0830138, 19.531474 ], [ 104.0837493, 19.533251 ], [ 104.0846521, 19.5349492 ], [ 104.0857139, 19.5365527 ], [ 104.0865088, 19.5375337 ], [ 104.086102, 19.5382268 ], [ 104.0852583, 19.5400692 ], [ 104.0846055, 19.5419876 ], [ 104.0843701, 19.5428145 ], [ 104.0839211, 19.5447534 ], [ 104.0835655, 19.5467324 ], [ 104.0833539, 19.5482357 ], [ 104.0832569, 19.5497507 ], [ 104.0832057, 19.5517237 ], [ 104.0832094, 19.5528867 ], [ 104.0832586, 19.5544146 ], [ 104.0832537, 19.5567421 ], [ 104.0832426, 19.5578777 ], [ 104.0832419, 19.5581503 ], [ 104.0832499, 19.5602051 ], [ 104.0832956, 19.5608885 ], [ 104.082336, 19.5613067 ], [ 104.0757676, 19.5645806 ], [ 104.0741186, 19.5655023 ], [ 104.0725638, 19.5665753 ], [ 104.0711173, 19.5677903 ], [ 104.0697919, 19.5691364 ], [ 104.0685993, 19.5706015 ], [ 104.0675503, 19.5721725 ], [ 104.0663831, 19.5741133 ], [ 104.0604619, 19.5810562 ], [ 104.0589146, 19.5831281 ], [ 104.0545532, 19.5898323 ], [ 104.0535574, 19.5915425 ], [ 104.0527356, 19.5933428 ], [ 104.0525857, 19.5937815 ], [ 104.0512986, 19.5945619 ], [ 104.0497538, 19.5955999 ], [ 104.0483121, 19.596777 ], [ 104.0469862, 19.598083 ], [ 104.0457873, 19.5995067 ], [ 104.044726, 19.6010356 ], [ 104.0438114, 19.6026565 ], [ 104.0437598, 19.6027588 ], [ 104.0421143, 19.6060245 ], [ 104.041371, 19.6076831 ], [ 104.0407814, 19.6094022 ], [ 104.0403503, 19.6111678 ], [ 104.0396259, 19.6148542 ], [ 104.0393584, 19.6166373 ], [ 104.0392525, 19.6184372 ], [ 104.0393091, 19.6202393 ], [ 104.0395278, 19.622029 ], [ 104.0399068, 19.6237917 ], [ 104.0420222, 19.631845 ], [ 104.0426108, 19.6337096 ], [ 104.0433787, 19.6355079 ], [ 104.0437084, 19.6361095 ], [ 104.0435948, 19.636227 ], [ 104.0423262, 19.6376715 ], [ 104.0412021, 19.6392311 ], [ 104.040233, 19.6408915 ], [ 104.0394277, 19.6426372 ], [ 104.0387938, 19.6444521 ], [ 104.0383371, 19.6463196 ], [ 104.0380618, 19.6482223 ], [ 104.0379704, 19.6501426 ], [ 104.0380638, 19.6520628 ], [ 104.0383334, 19.6548421 ], [ 104.0386119, 19.6567501 ], [ 104.0390728, 19.6586224 ], [ 104.0397119, 19.6604416 ], [ 104.0405232, 19.6621909 ], [ 104.0414991, 19.6638539 ], [ 104.0426307, 19.6654151 ], [ 104.0465452, 19.6703017 ], [ 104.0497828, 19.6756994 ], [ 104.0499788, 19.6770199 ], [ 104.049881321376304, 19.677982086959091 ], [ 104.098421196460293, 19.686312959430445 ] ] ], [ [ [ 108.8483216, 10.6262203 ], [ 108.8486183, 10.6276652 ], [ 108.848686, 10.6279426 ], [ 108.8494476, 10.6303772 ], [ 108.8495399, 10.6306173 ], [ 108.8506829, 10.6330778 ], [ 108.8508482, 10.6333784 ], [ 108.8524111, 10.6357916 ], [ 108.8526181, 10.6360658 ], [ 108.8536929, 10.6373709 ], [ 108.854874, 10.6385805 ], [ 108.8551454, 10.6388359 ], [ 108.856351, 10.6398829 ], [ 108.8576363, 10.6408304 ], [ 108.8579691, 10.6410558 ], [ 108.8594914, 10.6419905 ], [ 108.861091, 10.6427856 ], [ 108.8614329, 10.6429369 ], [ 108.8632026, 10.6436216 ], [ 108.8650292, 10.6441355 ], [ 108.8655336, 10.6442519 ], [ 108.8672685, 10.6445724 ], [ 108.8690248, 10.6447388 ], [ 108.8693703, 10.6447562 ], [ 108.8722191, 10.6446964 ], [ 108.8724763, 10.6446726 ], [ 108.8748016, 10.6443186 ], [ 108.8750569, 10.6442642 ], [ 108.8770953, 10.6437159 ], [ 108.8773419, 10.6436354 ], [ 108.8796801, 10.6427056 ], [ 108.8799404, 10.6425826 ], [ 108.8824179, 10.6411884 ], [ 108.8827295, 10.6409826 ], [ 108.8839596, 10.6401016 ], [ 108.8851196, 10.6391301 ], [ 108.8853749, 10.6388993 ], [ 108.8864623, 10.6378385 ], [ 108.887466, 10.6366982 ], [ 108.8876651, 10.6364539 ], [ 108.8892286, 10.6342458 ], [ 108.8893927, 10.6339772 ], [ 108.8905789, 10.6317249 ], [ 108.8906841, 10.63149 ], [ 108.8916243, 10.6289384 ], [ 108.8917126, 10.628637 ], [ 108.892323, 10.6258092 ], [ 108.8923748, 10.6254422 ], [ 108.8925307, 10.6239177 ], [ 108.8925694, 10.6223857 ], [ 108.8925653, 10.6220719 ], [ 108.8923176, 10.6191848 ], [ 108.8922682, 10.6188749 ], [ 108.8916579, 10.6162226 ], [ 108.8915668, 10.615922 ], [ 108.8906018, 10.6133766 ], [ 108.8904825, 10.6131168 ], [ 108.8890981, 10.6105971 ], [ 108.8889116, 10.6103089 ], [ 108.8880349, 10.6090611 ], [ 108.8870656, 10.6078838 ], [ 108.8868181, 10.6076055 ], [ 108.8847739, 10.6056134 ], [ 108.8845545, 10.6054282 ], [ 108.8825185, 10.6039196 ], [ 108.8823012, 10.603779 ], [ 108.8802667, 10.6026255 ], [ 108.8800084, 10.6024984 ], [ 108.8778487, 10.6015887 ], [ 108.8776042, 10.6015022 ], [ 108.8750342, 10.6007819 ], [ 108.8747239, 10.6007169 ], [ 108.8720804, 10.6003451 ], [ 108.8717354, 10.6003199 ], [ 108.8690611, 10.6003039 ], [ 108.868802, 10.6003197 ], [ 108.8663226, 10.6006272 ], [ 108.8660392, 10.6006805 ], [ 108.8634565, 10.6013472 ], [ 108.8631284, 10.6014557 ], [ 108.8615629, 10.6020472 ], [ 108.8600523, 10.6027674 ], [ 108.8596967, 10.6029556 ], [ 108.8581737, 10.6038499 ], [ 108.8567354, 10.6048751 ], [ 108.8563965, 10.60514 ], [ 108.8551177, 10.6062292 ], [ 108.8539348, 10.6074218 ], [ 108.8537031, 10.6076759 ], [ 108.8526162, 10.6089742 ], [ 108.851643, 10.6103598 ], [ 108.8514424, 10.6106728 ], [ 108.8500647, 10.6132083 ], [ 108.8499232, 10.6135205 ], [ 108.8493169, 10.615016 ], [ 108.8488331, 10.6165554 ], [ 108.8487511, 10.6168586 ], [ 108.8483721, 10.6185466 ], [ 108.8481404, 10.620261 ], [ 108.848097, 10.6207362 ], [ 108.8480141, 10.6225628 ], [ 108.8480984, 10.6243893 ], [ 108.8481323, 10.6247574 ], [ 108.8483216, 10.6262203 ] ] ], [ [ [ 104.5586428, 10.0582785 ], [ 104.560676, 10.0574355 ], [ 104.5626042, 10.0563743 ], [ 104.5637238, 10.0556752 ], [ 104.5651719, 10.05468 ], [ 104.566527, 10.0535615 ], [ 104.5677788, 10.0523284 ], [ 104.5689174, 10.0509903 ], [ 104.570097, 10.0494738 ], [ 104.5715469, 10.0473386 ], [ 104.573283, 10.0443888 ], [ 104.5750699, 10.0415512 ], [ 104.5753225, 10.0411392 ], [ 104.5766797, 10.0388639 ], [ 104.5775869, 10.0371613 ], [ 104.5783259, 10.0353792 ], [ 104.5788897, 10.0335342 ], [ 104.5791857, 10.0323669 ], [ 104.5796112, 10.0301877 ], [ 104.5797924, 10.0279748 ], [ 104.5797273, 10.0257554 ], [ 104.5795534, 10.0237116 ], [ 104.579353, 10.0221174 ], [ 104.5790252, 10.0205444 ], [ 104.5779711, 10.0163391 ], [ 104.5775174, 10.0147952 ], [ 104.576941, 10.0132928 ], [ 104.5758846, 10.0108392 ], [ 104.5750724, 10.0091705 ], [ 104.574109, 10.0075842 ], [ 104.5730027, 10.0060941 ], [ 104.5722386, 10.0051589 ], [ 104.5709036, 10.0036816 ], [ 104.5694283, 10.0023444 ], [ 104.5678274, 10.0011605 ], [ 104.5661167, 10.0001417 ], [ 104.5643132, 9.999298 ], [ 104.5620184, 9.9983607 ], [ 104.5599635, 9.9976491 ], [ 104.5578436, 9.9971648 ], [ 104.5540766, 9.9965174 ], [ 104.5525115, 9.9963116 ], [ 104.5512165, 9.9961931 ], [ 104.5491258, 9.9961117 ], [ 104.5470379, 9.9962492 ], [ 104.5449759, 9.996604 ], [ 104.5429622, 9.9971723 ], [ 104.541019, 9.9979479 ], [ 104.5401353, 9.9983554 ], [ 104.5383219, 9.999307 ], [ 104.5366154, 10.0004391 ], [ 104.5350336, 10.0017398 ], [ 104.5335931, 10.0031953 ], [ 104.532309, 10.0047906 ], [ 104.5311948, 10.0065088 ], [ 104.5300145, 10.0085508 ], [ 104.5297531, 10.0090173 ], [ 104.5245587, 10.0185856 ], [ 104.5242895, 10.019099 ], [ 104.5233449, 10.0209661 ], [ 104.5225807, 10.0226697 ], [ 104.5219787, 10.0244372 ], [ 104.5215441, 10.0262531 ], [ 104.5212808, 10.0281016 ], [ 104.521191, 10.0299666 ], [ 104.5211896, 10.0309592 ], [ 104.5212687, 10.0327646 ], [ 104.5215104, 10.0345555 ], [ 104.5219128, 10.0363172 ], [ 104.5224726, 10.0380354 ], [ 104.5231765, 10.0399047 ], [ 104.5239444, 10.0416789 ], [ 104.52488, 10.0433706 ], [ 104.5259746, 10.044964 ], [ 104.529442, 10.049523 ], [ 104.530761, 10.0510847 ], [ 104.5322325, 10.0525036 ], [ 104.5341143, 10.054141 ], [ 104.5356302, 10.0553366 ], [ 104.5372544, 10.0563803 ], [ 104.5389716, 10.0572627 ], [ 104.5407659, 10.0579753 ], [ 104.5426205, 10.0585117 ], [ 104.5450925, 10.0590989 ], [ 104.547374, 10.0595029 ], [ 104.5496869, 10.0596403 ], [ 104.5509822, 10.0596421 ], [ 104.55327, 10.059514 ], [ 104.5555281, 10.0591251 ], [ 104.5565294, 10.0588929 ], [ 104.5586428, 10.0582785 ] ] ], [ [ [ 104.4716975, 9.9760973 ], [ 104.4716263, 9.9776261 ], [ 104.4716237, 9.9779395 ], [ 104.4718094, 9.9808293 ], [ 104.4718521, 9.9811399 ], [ 104.4724033, 9.9837975 ], [ 104.4724877, 9.9840996 ], [ 104.473393, 9.9866565 ], [ 104.4735063, 9.9869185 ], [ 104.4748379, 9.9894744 ], [ 104.4750177, 9.9897661 ], [ 104.475865, 9.9910305 ], [ 104.4768061, 9.9922268 ], [ 104.4770468, 9.9925099 ], [ 104.4790526, 9.9945527 ], [ 104.4792674, 9.9947422 ], [ 104.481262, 9.9962894 ], [ 104.4814755, 9.9964344 ], [ 104.483493, 9.9976378 ], [ 104.4837477, 9.9977701 ], [ 104.4858911, 9.9987282 ], [ 104.486133, 9.9988197 ], [ 104.488819, 9.9996255 ], [ 104.4891986, 9.9997109 ], [ 104.490784, 10.000001 ], [ 104.4923877, 10.0001625 ], [ 104.4927169, 10.0001823 ], [ 104.4943167, 10.0002144 ], [ 104.4959141, 10.0001185 ], [ 104.4962849, 10.0000813 ], [ 104.4979851, 9.9998366 ], [ 104.4996581, 9.9994469 ], [ 104.5001012, 9.9993234 ], [ 104.5019506, 9.9987094 ], [ 104.5037315, 9.9979182 ], [ 104.5040899, 9.9977376 ], [ 104.5056303, 9.9968742 ], [ 104.5070884, 9.9958782 ], [ 104.5074318, 9.9956207 ], [ 104.5087332, 9.9945566 ], [ 104.5099406, 9.9933869 ], [ 104.5101769, 9.9931379 ], [ 104.511287, 9.9918645 ], [ 104.5122857, 9.9905019 ], [ 104.5124923, 9.9901935 ], [ 104.5139197, 9.9876897 ], [ 104.5140674, 9.9873808 ], [ 104.5147037, 9.9858993 ], [ 104.5152186, 9.9843714 ], [ 104.5153067, 9.9840704 ], [ 104.5157197, 9.9823942 ], [ 104.5159866, 9.9806886 ], [ 104.5160399, 9.9802149 ], [ 104.5161609, 9.9783972 ], [ 104.5161161, 9.976576 ], [ 104.5160902, 9.9762076 ], [ 104.5159325, 9.9747407 ], [ 104.5156671, 9.9732894 ], [ 104.5156055, 9.973011 ], [ 104.5148983, 9.9705651 ], [ 104.5148114, 9.9703234 ], [ 104.5137238, 9.9678412 ], [ 104.5135654, 9.9675375 ], [ 104.5120558, 9.96509 ], [ 104.5118553, 9.9648119 ], [ 104.510812, 9.9634865 ], [ 104.5096607, 9.9622537 ], [ 104.5093957, 9.9619929 ], [ 104.5082101, 9.960916 ], [ 104.5069422, 9.9599375 ], [ 104.5066153, 9.9597055 ], [ 104.5051122, 9.9587368 ], [ 104.5035286, 9.9579063 ], [ 104.5031911, 9.9577481 ], [ 104.5017261, 9.9571311 ], [ 104.5002167, 9.9566325 ], [ 104.4998304, 9.9565217 ], [ 104.4981179, 9.9561111 ], [ 104.4963759, 9.9558528 ], [ 104.496033, 9.9558173 ], [ 104.4932023, 9.9557259 ], [ 104.4928291, 9.9557403 ], [ 104.4913537, 9.955852 ], [ 104.4898906, 9.9560724 ], [ 104.4896363, 9.9561204 ], [ 104.4875245, 9.9566394 ], [ 104.487277, 9.9567147 ], [ 104.4849259, 9.9575947 ], [ 104.4846639, 9.957712 ], [ 104.4821483, 9.9590615 ], [ 104.4818334, 9.9592606 ], [ 104.4805876, 9.9601157 ], [ 104.47941, 9.9610625 ], [ 104.4791506, 9.9612877 ], [ 104.4780409, 9.9623277 ], [ 104.4770134, 9.963449 ], [ 104.4768098, 9.9636889 ], [ 104.4752052, 9.9658614 ], [ 104.475036, 9.9661262 ], [ 104.4738074, 9.9683483 ], [ 104.4736976, 9.9685806 ], [ 104.4727063, 9.9711096 ], [ 104.4726119, 9.9714088 ], [ 104.471945, 9.974213 ], [ 104.4718855, 9.9745785 ], [ 104.4716975, 9.9760973 ] ] ] ] } }
]
}
