{
"type": "FeatureCollection",
"name": "2026-09-09",
"crs": { "type": "name", "properties": { "name": "urn:ogc:def:crs:OGC:1.3:CRS84" } },
"features": [
{ "type": "Feature", "properties": { }, "geometry": { "type": "MultiPolygon", "coordinates": [ [ [ [ 104.236402363565759, 19.154432843859478 ], [ 104.263830631132606, 19.229568184396967 ], [ 104.265956299682031, 19.284110067827442 ], [ 104.272840158855388, 19.290879372417944 ], [ 104.274724227343825, 19.315207513067147 ], [ 104.288080518466501, 19.330321519848187 ], [ 104.316153300888288, 19.539306383302755 ], [ 104.337305317788861, 19.598011355412311 ], [ 104.336406913912796, 19.629687053229329 ], [ 104.347665047909572, 19.637342865806108 ], [ 104.347359594744816, 19.683478226328877 ], [ 104.35947153195157, 19.715671742220447 ], [ 104.3604964, 19.7160723 ], [ 104.3626849, 19.7166528 ], [ 104.364925, 19.7169823 ], [ 104.3658734, 19.7170673 ], [ 104.3673459, 19.7171447 ], [ 104.3688202, 19.7171133 ], [ 104.3725264, 19.7168977 ], [ 104.3757743, 19.7167081 ], [ 104.376935, 19.7172906 ], [ 104.3788677, 19.7181534 ], [ 104.3807146, 19.7188704 ], [ 104.3826233, 19.7194012 ], [ 104.3846124, 19.7198495 ], [ 104.3869586, 19.7202334 ], [ 104.3893338, 19.7203363 ], [ 104.3894062, 19.7203351 ], [ 104.3896355, 19.7205368 ], [ 104.3914158, 19.7217878 ], [ 104.3933216, 19.722838 ], [ 104.3952049, 19.723746 ], [ 104.3966136, 19.7243597 ], [ 104.3980654, 19.7248634 ], [ 104.4011902, 19.7258148 ], [ 104.4038763, 19.7264341 ], [ 104.4097053, 19.7273605 ], [ 104.4116791, 19.7275744 ], [ 104.4136643, 19.7275916 ], [ 104.4152731, 19.7275256 ], [ 104.417156, 19.7273589 ], [ 104.4190148, 19.7270153 ], [ 104.4208328, 19.7264976 ], [ 104.4225939, 19.7258107 ], [ 104.4242822, 19.7249606 ], [ 104.4258828, 19.7239548 ], [ 104.426919, 19.7232332 ], [ 104.428445, 19.7220574 ], [ 104.4298509, 19.7207402 ], [ 104.4325816, 19.7179228 ], [ 104.4327425, 19.7177549 ], [ 104.4339074, 19.7165247 ], [ 104.4359709, 19.7143456 ], [ 104.4372741, 19.7128233 ], [ 104.4384185, 19.7111782 ], [ 104.4393926, 19.7094269 ], [ 104.4401864, 19.7075868 ], [ 104.4407922, 19.7056766 ], [ 104.4409492, 19.7050791 ], [ 104.4413508, 19.7031801 ], [ 104.4415664, 19.7012512 ], [ 104.441594, 19.6993104 ], [ 104.4414334, 19.6973761 ], [ 104.4413692, 19.6968903 ], [ 104.4409726, 19.6947739 ], [ 104.4409295, 19.6946309 ], [ 104.440969, 19.6944931 ], [ 104.4411844, 19.6935224 ], [ 104.4433644, 19.6934703 ], [ 104.4461187, 19.6932131 ], [ 104.4471446, 19.6930451 ], [ 104.4490191, 19.6926451 ], [ 104.4508466, 19.6920675 ], [ 104.4526105, 19.6913176 ], [ 104.4542944, 19.6904023 ], [ 104.4558831, 19.68933 ], [ 104.4568065, 19.6886401 ], [ 104.4583007, 19.6875239 ], [ 104.4596727, 19.686401 ], [ 104.4609399, 19.685161 ], [ 104.4620922, 19.6838137 ], [ 104.4625908, 19.6831755 ], [ 104.4637112, 19.6815881 ], [ 104.4646723, 19.6798994 ], [ 104.465465, 19.6781254 ], [ 104.4660819, 19.676283 ], [ 104.466517, 19.6743893 ], [ 104.4665661, 19.6740099 ], [ 104.4667896, 19.6741348 ], [ 104.46862, 19.6749294 ], [ 104.4705204, 19.6755377 ], [ 104.472472, 19.6759537 ], [ 104.4744554, 19.676173 ], [ 104.4764507, 19.6761936 ], [ 104.476865, 19.6761772 ], [ 104.4789227, 19.675989 ], [ 104.48095, 19.6755894 ], [ 104.4829252, 19.6749828 ], [ 104.4837159, 19.6746944 ], [ 104.4841694, 19.6746618 ], [ 104.4863716, 19.6745767 ], [ 104.4869969, 19.6745427 ], [ 104.4902153, 19.6743173 ], [ 104.492044, 19.6741043 ], [ 104.4938454, 19.673724 ], [ 104.4956041, 19.6731797 ], [ 104.4965844, 19.6728261 ], [ 104.4984693, 19.6720352 ], [ 104.5002636, 19.671056 ], [ 104.5015868, 19.6702435 ], [ 104.5017704, 19.6701307 ], [ 104.5033463, 19.6690556 ], [ 104.5048126, 19.6678353 ], [ 104.5057038, 19.6670186 ], [ 104.5071787, 19.6655167 ], [ 104.5084876, 19.6638682 ], [ 104.5090183, 19.6631223 ], [ 104.5091425, 19.6629476 ], [ 104.5101984, 19.6612962 ], [ 104.5110875, 19.6595495 ], [ 104.5118015, 19.6577241 ], [ 104.5123333, 19.6558376 ], [ 104.5126502, 19.6544578 ], [ 104.5129839, 19.6526116 ], [ 104.5131432, 19.6507423 ], [ 104.5131445, 19.650708 ], [ 104.513182, 19.6506823 ], [ 104.5146929, 19.6495362 ], [ 104.5160884, 19.6482522 ], [ 104.517356, 19.6468417 ], [ 104.5191233, 19.6446771 ], [ 104.5206526, 19.6425294 ], [ 104.5215551, 19.6410665 ], [ 104.5222782, 19.6397603 ], [ 104.5238708, 19.6390203 ], [ 104.5253558, 19.6382532 ], [ 104.527666, 19.6369348 ], [ 104.5305659, 19.6353024 ], [ 104.5308544, 19.6351322 ], [ 104.5310915, 19.6353413 ], [ 104.5328091, 19.6365607 ], [ 104.5346455, 19.6375927 ], [ 104.5365801, 19.6384258 ], [ 104.5385917, 19.6390508 ], [ 104.5395613, 19.6392969 ], [ 104.5416448, 19.6397094 ], [ 104.5437604, 19.6398986 ], [ 104.5458841, 19.6398624 ], [ 104.5464204, 19.6398247 ], [ 104.548251, 19.6396109 ], [ 104.5500541, 19.6392294 ], [ 104.5518145, 19.6386837 ], [ 104.5535171, 19.6379781 ], [ 104.5551476, 19.6371189 ], [ 104.5558364, 19.6367143 ], [ 104.5571764, 19.6358229 ], [ 104.5576551, 19.6363904 ], [ 104.5593044, 19.6381474 ], [ 104.5608273, 19.6396071 ], [ 104.5624954, 19.6408983 ], [ 104.5657672, 19.6431654 ], [ 104.567339, 19.6441499 ], [ 104.5689953, 19.6449846 ], [ 104.576485, 19.6483331 ], [ 104.5781246, 19.648981 ], [ 104.5821181, 19.6503589 ], [ 104.5837233, 19.6508386 ], [ 104.585363, 19.6511822 ], [ 104.5870257, 19.6513873 ], [ 104.58889, 19.6515384 ], [ 104.5974999, 19.6530757 ], [ 104.5998402, 19.6534936 ], [ 104.6003648, 19.6535801 ], [ 104.6039176, 19.6541175 ], [ 104.6056983, 19.654453 ], [ 104.6074349, 19.6547019 ], [ 104.6091866, 19.6547976 ], [ 104.6109399, 19.6547395 ], [ 104.6126814, 19.654528 ], [ 104.6139512, 19.6543169 ], [ 104.6160116, 19.6538616 ], [ 104.6180125, 19.6531917 ], [ 104.6199317, 19.6523147 ], [ 104.6217478, 19.6512404 ], [ 104.6234406, 19.6499807 ], [ 104.6242423, 19.6493157 ], [ 104.6251608, 19.6492602 ], [ 104.6249251, 19.6502612 ], [ 104.6246747, 19.6519895 ], [ 104.624576, 19.6537331 ], [ 104.6246297, 19.6554787 ], [ 104.6247883, 19.6576047 ], [ 104.6250485, 19.659656 ], [ 104.6255191, 19.6616694 ], [ 104.6261951, 19.6636235 ], [ 104.6270693, 19.6654974 ], [ 104.6278479, 19.6669635 ], [ 104.6288053, 19.6685785 ], [ 104.62991, 19.6700966 ], [ 104.6311522, 19.6715044 ], [ 104.6325209, 19.6727896 ], [ 104.634004, 19.6739407 ], [ 104.6362177, 19.675498 ], [ 104.6379818, 19.6766063 ], [ 104.6392221, 19.6772158 ], [ 104.6394801, 19.6782228 ], [ 104.6401014, 19.6799618 ], [ 104.6405691, 19.681102 ], [ 104.6406128, 19.6812086 ], [ 104.6415021, 19.6830925 ], [ 104.6425825, 19.6848736 ], [ 104.6438423, 19.6865328 ], [ 104.6449882, 19.687889 ], [ 104.645623, 19.6885757 ], [ 104.6455023, 19.6887998 ], [ 104.6442737, 19.6909954 ], [ 104.6434691, 19.6925977 ], [ 104.6428113, 19.6942657 ], [ 104.6423056, 19.6959859 ], [ 104.6419559, 19.6977445 ], [ 104.6416818, 19.6995406 ], [ 104.6414778, 19.7015609 ], [ 104.6414796, 19.7035914 ], [ 104.6416874, 19.7056113 ], [ 104.6420989, 19.7075998 ], [ 104.6427099, 19.7095362 ], [ 104.643514, 19.7114007 ], [ 104.6445032, 19.7131741 ], [ 104.6448827, 19.71378 ], [ 104.6461171, 19.7155342 ], [ 104.6475324, 19.7171462 ], [ 104.6491121, 19.7185973 ], [ 104.6508382, 19.7198708 ], [ 104.6526907, 19.7209522 ], [ 104.6538014, 19.721523 ], [ 104.656288, 19.7225948 ], [ 104.6586124, 19.723415 ], [ 104.6589064, 19.7235078 ], [ 104.6591257, 19.7236785 ], [ 104.6608132, 19.7251699 ], [ 104.6616336, 19.725895 ], [ 104.6619818, 19.7261958 ], [ 104.6634965, 19.7274736 ], [ 104.6635826, 19.7275463 ], [ 104.663853, 19.7278576 ], [ 104.6639058, 19.7280105 ], [ 104.6645658, 19.7296765 ], [ 104.6653722, 19.7312768 ], [ 104.6663187, 19.7327984 ], [ 104.6673976, 19.7342292 ], [ 104.6682093, 19.7352109 ], [ 104.6695928, 19.7367198 ], [ 104.6711233, 19.7380793 ], [ 104.6727848, 19.7392753 ], [ 104.6745598, 19.7402951 ], [ 104.6760572, 19.7410563 ], [ 104.6778045, 19.7418416 ], [ 104.6795779, 19.7425386 ], [ 104.679667, 19.7425736 ], [ 104.6797374, 19.7427625 ], [ 104.680596, 19.7447346 ], [ 104.6816095, 19.7467578 ], [ 104.6825094, 19.7483649 ], [ 104.6835534, 19.7498824 ], [ 104.6847325, 19.7512974 ], [ 104.6860368, 19.752598 ], [ 104.6874553, 19.753773 ], [ 104.6941433, 19.7588126 ], [ 104.6954442, 19.7597145 ], [ 104.6989389, 19.7619377 ], [ 104.7009477, 19.7632155 ], [ 104.7012898, 19.7635103 ], [ 104.7061192, 19.7683588 ], [ 104.7072865, 19.769441 ], [ 104.7088238, 19.7707564 ], [ 104.7105194, 19.772057 ], [ 104.7123441, 19.7731693 ], [ 104.7142771, 19.7740805 ], [ 104.7159227, 19.7747513 ], [ 104.7173447, 19.7752691 ], [ 104.7188018, 19.7756779 ], [ 104.720646, 19.7761208 ], [ 104.7224774, 19.7764713 ], [ 104.7243335, 19.7766496 ], [ 104.7258622, 19.7767249 ], [ 104.7263507, 19.776749 ], [ 104.7284215, 19.7767439 ], [ 104.7304806, 19.7765247 ], [ 104.7323372, 19.7762292 ], [ 104.7339866, 19.775895 ], [ 104.7356021, 19.7754232 ], [ 104.7363861, 19.775158 ], [ 104.738069, 19.7745027 ], [ 104.7396859, 19.7736982 ], [ 104.7412237, 19.7727512 ], [ 104.7415058, 19.7725594 ], [ 104.7413878, 19.7738502 ], [ 104.7413992, 19.7757899 ], [ 104.7415984, 19.7777194 ], [ 104.7419836, 19.7796205 ], [ 104.7425511, 19.7814753 ], [ 104.7430888, 19.7829694 ], [ 104.7438234, 19.7847395 ], [ 104.7447241, 19.7864311 ], [ 104.7457825, 19.7880287 ], [ 104.7469889, 19.7895178 ], [ 104.7483324, 19.7908845 ], [ 104.7498005, 19.7921163 ], [ 104.7501596, 19.7923894 ], [ 104.7519088, 19.7935792 ], [ 104.7537739, 19.7945775 ], [ 104.755734, 19.7953732 ], [ 104.7577672, 19.7959575 ], [ 104.7588353, 19.7962041 ], [ 104.7608078, 19.7965564 ], [ 104.7628056, 19.7967097 ], [ 104.7648087, 19.7966623 ], [ 104.7655702, 19.796606 ], [ 104.7674206, 19.7984404 ], [ 104.7680054, 19.7990201 ], [ 104.7695964, 19.8004374 ], [ 104.7713291, 19.8016773 ], [ 104.7731839, 19.802726 ], [ 104.7751397, 19.8035713 ], [ 104.7799821, 19.8053646 ], [ 104.7825364, 19.8064408 ], [ 104.7862939, 19.8081852 ], [ 104.7869914, 19.8085089 ], [ 104.7872408, 19.8086247 ], [ 104.7883005, 19.80908 ], [ 104.7899953, 19.809751 ], [ 104.7919518, 19.810411 ], [ 104.793966, 19.8108657 ], [ 104.7960163, 19.8111104 ], [ 104.7968926, 19.8111693 ], [ 104.7988695, 19.8112042 ], [ 104.8008401, 19.8110438 ], [ 104.8027853, 19.8106895 ], [ 104.8046859, 19.810145 ], [ 104.8065236, 19.8094154 ], [ 104.8073092, 19.8090576 ], [ 104.8087914, 19.8083067 ], [ 104.8095357, 19.8078483 ], [ 104.810491, 19.8079102 ], [ 104.8123883, 19.8078529 ], [ 104.8142717, 19.807616 ], [ 104.8154317, 19.8074138 ], [ 104.8150125, 19.8085891 ], [ 104.8145519, 19.810399 ], [ 104.8142874, 19.8116875 ], [ 104.8139982, 19.8135278 ], [ 104.8138815, 19.8153869 ], [ 104.8138525, 19.8171865 ], [ 104.8139293, 19.8192891 ], [ 104.8140945, 19.8211376 ], [ 104.814412, 19.8233221 ], [ 104.8154278, 19.8283445 ], [ 104.8159241, 19.83029 ], [ 104.8165264, 19.8322371 ], [ 104.8174802, 19.8347213 ], [ 104.8195246, 19.8391422 ], [ 104.8186571, 19.8402006 ], [ 104.817605, 19.8417641 ], [ 104.8167047, 19.8434197 ], [ 104.8161499, 19.8445655 ], [ 104.8153105, 19.8465699 ], [ 104.8146936, 19.8486534 ], [ 104.8143063, 19.8507916 ], [ 104.8141533, 19.8529592 ], [ 104.8141347, 19.8541128 ], [ 104.8141899, 19.8559551 ], [ 104.8144145, 19.8577846 ], [ 104.8146817, 19.8593576 ], [ 104.8151042, 19.8612712 ], [ 104.8157119, 19.8631343 ], [ 104.816499, 19.8649289 ], [ 104.8177268, 19.8673926 ], [ 104.8188326, 19.8693322 ], [ 104.8190524, 19.8696721 ], [ 104.8197366, 19.8707301 ], [ 104.8207774, 19.8721914 ], [ 104.821945, 19.8735535 ], [ 104.8232299, 19.8748055 ], [ 104.8236385, 19.8751377 ], [ 104.8232551, 19.8757878 ], [ 104.8225511, 19.877116 ], [ 104.821577, 19.8792468 ], [ 104.8208588, 19.8814769 ], [ 104.820526, 19.8827642 ], [ 104.8204431, 19.8830851 ], [ 104.8200938, 19.8847127 ], [ 104.8198811, 19.8863637 ], [ 104.8198064, 19.8880266 ], [ 104.819805, 19.8884559 ], [ 104.8198016, 19.8894531 ], [ 104.8198, 19.8899409 ], [ 104.8198564, 19.8915088 ], [ 104.8200355, 19.8930674 ], [ 104.8203005, 19.8947787 ], [ 104.8204814, 19.8957784 ], [ 104.8207981, 19.8973059 ], [ 104.821257, 19.899098 ], [ 104.8218796, 19.9008401 ], [ 104.8226605, 19.9025172 ], [ 104.823512, 19.9041447 ], [ 104.8241463, 19.9052674 ], [ 104.8243967, 19.905679 ], [ 104.824657, 19.9063945 ], [ 104.8240114, 19.9074012 ], [ 104.8231897, 19.9089736 ], [ 104.8225106, 19.9106126 ], [ 104.8219795, 19.9123054 ], [ 104.8217762, 19.9130706 ], [ 104.8213988, 19.914794 ], [ 104.8211748, 19.9165439 ], [ 104.8211059, 19.9183068 ], [ 104.8211085, 19.9188228 ], [ 104.8211103, 19.919182 ], [ 104.8211108, 19.9192838 ], [ 104.8212262, 19.9213163 ], [ 104.8215475, 19.9233266 ], [ 104.8217778, 19.9241914 ], [ 104.8219377, 19.9254609 ], [ 104.8219669, 19.9256831 ], [ 104.8222812, 19.9279718 ], [ 104.8223159, 19.9282245 ], [ 104.8227086, 19.9302807 ], [ 104.8233142, 19.9322847 ], [ 104.8241258, 19.9342143 ], [ 104.8245978, 19.9351901 ], [ 104.8254456, 19.9367599 ], [ 104.8264298, 19.938248 ], [ 104.8275428, 19.9396424 ], [ 104.8289315, 19.9412314 ], [ 104.8297219, 19.9420844 ], [ 104.8330089, 19.9454312 ], [ 104.8344641, 19.9467731 ], [ 104.8381216, 19.9498251 ], [ 104.8384685, 19.9501081 ], [ 104.8414009, 19.9524457 ], [ 104.8435834, 19.9544195 ], [ 104.8441811, 19.9549389 ], [ 104.8446534, 19.9553332 ], [ 104.8458894, 19.9570152 ], [ 104.847231, 19.9586518 ], [ 104.848738, 19.9601375 ], [ 104.849796, 19.9610755 ], [ 104.851602, 19.9624999 ], [ 104.8535595, 19.9637075 ], [ 104.855929, 19.9649873 ], [ 104.8575169, 19.9657565 ], [ 104.8606171, 19.9670928 ], [ 104.8617607, 19.9675445 ], [ 104.8677015, 19.9696827 ], [ 104.8681856, 19.96985 ], [ 104.8710967, 19.9708143 ], [ 104.8718904, 19.9710591 ], [ 104.8746095, 19.9718361 ], [ 104.8759831, 19.9721765 ], [ 104.8782345, 19.9726506 ], [ 104.8798191, 19.9735451 ], [ 104.88073, 19.9740839 ], [ 104.8811422, 19.9743278 ], [ 104.881907, 19.9754887 ], [ 104.8830191, 19.977009 ], [ 104.8830967, 19.9771153 ], [ 104.8849206, 19.9792724 ], [ 104.8866852, 19.9810829 ], [ 104.8873365, 19.9819694 ], [ 104.8886464, 19.9838175 ], [ 104.8886259, 19.9854803 ], [ 104.8887436, 19.9871395 ], [ 104.8889576, 19.9890344 ], [ 104.8891849, 19.9905341 ], [ 104.8895905, 19.9926624 ], [ 104.8899892, 19.9943521 ], [ 104.890533, 19.9960008 ], [ 104.8910625, 19.9972347 ], [ 104.8906491, 19.99904 ], [ 104.8904008, 20.0009797 ], [ 104.8903432, 20.0029344 ], [ 104.8904767, 20.0048854 ], [ 104.8908001, 20.0068141 ], [ 104.8908911, 20.0072307 ], [ 104.8917048, 20.0099878 ], [ 104.8933561, 20.0143893 ], [ 104.8942659, 20.0164524 ], [ 104.8986667, 20.0250793 ], [ 104.8987388, 20.0252353 ], [ 104.8997452, 20.0271382 ], [ 104.9009502, 20.0289219 ], [ 104.90234, 20.0305657 ], [ 104.9038984, 20.0320507 ], [ 104.9065703, 20.0343353 ], [ 104.9067706, 20.0348891 ], [ 104.9075481, 20.0365468 ], [ 104.9084741, 20.0381265 ], [ 104.9095406, 20.0396148 ], [ 104.9122438, 20.043044 ], [ 104.9122842, 20.0430951 ], [ 104.9152344, 20.0468127 ], [ 104.9160243, 20.0478624 ], [ 104.9183785, 20.0509909 ], [ 104.9202178, 20.0531081 ], [ 104.9220195, 20.0549096 ], [ 104.9231869, 20.0559876 ], [ 104.9243426, 20.0569727 ], [ 104.9255989, 20.0579597 ], [ 104.9269299, 20.0588432 ], [ 104.9374197, 20.065218 ], [ 104.9389631, 20.0660653 ], [ 104.940575, 20.0667735 ], [ 104.9422429, 20.0673372 ], [ 104.9438006, 20.0677149 ], [ 104.9443585, 20.0686439 ], [ 104.9449785, 20.0695752 ], [ 104.9460774, 20.0710704 ], [ 104.94731, 20.0724573 ], [ 104.9486659, 20.073724 ], [ 104.9501333, 20.0748596 ], [ 104.9516997, 20.0758543 ], [ 104.9523678, 20.0762363 ], [ 104.9534678, 20.0802067 ], [ 104.9540267, 20.082545 ], [ 104.9542273, 20.0832545 ], [ 104.9538722, 20.0834106 ], [ 104.9518323, 20.084613 ], [ 104.951386, 20.084913 ], [ 104.9503552, 20.0856058 ], [ 104.9488473, 20.0867254 ], [ 104.947451, 20.0879815 ], [ 104.9461621, 20.0892555 ], [ 104.9447451, 20.0908119 ], [ 104.9434995, 20.0925086 ], [ 104.9428246, 20.0935373 ], [ 104.9420116, 20.09489 ], [ 104.9413586, 20.0960805 ], [ 104.9404327, 20.0980057 ], [ 104.9397581, 20.0999041 ], [ 104.9395293, 20.1000699 ], [ 104.9380886, 20.1013412 ], [ 104.9375927, 20.1018231 ], [ 104.9372465, 20.1021596 ], [ 104.9360679, 20.1034075 ], [ 104.9350007, 20.1047519 ], [ 104.9348609, 20.1049629 ], [ 104.9331528, 20.1053939 ], [ 104.9311845, 20.1059999 ], [ 104.9283859, 20.107022 ], [ 104.9267726, 20.1076925 ], [ 104.9252239, 20.1085012 ], [ 104.923746, 20.1093571 ], [ 104.9219361, 20.1105403 ], [ 104.9202645, 20.111912 ], [ 104.9187508, 20.1134562 ], [ 104.9183248, 20.1139407 ], [ 104.9175083, 20.114869 ], [ 104.9159131, 20.1169417 ], [ 104.9157576, 20.1171737 ], [ 104.9142441, 20.1184259 ], [ 104.9123607, 20.1202015 ], [ 104.9107309, 20.1219505 ], [ 104.9100271, 20.1227059 ], [ 104.9090964, 20.1237785 ], [ 104.9066757, 20.1267774 ], [ 104.9060295, 20.1273637 ], [ 104.9046611, 20.1288882 ], [ 104.9041273, 20.1296218 ], [ 104.9039962, 20.129575 ], [ 104.9023694, 20.1290715 ], [ 104.9007057, 20.1287082 ], [ 104.8988311, 20.1283818 ], [ 104.8964566, 20.1281133 ], [ 104.894067, 20.1281299 ], [ 104.8934376, 20.128172 ], [ 104.8884327, 20.127964 ], [ 104.887393, 20.1278532 ], [ 104.879484, 20.1267554 ], [ 104.8781518, 20.126169 ], [ 104.8759765, 20.1253587 ], [ 104.8733043, 20.1245364 ], [ 104.8718527, 20.1241487 ], [ 104.8694691, 20.1236072 ], [ 104.8674092, 20.1232513 ], [ 104.8653234, 20.1231123 ], [ 104.8630292, 20.1230796 ], [ 104.8610169, 20.1231523 ], [ 104.8590221, 20.123427 ], [ 104.8572102, 20.1237702 ], [ 104.855397, 20.1242021 ], [ 104.8526503, 20.1249932 ], [ 104.850964, 20.1255612 ], [ 104.8493349, 20.1262769 ], [ 104.8477758, 20.1271345 ], [ 104.8465925, 20.1278558 ], [ 104.8450186, 20.128921 ], [ 104.8442743, 20.1295353 ], [ 104.8426444, 20.1293418 ], [ 104.8405459, 20.1293143 ], [ 104.8384559, 20.1295068 ], [ 104.8363977, 20.1299173 ], [ 104.8343938, 20.1305412 ], [ 104.8339769, 20.1306954 ], [ 104.8333137, 20.1309407 ], [ 104.8307958, 20.1320754 ], [ 104.8299585, 20.1325247 ], [ 104.8282782, 20.1335355 ], [ 104.826705, 20.1347059 ], [ 104.825254, 20.1360247 ], [ 104.8240539, 20.1373522 ], [ 104.8232213, 20.1375771 ], [ 104.8214849, 20.1382238 ], [ 104.8198158, 20.1390284 ], [ 104.8191951, 20.1393639 ], [ 104.8184846, 20.139748 ], [ 104.8171904, 20.1405118 ], [ 104.8132073, 20.1430692 ], [ 104.8125526, 20.1434895 ], [ 104.8107272, 20.1448124 ], [ 104.8090623, 20.1463324 ], [ 104.8084009, 20.1470084 ], [ 104.8077724, 20.1476507 ], [ 104.8065076, 20.1490727 ], [ 104.8053837, 20.1506084 ], [ 104.8044109, 20.152244 ], [ 104.8035979, 20.1539646 ], [ 104.8031406, 20.1550652 ], [ 104.8025569, 20.1567439 ], [ 104.8017883, 20.1571243 ], [ 104.8002539, 20.1580639 ], [ 104.7969787, 20.1602782 ], [ 104.7964336, 20.1606342 ], [ 104.7953387, 20.1613493 ], [ 104.7940892, 20.1619064 ], [ 104.7928441, 20.1625141 ], [ 104.7910708, 20.163457 ], [ 104.7896173, 20.1643103 ], [ 104.7882408, 20.165283 ], [ 104.7869511, 20.1663681 ], [ 104.7860092, 20.1672309 ], [ 104.7848404, 20.1683937 ], [ 104.7837713, 20.1696489 ], [ 104.7833217, 20.1702746 ], [ 104.7827576, 20.1707885 ], [ 104.7816963, 20.17127 ], [ 104.780383, 20.1719888 ], [ 104.7791911, 20.1727004 ], [ 104.7791029, 20.172753 ], [ 104.7773384, 20.1739377 ], [ 104.7758995, 20.1751437 ], [ 104.7755815, 20.1752155 ], [ 104.7744044, 20.1755212 ], [ 104.7733579, 20.1758236 ], [ 104.771836, 20.1763087 ], [ 104.769991, 20.1769986 ], [ 104.7682228, 20.1778666 ], [ 104.7668428, 20.1786306 ], [ 104.7650209, 20.1797713 ], [ 104.7646925, 20.1800024 ], [ 104.7630733, 20.1799205 ], [ 104.7610793, 20.180019 ], [ 104.759465, 20.1801798 ], [ 104.7579847, 20.1803833 ], [ 104.7571676, 20.1805587 ], [ 104.7562005, 20.1803177 ], [ 104.7544194, 20.1800411 ], [ 104.752957, 20.1798811 ], [ 104.7514203, 20.1797727 ], [ 104.7498799, 20.1797828 ], [ 104.7473649, 20.1798964 ], [ 104.7412645, 20.1798272 ], [ 104.7393192, 20.1798999 ], [ 104.7379498, 20.180018 ], [ 104.7361, 20.1802649 ], [ 104.7342813, 20.1806831 ], [ 104.7325095, 20.1812691 ], [ 104.7309417, 20.1818701 ], [ 104.7309184, 20.181879 ], [ 104.7298616, 20.1823171 ], [ 104.7297581, 20.1823636 ], [ 104.7274107, 20.1818836 ], [ 104.7250164, 20.1815433 ], [ 104.7229192, 20.1813737 ], [ 104.7205278, 20.1813238 ], [ 104.7188174, 20.1813905 ], [ 104.717134, 20.1815275 ], [ 104.7154682, 20.1818061 ], [ 104.7142429, 20.1820646 ], [ 104.7120646, 20.1826542 ], [ 104.7099666, 20.1834855 ], [ 104.7079756, 20.1845479 ], [ 104.7072285, 20.1850025 ], [ 104.7067947, 20.1852663 ], [ 104.7052176, 20.1863315 ], [ 104.7047118, 20.1867482 ], [ 104.704357, 20.186811 ], [ 104.7026907, 20.1871551 ], [ 104.7008301, 20.1876335 ], [ 104.6990239, 20.1882883 ], [ 104.6977451, 20.1888227 ], [ 104.6958985, 20.189708 ], [ 104.6941522, 20.1907775 ], [ 104.693657, 20.1911168 ], [ 104.6929645, 20.1915914 ], [ 104.6907701, 20.1933332 ], [ 104.6896788, 20.1943317 ], [ 104.6882311, 20.1958003 ], [ 104.6880009, 20.1960879 ], [ 104.6845151, 20.197253 ], [ 104.6825681, 20.1978194 ], [ 104.679513, 20.1975172 ], [ 104.678082, 20.1974272 ], [ 104.6741765, 20.1973221 ], [ 104.6725187, 20.1973463 ], [ 104.6699276, 20.1974916 ], [ 104.667679, 20.1977459 ], [ 104.6654735, 20.1982526 ], [ 104.6633393, 20.1990052 ], [ 104.6620603, 20.1995394 ], [ 104.6608632, 20.2000864 ], [ 104.65881, 20.2011074 ], [ 104.6582533, 20.2013842 ], [ 104.6566266, 20.2022898 ], [ 104.6550912, 20.2033427 ], [ 104.6536603, 20.2045339 ], [ 104.6529161, 20.2052145 ], [ 104.6515808, 20.2065571 ], [ 104.6503785, 20.20802 ], [ 104.6493199, 20.20959 ], [ 104.6484146, 20.2112532 ], [ 104.6476706, 20.2129944 ], [ 104.6473572, 20.213976 ], [ 104.6471524, 20.2139931 ], [ 104.6454599, 20.214282 ], [ 104.644394, 20.2145114 ], [ 104.6432557, 20.2138285 ], [ 104.6419189, 20.2131569 ], [ 104.6399318, 20.2122501 ], [ 104.6382728, 20.211581 ], [ 104.6365607, 20.2110628 ], [ 104.6348091, 20.2106996 ], [ 104.6335426, 20.2104956 ], [ 104.6312144, 20.2102593 ], [ 104.6288745, 20.2102965 ], [ 104.6278475, 20.2103731 ], [ 104.6258408, 20.2106253 ], [ 104.6238698, 20.2110789 ], [ 104.6219547, 20.2117293 ], [ 104.6201151, 20.2125697 ], [ 104.6187351, 20.2132866 ], [ 104.6168572, 20.2143962 ], [ 104.6151113, 20.2157037 ], [ 104.6139315, 20.2166921 ], [ 104.6133249, 20.2172005 ], [ 104.6116032, 20.2188262 ], [ 104.6101249, 20.2203977 ], [ 104.6091859, 20.2211512 ], [ 104.6086267, 20.2216168 ], [ 104.6078246, 20.2223098 ], [ 104.6070534, 20.2228146 ], [ 104.6024662, 20.2258173 ], [ 104.6002427, 20.2275057 ], [ 104.5990523, 20.2285483 ], [ 104.5976164, 20.2299387 ], [ 104.5963265, 20.2314654 ], [ 104.5955268, 20.232514 ], [ 104.5943286, 20.2342717 ], [ 104.5933238, 20.2361467 ], [ 104.5925239, 20.2381178 ], [ 104.5919379, 20.2401627 ], [ 104.5916738, 20.2413119 ], [ 104.5912902, 20.2435633 ], [ 104.5912093, 20.2450469 ], [ 104.5905953, 20.2459451 ], [ 104.5896593, 20.2476488 ], [ 104.5888931, 20.2494355 ], [ 104.5887394, 20.2498482 ], [ 104.5880309, 20.2521739 ], [ 104.5876099, 20.2545684 ], [ 104.5875523, 20.2550749 ], [ 104.5874246, 20.2572147 ], [ 104.5875266, 20.2593558 ], [ 104.5878571, 20.2614737 ], [ 104.5884125, 20.2635441 ], [ 104.5891862, 20.2655431 ], [ 104.5895625, 20.2663792 ], [ 104.5896678, 20.2665798 ], [ 104.5894987, 20.2670968 ], [ 104.5890595, 20.2691434 ], [ 104.5888366, 20.2712247 ], [ 104.5888325, 20.2733179 ], [ 104.5889987, 20.2766135 ], [ 104.5890464, 20.2773141 ], [ 104.5892159, 20.2792917 ], [ 104.5893952, 20.2807514 ], [ 104.5897389, 20.2828941 ], [ 104.5901375, 20.2847877 ], [ 104.5907172, 20.2866339 ], [ 104.5910189, 20.2874537 ], [ 104.5919209, 20.289533 ], [ 104.5930524, 20.2914968 ], [ 104.5932714, 20.2918315 ], [ 104.5944222, 20.2934152 ], [ 104.5946317, 20.2936511 ], [ 104.5946403, 20.2938094 ], [ 104.5950168, 20.2960395 ], [ 104.5954205, 20.2974414 ], [ 104.5952575, 20.2989367 ], [ 104.5951291, 20.3011613 ], [ 104.5942975, 20.3055376 ], [ 104.5941207, 20.3066325 ], [ 104.5937837, 20.3091641 ], [ 104.5936088, 20.3118164 ], [ 104.5936097, 20.3131771 ], [ 104.5937314, 20.3153667 ], [ 104.5940921, 20.3175299 ], [ 104.5946874, 20.3196405 ], [ 104.5960364, 20.3235818 ], [ 104.5965507, 20.3248364 ], [ 104.5965329, 20.3249282 ], [ 104.5963672, 20.3260326 ], [ 104.596187, 20.3277176 ], [ 104.59615, 20.3294118 ], [ 104.5961766, 20.3307036 ], [ 104.5962742, 20.3323073 ], [ 104.5965002, 20.3338979 ], [ 104.5967438, 20.3352272 ], [ 104.5970178, 20.3373113 ], [ 104.5965667, 20.338011 ], [ 104.5956334, 20.3398502 ], [ 104.5952265, 20.3407664 ], [ 104.5944674, 20.3427547 ], [ 104.5939239, 20.3448123 ], [ 104.5936021, 20.346916 ], [ 104.5934837, 20.3481133 ], [ 104.5934637, 20.3483268 ], [ 104.593342, 20.3497086 ], [ 104.5932649, 20.351483 ], [ 104.5933455, 20.3532572 ], [ 104.593489, 20.3548506 ], [ 104.593505, 20.3550205 ], [ 104.5937627, 20.3576318 ], [ 104.5938006, 20.359359 ], [ 104.5939266, 20.3612035 ], [ 104.594139, 20.3630516 ], [ 104.5944498, 20.3649477 ], [ 104.5949411, 20.3668052 ], [ 104.5956084, 20.3686069 ], [ 104.5959842, 20.369489 ], [ 104.5968745, 20.3713155 ], [ 104.5979456, 20.3730422 ], [ 104.5984463, 20.3737647 ], [ 104.5999331, 20.3756561 ], [ 104.6016362, 20.3773553 ], [ 104.6057765, 20.3810164 ], [ 104.6074995, 20.3823789 ], [ 104.6083687, 20.3829918 ], [ 104.6101445, 20.3841094 ], [ 104.6120277, 20.3850347 ], [ 104.6223143, 20.3894354 ], [ 104.6224664, 20.3894997 ], [ 104.6269822, 20.3913877 ], [ 104.6280136, 20.3921333 ], [ 104.6325095, 20.3955884 ], [ 104.633348, 20.3961989 ], [ 104.6357871, 20.3978797 ], [ 104.6377256, 20.3990592 ], [ 104.6397852, 20.4000115 ], [ 104.6499038, 20.4040101 ], [ 104.6580004, 20.4079327 ], [ 104.6592751, 20.4089544 ], [ 104.6612024, 20.4104989 ], [ 104.6632165, 20.4134505 ], [ 104.664163, 20.4147257 ], [ 104.6657271, 20.4166669 ], [ 104.6669937, 20.4180939 ], [ 104.6683906, 20.4193936 ], [ 104.6699049, 20.4205543 ], [ 104.6712624, 20.4214027 ], [ 104.6706458, 20.4221993 ], [ 104.6696399, 20.4237871 ], [ 104.6687875, 20.4254624 ], [ 104.6680449, 20.4271089 ], [ 104.6675469, 20.4280853 ], [ 104.666051, 20.4289047 ], [ 104.6644396, 20.4298977 ], [ 104.6643856, 20.4299309 ], [ 104.6629283, 20.4309181 ], [ 104.6615911, 20.4319125 ], [ 104.660664, 20.4326773 ], [ 104.6591064, 20.4331158 ], [ 104.6582801, 20.4333679 ], [ 104.657282, 20.433696 ], [ 104.6568095, 20.4338512 ], [ 104.6549958, 20.4345463 ], [ 104.653258, 20.435414 ], [ 104.6516126, 20.4364462 ], [ 104.6500751, 20.4376332 ], [ 104.64866, 20.4389637 ], [ 104.6473806, 20.4404252 ], [ 104.646249, 20.4420039 ], [ 104.6452759, 20.443685 ], [ 104.6449219, 20.4443714 ], [ 104.6442268, 20.4458676 ], [ 104.6436574, 20.447416 ], [ 104.6434788, 20.4479713 ], [ 104.643324, 20.4478968 ], [ 104.639983, 20.4462896 ], [ 104.6376051, 20.4453283 ], [ 104.6364569, 20.4449478 ], [ 104.6364611, 20.4449231 ], [ 104.6366811, 20.4431399 ], [ 104.6367401, 20.4413441 ], [ 104.6366378, 20.4395502 ], [ 104.6364626, 20.4383662 ], [ 104.6363441, 20.4356911 ], [ 104.6361184, 20.4334531 ], [ 104.6356427, 20.4312546 ], [ 104.6351825, 20.4295874 ], [ 104.6346343, 20.4278978 ], [ 104.6339384, 20.4262635 ], [ 104.6331001, 20.4246975 ], [ 104.6315868, 20.4221489 ], [ 104.6308882, 20.4205775 ], [ 104.6302344, 20.4192428 ], [ 104.6294834, 20.4179604 ], [ 104.6276746, 20.4151195 ], [ 104.6266097, 20.4136064 ], [ 104.6254096, 20.4121982 ], [ 104.6239215, 20.4106074 ], [ 104.6226497, 20.4093636 ], [ 104.6212724, 20.4082377 ], [ 104.6198004, 20.4072387 ], [ 104.617188, 20.4056305 ], [ 104.6154607, 20.4046812 ], [ 104.613079, 20.4035212 ], [ 104.6087253, 20.4010907 ], [ 104.606821, 20.4001564 ], [ 104.6050253, 20.3993907 ], [ 104.603477, 20.398805 ], [ 104.6020187, 20.3983213 ], [ 104.5996757, 20.3976989 ], [ 104.5967037, 20.3970996 ], [ 104.5955004, 20.396895 ], [ 104.5904523, 20.3961942 ], [ 104.5895017, 20.3960853 ], [ 104.5845715, 20.3956399 ], [ 104.5820584, 20.3955715 ], [ 104.5775575, 20.3957322 ], [ 104.5753519, 20.3959337 ], [ 104.5716756, 20.3964761 ], [ 104.5698048, 20.396844 ], [ 104.5679951, 20.3973831 ], [ 104.5673961, 20.3973455 ], [ 104.5671277, 20.3973305 ], [ 104.5671172, 20.39733 ], [ 104.5632128, 20.3960342 ], [ 104.5623836, 20.39538 ], [ 104.5606412, 20.3941501 ], [ 104.5592872, 20.3932988 ], [ 104.5576307, 20.3923642 ], [ 104.555893, 20.3915911 ], [ 104.5540897, 20.3909866 ], [ 104.5521925, 20.3904495 ], [ 104.5504572, 20.3900408 ], [ 104.5486924, 20.3897883 ], [ 104.5464473, 20.3895686 ], [ 104.5448128, 20.389476 ], [ 104.5432656, 20.3894518 ], [ 104.5429699, 20.3887735 ], [ 104.5421822, 20.3873117 ], [ 104.5399987, 20.3836338 ], [ 104.5387875, 20.3818256 ], [ 104.5372999, 20.3798467 ], [ 104.5370688, 20.3795393 ], [ 104.5363501, 20.3786385 ], [ 104.5357954, 20.3779829 ], [ 104.5338816, 20.376013 ], [ 104.53175, 20.374101 ], [ 104.5303925, 20.3729869 ], [ 104.5289424, 20.3719961 ], [ 104.5274111, 20.3711364 ], [ 104.5258102, 20.3704144 ], [ 104.5243786, 20.3698429 ], [ 104.5223445, 20.3689944 ], [ 104.5217114, 20.368743 ], [ 104.519679, 20.3679754 ], [ 104.5186895, 20.367631 ], [ 104.5183227, 20.367514 ], [ 104.5173558, 20.3672055 ], [ 104.5156543, 20.3667442 ], [ 104.5139188, 20.3664346 ], [ 104.5121628, 20.3662789 ], [ 104.5102435, 20.3661938 ], [ 104.5099015, 20.3661816 ], [ 104.507764, 20.3661234 ], [ 104.5059127, 20.3658547 ], [ 104.5053013, 20.3657419 ], [ 104.5052381, 20.3656711 ], [ 104.5038581, 20.3642695 ], [ 104.502347, 20.3630101 ], [ 104.5007195, 20.3619053 ], [ 104.497649, 20.3600346 ], [ 104.4961827, 20.3592235 ], [ 104.4946536, 20.3585379 ], [ 104.4930725, 20.3579828 ], [ 104.4911745, 20.3574044 ], [ 104.489944, 20.3563609 ], [ 104.487926, 20.3548011 ], [ 104.4877597, 20.3546725 ], [ 104.4859279, 20.3532566 ], [ 104.4851488, 20.3526545 ], [ 104.4836982, 20.3516327 ], [ 104.4821627, 20.3507435 ], [ 104.4805544, 20.3499939 ], [ 104.4780993, 20.3489796 ], [ 104.4764984, 20.3483967 ], [ 104.475368844582817, 20.34809142403299 ], [ 104.497098287126221, 20.474418478326349 ], [ 104.513844937356964, 20.524650605950463 ], [ 104.521734358560806, 20.604817323302044 ], [ 104.522789782102279, 20.609742729828923 ], [ 104.522962, 20.6100464 ], [ 104.5239945, 20.6115345 ], [ 104.5251573, 20.6129232 ], [ 104.5264409, 20.614201 ], [ 104.5271634, 20.6148578 ], [ 104.5288506, 20.6162316 ], [ 104.530677, 20.617414 ], [ 104.5326633, 20.6185516 ], [ 104.5342545, 20.6193706 ], [ 104.5359126, 20.6200442 ], [ 104.5405327, 20.6216842 ], [ 104.5421738, 20.6221477 ], [ 104.5427782, 20.6227259 ], [ 104.5442214, 20.6238718 ], [ 104.545764, 20.6248799 ], [ 104.5473928, 20.6257418 ], [ 104.5486063, 20.626314 ], [ 104.5500401, 20.626923 ], [ 104.5515169, 20.6274186 ], [ 104.5535131, 20.628003 ], [ 104.5552717, 20.6284324 ], [ 104.557062, 20.6287011 ], [ 104.5586252, 20.6288638 ], [ 104.5604765, 20.6289701 ], [ 104.565443, 20.6290245 ], [ 104.567421, 20.6289482 ], [ 104.5693818, 20.6286768 ], [ 104.5707596, 20.628416 ], [ 104.5716277, 20.6288821 ], [ 104.5734352, 20.6296353 ], [ 104.5745051, 20.6300208 ], [ 104.5766141, 20.6306519 ], [ 104.5787796, 20.6310474 ], [ 104.5809755, 20.6312025 ], [ 104.5828837, 20.631232 ], [ 104.5839874, 20.6312186 ], [ 104.58482, 20.6311855 ], [ 104.5865384, 20.6310428 ], [ 104.5882382, 20.6307526 ], [ 104.5892001, 20.6305015 ], [ 104.5906154, 20.6305228 ], [ 104.5916313, 20.6304432 ], [ 104.5927158, 20.6316758 ], [ 104.5932895, 20.6321961 ], [ 104.5935492, 20.6326075 ], [ 104.5947016, 20.6341002 ], [ 104.5959895, 20.6354776 ], [ 104.5970002, 20.6364612 ], [ 104.5985816, 20.637846 ], [ 104.6002995, 20.6390572 ], [ 104.6013889, 20.6397425 ], [ 104.6026818, 20.6404899 ], [ 104.6040268, 20.6411388 ], [ 104.6057755, 20.6419033 ], [ 104.6065252, 20.6422131 ], [ 104.6083726, 20.642933 ], [ 104.6095226, 20.6432874 ], [ 104.6097729, 20.6455121 ], [ 104.6100578, 20.6473064 ], [ 104.6105044, 20.6490675 ], [ 104.611109, 20.6507808 ], [ 104.6118602, 20.6526364 ], [ 104.6120785, 20.6531547 ], [ 104.6128091, 20.6548229 ], [ 104.6124634, 20.6548654 ], [ 104.6115037, 20.6548507 ], [ 104.6113989, 20.6548417 ], [ 104.6098178, 20.6544055 ], [ 104.608095, 20.6540111 ], [ 104.6063442, 20.6537704 ], [ 104.6048534, 20.6536322 ], [ 104.6023747, 20.6535568 ], [ 104.6004154, 20.6536188 ], [ 104.5987113, 20.6537458 ], [ 104.5970242, 20.6540177 ], [ 104.5953537, 20.6543608 ], [ 104.5930861, 20.6549672 ], [ 104.5909051, 20.6558351 ], [ 104.590522, 20.6560142 ], [ 104.5904309, 20.6560136 ], [ 104.5883906, 20.6562088 ], [ 104.5879844, 20.6562688 ], [ 104.5872577, 20.6563763 ], [ 104.5852883, 20.6567695 ], [ 104.5833683, 20.6573582 ], [ 104.5815171, 20.6581365 ], [ 104.5797532, 20.6590966 ], [ 104.5780945, 20.6602287 ], [ 104.5772014, 20.6609064 ], [ 104.5754359, 20.6624154 ], [ 104.5738572, 20.6641189 ], [ 104.5729569, 20.6652113 ], [ 104.5724999, 20.6658193 ], [ 104.5717858, 20.6663371 ], [ 104.5704475, 20.6675016 ], [ 104.5692177, 20.66878 ], [ 104.568106, 20.6701624 ], [ 104.5673035, 20.6712563 ], [ 104.5661137, 20.6730782 ], [ 104.5651289, 20.6750186 ], [ 104.5643607, 20.6770545 ], [ 104.5639979, 20.6782014 ], [ 104.5634116, 20.6805347 ], [ 104.5631097, 20.6829215 ], [ 104.5630431, 20.6839346 ], [ 104.5630011, 20.6854554 ], [ 104.5630194, 20.6872074 ], [ 104.5631266, 20.689077 ], [ 104.5633992, 20.6916858 ], [ 104.5634094, 20.6917631 ], [ 104.5618569, 20.6928248 ], [ 104.5561029, 20.6967154 ], [ 104.5544225, 20.6979855 ], [ 104.552885, 20.6994253 ], [ 104.5524773, 20.6998495 ], [ 104.5501296, 20.7006913 ], [ 104.5496993, 20.7008512 ], [ 104.5492441, 20.7010263 ], [ 104.5464754, 20.7003994 ], [ 104.5447372, 20.7000901 ], [ 104.5440512, 20.6981706 ], [ 104.5431447, 20.696284 ], [ 104.542046, 20.6945025 ], [ 104.5407671, 20.6928455 ], [ 104.540540688069257, 20.692581916820306 ], [ 104.580991748226268, 20.881357235814271 ], [ 104.589223933021216, 20.956187853628158 ], [ 104.61547340870095, 21.040076662858553 ], [ 104.619150870172277, 21.106240009833282 ], [ 104.63906812740133, 21.156101137596739 ], [ 104.658167095318305, 21.256119817527072 ], [ 104.662931099004098, 21.332882099857855 ], [ 104.670229847963469, 21.344620812777514 ], [ 104.66756500285328, 21.378676636213648 ], [ 104.686997554630238, 21.422798424571035 ], [ 104.68902728446875, 21.471776989670669 ], [ 104.704354079371541, 21.504781948967523 ], [ 104.734753350854675, 21.683703328903647 ], [ 104.765835843667986, 21.810445837851635 ], [ 104.779242341260641, 21.910235692123962 ], [ 104.798259873495567, 21.977553496824981 ], [ 104.802188431008005, 22.043685214045571 ], [ 104.818864314007229, 22.088106796242513 ], [ 104.931014022963282, 22.660053147309036 ], [ 104.96775993949413, 22.887424667278083 ], [ 104.974655794382613, 22.895326574421897 ], [ 104.994510702614647, 23.049370705415736 ], [ 105.038266324339943, 23.253638275639855 ], [ 105.039874672517357, 23.2662924956363 ], [ 105.0398905, 23.2663022 ], [ 105.0412172, 23.2670477 ], [ 105.0415201, 23.2671888 ], [ 105.0417243, 23.2674611 ], [ 105.0429505, 23.2689426 ], [ 105.0443133, 23.2702994 ], [ 105.0458001, 23.271519 ], [ 105.0473972, 23.2725902 ], [ 105.0490898, 23.2735031 ], [ 105.050993, 23.2744143 ], [ 105.0528493, 23.2751908 ], [ 105.0580939, 23.2770807 ], [ 105.0589441, 23.2776052 ], [ 105.0606492, 23.2794973 ], [ 105.0627229, 23.2814896 ], [ 105.0646139, 23.2830613 ], [ 105.0654817, 23.2837431 ], [ 105.0674855, 23.2852296 ], [ 105.0693959, 23.2864842 ], [ 105.0702033, 23.2869507 ], [ 105.0718133, 23.2877859 ], [ 105.0734923, 23.2884719 ], [ 105.0752266, 23.2890029 ], [ 105.0766798, 23.2893767 ], [ 105.0783699, 23.2897344 ], [ 105.0800847, 23.2899449 ], [ 105.0822321, 23.2901148 ], [ 105.0843763, 23.2901691 ], [ 105.0865141, 23.2899934 ], [ 105.0874732, 23.2898625 ], [ 105.0894881, 23.2894814 ], [ 105.0906185, 23.2892069 ], [ 105.092761, 23.2885577 ], [ 105.0948175, 23.2876731 ], [ 105.0967623, 23.2865642 ], [ 105.0994792, 23.2848066 ], [ 105.101098, 23.2836409 ], [ 105.1025925, 23.2823198 ], [ 105.1040531, 23.2808928 ], [ 105.1055926, 23.2792066 ], [ 105.1082206, 23.2759754 ], [ 105.1082761, 23.2759483 ], [ 105.1100501, 23.274969 ], [ 105.1117159, 23.2738153 ], [ 105.1117699, 23.2737737 ], [ 105.1131808, 23.2748354 ], [ 105.1148408, 23.2758483 ], [ 105.1165913, 23.2766952 ], [ 105.1184158, 23.2773681 ], [ 105.1202969, 23.2778606 ], [ 105.1222171, 23.2781681 ], [ 105.124158, 23.2782876 ], [ 105.1248639, 23.2782967 ], [ 105.1259566, 23.2782624 ], [ 105.1279231, 23.2795291 ], [ 105.1299199, 23.2806588 ], [ 105.1320331, 23.2815524 ], [ 105.1383893, 23.28382 ], [ 105.1393905, 23.2841477 ], [ 105.1419118, 23.2849001 ], [ 105.1436374, 23.2865396 ], [ 105.1439647, 23.2869491 ], [ 105.1457074, 23.2906259 ], [ 105.1467565, 23.2925572 ], [ 105.149515, 23.2970305 ], [ 105.1507784, 23.2988462 ], [ 105.1522346, 23.3005113 ], [ 105.1538658, 23.3020054 ], [ 105.1579126, 23.3053199 ], [ 105.1594691, 23.3064735 ], [ 105.16113, 23.3074711 ], [ 105.1628796, 23.3083033 ], [ 105.1647016, 23.3089623 ], [ 105.1665787, 23.3094419 ], [ 105.1684934, 23.3097376 ], [ 105.1699035, 23.3098859 ], [ 105.17166, 23.3099928 ], [ 105.1734192, 23.3099449 ], [ 105.1749745, 23.3098339 ], [ 105.1767622, 23.3096251 ], [ 105.1785239, 23.3092564 ], [ 105.1802453, 23.3087309 ], [ 105.1845046, 23.3072179 ], [ 105.1862368, 23.3065096 ], [ 105.1878953, 23.3056426 ], [ 105.1894654, 23.3046244 ], [ 105.1909335, 23.3034638 ], [ 105.191919, 23.3025223 ], [ 105.1931939, 23.3024996 ], [ 105.19454, 23.3024108 ], [ 105.1963394, 23.30221 ], [ 105.1981132, 23.3018473 ], [ 105.199847, 23.3013256 ], [ 105.2015265, 23.3006493 ], [ 105.2031379, 23.2998238 ], [ 105.2040137, 23.2993239 ], [ 105.2056145, 23.2983067 ], [ 105.2071116, 23.2971424 ], [ 105.2080819, 23.2963111 ], [ 105.2087925, 23.2957022 ], [ 105.2103047, 23.2942628 ], [ 105.2116587, 23.2926736 ], [ 105.2119376, 23.2923093 ], [ 105.2120474, 23.2922795 ], [ 105.2127306, 23.2920171 ], [ 105.212759, 23.2921694 ], [ 105.2132564, 23.2939272 ], [ 105.2139121, 23.2956323 ], [ 105.2147206, 23.2972704 ], [ 105.2155333, 23.2987434 ], [ 105.2164886, 23.300302 ], [ 105.2175822, 23.3017668 ], [ 105.218805, 23.3031256 ], [ 105.2201468, 23.3043671 ], [ 105.2212186, 23.3052715 ], [ 105.2226981, 23.3064062 ], [ 105.2242767, 23.3073982 ], [ 105.2259409, 23.3082388 ], [ 105.2276762, 23.3089209 ], [ 105.2277314, 23.3089368 ], [ 105.2276994, 23.3107379 ], [ 105.2278634, 23.3127294 ], [ 105.2282254, 23.3146947 ], [ 105.2287817, 23.3166139 ], [ 105.2290132, 23.3172852 ], [ 105.2297245, 23.319066 ], [ 105.2306031, 23.3207704 ], [ 105.2311998, 23.3216975 ], [ 105.2310742, 23.3218741 ], [ 105.2306869, 23.3224815 ], [ 105.2297685, 23.3240799 ], [ 105.2290011, 23.325756 ], [ 105.2283914, 23.3274957 ], [ 105.2279444, 23.3292841 ], [ 105.227664, 23.3311061 ], [ 105.2275525, 23.3329461 ], [ 105.2275462, 23.3333833 ], [ 105.227616, 23.335366 ], [ 105.2278819, 23.337332 ], [ 105.2283413, 23.3392619 ], [ 105.2289896, 23.3411369 ], [ 105.2298205, 23.3429384 ], [ 105.2308258, 23.3446487 ], [ 105.2312889, 23.345354 ], [ 105.2313953, 23.3455143 ], [ 105.234824, 23.3506283 ], [ 105.2355906, 23.3516943 ], [ 105.2383782, 23.3553138 ], [ 105.2395167, 23.3566643 ], [ 105.24077, 23.357909 ], [ 105.2421282, 23.3590384 ], [ 105.2430645, 23.3597494 ], [ 105.2446258, 23.3608224 ], [ 105.2462817, 23.3617428 ], [ 105.2480173, 23.3625024 ], [ 105.2498169, 23.3630944 ], [ 105.2511368, 23.3634603 ], [ 105.2532062, 23.3639175 ], [ 105.2553123, 23.3641531 ], [ 105.2572038, 23.3642637 ], [ 105.2597652, 23.3642492 ], [ 105.2640287, 23.3639513 ], [ 105.2660037, 23.3637141 ], [ 105.2660947, 23.3636938 ], [ 105.2662248, 23.3643033 ], [ 105.2667901, 23.3661011 ], [ 105.267522, 23.3678376 ], [ 105.2684142, 23.3694976 ], [ 105.2688099, 23.3701573 ], [ 105.2698413, 23.3717083 ], [ 105.2710126, 23.3731566 ], [ 105.2723135, 23.3744896 ], [ 105.2737328, 23.3756959 ], [ 105.2752581, 23.3767648 ], [ 105.2761615, 23.3773371 ], [ 105.2776565, 23.3781936 ], [ 105.2779322, 23.3796803 ], [ 105.2784795, 23.3815707 ], [ 105.27921, 23.3833981 ], [ 105.2801165, 23.3851449 ], [ 105.280611, 23.3859929 ], [ 105.2815757, 23.3874898 ], [ 105.2826697, 23.3888949 ], [ 105.2838844, 23.3901972 ], [ 105.2867817, 23.3930386 ], [ 105.2888523, 23.3948093 ], [ 105.2920889, 23.3972158 ], [ 105.2930723, 23.3980409 ], [ 105.2944501, 23.3990987 ], [ 105.2959146, 23.4000329 ], [ 105.296148, 23.4001679 ], [ 105.2978769, 23.4010587 ], [ 105.2996842, 23.4017773 ], [ 105.3005466, 23.4020264 ], [ 105.3030651, 23.4047323 ], [ 105.3041149, 23.4057794 ], [ 105.3064215, 23.4079157 ], [ 105.3076128, 23.4089353 ], [ 105.3088803, 23.4098584 ], [ 105.3097746, 23.4104575 ], [ 105.3114049, 23.4114406 ], [ 105.3131213, 23.4122642 ], [ 105.3149081, 23.4129209 ], [ 105.3167494, 23.4134047 ], [ 105.3186283, 23.4137113 ], [ 105.3191055, 23.413766 ], [ 105.3211452, 23.4138947 ], [ 105.3216496, 23.4139007 ], [ 105.3239838, 23.4137919 ], [ 105.3262894, 23.4134117 ], [ 105.3271151, 23.4132254 ], [ 105.3288547, 23.4127495 ], [ 105.3305443, 23.4121189 ], [ 105.3321703, 23.4113386 ], [ 105.3337193, 23.4104151 ], [ 105.3345233, 23.4098852 ], [ 105.3360653, 23.4087598 ], [ 105.3374929, 23.4074925 ], [ 105.3387933, 23.4060949 ], [ 105.3394274, 23.4053445 ], [ 105.3398177, 23.4048827 ], [ 105.3411162, 23.4031671 ], [ 105.3422007, 23.4015616 ], [ 105.3430788, 23.4001366 ], [ 105.3438346, 23.3986432 ], [ 105.3442839, 23.3976549 ], [ 105.3456957, 23.396447 ], [ 105.3475173, 23.3950974 ], [ 105.3481614, 23.3946201 ], [ 105.3498558, 23.3934549 ], [ 105.3502529, 23.3931746 ], [ 105.3515334, 23.3922474 ], [ 105.3518473, 23.3920201 ], [ 105.3519476, 23.3919471 ], [ 105.3539044, 23.390512 ], [ 105.3550914, 23.3895703 ], [ 105.3559737, 23.388814 ], [ 105.3574826, 23.3875311 ], [ 105.3590989, 23.3859935 ], [ 105.3605136, 23.3844887 ], [ 105.3622061, 23.382429 ], [ 105.3629347, 23.381411 ], [ 105.3636195, 23.3804702 ], [ 105.3644831, 23.3791813 ], [ 105.3652442, 23.3778295 ], [ 105.3661991, 23.3759681 ], [ 105.3673399, 23.3732762 ], [ 105.3677362, 23.3721104 ], [ 105.3682979, 23.3701284 ], [ 105.3686527, 23.3680992 ], [ 105.3687479, 23.3673201 ], [ 105.3688814, 23.3656478 ], [ 105.3688742, 23.3639702 ], [ 105.3687442, 23.3611596 ], [ 105.3686773, 23.3602063 ], [ 105.36853, 23.358644 ], [ 105.3684591, 23.3580032 ], [ 105.3681063, 23.3552229 ], [ 105.3683438, 23.3544156 ], [ 105.3691904, 23.3534026 ], [ 105.3713995, 23.351052 ], [ 105.3714801, 23.3509657 ], [ 105.3734214, 23.3488754 ], [ 105.374368, 23.3477791 ], [ 105.3756897, 23.3461313 ], [ 105.3759362, 23.3458176 ], [ 105.3785754, 23.3423893 ], [ 105.3801557, 23.3403616 ], [ 105.3807026, 23.3396256 ], [ 105.3815401, 23.3384429 ], [ 105.382346, 23.337211 ], [ 105.3840874, 23.3343225 ], [ 105.3859817, 23.332986 ], [ 105.387059, 23.3323152 ], [ 105.3876587, 23.3323222 ], [ 105.389672, 23.3322442 ], [ 105.3916673, 23.331964 ], [ 105.3936242, 23.3314845 ], [ 105.395523, 23.3308105 ], [ 105.3973443, 23.3299488 ], [ 105.3990696, 23.3289083 ], [ 105.3991561, 23.32885 ], [ 105.3999351, 23.3283241 ], [ 105.4013205, 23.3272991 ], [ 105.4026124, 23.3261587 ], [ 105.4038015, 23.3249112 ], [ 105.4077656, 23.3203762 ], [ 105.4080765, 23.3200118 ], [ 105.4114904, 23.3159121 ], [ 105.4119983, 23.3165312 ], [ 105.4133751, 23.3180446 ], [ 105.4148993, 23.3194094 ], [ 105.416555, 23.3206113 ], [ 105.4183248, 23.3216378 ], [ 105.4201903, 23.3224782 ], [ 105.4221318, 23.3231235 ], [ 105.4228769, 23.3233295 ], [ 105.4246505, 23.3237341 ], [ 105.4264536, 23.3239757 ], [ 105.4282712, 23.3240526 ], [ 105.4350026, 23.3240308 ], [ 105.4365182, 23.3239684 ], [ 105.4380248, 23.3237912 ], [ 105.4392026, 23.3236072 ], [ 105.4410395, 23.3232313 ], [ 105.4428331, 23.322685 ], [ 105.4439066, 23.3223022 ], [ 105.4456452, 23.3215885 ], [ 105.4473092, 23.3207147 ], [ 105.4488838, 23.3196886 ], [ 105.4510414, 23.3181334 ], [ 105.4524253, 23.31704 ], [ 105.4537075, 23.3158289 ], [ 105.454878, 23.3145096 ], [ 105.4563608, 23.312682 ], [ 105.4567884, 23.312155 ], [ 105.4569413, 23.3119666 ], [ 105.4581152, 23.3103632 ], [ 105.4591242, 23.3086512 ], [ 105.4605568, 23.3059185 ], [ 105.4616458, 23.3038411 ], [ 105.4625592, 23.3018375 ], [ 105.4632469, 23.2997455 ], [ 105.4636966, 23.298072 ], [ 105.4640802, 23.2963422 ], [ 105.4643091, 23.2945853 ], [ 105.4643671, 23.2939069 ], [ 105.466087, 23.2909951 ], [ 105.4666406, 23.2905716 ], [ 105.4676648, 23.2897881 ], [ 105.4679212, 23.289592 ], [ 105.4695233, 23.2882271 ], [ 105.4720927, 23.2857936 ], [ 105.4731077, 23.2847601 ], [ 105.4749098, 23.2827869 ], [ 105.4758898, 23.2816285 ], [ 105.4767791, 23.2803991 ], [ 105.4802734, 23.2751615 ], [ 105.4804679, 23.2748644 ], [ 105.4840578, 23.2692708 ], [ 105.4867423, 23.2655524 ], [ 105.4883572, 23.264127 ], [ 105.4902897, 23.2624214 ], [ 105.4921136, 23.261043 ], [ 105.4944497, 23.2597496 ], [ 105.4959118, 23.2589763 ], [ 105.4973383, 23.2581448 ], [ 105.4986913, 23.2571985 ], [ 105.4999617, 23.2561437 ], [ 105.5010226, 23.2551862 ], [ 105.502107, 23.2541303 ], [ 105.5031085, 23.2529954 ], [ 105.5044646, 23.2513361 ], [ 105.5057503, 23.2495752 ], [ 105.5068367, 23.2476848 ], [ 105.5082065, 23.2449683 ], [ 105.5091596, 23.2427558 ], [ 105.5098398, 23.2404448 ], [ 105.510244, 23.2386868 ], [ 105.5105737, 23.2368744 ], [ 105.5107352, 23.2350394 ], [ 105.5107272, 23.2331973 ], [ 105.5106529, 23.231725 ], [ 105.5106509, 23.2316857 ], [ 105.5106495, 23.231659 ], [ 105.5104988, 23.2300431 ], [ 105.5103446, 23.2291669 ], [ 105.5108603, 23.228361 ], [ 105.5125306, 23.2254632 ], [ 105.5151506, 23.2209176 ], [ 105.5159112, 23.2194632 ], [ 105.5165499, 23.2179515 ], [ 105.5170435, 23.216635 ], [ 105.5171407, 23.2163373 ], [ 105.5186815, 23.2156302 ], [ 105.5210203, 23.214557 ], [ 105.5256178, 23.2124471 ], [ 105.5282942, 23.2133717 ], [ 105.5296646, 23.2138451 ], [ 105.5318233, 23.2144575 ], [ 105.5340369, 23.2148243 ], [ 105.5359789, 23.215035 ], [ 105.5379187, 23.2151505 ], [ 105.5389208, 23.2151614 ], [ 105.5404222, 23.2151213 ], [ 105.5419164, 23.2149687 ], [ 105.5431683, 23.2147931 ], [ 105.5448599, 23.2144812 ], [ 105.5465183, 23.214025 ], [ 105.5481314, 23.2134281 ], [ 105.5496873, 23.2126947 ], [ 105.5509238, 23.2120455 ], [ 105.5525644, 23.2110819 ], [ 105.5541061, 23.2099668 ], [ 105.5555348, 23.2087102 ], [ 105.5561849, 23.2080811 ], [ 105.5578035, 23.2075488 ], [ 105.55946, 23.2068327 ], [ 105.5610453, 23.2059703 ], [ 105.5617606, 23.2055382 ], [ 105.5635415, 23.2043268 ], [ 105.5651818, 23.202931 ], [ 105.5666626, 23.2013669 ], [ 105.5679665, 23.1996526 ], [ 105.5690786, 23.197808 ], [ 105.5693312, 23.197333 ], [ 105.571483, 23.1932858 ], [ 105.5716379, 23.1929943 ], [ 105.5735285, 23.1894387 ], [ 105.5742831, 23.1878558 ], [ 105.5745875, 23.1870399 ], [ 105.5754777, 23.1863448 ], [ 105.5767435, 23.1851668 ], [ 105.5779497, 23.1839428 ], [ 105.578859, 23.1829559 ], [ 105.5795937, 23.1821028 ], [ 105.5800197, 23.1815913 ], [ 105.5818569, 23.1793086 ], [ 105.5828649, 23.1779411 ], [ 105.5837532, 23.1764929 ], [ 105.5847092, 23.1747747 ], [ 105.5857014, 23.1733057 ], [ 105.5861466, 23.1726164 ], [ 105.5866745, 23.1717611 ], [ 105.5875672, 23.1701539 ], [ 105.5883085, 23.1684715 ], [ 105.5888922, 23.1667282 ], [ 105.5889112, 23.1666614 ], [ 105.5895454, 23.1644255 ], [ 105.5899709, 23.1626055 ], [ 105.5902247, 23.1607536 ], [ 105.5906566, 23.1559368 ], [ 105.5907349, 23.1544041 ], [ 105.5907566, 23.1526917 ], [ 105.5906691, 23.1505528 ], [ 105.5903536, 23.1484356 ], [ 105.5898135, 23.1463641 ], [ 105.5893387, 23.1448746 ], [ 105.5886161, 23.1429544 ], [ 105.5877006, 23.1411182 ], [ 105.5866018, 23.1393855 ], [ 105.5853312, 23.1377745 ], [ 105.5839023, 23.1363021 ], [ 105.5816, 23.1341613 ], [ 105.5815508, 23.132932 ], [ 105.5812382, 23.1308185 ], [ 105.5810593, 23.1299372 ], [ 105.5806134, 23.1281616 ], [ 105.5802384, 23.1270935 ], [ 105.5803791, 23.1266752 ], [ 105.5815213, 23.1232791 ], [ 105.5817144, 23.122708 ], [ 105.5821002, 23.1219141 ], [ 105.5824254, 23.1212106 ], [ 105.5832862, 23.1192495 ], [ 105.5844445, 23.1166104 ], [ 105.585372, 23.1140291 ], [ 105.5856378, 23.113092 ], [ 105.5860762, 23.111795 ], [ 105.5867043, 23.109492 ], [ 105.5867174, 23.1094295 ], [ 105.586784, 23.1092652 ], [ 105.5871914, 23.1081225 ], [ 105.5879905, 23.1060754 ], [ 105.5885726, 23.1043581 ], [ 105.5889967, 23.1025952 ], [ 105.5891357, 23.1018754 ], [ 105.5893952, 23.1001134 ], [ 105.5894969, 23.0983352 ], [ 105.5895075, 23.0974938 ], [ 105.5894818, 23.0970232 ], [ 105.5930941, 23.0975774 ], [ 105.5959129, 23.0978076 ], [ 105.6011601, 23.0978638 ], [ 105.60343, 23.097759 ], [ 105.6056733, 23.0973974 ], [ 105.6069491, 23.0971166 ], [ 105.6088574, 23.0965964 ], [ 105.610705, 23.0958903 ], [ 105.6124738, 23.0950052 ], [ 105.6142001, 23.0940317 ], [ 105.6152588, 23.0950345 ], [ 105.6165713, 23.0961737 ], [ 105.6179777, 23.0971946 ], [ 105.6194674, 23.0980895 ], [ 105.621679, 23.0992906 ], [ 105.623133, 23.1000056 ], [ 105.6246402, 23.1006006 ], [ 105.6281239, 23.1018151 ], [ 105.6300498, 23.1023798 ], [ 105.6320227, 23.1027487 ], [ 105.6340226, 23.1029181 ], [ 105.6402223, 23.1031306 ], [ 105.6419102, 23.1031171 ], [ 105.6435909, 23.1029615 ], [ 105.6466175, 23.1025517 ], [ 105.6483127, 23.1022473 ], [ 105.6499755, 23.1017982 ], [ 105.6515935, 23.1012077 ], [ 105.6536715, 23.1003462 ], [ 105.6554261, 23.0995168 ], [ 105.657092, 23.0985213 ], [ 105.6586537, 23.097369 ], [ 105.6600962, 23.0960708 ], [ 105.6607244, 23.0953842 ], [ 105.6611775, 23.0953191 ], [ 105.6634735, 23.0948507 ], [ 105.665699, 23.094117 ], [ 105.671132, 23.0919653 ], [ 105.6734271, 23.0908832 ], [ 105.6763089, 23.0892937 ], [ 105.6776165, 23.088506 ], [ 105.6788602, 23.0876208 ], [ 105.6831833, 23.0842882 ], [ 105.6888444, 23.0837555 ], [ 105.6917042, 23.0837528 ], [ 105.6928196, 23.0850918 ], [ 105.6932865, 23.0855969 ], [ 105.6948527, 23.0871159 ], [ 105.696575, 23.0884552 ], [ 105.6984329, 23.089599 ], [ 105.7004044, 23.0905336 ], [ 105.700875, 23.090726 ], [ 105.7028799, 23.0914239 ], [ 105.7049474, 23.0919054 ], [ 105.7070543, 23.0921651 ], [ 105.7091769, 23.0922 ], [ 105.7112912, 23.0920097 ], [ 105.7116972, 23.0919513 ], [ 105.7135083, 23.0916049 ], [ 105.7152797, 23.0910932 ], [ 105.7169966, 23.0904205 ], [ 105.7186441, 23.0895926 ], [ 105.7202084, 23.0886165 ], [ 105.7216762, 23.0875004 ], [ 105.7225632, 23.086759 ], [ 105.7240569, 23.0853754 ], [ 105.7242294, 23.0851795 ], [ 105.7246644, 23.0851035 ], [ 105.7264368, 23.0847104 ], [ 105.7281662, 23.0841582 ], [ 105.7298383, 23.0834515 ], [ 105.7314396, 23.0825961 ], [ 105.7329566, 23.081599 ], [ 105.7332972, 23.0813523 ], [ 105.7349025, 23.0800584 ], [ 105.736366, 23.078606 ], [ 105.7376722, 23.0770108 ], [ 105.7388073, 23.0752895 ], [ 105.739759, 23.0734605 ], [ 105.7405175, 23.0715432 ], [ 105.7407276, 23.0709199 ], [ 105.7411234, 23.0695962 ], [ 105.7419828, 23.0663131 ], [ 105.7424644, 23.0644729 ], [ 105.7425675, 23.0640789 ], [ 105.7428942, 23.0637501 ], [ 105.744035, 23.0625004 ], [ 105.7450661, 23.0611586 ], [ 105.7455194, 23.0604522 ], [ 105.7504122, 23.0599088 ], [ 105.7505681, 23.0598909 ], [ 105.7534764, 23.0595448 ], [ 105.7551618, 23.0592708 ], [ 105.7568177, 23.0588541 ], [ 105.7582411, 23.0584305 ], [ 105.7599968, 23.0578178 ], [ 105.7616881, 23.0570446 ], [ 105.7633002, 23.0561178 ], [ 105.7648193, 23.0550452 ], [ 105.7662322, 23.0538361 ], [ 105.7675267, 23.0525011 ], [ 105.7680743, 23.0518811 ], [ 105.7693172, 23.0503239 ], [ 105.770399, 23.0486508 ], [ 105.7709932, 23.0474934 ], [ 105.7720313, 23.0471491 ], [ 105.7729565, 23.0468167 ], [ 105.781776, 23.0434017 ], [ 105.7830991, 23.0428338 ], [ 105.785774, 23.0415698 ], [ 105.7859567, 23.0414835 ], [ 105.7877366, 23.0405289 ], [ 105.7893689, 23.0395443 ], [ 105.7908898, 23.0385293 ], [ 105.7923118, 23.0373795 ], [ 105.7936227, 23.0361047 ], [ 105.7948118, 23.0347155 ], [ 105.796457, 23.0326052 ], [ 105.7976987, 23.0308201 ], [ 105.7987394, 23.0289107 ], [ 105.8012495, 23.0236423 ], [ 105.8032771, 23.0202349 ], [ 105.8039438, 23.0191143 ], [ 105.8040965, 23.0189892 ], [ 105.8051952, 23.0180184 ], [ 105.8055587, 23.0176727 ], [ 105.8071298, 23.018429 ], [ 105.8089179, 23.0190884 ], [ 105.8107606, 23.0195747 ], [ 105.8126413, 23.0198834 ], [ 105.8145428, 23.0200116 ], [ 105.8220829, 23.02016 ], [ 105.8240399, 23.0201027 ], [ 105.8259818, 23.0198543 ], [ 105.8278901, 23.0194173 ], [ 105.8297466, 23.0187957 ], [ 105.8315334, 23.0179957 ], [ 105.8332334, 23.0170247 ], [ 105.8348304, 23.0158923 ], [ 105.836309, 23.0146091 ], [ 105.837655, 23.0131874 ], [ 105.8388556, 23.011641 ], [ 105.839444, 23.0107072 ], [ 105.8400997, 23.0102989 ], [ 105.8414122, 23.0094075 ], [ 105.8436201, 23.0077763 ], [ 105.8456539, 23.0060528 ], [ 105.8459528, 23.0057632 ], [ 105.8459788, 23.0057666 ], [ 105.8479213, 23.0058312 ], [ 105.8498609, 23.005707 ], [ 105.8517793, 23.005395 ], [ 105.8536584, 23.0048984 ], [ 105.8554803, 23.0042217 ], [ 105.857228, 23.0033713 ], [ 105.8588849, 23.0023553 ], [ 105.8604354, 23.0011833 ], [ 105.8657312, 22.9967598 ], [ 105.8671697, 22.9954335 ], [ 105.8684718, 22.993973 ], [ 105.8696249, 22.9923922 ], [ 105.870618, 22.9907063 ], [ 105.8714416, 22.9889315 ], [ 105.8720879, 22.9870846 ], [ 105.8725506, 22.9851835 ], [ 105.8728253, 22.9832462 ], [ 105.8729094, 22.9812914 ], [ 105.8728021, 22.9793377 ], [ 105.8725044, 22.9774038 ], [ 105.8720192, 22.9755083 ], [ 105.871351, 22.9736692 ], [ 105.8707655, 22.9724456 ], [ 105.8708027, 22.9723559 ], [ 105.8710527, 22.9716424 ], [ 105.8728458, 22.966525 ], [ 105.8755054, 22.9591412 ], [ 105.8771319, 22.960261 ], [ 105.8789011, 22.961232 ], [ 105.8807591, 22.9620198 ], [ 105.8826871, 22.9626163 ], [ 105.8846654, 22.9630155 ], [ 105.8858157, 22.9631288 ], [ 105.8860336, 22.9633041 ], [ 105.8867073, 22.9637823 ], [ 105.8886028, 22.9649741 ], [ 105.8892856, 22.9653518 ], [ 105.8908164, 22.966115 ], [ 105.8924068, 22.9667446 ], [ 105.8940452, 22.967236 ], [ 105.8951296, 22.9675113 ], [ 105.8970018, 22.9678924 ], [ 105.8989019, 22.9680932 ], [ 105.8995335, 22.9680993 ], [ 105.9017073, 22.9701964 ], [ 105.9030025, 22.9713421 ], [ 105.9043919, 22.9723716 ], [ 105.9051874, 22.9729094 ], [ 105.9068541, 22.9739214 ], [ 105.9086115, 22.9747664 ], [ 105.9104428, 22.9754362 ], [ 105.9123306, 22.9759244 ], [ 105.914257, 22.9762266 ], [ 105.9162036, 22.9763396 ], [ 105.916776, 22.9763449 ], [ 105.9186056, 22.9762781 ], [ 105.9204214, 22.9760442 ], [ 105.9212816, 22.9758931 ], [ 105.9233272, 22.9754219 ], [ 105.9253121, 22.9747389 ], [ 105.9272146, 22.9738517 ], [ 105.9278831, 22.9734497 ], [ 105.9285783, 22.9733619 ], [ 105.9294385, 22.9732108 ], [ 105.9316104, 22.972703 ], [ 105.9337124, 22.9719565 ], [ 105.9357181, 22.9709806 ], [ 105.9364667, 22.9705632 ], [ 105.9381396, 22.9695191 ], [ 105.9397016, 22.9683153 ], [ 105.9411375, 22.9669635 ], [ 105.9414856, 22.9665641 ], [ 105.9424356, 22.9673808 ], [ 105.9439698, 22.9684669 ], [ 105.9455992, 22.9694042 ], [ 105.9473093, 22.9701844 ], [ 105.9490852, 22.9708006 ], [ 105.9500028, 22.9710714 ], [ 105.951801, 22.9715127 ], [ 105.9536323, 22.9717859 ], [ 105.9554809, 22.9718885 ], [ 105.9581713, 22.9719131 ], [ 105.9595734, 22.9718767 ], [ 105.9642497, 22.9715911 ], [ 105.9657959, 22.9714362 ], [ 105.9697669, 22.9708818 ], [ 105.9712889, 22.9706089 ], [ 105.9776054, 22.9692226 ], [ 105.9792646, 22.9687831 ], [ 105.9804397, 22.9684171 ], [ 105.9808925, 22.9701669 ], [ 105.9814282, 22.9719065 ], [ 105.9821199, 22.9735902 ], [ 105.9833479, 22.976231 ], [ 105.9827176, 22.9778452 ], [ 105.9813765, 22.9807923 ], [ 105.9805302, 22.9829858 ], [ 105.9801343, 22.9842242 ], [ 105.9796229, 22.9861498 ], [ 105.9793056, 22.9881167 ], [ 105.9791856, 22.9901055 ], [ 105.979168, 22.9917909 ], [ 105.9792589, 22.9939156 ], [ 105.9795749, 22.9960186 ], [ 105.9797572, 22.9969073 ], [ 105.9802744, 22.9989011 ], [ 105.980994, 23.0008311 ], [ 105.9819083, 23.0026769 ], [ 105.9830075, 23.0044188 ], [ 105.9842801, 23.0060384 ], [ 105.9857126, 23.0075186 ], [ 105.9872896, 23.0088436 ], [ 105.9877647, 23.0092027 ], [ 105.9892329, 23.0102128 ], [ 105.9907851, 23.0110882 ], [ 105.992409, 23.011822 ], [ 105.9940919, 23.0124084 ], [ 105.9958202, 23.0128426 ], [ 105.9976358, 23.0132136 ], [ 105.9996834, 23.0135226 ], [ 106.0017519, 23.0136182 ], [ 106.0065543, 23.0135913 ], [ 106.007728, 23.0135502 ], [ 106.0103995, 23.0133781 ], [ 106.0118703, 23.0132286 ], [ 106.012152, 23.0131894 ], [ 106.0148332, 23.0128163 ], [ 106.0155453, 23.0127041 ], [ 106.0157009, 23.0126767 ], [ 106.0161864, 23.0125911 ], [ 106.0162433, 23.0125876 ], [ 106.0170184, 23.0125827 ], [ 106.0170495, 23.0125934 ], [ 106.0189075, 23.0133184 ], [ 106.0207004, 23.0139219 ], [ 106.0225422, 23.0143534 ], [ 106.0244167, 23.0146089 ], [ 106.0260658, 23.0146763 ], [ 106.0326853, 23.0151088 ], [ 106.0340129, 23.0151513 ], [ 106.036364, 23.0151485 ], [ 106.0381745, 23.0150642 ], [ 106.0386279, 23.0150016 ], [ 106.0394891, 23.0153583 ], [ 106.0413947, 23.0159333 ], [ 106.043348, 23.016316 ], [ 106.0453297, 23.0165027 ], [ 106.0473202, 23.0164915 ], [ 106.0483261, 23.0164357 ], [ 106.0506737, 23.0161656 ], [ 106.0529731, 23.0156206 ], [ 106.0545957, 23.0151331 ], [ 106.0569545, 23.0145267 ], [ 106.0588775, 23.0139276 ], [ 106.0589612, 23.0138919 ], [ 106.0613271, 23.0150499 ], [ 106.0639196, 23.0165496 ], [ 106.0660325, 23.0176105 ], [ 106.0697381, 23.0192042 ], [ 106.0718109, 23.019963 ], [ 106.0734487, 23.020462 ], [ 106.0741957, 23.0206739 ], [ 106.0749935, 23.0208835 ], [ 106.0768772, 23.0212825 ], [ 106.0787905, 23.0214986 ], [ 106.0806761, 23.02162 ], [ 106.0825393, 23.0216529 ], [ 106.0843975, 23.0215123 ], [ 106.0855561, 23.0213701 ], [ 106.0876149, 23.0210074 ], [ 106.0896246, 23.0204317 ], [ 106.0915632, 23.0196494 ], [ 106.0934095, 23.018669 ], [ 106.0951435, 23.0175012 ], [ 106.0965845, 23.0164171 ], [ 106.0970804, 23.0159999 ], [ 106.0983783, 23.0156766 ], [ 106.1004057, 23.0149314 ], [ 106.1023408, 23.013972 ], [ 106.1026546, 23.0137947 ], [ 106.1031534, 23.0135127 ], [ 106.1049395, 23.0123741 ], [ 106.106167, 23.0113946 ], [ 106.1080615, 23.0113869 ], [ 106.1100956, 23.0111696 ], [ 106.1109507, 23.0110337 ], [ 106.1154914, 23.0105385 ], [ 106.1167149, 23.0103421 ], [ 106.1171177, 23.0107024 ], [ 106.1186993, 23.0118596 ], [ 106.1201054, 23.0127862 ], [ 106.1202742, 23.0128962 ], [ 106.1220847, 23.0140633 ], [ 106.1238004, 23.0150527 ], [ 106.1256056, 23.0158675 ], [ 106.1274825, 23.0164997 ], [ 106.1294128, 23.0169432 ], [ 106.1299432, 23.0170377 ], [ 106.1317615, 23.0172763 ], [ 106.133594, 23.0173473 ], [ 106.1345473, 23.0173405 ], [ 106.1347958, 23.0173372 ], [ 106.1427391, 23.0171818 ], [ 106.1449369, 23.0170173 ], [ 106.1471032, 23.0166121 ], [ 106.1492118, 23.0159709 ], [ 106.1505846, 23.0154693 ], [ 106.1524022, 23.0147015 ], [ 106.1541353, 23.0137584 ], [ 106.1550116, 23.0131627 ], [ 106.1561785, 23.0132451 ], [ 106.1583358, 23.0131642 ], [ 106.1604719, 23.0128512 ], [ 106.1625618, 23.0123098 ], [ 106.1632409, 23.0120941 ], [ 106.1640236, 23.0118699 ], [ 106.1659544, 23.0112085 ], [ 106.1678077, 23.0103538 ], [ 106.1695643, 23.0093146 ], [ 106.1712058, 23.0081019 ], [ 106.1726665, 23.0067723 ], [ 106.1733357, 23.0072128 ], [ 106.1752069, 23.0081794 ], [ 106.1771695, 23.0089439 ], [ 106.1792016, 23.0094978 ], [ 106.1812806, 23.0098349 ], [ 106.1821287, 23.0099269 ], [ 106.1822797, 23.009935 ], [ 106.1823313, 23.0099658 ], [ 106.1843631, 23.0108897 ], [ 106.1851071, 23.0111791 ], [ 106.1869008, 23.0117808 ], [ 106.1887433, 23.0122103 ], [ 106.1906181, 23.0124638 ], [ 106.1925086, 23.012539 ], [ 106.1943092, 23.0125254 ], [ 106.1964777, 23.012391 ], [ 106.198619, 23.0120222 ], [ 106.2007075, 23.0114232 ], [ 106.2027188, 23.0106013 ], [ 106.2039846, 23.0100018 ], [ 106.2058268, 23.0090081 ], [ 106.207555, 23.0078273 ], [ 106.2091504, 23.0064724 ], [ 106.2109362, 23.0047872 ], [ 106.2125163, 23.0031141 ], [ 106.2138937, 23.0012705 ], [ 106.2148935, 22.9997581 ], [ 106.2162594, 22.9985071 ], [ 106.2176595, 22.9970593 ], [ 106.2188934, 22.995658 ], [ 106.2199912, 22.9941478 ], [ 106.2209434, 22.9925417 ], [ 106.2210572, 22.9923276 ], [ 106.2221349, 22.9903 ], [ 106.2229253, 22.9899909 ], [ 106.2247779, 22.9890333 ], [ 106.2265207, 22.987888 ], [ 106.2272731, 22.9873353 ], [ 106.2274688, 22.9871915 ], [ 106.2291346, 22.9858235 ], [ 106.2306434, 22.9842842 ], [ 106.2317904, 22.9828293 ], [ 106.2324877, 22.9823961 ], [ 106.2332245, 22.9818988 ], [ 106.2348394, 22.9806858 ], [ 106.2363238, 22.9793161 ], [ 106.2376624, 22.9778037 ], [ 106.2388416, 22.9761639 ], [ 106.2395196, 22.9749865 ], [ 106.2409288, 22.9743844 ], [ 106.242834, 22.9734478 ], [ 106.2446293, 22.9723145 ], [ 106.2462943, 22.9709974 ], [ 106.246895, 22.970468 ], [ 106.2478713, 22.9696074 ], [ 106.2483784, 22.9691447 ], [ 106.2494283, 22.9681532 ], [ 106.2508121, 22.9667088 ], [ 106.2520447, 22.9651334 ], [ 106.2531138, 22.9634427 ], [ 106.2540086, 22.9616537 ], [ 106.2547203, 22.9597843 ], [ 106.2549276, 22.9590165 ], [ 106.2550043, 22.9589696 ], [ 106.2565852, 22.9577744 ], [ 106.25804, 22.9564286 ], [ 106.2593545, 22.9549454 ], [ 106.2605157, 22.9533394 ], [ 106.261351, 22.9520546 ], [ 106.2623335, 22.9503687 ], [ 106.2631471, 22.9485951 ], [ 106.2637839, 22.9467506 ], [ 106.264238, 22.9448529 ], [ 106.264505, 22.9429199 ], [ 106.2645824, 22.9409701 ], [ 106.2645757, 22.9402447 ], [ 106.2651738, 22.9399494 ], [ 106.2667293, 22.9389959 ], [ 106.2681914, 22.9379045 ], [ 106.269548, 22.9366845 ], [ 106.2725684, 22.933708 ], [ 106.2739141, 22.932243 ], [ 106.2751076, 22.9306515 ], [ 106.2757463, 22.9297052 ], [ 106.2768037, 22.9279512 ], [ 106.2776761, 22.9260982 ], [ 106.2783544, 22.9241657 ], [ 106.2788316, 22.922174 ], [ 106.2791026, 22.9201439 ], [ 106.2791645, 22.9180968 ], [ 106.2790167, 22.916054 ], [ 106.2789402, 22.9156205 ], [ 106.279752, 22.9149706 ], [ 106.2811535, 22.9136036 ], [ 106.2824146, 22.912106 ], [ 106.2835233, 22.9104923 ], [ 106.2844689, 22.908778 ], [ 106.2847899, 22.908122 ], [ 106.2855016, 22.9064865 ], [ 106.2860648, 22.904794 ], [ 106.286475, 22.9030581 ], [ 106.2867289, 22.9012926 ], [ 106.2867802, 22.9003375 ], [ 106.2903627, 22.8973425 ], [ 106.2909167, 22.8968324 ], [ 106.2913663, 22.8968359 ], [ 106.2934009, 22.896748 ], [ 106.2954159, 22.8964536 ], [ 106.2966277, 22.896213 ], [ 106.2975452, 22.8960309 ], [ 106.299666, 22.8954877 ], [ 106.3017147, 22.894716 ], [ 106.3021766, 22.8945125 ], [ 106.304794, 22.893359 ], [ 106.3065159, 22.8926001 ], [ 106.3073253, 22.8934236 ], [ 106.3087948, 22.8946565 ], [ 106.3094345, 22.8951429 ], [ 106.3109834, 22.8962095 ], [ 106.3126256, 22.8971259 ], [ 106.3143466, 22.897884 ], [ 106.3161311, 22.8984772 ], [ 106.3179636, 22.8989001 ], [ 106.3198276, 22.899149 ], [ 106.3217067, 22.8992217 ], [ 106.3223416, 22.8992164 ], [ 106.3242109, 22.8991132 ], [ 106.3260624, 22.8988356 ], [ 106.3278798, 22.8983861 ], [ 106.3296472, 22.8977687 ], [ 106.3313491, 22.8969887 ], [ 106.3329706, 22.896053 ], [ 106.3344976, 22.8949698 ], [ 106.3359165, 22.8937485 ], [ 106.3361263, 22.8935501 ], [ 106.3365169, 22.8931706 ], [ 106.3384035, 22.8912866 ], [ 106.3385863, 22.8911016 ], [ 106.3408839, 22.8887467 ], [ 106.3423583, 22.8872356 ], [ 106.3433598, 22.8861295 ], [ 106.3440061, 22.8853598 ], [ 106.3441028, 22.8857965 ], [ 106.3446189, 22.8876843 ], [ 106.345317, 22.8895127 ], [ 106.3461905, 22.8912641 ], [ 106.347231, 22.8929217 ], [ 106.3484285, 22.8944697 ], [ 106.3497716, 22.8958932 ], [ 106.3512474, 22.8971787 ], [ 106.3528418, 22.8983137 ], [ 106.3545395, 22.8992875 ], [ 106.362861, 22.9035337 ], [ 106.3647662, 22.9043837 ], [ 106.3667496, 22.9050306 ], [ 106.3687895, 22.9054674 ], [ 106.3708639, 22.9056893 ], [ 106.3729501, 22.9056939 ], [ 106.3750255, 22.9054812 ], [ 106.3776432, 22.905074 ], [ 106.3779879, 22.9049978 ], [ 106.3789609, 22.9052206 ], [ 106.3808141, 22.9054659 ], [ 106.382682, 22.905537 ], [ 106.383317, 22.9055315 ], [ 106.3850449, 22.9054417 ], [ 106.3905681, 22.9049143 ], [ 106.3921525, 22.9046988 ], [ 106.393395, 22.9044789 ], [ 106.3952053, 22.9040711 ], [ 106.3969701, 22.9034973 ], [ 106.3985405, 22.9028199 ], [ 106.3989327, 22.9028259 ], [ 106.3998248, 22.9035324 ], [ 106.400793, 22.9042179 ], [ 106.4020279, 22.9050256 ], [ 106.403319, 22.90574 ], [ 106.4137451, 22.9110164 ], [ 106.415544, 22.9118181 ], [ 106.417413, 22.9124389 ], [ 106.419334, 22.912873 ], [ 106.4212884, 22.913116 ], [ 106.4232573, 22.9131656 ], [ 106.4252214, 22.9130213 ], [ 106.4271619, 22.9126846 ], [ 106.4277474, 22.912553 ], [ 106.427805, 22.9125369 ], [ 106.4279125, 22.9127447 ], [ 106.4288872, 22.914424 ], [ 106.4300202, 22.9160008 ], [ 106.4305987, 22.9167286 ], [ 106.431801, 22.9181068 ], [ 106.4331242, 22.9193694 ], [ 106.4345572, 22.9205059 ], [ 106.436088, 22.9215067 ], [ 106.4368635, 22.9219645 ], [ 106.4384593, 22.9228118 ], [ 106.4401251, 22.9235116 ], [ 106.4418473, 22.9240582 ], [ 106.4436117, 22.9244472 ], [ 106.445404, 22.9246753 ], [ 106.4474125, 22.9248392 ], [ 106.4492214, 22.9249047 ], [ 106.4522173, 22.9248774 ], [ 106.454167, 22.9247643 ], [ 106.4560962, 22.9244615 ], [ 106.4573104, 22.9241472 ], [ 106.4585886, 22.9255176 ], [ 106.460052, 22.9268078 ], [ 106.461634, 22.9279494 ], [ 106.4633198, 22.9289313 ], [ 106.4650932, 22.9297443 ], [ 106.4669373, 22.9303807 ], [ 106.4688347, 22.9308344 ], [ 106.4707673, 22.931101 ], [ 106.4727167, 22.9311781 ], [ 106.4737751, 22.9311683 ], [ 106.4759451, 22.93103 ], [ 106.4774754, 22.9307636 ], [ 106.4772863, 22.9323873 ], [ 106.4772334, 22.9340786 ], [ 106.477241, 22.9347667 ], [ 106.4773462, 22.9366065 ], [ 106.4776204, 22.9384288 ], [ 106.4780611, 22.9402182 ], [ 106.4786646, 22.9419594 ], [ 106.4794258, 22.9436376 ], [ 106.4803382, 22.9452387 ], [ 106.4813942, 22.946749 ], [ 106.482146, 22.9477252 ], [ 106.4835687, 22.9493777 ], [ 106.4851629, 22.9508656 ], [ 106.4869097, 22.952171 ], [ 106.4887881, 22.9532786 ], [ 106.4895334, 22.9536649 ], [ 106.4911471, 22.9544122 ], [ 106.4914038, 22.9545044 ], [ 106.4917893, 22.9553231 ], [ 106.4927369, 22.9569282 ], [ 106.493674, 22.9583588 ], [ 106.494884, 22.9600142 ], [ 106.4962572, 22.961537 ], [ 106.4977791, 22.9629113 ], [ 106.4994336, 22.9641224 ], [ 106.5012036, 22.9651578 ], [ 106.501949, 22.965544 ], [ 106.5037868, 22.9663814 ], [ 106.5056996, 22.9670291 ], [ 106.5076681, 22.9674806 ], [ 106.509672, 22.9677313 ], [ 106.5108491, 22.9678185 ], [ 106.5121397, 22.9678573 ], [ 106.5125013, 22.9680181 ], [ 106.5143183, 22.9686256 ], [ 106.5161852, 22.9690563 ], [ 106.5180847, 22.9693065 ], [ 106.5191445, 22.9693947 ], [ 106.5209948, 22.9694627 ], [ 106.5239591, 22.9694343 ], [ 106.5261264, 22.9692956 ], [ 106.5282658, 22.9689228 ], [ 106.5303522, 22.9683201 ], [ 106.5315123, 22.9679156 ], [ 106.5332631, 22.9672109 ], [ 106.5349397, 22.9663442 ], [ 106.5365271, 22.9653234 ], [ 106.5380112, 22.9641575 ], [ 106.5386576, 22.9635427 ], [ 106.5401741, 22.9632761 ], [ 106.5419817, 22.9631728 ], [ 106.5438534, 22.9628865 ], [ 106.5456897, 22.9624245 ], [ 106.5474741, 22.961791 ], [ 106.5491905, 22.9609915 ], [ 106.5508237, 22.9600332 ], [ 106.5523589, 22.9589249 ], [ 106.5537824, 22.9576763 ], [ 106.5550815, 22.9562987 ], [ 106.5562444, 22.9548044 ], [ 106.5572608, 22.9532068 ], [ 106.5581216, 22.9515203 ], [ 106.558413, 22.9508757 ], [ 106.559158, 22.9489746 ], [ 106.5597053, 22.9470075 ], [ 106.5600492, 22.9449949 ], [ 106.5601542, 22.9434324 ], [ 106.5607562, 22.9431825 ], [ 106.562152, 22.9438727 ], [ 106.56398, 22.9445639 ], [ 106.5666364, 22.9454225 ], [ 106.5667493, 22.9454586 ], [ 106.5685555, 22.9460306 ], [ 106.5688717, 22.9461279 ], [ 106.5697677, 22.9463954 ], [ 106.5704649, 22.9470292 ], [ 106.5726594, 22.9487601 ], [ 106.5739399, 22.9496322 ], [ 106.5755433, 22.9506171 ], [ 106.5772321, 22.9514469 ], [ 106.5789915, 22.9521144 ], [ 106.5813294, 22.9528776 ], [ 106.5832818, 22.9534073 ], [ 106.5852777, 22.9537371 ], [ 106.5884579, 22.9540985 ], [ 106.5905133, 22.9542254 ], [ 106.5925709, 22.9541402 ], [ 106.5946088, 22.9538439 ], [ 106.5966054, 22.9533397 ], [ 106.5985396, 22.9526328 ], [ 106.6003909, 22.9517307 ], [ 106.6021396, 22.9506431 ], [ 106.6047277, 22.9488422 ], [ 106.6053928, 22.9485125 ], [ 106.6054531, 22.9484925 ], [ 106.6077426, 22.9477617 ], [ 106.6102736, 22.9467594 ], [ 106.6115368, 22.9461567 ], [ 106.6132731, 22.9452204 ], [ 106.6149088, 22.9441177 ], [ 106.6164279, 22.9428592 ], [ 106.6178156, 22.9414571 ], [ 106.6190584, 22.9399252 ], [ 106.6201443, 22.9382783 ], [ 106.6210626, 22.9365324 ], [ 106.621147, 22.9363507 ], [ 106.6237713, 22.9316905 ], [ 106.6246852, 22.9298528 ], [ 106.6252005, 22.9286678 ], [ 106.6258411, 22.9269933 ], [ 106.6263291, 22.9252681 ], [ 106.6266606, 22.9235062 ], [ 106.6268331, 22.9217217 ], [ 106.6268873, 22.9206707 ], [ 106.6284823, 22.9199489 ], [ 106.6302109, 22.919063 ], [ 106.6318455, 22.9180137 ], [ 106.6335247, 22.9168167 ], [ 106.6351818, 22.9154977 ], [ 106.6367528, 22.9141052 ], [ 106.6378535, 22.913052 ], [ 106.6388709, 22.9119181 ], [ 106.640436, 22.910034 ], [ 106.641373, 22.9088134 ], [ 106.6431507, 22.9063033 ], [ 106.6444278, 22.905729 ], [ 106.6460525, 22.9048073 ], [ 106.6475841, 22.9037381 ], [ 106.6484611, 22.9029951 ], [ 106.648675, 22.903303 ], [ 106.6498243, 22.904801 ], [ 106.6511098, 22.9061839 ], [ 106.65252, 22.9074394 ], [ 106.6547995, 22.9092836 ], [ 106.6563925, 22.9104472 ], [ 106.6580923, 22.9114483 ], [ 106.6598825, 22.912277 ], [ 106.6617456, 22.9129253 ], [ 106.6636636, 22.9133869 ], [ 106.6656176, 22.9136573 ], [ 106.6675889, 22.9137339 ], [ 106.6686557, 22.9137227 ], [ 106.6707476, 22.9135909 ], [ 106.6728142, 22.9132409 ], [ 106.6748328, 22.9126765 ], [ 106.6764675, 22.9121256 ], [ 106.6770539, 22.9118927 ], [ 106.6808508, 22.9132864 ], [ 106.6829228, 22.9139219 ], [ 106.6850514, 22.9143294 ], [ 106.6866134, 22.9145415 ], [ 106.6895178, 22.9147223 ], [ 106.6905025, 22.9147118 ], [ 106.6927787, 22.9145574 ], [ 106.6950225, 22.9141447 ], [ 106.6963317, 22.9138258 ], [ 106.6982614, 22.9132515 ], [ 106.7001235, 22.912486 ], [ 106.7018993, 22.9115373 ], [ 106.7035707, 22.9104147 ], [ 106.7038085, 22.910237 ], [ 106.7046494, 22.9103345 ], [ 106.7063314, 22.9103872 ], [ 106.7073161, 22.9103766 ], [ 106.7094861, 22.910235 ], [ 106.711628, 22.9098587 ], [ 106.7137163, 22.909252 ], [ 106.7157264, 22.9084221 ], [ 106.7168686, 22.9078761 ], [ 106.7179684, 22.907308 ], [ 106.7199244, 22.9062195 ], [ 106.7217516, 22.9050692 ], [ 106.7234443, 22.9037287 ], [ 106.7249825, 22.9022136 ], [ 106.7260349, 22.9010586 ], [ 106.7272488, 22.8995918 ], [ 106.7283176, 22.8980163 ], [ 106.7292319, 22.8963463 ], [ 106.732242, 22.8901665 ], [ 106.7323727, 22.8899936 ], [ 106.7334416, 22.8882271 ], [ 106.7343226, 22.8863597 ], [ 106.7350065, 22.8844115 ], [ 106.7356361, 22.8822698 ], [ 106.7361051, 22.8803166 ], [ 106.7363759, 22.8783263 ], [ 106.7364474, 22.8774868 ], [ 106.7365191, 22.8756556 ], [ 106.7364228, 22.8738256 ], [ 106.7361595, 22.8720121 ], [ 106.7360717, 22.8715556 ], [ 106.7356937, 22.8699888 ], [ 106.7366436, 22.8695654 ], [ 106.7382746, 22.8687472 ], [ 106.7398243, 22.8677838 ], [ 106.7403173, 22.8674452 ], [ 106.7425572, 22.8659071 ], [ 106.7447905, 22.86474 ], [ 106.7475226, 22.8636304 ], [ 106.7495633, 22.862664 ], [ 106.7514821, 22.8614737 ], [ 106.7532546, 22.8600747 ], [ 106.7630067, 22.8514404 ], [ 106.7668196, 22.8491337 ], [ 106.767329, 22.8489019 ], [ 106.7724221, 22.8471473 ], [ 106.7741195, 22.8464745 ], [ 106.7757483, 22.8456496 ], [ 106.7772952, 22.8446797 ], [ 106.7779809, 22.8442048 ], [ 106.779632, 22.8429288 ], [ 106.7811412, 22.8414878 ], [ 106.7824921, 22.8398973 ], [ 106.7836699, 22.8381748 ], [ 106.7846617, 22.8363389 ], [ 106.7847055, 22.8362325 ], [ 106.7853232, 22.8366368 ], [ 106.786787, 22.8375082 ], [ 106.7883196, 22.8382518 ], [ 106.78991, 22.8388623 ], [ 106.7901178, 22.8389321 ], [ 106.7909222, 22.8392294 ], [ 106.7924114, 22.8397146 ], [ 106.7939341, 22.8400818 ], [ 106.7956266, 22.8404203 ], [ 106.7962504, 22.8405866 ], [ 106.7977239, 22.8409203 ], [ 106.7992183, 22.8411418 ], [ 106.7999254, 22.8412194 ], [ 106.8003455, 22.8412862 ], [ 106.8015375, 22.8414392 ], [ 106.8025834, 22.8415416 ], [ 106.804849, 22.8416343 ], [ 106.8088699, 22.8415706 ], [ 106.8103954, 22.8414881 ], [ 106.8177483, 22.8408079 ], [ 106.8197346, 22.840523 ], [ 106.8216823, 22.8400406 ], [ 106.8235719, 22.8393654 ], [ 106.8253844, 22.8385043 ], [ 106.8271014, 22.8374659 ], [ 106.8287057, 22.8362606 ], [ 106.8301812, 22.8349007 ], [ 106.831513, 22.8333998 ], [ 106.8349694, 22.8290867 ], [ 106.836024, 22.8286714 ], [ 106.8372854, 22.8281048 ], [ 106.8387761, 22.827359 ], [ 106.8401996, 22.8264917 ], [ 106.8410125, 22.8259487 ], [ 106.842033, 22.8252198 ], [ 106.8438331, 22.8238467 ], [ 106.8446874, 22.8232333 ], [ 106.8462723, 22.8219687 ], [ 106.8472305, 22.8211212 ], [ 106.848541, 22.8198509 ], [ 106.8497303, 22.8184664 ], [ 106.8505162, 22.8174622 ], [ 106.851564, 22.815991 ], [ 106.8524748, 22.8144313 ], [ 106.8532411, 22.8127958 ], [ 106.8538568, 22.8110978 ], [ 106.8543169, 22.8093512 ], [ 106.8544197, 22.8088744 ], [ 106.8547248, 22.8070553 ], [ 106.8548612, 22.8052159 ], [ 106.8548274, 22.8033717 ], [ 106.8546239, 22.8015385 ], [ 106.8542524, 22.7997318 ], [ 106.853716, 22.797967 ], [ 106.8535968, 22.7976313 ], [ 106.8528284, 22.7957701 ], [ 106.8518767, 22.7939956 ], [ 106.8512945, 22.7931316 ], [ 106.8513559, 22.7925296 ], [ 106.8513666, 22.7906095 ], [ 106.8511932, 22.7886973 ], [ 106.8508372, 22.7868105 ], [ 106.8503019, 22.7849665 ], [ 106.8495922, 22.7831824 ], [ 106.8487147, 22.7814745 ], [ 106.8476775, 22.7798586 ], [ 106.8464902, 22.7783497 ], [ 106.8451636, 22.7769616 ], [ 106.8437099, 22.7757071 ], [ 106.8421427, 22.7745977 ], [ 106.8404764, 22.7736438 ], [ 106.8395639, 22.773232 ], [ 106.8391665, 22.7716875 ], [ 106.8385595, 22.7699842 ], [ 106.8378013, 22.7683426 ], [ 106.8368978, 22.7667763 ], [ 106.8358566, 22.7652979 ], [ 106.8346861, 22.7639197 ], [ 106.8320066, 22.7610393 ], [ 106.8308123, 22.759859 ], [ 106.8295233, 22.758783 ], [ 106.8280611, 22.7576632 ], [ 106.826585, 22.7566347 ], [ 106.8250226, 22.755743 ], [ 106.8238302, 22.7551319 ], [ 106.823227, 22.7548355 ], [ 106.8190908, 22.7528883 ], [ 106.817587, 22.7518336 ], [ 106.8159021, 22.7507729 ], [ 106.8141199, 22.7498849 ], [ 106.8122584, 22.7491786 ], [ 106.8079863, 22.7477967 ], [ 106.8073967, 22.7475714 ], [ 106.8054397, 22.746937 ], [ 106.8041733, 22.7466663 ], [ 106.8037857, 22.7456818 ], [ 106.8029102, 22.7439647 ], [ 106.8018735, 22.7423399 ], [ 106.8011521, 22.7413211 ], [ 106.7997443, 22.7395539 ], [ 106.7981462, 22.7379567 ], [ 106.7963782, 22.7365499 ], [ 106.7959017, 22.7362129 ], [ 106.7943775, 22.7352354 ], [ 106.7927712, 22.7343997 ], [ 106.7910959, 22.7337127 ], [ 106.7903283, 22.7334764 ], [ 106.7893838, 22.732405 ], [ 106.788242, 22.7313468 ], [ 106.7892197, 22.7300411 ], [ 106.7902034, 22.7284308 ], [ 106.7910309, 22.726735 ], [ 106.791695, 22.7249687 ], [ 106.7919548, 22.7240121 ], [ 106.7921262, 22.7238415 ], [ 106.7934825, 22.7221636 ], [ 106.7946501, 22.7203493 ], [ 106.7952534, 22.7192904 ], [ 106.7962049, 22.7173928 ], [ 106.7969499, 22.715405 ], [ 106.79748, 22.7133495 ], [ 106.7977893, 22.7112494 ], [ 106.7978742, 22.7091283 ], [ 106.7978667, 22.7085545 ], [ 106.7976878, 22.7061343 ], [ 106.7972171, 22.7037536 ], [ 106.7968927, 22.7025137 ], [ 106.7962643, 22.7005368 ], [ 106.7954345, 22.6986357 ], [ 106.7944123, 22.6968307 ], [ 106.7932086, 22.6951413 ], [ 106.7918364, 22.6935857 ], [ 106.7910028, 22.6927341 ], [ 106.7895391, 22.6913809 ], [ 106.7879481, 22.6901801 ], [ 106.7862454, 22.6891436 ], [ 106.784448, 22.6882818 ], [ 106.7825737, 22.6876032 ], [ 106.7786847, 22.6864107 ], [ 106.7787082, 22.6857657 ], [ 106.7786959, 22.6848093 ], [ 106.7785856, 22.6829524 ], [ 106.7783031, 22.6811138 ], [ 106.7778511, 22.6793095 ], [ 106.7772334, 22.6775549 ], [ 106.7770419, 22.6770823 ], [ 106.7754147, 22.6722211 ], [ 106.7751443, 22.6710364 ], [ 106.7746325, 22.6692016 ], [ 106.7739484, 22.6674238 ], [ 106.7730983, 22.6657191 ], [ 106.7720899, 22.6641031 ], [ 106.7709324, 22.6625903 ], [ 106.7696361, 22.6611944 ], [ 106.7682129, 22.6599283 ], [ 106.7672782, 22.6591733 ], [ 106.7660369, 22.6582476 ], [ 106.7633442, 22.6563975 ], [ 106.7620247, 22.6555648 ], [ 106.7606444, 22.6548375 ], [ 106.7576416, 22.653402 ], [ 106.7564999, 22.6529158 ], [ 106.7561382, 22.6516717 ], [ 106.7553468, 22.6497337 ], [ 106.7543572, 22.6478891 ], [ 106.7538729, 22.6470898 ], [ 106.7526796, 22.6453371 ], [ 106.7513073, 22.6437206 ], [ 106.7502911, 22.642753 ], [ 106.7502947, 22.6420855 ], [ 106.7501652, 22.6404252 ], [ 106.7500505, 22.6394698 ], [ 106.7496793, 22.6373494 ], [ 106.7490822, 22.6352811 ], [ 106.7484771, 22.6338035 ], [ 106.748545, 22.6336861 ], [ 106.7487541, 22.6332842 ], [ 106.7495093, 22.6316587 ], [ 106.750116, 22.629972 ], [ 106.7505691, 22.6282378 ], [ 106.7508653, 22.62647 ], [ 106.7509234, 22.6259927 ], [ 106.7510673, 22.6238955 ], [ 106.7509904, 22.6217948 ], [ 106.7506934, 22.6197138 ], [ 106.7501797, 22.6176754 ], [ 106.7494548, 22.6157023 ], [ 106.7493115, 22.6153677 ], [ 106.7488376, 22.6142612 ], [ 106.7484537, 22.6134192 ], [ 106.7473779, 22.6111975 ], [ 106.7473388, 22.6111165 ], [ 106.7471106, 22.6106968 ], [ 106.7473387, 22.6101895 ], [ 106.7481944, 22.6079305 ], [ 106.7488396, 22.605857 ], [ 106.7499486, 22.602293 ], [ 106.7504566, 22.6003068 ], [ 106.7507585, 22.5982791 ], [ 106.7508513, 22.5962311 ], [ 106.750734, 22.5941843 ], [ 106.7504078, 22.5921603 ], [ 106.749876, 22.5901804 ], [ 106.7491444, 22.5882653 ], [ 106.7482205, 22.5864351 ], [ 106.7476846, 22.5854964 ], [ 106.7464711, 22.5836221 ], [ 106.7450562, 22.5818947 ], [ 106.7442338, 22.5809979 ], [ 106.7421703, 22.5790462 ], [ 106.7414513, 22.578457 ], [ 106.7413837, 22.5784015 ], [ 106.7402777, 22.5774954 ], [ 106.7398834, 22.5771805 ], [ 106.7349918, 22.5733749 ], [ 106.7313979, 22.5705787 ], [ 106.7294834, 22.5692604 ], [ 106.7171082, 22.5617596 ], [ 106.7148806, 22.5604094 ], [ 106.71317, 22.5594832 ], [ 106.7113775, 22.5587276 ], [ 106.7095201, 22.5581497 ], [ 106.7076153, 22.5577549 ], [ 106.7056812, 22.5575471 ], [ 106.7048071, 22.557496 ], [ 106.7027189, 22.5574831 ], [ 106.7006407, 22.5576881 ], [ 106.6985953, 22.5581086 ], [ 106.6966048, 22.5587401 ], [ 106.6941533, 22.5596613 ], [ 106.6924226, 22.5604064 ], [ 106.6885766, 22.5622818 ], [ 106.6884721, 22.5622557 ], [ 106.6865143, 22.5619675 ], [ 106.6850198, 22.5618226 ], [ 106.6833038, 22.5617304 ], [ 106.6815864, 22.5617859 ], [ 106.67988, 22.5619885 ], [ 106.6781973, 22.5623369 ], [ 106.6764703, 22.5627726 ], [ 106.6755479, 22.5630435 ], [ 106.6731348, 22.5615979 ], [ 106.6724354, 22.5611978 ], [ 106.6696428, 22.5596742 ], [ 106.6679744, 22.558862 ], [ 106.6662378, 22.558208 ], [ 106.6644482, 22.5577176 ], [ 106.6626208, 22.5573953 ], [ 106.6590528, 22.5569354 ], [ 106.65629, 22.5567724 ], [ 106.6531059, 22.5568052 ], [ 106.6504701, 22.557007 ], [ 106.6475986, 22.5574192 ], [ 106.6465765, 22.5575931 ], [ 106.6446385, 22.5579747 ], [ 106.6429883, 22.5582997 ], [ 106.640885, 22.558834 ], [ 106.6388519, 22.5595931 ], [ 106.636913, 22.5605679 ], [ 106.6358927, 22.5611523 ], [ 106.6341669, 22.5622621 ], [ 106.6325639, 22.5635428 ], [ 106.6311006, 22.5649811 ], [ 106.6297923, 22.5665617 ], [ 106.6286528, 22.5682681 ], [ 106.6282409, 22.5690477 ], [ 106.6273558, 22.5695425 ], [ 106.6258263, 22.5705948 ], [ 106.624401, 22.5717843 ], [ 106.6241254, 22.5720615 ], [ 106.6235562, 22.5711274 ], [ 106.6224505, 22.569642 ], [ 106.6217142, 22.5688234 ], [ 106.6218235, 22.5680411 ], [ 106.6219009, 22.5660378 ], [ 106.6218698, 22.5633447 ], [ 106.6217636, 22.5615051 ], [ 106.6214887, 22.5596831 ], [ 106.6210472, 22.5578942 ], [ 106.6204429, 22.5561535 ], [ 106.6191666, 22.5529599 ], [ 106.6183182, 22.5511147 ], [ 106.617287, 22.5493651 ], [ 106.6151845, 22.5461795 ], [ 106.6138099, 22.5443367 ], [ 106.6122329, 22.5426638 ], [ 106.6100293, 22.5405803 ], [ 106.6087297, 22.5394534 ], [ 106.6078188, 22.5387916 ], [ 106.6078027, 22.5385167 ], [ 106.6075158, 22.5366542 ], [ 106.6067767, 22.5330073 ], [ 106.6061646, 22.5307026 ], [ 106.6050236, 22.5272509 ], [ 106.6045824, 22.5260473 ], [ 106.6028821, 22.5218315 ], [ 106.6020599, 22.5200501 ], [ 106.5995263, 22.5152013 ], [ 106.5987731, 22.5139253 ], [ 106.5979817, 22.50567 ], [ 106.5984762, 22.5044692 ], [ 106.5993654, 22.5017854 ], [ 106.6005623, 22.497082 ], [ 106.6009915, 22.4948891 ], [ 106.6020449, 22.4872709 ], [ 106.6023294, 22.4852134 ], [ 106.6026946, 22.4825725 ], [ 106.6028187, 22.4814376 ], [ 106.6029256, 22.4801099 ], [ 106.6029888, 22.478278 ], [ 106.6029817, 22.4776519 ], [ 106.6028952, 22.4760071 ], [ 106.6028406, 22.4754262 ], [ 106.6026619, 22.4740436 ], [ 106.6025588, 22.4734184 ], [ 106.6021221, 22.4714158 ], [ 106.6014827, 22.4694684 ], [ 106.6006474, 22.4675967 ], [ 106.6003528, 22.4670182 ], [ 106.5994884, 22.4654905 ], [ 106.5984933, 22.4640444 ], [ 106.5973753, 22.4626912 ], [ 106.5966948, 22.4619375 ], [ 106.594851, 22.4601424 ], [ 106.5940866, 22.4594885 ], [ 106.5932142, 22.45874 ], [ 106.5928073, 22.4583906 ], [ 106.5920323, 22.457725 ], [ 106.5920312, 22.4577241 ], [ 106.5919273, 22.4575955 ], [ 106.5906143, 22.4562515 ], [ 106.5891811, 22.4550366 ], [ 106.5887617, 22.4547137 ], [ 106.5870793, 22.4535504 ], [ 106.5852869, 22.4525651 ], [ 106.5834032, 22.4517679 ], [ 106.5814479, 22.4511673 ], [ 106.5794416, 22.4507696 ], [ 106.5788732, 22.4507164 ], [ 106.5787047, 22.4503374 ], [ 106.5784969, 22.4498868 ], [ 106.5782818, 22.4491707 ], [ 106.5778165, 22.4476243 ], [ 106.5777814, 22.4472364 ], [ 106.5777545, 22.4455146 ], [ 106.5786274, 22.4446352 ], [ 106.5796559, 22.4435186 ], [ 106.5808304, 22.4421203 ], [ 106.5818726, 22.4406208 ], [ 106.5827736, 22.4390324 ], [ 106.583526, 22.4373685 ], [ 106.5841235, 22.4356428 ], [ 106.5845611, 22.4338699 ], [ 106.5848352, 22.4320644 ], [ 106.584995, 22.4305478 ], [ 106.5851022, 22.4287909 ], [ 106.5850546, 22.4270314 ], [ 106.5848524, 22.4252829 ], [ 106.5844337, 22.4226741 ], [ 106.5841033, 22.4206153 ], [ 106.5856583, 22.4188823 ], [ 106.5888655, 22.415308 ], [ 106.5894728, 22.4146312 ], [ 106.5902917, 22.4136578 ], [ 106.5909454, 22.4128287 ], [ 106.5931576, 22.4100228 ], [ 106.5935349, 22.4096006 ], [ 106.5946754, 22.4082018 ], [ 106.5956853, 22.4067059 ], [ 106.5968415, 22.4048144 ], [ 106.5984482, 22.4022554 ], [ 106.5991716, 22.4010053 ], [ 106.6012113, 22.3971668 ], [ 106.602001, 22.3954993 ], [ 106.6030191, 22.3930651 ], [ 106.6038593, 22.3910566 ], [ 106.6045883, 22.3890073 ], [ 106.6050905, 22.3868909 ], [ 106.6051534, 22.3865424 ], [ 106.6054219, 22.3843967 ], [ 106.6054571, 22.3822345 ], [ 106.6053273, 22.3788008 ], [ 106.6051295, 22.3766514 ], [ 106.6047012, 22.3745359 ], [ 106.6040474, 22.3724788 ], [ 106.6031758, 22.3705041 ], [ 106.603025, 22.370207 ], [ 106.6020901, 22.3683663 ], [ 106.6020054, 22.3682196 ], [ 106.6020129, 22.368009 ], [ 106.6018883, 22.3660357 ], [ 106.6015695, 22.3640842 ], [ 106.6010595, 22.3621738 ], [ 106.6003633, 22.3603231 ], [ 106.6002927, 22.3601802 ], [ 106.6010555, 22.3596282 ], [ 106.6014515, 22.3593048 ], [ 106.6017193, 22.3590861 ], [ 106.6039765, 22.3599024 ], [ 106.6056799, 22.3604338 ], [ 106.6074238, 22.3608112 ], [ 106.6091945, 22.3610318 ], [ 106.6109777, 22.3610936 ], [ 106.6124133, 22.3610793 ], [ 106.6145523, 22.3609431 ], [ 106.6166645, 22.3605789 ], [ 106.6187256, 22.3599906 ], [ 106.6207119, 22.3591852 ], [ 106.6226005, 22.3581719 ], [ 106.6230296, 22.3579111 ], [ 106.6242763, 22.3586697 ], [ 106.6262, 22.3595761 ], [ 106.628209, 22.360273 ], [ 106.6302807, 22.3607527 ], [ 106.6307945, 22.3608432 ], [ 106.6326239, 22.361079 ], [ 106.6344673, 22.3611454 ], [ 106.6351851, 22.3611381 ], [ 106.6356565, 22.3611277 ], [ 106.6478834, 22.3607149 ], [ 106.6497034, 22.3605701 ], [ 106.6515025, 22.3602599 ], [ 106.6532658, 22.359787 ], [ 106.6548616, 22.3591984 ], [ 106.6551696, 22.3590994 ], [ 106.6569166, 22.3584466 ], [ 106.6585951, 22.3576339 ], [ 106.6605411, 22.356577 ], [ 106.6625248, 22.3553444 ], [ 106.6636546, 22.3545474 ], [ 106.6641676, 22.3542431 ], [ 106.6656784, 22.3534849 ], [ 106.6664537, 22.3530744 ], [ 106.6676762, 22.3523923 ], [ 106.6693317, 22.3513596 ], [ 106.6708787, 22.3501705 ], [ 106.6723024, 22.3488364 ], [ 106.6735894, 22.3473698 ], [ 106.6747274, 22.3457848 ], [ 106.6757055, 22.3440965 ], [ 106.6765144, 22.3423209 ], [ 106.6771464, 22.3404749 ], [ 106.6775956, 22.3385761 ], [ 106.6778576, 22.3366426 ], [ 106.6779299, 22.3346927 ], [ 106.6779245, 22.3342254 ], [ 106.6779244, 22.3342189 ], [ 106.6778134, 22.3323326 ], [ 106.677525, 22.3304653 ], [ 106.6774566, 22.3301947 ], [ 106.6781313, 22.3295096 ], [ 106.6795172, 22.3280112 ], [ 106.6804091, 22.3270469 ], [ 106.6817695, 22.3254091 ], [ 106.6829481, 22.323636 ], [ 106.6839316, 22.3217477 ], [ 106.6846311, 22.3202099 ], [ 106.6852915, 22.3185693 ], [ 106.6858043, 22.3168768 ], [ 106.6862941, 22.3149585 ], [ 106.6866516, 22.3132505 ], [ 106.6868589, 22.3115179 ], [ 106.6869119, 22.3098515 ], [ 106.6876798, 22.3084144 ], [ 106.6883144, 22.306846 ], [ 106.6897532, 22.3061953 ], [ 106.6914034, 22.3052509 ], [ 106.6929565, 22.3041541 ], [ 106.6933011, 22.3038853 ], [ 106.6949015, 22.3024944 ], [ 106.6963456, 22.3009419 ], [ 106.6976173, 22.2992452 ], [ 106.6987021, 22.2974234 ], [ 106.698715, 22.2973954 ], [ 106.6998333, 22.2967209 ], [ 106.7001597, 22.2964999 ], [ 106.7018622, 22.2952094 ], [ 106.7034172, 22.2937447 ], [ 106.7048072, 22.2921225 ], [ 106.7060163, 22.2903613 ], [ 106.7070305, 22.2884812 ], [ 106.7075716, 22.2873357 ], [ 106.7084962, 22.2850124 ], [ 106.7088608, 22.283898 ], [ 106.7094262, 22.2817852 ], [ 106.7097576, 22.2796232 ], [ 106.7098508, 22.277438 ], [ 106.7098289, 22.2756206 ], [ 106.7096711, 22.273342 ], [ 106.7092544, 22.2710963 ], [ 106.7085844, 22.2689127 ], [ 106.7081607, 22.2677692 ], [ 106.7072482, 22.2656803 ], [ 106.7071324, 22.2654807 ], [ 106.7072935, 22.2650047 ], [ 106.7077485, 22.2630075 ], [ 106.7079967, 22.2609742 ], [ 106.7080455, 22.2602808 ], [ 106.7090344, 22.2564047 ], [ 106.7092208, 22.2556742 ], [ 106.7098547, 22.2539533 ], [ 106.7103596, 22.2522313 ], [ 106.7108828, 22.2499671 ], [ 106.7110593, 22.2489329 ], [ 106.7116276, 22.2477094 ], [ 106.712391, 22.2460675 ], [ 106.713563, 22.2445439 ], [ 106.7146842, 22.2429277 ], [ 106.7156413, 22.2412093 ], [ 106.7175419, 22.237363 ], [ 106.7180871, 22.2361613 ], [ 106.7186845, 22.2347201 ], [ 106.719364, 22.2328135 ], [ 106.7198472, 22.2308481 ], [ 106.7201293, 22.2288438 ], [ 106.7202075, 22.2268213 ], [ 106.7201956, 22.2258383 ], [ 106.7202133, 22.2250888 ], [ 106.720255, 22.2233246 ], [ 106.7202591, 22.222611 ], [ 106.7202337, 22.2205039 ], [ 106.720111, 22.21852 ], [ 106.719792, 22.216558 ], [ 106.7192798, 22.2146374 ], [ 106.7185795, 22.2127771 ], [ 106.7176979, 22.2109955 ], [ 106.7166439, 22.2093102 ], [ 106.7165655, 22.2092088 ], [ 106.7164432, 22.2082698 ], [ 106.7159573, 22.2062333 ], [ 106.7155469, 22.2048408 ], [ 106.714823, 22.2027996 ], [ 106.7138827, 22.2008486 ], [ 106.7130778, 22.1993867 ], [ 106.7117864, 22.1973438 ], [ 106.7102579, 22.1954717 ], [ 106.7089815, 22.1940881 ], [ 106.7076565, 22.1927796 ], [ 106.7062155, 22.1916001 ], [ 106.7040705, 22.1900051 ], [ 106.7021875, 22.1887634 ], [ 106.7001766, 22.1877416 ], [ 106.6977229, 22.1866643 ], [ 106.6963178, 22.1861097 ], [ 106.6948748, 22.1856627 ], [ 106.694207, 22.1854832 ], [ 106.6940433, 22.1852376 ], [ 106.6941715, 22.1849976 ], [ 106.6947222, 22.1843953 ], [ 106.6993616, 22.1846825 ], [ 106.701263, 22.1847096 ], [ 106.7031584, 22.1845561 ], [ 106.7050306, 22.1842232 ], [ 106.7059056, 22.1840243 ], [ 106.707912, 22.1834567 ], [ 106.7098485, 22.1826833 ], [ 106.7116938, 22.1817126 ], [ 106.7134281, 22.1805549 ], [ 106.7150324, 22.179223 ], [ 106.7161313, 22.1782094 ], [ 106.7176951, 22.1765953 ], [ 106.7190679, 22.1748159 ], [ 106.7196291, 22.1739971 ], [ 106.72039, 22.1728872 ], [ 106.7214287, 22.1711986 ], [ 106.722295, 22.1694154 ], [ 106.7229805, 22.1675551 ], [ 106.7234269, 22.1661297 ], [ 106.723924, 22.1642152 ], [ 106.7242295, 22.162261 ], [ 106.7243406, 22.1602861 ], [ 106.7243515, 22.1586541 ], [ 106.724268, 22.1566902 ], [ 106.7239921, 22.1547439 ], [ 106.7235265, 22.1528342 ], [ 106.7228757, 22.1509794 ], [ 106.7220459, 22.1491974 ], [ 106.7211833, 22.1475603 ], [ 106.7202706, 22.1460028 ], [ 106.7192212, 22.144534 ], [ 106.7180436, 22.1431658 ], [ 106.7167475, 22.1419094 ], [ 106.7153433, 22.1407749 ], [ 106.7147091, 22.1403083 ], [ 106.7143654, 22.1400553 ], [ 106.7129963, 22.1391324 ], [ 106.712094, 22.1386271 ], [ 106.7119231, 22.1379765 ], [ 106.7114517, 22.1367332 ], [ 106.7114782, 22.1366262 ], [ 106.7117568, 22.134761 ], [ 106.7118584, 22.1328779 ], [ 106.7118667, 22.1316538 ], [ 106.7118487, 22.1306588 ], [ 106.71166, 22.1262714 ], [ 106.7116448, 22.1259711 ], [ 106.711479, 22.1231164 ], [ 106.7120373, 22.122845 ], [ 106.7128047, 22.1224513 ], [ 106.7158906, 22.1207827 ], [ 106.7178445, 22.1197263 ], [ 106.7194037, 22.1187892 ], [ 106.7208713, 22.1177143 ], [ 106.7222352, 22.1165105 ], [ 106.723484, 22.1151878 ], [ 106.7246075, 22.1137571 ], [ 106.7255963, 22.1122302 ], [ 106.7271423, 22.1095868 ], [ 106.7281624, 22.1075946 ], [ 106.7289535, 22.1055009 ], [ 106.7295057, 22.1033319 ], [ 106.7298448, 22.1015996 ], [ 106.7301228, 22.0996993 ], [ 106.7302173, 22.0977811 ], [ 106.7301273, 22.0958626 ], [ 106.7299403, 22.0938981 ], [ 106.7300377, 22.0919713 ], [ 106.7299447, 22.0900156 ], [ 106.7296611, 22.0880784 ], [ 106.7291893, 22.0861783 ], [ 106.728534, 22.0843333 ], [ 106.7277015, 22.0825613 ], [ 106.7275494, 22.0822749 ], [ 106.7280902, 22.0803759 ], [ 106.7285043, 22.0786266 ], [ 106.7288178, 22.0769744 ], [ 106.7290567, 22.0753564 ], [ 106.7291627, 22.0737242 ], [ 106.7293317, 22.0666578 ], [ 106.729283, 22.064706 ], [ 106.7290443, 22.0627682 ], [ 106.7286178, 22.0608629 ], [ 106.7280075, 22.0590083 ], [ 106.7272193, 22.057222 ], [ 106.7262607, 22.0555211 ], [ 106.7251408, 22.0539218 ], [ 106.7238703, 22.0524393 ], [ 106.7224613, 22.0510877 ], [ 106.7213438, 22.0502079 ], [ 106.7211243, 22.0496549 ], [ 106.7216223, 22.0487823 ], [ 106.7224121, 22.0470241 ], [ 106.7230289, 22.045198 ], [ 106.7234672, 22.0433211 ], [ 106.7237227, 22.0414106 ], [ 106.7237438, 22.0411625 ], [ 106.723812, 22.0403625 ], [ 106.7238828, 22.0384238 ], [ 106.7238806, 22.0382469 ], [ 106.7238821, 22.0382292 ], [ 106.7250398, 22.0351457 ], [ 106.7255651, 22.0335446 ], [ 106.7259538, 22.0319051 ], [ 106.726203, 22.0302386 ], [ 106.726341, 22.0289457 ], [ 106.7264359, 22.0269362 ], [ 106.7278472, 22.0276246 ], [ 106.7298482, 22.0284965 ], [ 106.7314416, 22.0291113 ], [ 106.7330817, 22.0295878 ], [ 106.735013, 22.0300606 ], [ 106.7369005, 22.0304276 ], [ 106.7388146, 22.0306115 ], [ 106.7403598, 22.0306853 ], [ 106.7426613, 22.0306627 ], [ 106.7447884, 22.0303954 ], [ 106.7468797, 22.0313453 ], [ 106.7484925, 22.0319948 ], [ 106.7501555, 22.0325018 ], [ 106.7518564, 22.0328625 ], [ 106.7538875, 22.0332017 ], [ 106.755636, 22.0334151 ], [ 106.7573965, 22.0334737 ], [ 106.7638625, 22.0334043 ], [ 106.7658568, 22.0332831 ], [ 106.7685556, 22.0329832 ], [ 106.7704253, 22.0326853 ], [ 106.7722584, 22.0322119 ], [ 106.7743737, 22.0315574 ], [ 106.7761121, 22.0309302 ], [ 106.7777852, 22.0301451 ], [ 106.7804729, 22.0287289 ], [ 106.7826064, 22.0276911 ], [ 106.788395059729297, 22.02487499332636 ], [ 106.746756401911369, 21.694838479857136 ], [ 106.755016460156568, 21.685728540269768 ], [ 107.193774207522623, 21.625005182118183 ], [ 107.172250377816354, 21.549763045885321 ], [ 107.164799122579382, 21.467033274317963 ], [ 107.157454743060924, 21.456210791407941 ], [ 107.117418204941217, 21.232937722411432 ], [ 107.090184567287224, 21.142853490437634 ], [ 107.07109964714634, 21.004706650380893 ], [ 107.051184375920499, 20.985201587949 ], [ 107.058532308149665, 20.951409029874316 ], [ 107.036155085235549, 20.940047496972458 ], [ 106.997839491365895, 20.952039499209363 ], [ 106.99434039448542, 20.916888363754317 ], [ 106.971674974636201, 20.905267947773069 ], [ 106.97542521609347, 20.894530522658545 ], [ 106.99279037312111, 20.891382068133165 ], [ 107.014988316044494, 20.913997325786145 ], [ 107.023808165302398, 20.912770759076142 ], [ 107.020187844554385, 20.888470921486622 ], [ 107.038345937427053, 20.884668013541464 ], [ 107.043184850944073, 20.875306706499906 ], [ 107.014329007307012, 20.737361072040891 ], [ 107.009650777946845, 20.723530931397267 ], [ 106.998251241203619, 20.728012855985149 ], [ 106.966063415122136, 20.758553291579773 ], [ 106.968777248210856, 20.77050585739395 ], [ 106.958545915513795, 20.784760194052133 ], [ 106.943337936766738, 20.794531239605924 ], [ 106.915532837483738, 20.798611131981701 ], [ 106.909249876814798, 20.783801854266855 ], [ 106.895113814226832, 20.794875123558345 ], [ 106.87652351202567, 20.78541587574837 ], [ 106.859096838437722, 20.78780242205104 ], [ 106.835673276529349, 20.810209298198071 ], [ 106.824798997768468, 20.803535011153325 ], [ 106.824648256362636, 20.802249963142454 ], [ 106.8242079, 20.8046825 ], [ 106.8241491, 20.805024 ], [ 106.8238082, 20.8071132 ], [ 106.8233088, 20.8063777 ], [ 106.8200571, 20.8020601 ], [ 106.8185513, 20.8002857 ], [ 106.8168496, 20.7986983 ], [ 106.814972296903704, 20.797141142843348 ], [ 106.808832956054488, 20.800330582425822 ], [ 106.780706873978502, 20.790387009219 ], [ 106.7787645, 20.7906877 ], [ 106.777741, 20.7902017 ], [ 106.7759118, 20.7895422 ], [ 106.7740272, 20.7890635 ], [ 106.7722065, 20.7887855 ], [ 106.7703737, 20.7854305 ], [ 106.77559453968469, 20.780333554468925 ], [ 106.771924533201911, 20.772747842762147 ], [ 106.788629069078382, 20.731412502900874 ], [ 106.803533720443895, 20.72588217641945 ], [ 106.795560143377514, 20.701177744686873 ], [ 106.817292427743126, 20.666075157815122 ], [ 106.800008166930752, 20.671339129047954 ], [ 106.790397127240766, 20.684462107713824 ], [ 106.771613175043811, 20.683913124731301 ], [ 106.760359501568786, 20.695854160113491 ], [ 106.747231792142856, 20.694138771897553 ], [ 106.741440058672708, 20.680060168477414 ], [ 106.739845162041007, 20.679061633050186 ], [ 106.711041563594449, 20.672153308726774 ], [ 106.711292652804204, 20.654464150114691 ], [ 106.698610394992542, 20.634190477267808 ], [ 106.6985135, 20.6341175 ], [ 106.6932831, 20.6306266 ], [ 106.6926883, 20.6302446 ], [ 106.6859473, 20.6260821 ], [ 106.681473, 20.6226987 ], [ 106.6798151, 20.621571 ], [ 106.6757999, 20.6191249 ], [ 106.6740804, 20.6181895 ], [ 106.6722777, 20.6174267 ], [ 106.6697184, 20.6164886 ], [ 106.6684029, 20.6160575 ], [ 106.661087, 20.6139371 ], [ 106.659916, 20.6136357 ], [ 106.6514991, 20.611739 ], [ 106.6498953, 20.6114458 ], [ 106.6486145, 20.6113181 ], [ 106.6484353, 20.6095571 ], [ 106.6480391, 20.6076109 ], [ 106.6474519, 20.6057135 ], [ 106.6451747, 20.5994715 ], [ 106.6440078, 20.596867 ], [ 106.641958, 20.5930483 ], [ 106.641061430732876, 20.59154689845834 ], [ 106.617645207961232, 20.577724676900992 ], [ 106.590948227657606, 20.546537073185004 ], [ 106.597249055766554, 20.52864710474784 ], [ 106.5964163, 20.5279111 ], [ 106.5951326, 20.5268866 ], [ 106.5946782, 20.5265578 ], [ 106.5945211, 20.5258477 ], [ 106.5958603, 20.5210812 ], [ 106.5964824, 20.5188863 ], [ 106.5984497, 20.5189574 ], [ 106.6005369, 20.5188141 ], [ 106.600723741170256, 20.51878141548822 ], [ 106.617862651528824, 20.470118833354483 ], [ 106.609814099754132, 20.458320225825062 ], [ 106.616449999524733, 20.43265933540647 ], [ 106.600318233519971, 20.397998323122358 ], [ 106.604460598334938, 20.394564734440426 ], [ 106.6037345, 20.3925704 ], [ 106.6035448, 20.3920702 ], [ 106.6019164, 20.3879443 ], [ 106.6016305, 20.386831 ], [ 106.6011205, 20.3840192 ], [ 106.6009699, 20.383271 ], [ 106.5990652, 20.3746564 ], [ 106.5985357, 20.3710818 ], [ 106.5981778, 20.3692561 ], [ 106.5976518, 20.3674716 ], [ 106.5970144, 20.3658744 ], [ 106.5972469, 20.3644743 ], [ 106.5974265, 20.3630985 ], [ 106.5978269, 20.3589036 ], [ 106.5981315, 20.3565277 ], [ 106.5984023, 20.3561884 ], [ 106.5995116, 20.3544614 ], [ 106.6004381, 20.3526299 ], [ 106.601172, 20.350713 ], [ 106.6015793, 20.3494601 ], [ 106.6020278, 20.3478563 ], [ 106.6023413, 20.3462207 ], [ 106.6025176, 20.3445648 ], [ 106.6026546, 20.3424417 ], [ 106.6026868, 20.3405441 ], [ 106.6025837, 20.3371638 ], [ 106.6025606, 20.3356983 ], [ 106.6025705, 20.3356106 ], [ 106.602995, 20.3337854 ], [ 106.6031366, 20.3331261 ], [ 106.6032596, 20.3325027 ], [ 106.6050179, 20.3281096 ], [ 106.6056223, 20.3267642 ], [ 106.6062477, 20.3249011 ], [ 106.6064916, 20.3240357 ], [ 106.607074, 20.3211937 ], [ 106.6072537, 20.3198141 ], [ 106.6074207, 20.317375 ], [ 106.6074376, 20.315031 ], [ 106.6074374, 20.3150058 ], [ 106.6074392, 20.3150043 ], [ 106.6087582, 20.3138264 ], [ 106.6099681, 20.3125366 ], [ 106.6108753, 20.3113797 ], [ 106.6124359, 20.3106136 ], [ 106.613968902451901, 20.309649986113801 ], [ 106.604910291408231, 20.257511594109616 ], [ 106.594803945023102, 20.244432512684607 ], [ 106.600590486241686, 20.220437912296056 ], [ 106.586880013577456, 20.204905877267162 ], [ 106.577100752935976, 20.197538201769305 ], [ 106.557513454781059, 20.205914726695429 ], [ 106.543363478000813, 20.201319154489099 ], [ 106.5430231, 20.2022995 ], [ 106.5425441, 20.2043615 ], [ 106.5423487, 20.20595 ], [ 106.5410565, 20.2064083 ], [ 106.5402379, 20.2067462 ], [ 106.5387439, 20.2074362 ], [ 106.537685297462716, 20.208035202580792 ], [ 106.536344298545472, 20.218947167198927 ], [ 106.501025360432294, 20.221856504787205 ], [ 106.472275593161299, 20.21052856055633 ], [ 106.482358931010751, 20.198179497054959 ], [ 106.481602, 20.1980812 ], [ 106.4741776, 20.1974451 ], [ 106.471176217056765, 20.197056744772382 ], [ 106.469995801758728, 20.197412785869254 ], [ 106.456580064588479, 20.21203034357184 ], [ 106.440445671230293, 20.212563290474503 ], [ 106.361386999057729, 20.180380292272389 ], [ 106.206400659881936, 20.010188343175699 ], [ 106.206254776836957, 19.99474339741576 ], [ 106.195041471299646, 19.99801045088418 ], [ 106.183674299837932, 19.991202605048777 ], [ 106.176414269958784, 19.966774926748105 ], [ 106.102248572965763, 19.886639417796736 ], [ 106.093175696151349, 19.884918484466247 ], [ 106.088456720602395, 19.906562234680926 ], [ 106.066469630479816, 19.911541452056689 ], [ 106.035149451956443, 19.950279019827434 ], [ 105.970245122481288, 19.93423905964573 ], [ 105.956174894160611, 19.920920588380682 ], [ 105.953296661314667, 19.90327378852092 ], [ 105.962961090901558, 19.887204920337275 ], [ 105.938388627978952, 19.848590305223105 ], [ 105.930882166801709, 19.809979243519084 ], [ 105.950052709067066, 19.796192825750161 ], [ 105.930203903749629, 19.788207182864536 ], [ 105.929725632640711, 19.77272518330382 ], [ 105.897551217715474, 19.721807656049375 ], [ 105.876028588738848, 19.725569848914517 ], [ 105.855918122874257, 19.710132706166913 ], [ 105.824604936171184, 19.621014835537924 ], [ 105.805640514556046, 19.499598920413568 ], [ 105.812492663728136, 19.425662227827374 ], [ 105.795500807260893, 19.422421712397782 ], [ 105.784665613611196, 19.385492696434461 ], [ 105.803439687135892, 19.340450898472543 ], [ 105.826938506100561, 19.339839692567253 ], [ 105.829102516292977, 19.304828334436703 ], [ 105.814043316713864, 19.299882701027407 ], [ 105.798976999771568, 19.271005818189469 ], [ 105.779745038609349, 19.269266922433498 ], [ 105.767957254759068, 19.228589663950089 ], [ 105.744773919789708, 19.225269797347469 ], [ 105.733827931728342, 19.208513453572884 ], [ 105.730576458872548, 19.179498609125712 ], [ 105.738356606971749, 19.171288021543699 ], [ 105.728380736072282, 19.131979631854886 ], [ 105.737259581790497, 19.105054522743036 ], [ 105.693910874041876, 19.084445810057822 ], [ 105.668226230038471, 19.093476079106704 ], [ 105.65385246189183, 19.085017675215717 ], [ 105.631919634639843, 19.050448200643942 ], [ 105.620474725169743, 19.011592558987562 ], [ 105.623668693124415, 18.944101996418677 ], [ 105.637440180229319, 18.901709536417378 ], [ 105.69242516678969, 18.873241910736709 ], [ 105.709246424387047, 18.853231678915627 ], [ 105.735004603398238, 18.85920268726672 ], [ 105.718192776687786, 18.844235478189226 ], [ 105.725005478618471, 18.807402934618608 ], [ 105.779884765784942, 18.755097843378678 ], [ 105.80264200855872, 18.656650956995371 ], [ 105.823970625266028, 18.603793802602461 ], [ 105.861466784059118, 18.537502724506759 ], [ 105.918029679340776, 18.463343182698363 ], [ 105.92833039039752, 18.460649530977872 ], [ 105.94343893176621, 18.470773680723006 ], [ 105.943093896241876, 18.455399347441496 ], [ 105.973977016121125, 18.408463487649346 ], [ 106.025521592584838, 18.345280897583926 ], [ 106.086951606165854, 18.285480088605436 ], [ 106.118106521890354, 18.268659885024743 ], [ 106.158961264302562, 18.269136332386015 ], [ 106.224390665424721, 18.223679685466127 ], [ 106.252645467367969, 18.216308473764474 ], [ 106.295369889861206, 18.166010570523373 ], [ 106.359064779580009, 18.110003617578197 ], [ 106.396491568430207, 18.099193439410442 ], [ 106.415132554176395, 18.125267861581651 ], [ 106.435260336314727, 18.122580235985755 ], [ 106.423685683806724, 18.089365395846436 ], [ 106.440987013396906, 18.060993288638585 ], [ 106.454636390433862, 18.059177194584624 ], [ 106.44525389683379, 17.999637784395123 ], [ 106.430455678429226, 17.97168776971138 ], [ 106.433014388021874, 17.940465856251144 ], [ 106.360284115174636, 17.58821982247192 ], [ 106.329584967081644, 17.509731652895063 ], [ 106.328284381149246, 17.450819604588247 ], [ 106.312327937204543, 17.409261984079595 ], [ 106.313027073418326, 17.388920210490369 ], [ 106.28644356787315, 17.328724747627845 ], [ 106.274484358040354, 17.240730016870486 ], [ 106.2730463, 17.2396287 ], [ 106.2712593, 17.2384075 ], [ 106.2693508, 17.2373867 ], [ 106.2673431, 17.236578 ], [ 106.2652598, 17.235991 ], [ 106.2613226, 17.2351085 ], [ 106.2608101, 17.2350231 ], [ 106.2599745, 17.2344824 ], [ 106.2583164, 17.2336176 ], [ 106.2565847, 17.2329115 ], [ 106.2547947, 17.2323702 ], [ 106.252962, 17.2319984 ], [ 106.2472806, 17.2311202 ], [ 106.2454726, 17.2309244 ], [ 106.2443715, 17.2308556 ], [ 106.2442201, 17.2308467 ], [ 106.239265, 17.2305748 ], [ 106.2372107, 17.2305678 ], [ 106.2336008, 17.230741 ], [ 106.2334894, 17.2307466 ], [ 106.2334838, 17.2307469 ], [ 106.2316946, 17.2309237 ], [ 106.2299286, 17.2312604 ], [ 106.2281999, 17.2317544 ], [ 106.2265225, 17.2324016 ], [ 106.2242491, 17.2333984 ], [ 106.2225133, 17.2342621 ], [ 106.2208693, 17.2352899 ], [ 106.2193325, 17.2364719 ], [ 106.2129531, 17.2418907 ], [ 106.2037762, 17.2489976 ], [ 106.2028319, 17.2497289 ], [ 106.1990706, 17.2522163 ], [ 106.1975491, 17.2533289 ], [ 106.1963359, 17.2543071 ], [ 106.1960953, 17.2543835 ], [ 106.1942847, 17.2550566 ], [ 106.1905207, 17.2566668 ], [ 106.1888893, 17.2574539 ], [ 106.1873359, 17.2583853 ], [ 106.1859026, 17.2593355 ], [ 106.1797408, 17.2634204 ], [ 106.1778763, 17.2648194 ], [ 106.1754908, 17.266837 ], [ 106.1738189, 17.2684252 ], [ 106.172341, 17.2701952 ], [ 106.169959, 17.2734075 ], [ 106.166618, 17.2770043 ], [ 106.1622204, 17.2804648 ], [ 106.1596052, 17.2820713 ], [ 106.1591446, 17.2823629 ], [ 106.1519359, 17.2870662 ], [ 106.149359, 17.2883936 ], [ 106.1482715, 17.2889973 ], [ 106.1446868, 17.2911355 ], [ 106.1413059, 17.2930186 ], [ 106.1396358, 17.2936471 ], [ 106.1378074, 17.2944413 ], [ 106.1360672, 17.2954135 ], [ 106.1338734, 17.2967869 ], [ 106.1325144, 17.2977177 ], [ 106.1312366, 17.2987572 ], [ 106.1295157, 17.3002791 ], [ 106.1279732, 17.3017999 ], [ 106.1266042, 17.3034785 ], [ 106.1254247, 17.3052954 ], [ 106.1244487, 17.3072292 ], [ 106.1240997, 17.3080251 ], [ 106.123378, 17.3099288 ], [ 106.1228537, 17.3118961 ], [ 106.122532, 17.3139064 ], [ 106.1221739, 17.3172177 ], [ 106.1220645, 17.3188563 ], [ 106.1220663, 17.3189743 ], [ 106.121867, 17.3191596 ], [ 106.1166787, 17.3221678 ], [ 106.1151112, 17.323177 ], [ 106.1136444, 17.3243279 ], [ 106.1118204, 17.3259018 ], [ 106.1113421, 17.3263146 ], [ 106.1079285, 17.3289046 ], [ 106.1078362, 17.328975 ], [ 106.1073517, 17.3293471 ], [ 106.106227, 17.3297491 ], [ 106.1059559, 17.3298483 ], [ 106.1039427, 17.3306009 ], [ 106.1032884, 17.3308455 ], [ 106.1016815, 17.3315275 ], [ 106.1001402, 17.332347 ], [ 106.0986763, 17.3332977 ], [ 106.097602, 17.3340641 ], [ 106.0924937, 17.3376136 ], [ 106.0910733, 17.3386979 ], [ 106.0904008, 17.3392604 ], [ 106.090217, 17.3393135 ], [ 106.0884051, 17.3400342 ], [ 106.0873596, 17.3405103 ], [ 106.0825308, 17.3427095 ], [ 106.0807332, 17.3436408 ], [ 106.0790389, 17.344749 ], [ 106.0774654, 17.3460229 ], [ 106.0744508, 17.3487271 ], [ 106.0728841, 17.3502978 ], [ 106.0638353, 17.3604368 ], [ 106.0477211, 17.3785007 ], [ 106.0182772, 17.4114957 ], [ 105.947658, 17.4905672 ], [ 105.9468656, 17.4914521 ], [ 105.8687536, 17.5786132 ], [ 105.8482606, 17.6014623 ], [ 105.8467838, 17.6016781 ], [ 105.8447812, 17.6021863 ], [ 105.8428416, 17.6028983 ], [ 105.8409858, 17.6038067 ], [ 105.8392337, 17.6049017 ], [ 105.8376039, 17.6061716 ], [ 105.8361138, 17.6076028 ], [ 105.835387, 17.6084619 ], [ 105.8315628, 17.6096122 ], [ 105.8295451, 17.6103392 ], [ 105.8276168, 17.6112781 ], [ 105.8244499, 17.6130361 ], [ 105.822691, 17.6141355 ], [ 105.8210554, 17.6154112 ], [ 105.8195607, 17.6168495 ], [ 105.8169657, 17.6196197 ], [ 105.8156708, 17.6211489 ], [ 105.8145353, 17.6228001 ], [ 105.8135708, 17.6245565 ], [ 105.813247, 17.6252233 ], [ 105.8128079, 17.6252588 ], [ 105.8109733, 17.6255807 ], [ 105.8091766, 17.626072 ], [ 105.8074333, 17.6267282 ], [ 105.8059104, 17.627384 ], [ 105.8040157, 17.6283216 ], [ 105.8022304, 17.629454 ], [ 105.8005747, 17.6307684 ], [ 105.7965716, 17.634307 ], [ 105.7954235, 17.6354062 ], [ 105.7943664, 17.636593 ], [ 105.7917376, 17.6397916 ], [ 105.7916009, 17.6398328 ], [ 105.7898249, 17.6405605 ], [ 105.7888872, 17.6409984 ], [ 105.7872904, 17.6418337 ], [ 105.7857753, 17.6428093 ], [ 105.7843542, 17.6439174 ], [ 105.7830385, 17.6451488 ], [ 105.7817412, 17.6464777 ], [ 105.7802629, 17.6481731 ], [ 105.7789844, 17.6500238 ], [ 105.7779217, 17.6520064 ], [ 105.7778875, 17.6520799 ], [ 105.7764013, 17.6524533 ], [ 105.7746517, 17.6530701 ], [ 105.7729667, 17.6538464 ], [ 105.7728836, 17.6538945 ], [ 105.7718694, 17.6529735 ], [ 105.7702621, 17.6516596 ], [ 105.7685274, 17.6505193 ], [ 105.7666837, 17.649565 ], [ 105.7647511, 17.648807 ], [ 105.7627503, 17.6482534 ], [ 105.7607029, 17.6479101 ], [ 105.758631, 17.647781 ], [ 105.7562992, 17.6477569 ], [ 105.7542626, 17.6478397 ], [ 105.752245, 17.6481294 ], [ 105.7491634, 17.6487335 ], [ 105.7462848, 17.6492978 ], [ 105.7443333, 17.6497834 ], [ 105.7424403, 17.6504626 ], [ 105.7406251, 17.6513284 ], [ 105.7389061, 17.6523722 ], [ 105.7373006, 17.6535833 ], [ 105.7358248, 17.6549495 ], [ 105.7352791, 17.6555082 ], [ 105.7345263, 17.656279 ], [ 105.7331304, 17.6578685 ], [ 105.7319101, 17.6595965 ], [ 105.7308792, 17.6614438 ], [ 105.7300492, 17.6633896 ], [ 105.7294294, 17.6654122 ], [ 105.7290266, 17.6674889 ], [ 105.72725, 17.6802209 ], [ 105.7272326, 17.6803485 ], [ 105.7243281, 17.7021907 ], [ 105.7239013, 17.7023242 ], [ 105.7219446, 17.7031742 ], [ 105.7200895, 17.7042279 ], [ 105.7184692, 17.7052663 ], [ 105.717858, 17.7056579 ], [ 105.7163853, 17.7066981 ], [ 105.7150123, 17.7078668 ], [ 105.71375, 17.7091543 ], [ 105.7126089, 17.7105502 ], [ 105.7115981, 17.7120433 ], [ 105.7107259, 17.7136213 ], [ 105.7092932, 17.7165142 ], [ 105.7084885, 17.7183694 ], [ 105.7078753, 17.7202963 ], [ 105.7074598, 17.7222752 ], [ 105.7065795, 17.7278581 ], [ 105.7063897, 17.7295009 ], [ 105.7063362, 17.7311538 ], [ 105.7063841, 17.7364586 ], [ 105.7059051, 17.7368974 ], [ 105.7055398, 17.737309 ], [ 105.7050023, 17.7373919 ], [ 105.7028965, 17.7379567 ], [ 105.7008647, 17.7387474 ], [ 105.6965256, 17.7407146 ], [ 105.6949103, 17.741537 ], [ 105.6916223, 17.7434035 ], [ 105.6897307, 17.744623 ], [ 105.6879881, 17.7460472 ], [ 105.6829179, 17.7506906 ], [ 105.6817809, 17.7518188 ], [ 105.6807379, 17.7530344 ], [ 105.6778905, 17.7566351 ], [ 105.6775612, 17.7570515 ], [ 105.6760017, 17.7590237 ], [ 105.6748733, 17.7606025 ], [ 105.6739032, 17.7622832 ], [ 105.6731005, 17.7640501 ], [ 105.6695138, 17.773086 ], [ 105.6694971, 17.7731207 ], [ 105.6662079, 17.7752238 ], [ 105.6648536, 17.7761707 ], [ 105.6635821, 17.7772263 ], [ 105.6624021, 17.7783832 ], [ 105.6598028, 17.7811513 ], [ 105.6584859, 17.7827053 ], [ 105.6573338, 17.7843852 ], [ 105.6563586, 17.7861736 ], [ 105.6555704, 17.7880519 ], [ 105.6549773, 17.7900007 ], [ 105.6543651, 17.7924546 ], [ 105.6539604, 17.7945451 ], [ 105.6537802, 17.7966667 ], [ 105.6538266, 17.7987955 ], [ 105.6540286, 17.8014817 ], [ 105.6542832, 17.8034949 ], [ 105.6547405, 17.8054719 ], [ 105.6553958, 17.8073924 ], [ 105.6614246, 17.8225057 ], [ 105.6602523, 17.8237175 ], [ 105.6590333, 17.8252537 ], [ 105.6579706, 17.826902 ], [ 105.6570744, 17.8286465 ], [ 105.6551577, 17.8328757 ], [ 105.6544676, 17.8346091 ], [ 105.6543066, 17.8351576 ], [ 105.6526534, 17.8351316 ], [ 105.650604, 17.8353108 ], [ 105.6485839, 17.8356996 ], [ 105.6455404, 17.8364495 ], [ 105.643642, 17.8370184 ], [ 105.6418092, 17.8377723 ], [ 105.6400601, 17.838704 ], [ 105.6399769, 17.8387538 ], [ 105.6395783, 17.8387023 ], [ 105.6375285, 17.8386493 ], [ 105.635484, 17.8388064 ], [ 105.6334664, 17.8391721 ], [ 105.6314968, 17.8397424 ], [ 105.629596, 17.8405113 ], [ 105.6286571, 17.8409484 ], [ 105.6268353, 17.8419138 ], [ 105.6251225, 17.8430616 ], [ 105.623537, 17.8443797 ], [ 105.6220956, 17.845854 ], [ 105.6208137, 17.8474688 ], [ 105.6203389, 17.8481347 ], [ 105.6191338, 17.8500444 ], [ 105.6181516, 17.8520779 ], [ 105.6175508, 17.8535252 ], [ 105.6170082, 17.8549917 ], [ 105.6169865, 17.8550582 ], [ 105.6101076, 17.8608619 ], [ 105.6090334, 17.8618687 ], [ 105.607764, 17.8622477 ], [ 105.6057922, 17.8629508 ], [ 105.6039048, 17.8638561 ], [ 105.6021222, 17.8649538 ], [ 105.6004642, 17.8662318 ], [ 105.5989489, 17.8676761 ], [ 105.5975928, 17.8692709 ], [ 105.5946278, 17.8731524 ], [ 105.5935285, 17.8747459 ], [ 105.5925884, 17.8764382 ], [ 105.5914016, 17.8788417 ], [ 105.5892382, 17.883223 ], [ 105.5883044, 17.8854412 ], [ 105.5876438, 17.8877555 ], [ 105.586903, 17.8911022 ], [ 105.5865822, 17.8929646 ], [ 105.5864386, 17.894849 ], [ 105.5864735, 17.8967385 ], [ 105.5866866, 17.8986163 ], [ 105.5870126, 17.9006329 ], [ 105.5873866, 17.9024226 ], [ 105.5879224, 17.9041706 ], [ 105.5886156, 17.9058623 ], [ 105.5894604, 17.9074837 ], [ 105.5903753, 17.9090594 ], [ 105.5914513, 17.910718 ], [ 105.5926858, 17.9122622 ], [ 105.5941831, 17.9139562 ], [ 105.59551, 17.9153206 ], [ 105.5969605, 17.9165527 ], [ 105.5969918, 17.9165768 ], [ 105.5972219, 17.9176317 ], [ 105.5979154, 17.9196976 ], [ 105.5993887, 17.9234042 ], [ 105.6000506, 17.9248903 ], [ 105.6008311, 17.9263178 ], [ 105.6016854, 17.9277396 ], [ 105.6016273, 17.9325918 ], [ 105.6016279, 17.9331137 ], [ 105.6017543, 17.9420614 ], [ 105.6018565, 17.9438174 ], [ 105.6021125, 17.9455576 ], [ 105.6025205, 17.9472686 ], [ 105.6029688, 17.9488391 ], [ 105.6035991, 17.9506968 ], [ 105.6044084, 17.9524837 ], [ 105.6053888, 17.9541828 ], [ 105.606531, 17.9557777 ], [ 105.6069448, 17.9562994 ], [ 105.6070495, 17.9568099 ], [ 105.6075191, 17.9586504 ], [ 105.6081611, 17.960438 ], [ 105.6089699, 17.9621567 ], [ 105.609938, 17.9637909 ], [ 105.6110568, 17.9653259 ], [ 105.6123161, 17.9667478 ], [ 105.6147387, 17.9692345 ], [ 105.6163965, 17.9707549 ], [ 105.6182146, 17.9720795 ], [ 105.6211026, 17.9739445 ], [ 105.6210852, 17.9754134 ], [ 105.617283, 17.9775812 ], [ 105.615402, 17.9787981 ], [ 105.6136689, 17.9802178 ], [ 105.6085381, 17.9849246 ], [ 105.6076461, 17.9857429 ], [ 105.6070265, 17.9863844 ], [ 105.6064616, 17.9860371 ], [ 105.6046962, 17.9851775 ], [ 105.602855, 17.9844952 ], [ 105.6009557, 17.9839967 ], [ 105.5990167, 17.9836869 ], [ 105.5970567, 17.9835686 ], [ 105.5957721, 17.9835543 ], [ 105.5938277, 17.9836274 ], [ 105.5918996, 17.983889 ], [ 105.590006, 17.9843367 ], [ 105.5881649, 17.9849663 ], [ 105.5874983, 17.9852312 ], [ 105.5865225, 17.9856188 ], [ 105.5848791, 17.9863591 ], [ 105.583309, 17.9872443 ], [ 105.5818249, 17.9882673 ], [ 105.580439, 17.9894197 ], [ 105.5791625, 17.9906922 ], [ 105.5777421, 17.9922419 ], [ 105.5772799, 17.9927989 ], [ 105.5759024, 17.9931199 ], [ 105.5739771, 17.9937809 ], [ 105.572129, 17.9946342 ], [ 105.5703772, 17.9956709 ], [ 105.5687399, 17.9968803 ], [ 105.567234, 17.9982499 ], [ 105.5656966, 17.9997982 ], [ 105.5643246, 18.00133 ], [ 105.5631171, 18.0029946 ], [ 105.5620869, 18.0047744 ], [ 105.561245, 18.0066505 ], [ 105.5606001, 18.0086032 ], [ 105.5602334, 18.009941 ], [ 105.5598289, 18.0117375 ], [ 105.5595913, 18.0135637 ], [ 105.5595227, 18.015404 ], [ 105.5596236, 18.0172427 ], [ 105.5597927, 18.0183849 ], [ 105.5594192, 18.0193614 ], [ 105.558862, 18.0210362 ], [ 105.5584546, 18.0227535 ], [ 105.5582003, 18.0245001 ], [ 105.5581009, 18.0262623 ], [ 105.5580818, 18.0278276 ], [ 105.5581529, 18.0297736 ], [ 105.5584128, 18.0317035 ], [ 105.5588593, 18.033599 ], [ 105.5594879, 18.0354421 ], [ 105.5619813, 18.0417318 ], [ 105.5622742, 18.042394 ], [ 105.5617503, 18.0437028 ], [ 105.5612605, 18.0453027 ], [ 105.561072, 18.0461727 ], [ 105.5610699, 18.0461739 ], [ 105.5595414, 18.0472843 ], [ 105.5581246, 18.0485339 ], [ 105.5568319, 18.0499116 ], [ 105.5556751, 18.0514052 ], [ 105.5546643, 18.0530013 ], [ 105.5535896, 18.0548901 ], [ 105.5527572, 18.0565227 ], [ 105.5520778, 18.0582247 ], [ 105.551557, 18.0599817 ], [ 105.5512541, 18.0615031 ], [ 105.5492206, 18.0615126 ], [ 105.5478891, 18.0615188 ], [ 105.5460591, 18.0616113 ], [ 105.5388057, 18.062312 ], [ 105.5370402, 18.0625624 ], [ 105.535304, 18.0629691 ], [ 105.5336109, 18.0635288 ], [ 105.5319771, 18.064151 ], [ 105.5316133, 18.0642896 ], [ 105.5298597, 18.0650556 ], [ 105.5281873, 18.0659857 ], [ 105.5266114, 18.0670713 ], [ 105.5251465, 18.0683027 ], [ 105.523806, 18.0696683 ], [ 105.5226021, 18.0711559 ], [ 105.521546, 18.0727517 ], [ 105.5206472, 18.0744411 ], [ 105.5198071, 18.0762206 ], [ 105.5190979, 18.0779215 ], [ 105.5185484, 18.0796805 ], [ 105.5181631, 18.0814826 ], [ 105.5179453, 18.0833125 ], [ 105.5172405, 18.0930326 ], [ 105.5171974, 18.0950893 ], [ 105.5174151, 18.1022191 ], [ 105.5170662, 18.1024203 ], [ 105.5166904, 18.102664 ], [ 105.5153102, 18.1021524 ], [ 105.5134386, 18.1016582 ], [ 105.511528, 18.1013472 ], [ 105.5095962, 18.1012224 ], [ 105.5076614, 18.1012849 ], [ 105.5057418, 18.1015342 ], [ 105.5045704, 18.1017444 ], [ 105.5026358, 18.1021917 ], [ 105.5007552, 18.1028286 ], [ 105.498947, 18.1036488 ], [ 105.497229, 18.1046443 ], [ 105.4956182, 18.1058052 ], [ 105.4941304, 18.1071201 ], [ 105.4915272, 18.1096619 ], [ 105.489917, 18.1114346 ], [ 105.4885302, 18.1133869 ], [ 105.4881838, 18.1139423 ], [ 105.4881645, 18.1139731 ], [ 105.4881534, 18.1139909 ], [ 105.4863839, 18.1168273 ], [ 105.4853634, 18.1186733 ], [ 105.4845429, 18.1206166 ], [ 105.4839317, 18.1226354 ], [ 105.4828557, 18.1270091 ], [ 105.4824896, 18.1288762 ], [ 105.4823025, 18.1307696 ], [ 105.4819509, 18.1376726 ], [ 105.4819383, 18.1394201 ], [ 105.4820784, 18.141162 ], [ 105.4823699, 18.142885 ], [ 105.4828107, 18.144576 ], [ 105.4841583, 18.1489522 ], [ 105.4848121, 18.150761 ], [ 105.4856365, 18.1524986 ], [ 105.4866241, 18.1541489 ], [ 105.4883768, 18.1567818 ], [ 105.4883563, 18.1569009 ], [ 105.4870727, 18.1569093 ], [ 105.4852542, 18.1570879 ], [ 105.4834596, 18.1574318 ], [ 105.4817038, 18.1579381 ], [ 105.4800016, 18.1586025 ], [ 105.4783671, 18.1594194 ], [ 105.478167, 18.1595312 ], [ 105.4771907, 18.1600762 ], [ 105.4755692, 18.1610858 ], [ 105.4740514, 18.1622456 ], [ 105.4726512, 18.1635448 ], [ 105.4713813, 18.1649717 ], [ 105.4702534, 18.1665133 ], [ 105.4692776, 18.1681554 ], [ 105.468463, 18.1698831 ], [ 105.4668953, 18.1736664 ], [ 105.466206, 18.1756066 ], [ 105.4657199, 18.1776073 ], [ 105.4654421, 18.1796475 ], [ 105.4654185, 18.1799277 ], [ 105.4646755, 18.1801481 ], [ 105.4637852, 18.1804122 ], [ 105.4620557, 18.1810127 ], [ 105.4603884, 18.1817687 ], [ 105.4596687, 18.1821357 ], [ 105.4593742, 18.1817769 ], [ 105.4581667, 18.1805524 ], [ 105.4576441, 18.1791784 ], [ 105.4562284, 18.1752789 ], [ 105.4555232, 18.1735836 ], [ 105.4546656, 18.1719602 ], [ 105.4536628, 18.1704222 ], [ 105.4525231, 18.1689827 ], [ 105.4512562, 18.1676537 ], [ 105.4498727, 18.1664466 ], [ 105.4483844, 18.1653714 ], [ 105.4466454, 18.1642328 ], [ 105.4451629, 18.1633511 ], [ 105.44361, 18.1626003 ], [ 105.4419982, 18.1619862 ], [ 105.4403394, 18.1615133 ], [ 105.4359106, 18.1604547 ], [ 105.4338392, 18.1600736 ], [ 105.4317766, 18.1599153 ], [ 105.4315951, 18.1589969 ], [ 105.4304846, 18.1545112 ], [ 105.4298803, 18.1525205 ], [ 105.4290725, 18.1506033 ], [ 105.4278204, 18.1480167 ], [ 105.4269161, 18.1463542 ], [ 105.4258588, 18.1447847 ], [ 105.4246579, 18.1433221 ], [ 105.4233242, 18.1419795 ], [ 105.4218695, 18.1407691 ], [ 105.4203647, 18.139633 ], [ 105.4186118, 18.1384497 ], [ 105.4167437, 18.1374581 ], [ 105.4147815, 18.1366693 ], [ 105.4127468, 18.1360922 ], [ 105.4106627, 18.1357331 ], [ 105.4085522, 18.1355961 ], [ 105.4067991, 18.1355752 ], [ 105.4048212, 18.1356496 ], [ 105.4028603, 18.1359191 ], [ 105.4009357, 18.1363811 ], [ 105.3990661, 18.1370311 ], [ 105.3985255, 18.1372496 ], [ 105.3971832, 18.1377924 ], [ 105.3953317, 18.1386535 ], [ 105.3935776, 18.1396989 ], [ 105.3932102, 18.1399722 ], [ 105.3917079, 18.1398675 ], [ 105.3897253, 18.1399262 ], [ 105.3877582, 18.140181 ], [ 105.3858261, 18.1406295 ], [ 105.3839479, 18.141267 ], [ 105.3823028, 18.1419181 ], [ 105.3808164, 18.1425989 ], [ 105.3800838, 18.14232 ], [ 105.3782358, 18.1418126 ], [ 105.3763477, 18.1414845 ], [ 105.3743637, 18.1412369 ], [ 105.3722671, 18.1410865 ], [ 105.3701663, 18.1411571 ], [ 105.3680845, 18.1414477 ], [ 105.3621311, 18.1426006 ], [ 105.3620991, 18.1426068 ], [ 105.3600107, 18.1431302 ], [ 105.3579907, 18.143875 ], [ 105.3560625, 18.1448326 ], [ 105.3533534, 18.1463651 ], [ 105.3514726, 18.1475725 ], [ 105.3497384, 18.1489822 ], [ 105.3481722, 18.1505766 ], [ 105.3479482, 18.1508317 ], [ 105.3460334, 18.1530131 ], [ 105.3447866, 18.1545862 ], [ 105.3437037, 18.1562764 ], [ 105.3427957, 18.1580666 ], [ 105.3406658, 18.1628466 ], [ 105.3405952, 18.1628415 ], [ 105.3388463, 18.1628688 ], [ 105.33635, 18.1630172 ], [ 105.3348114, 18.1631086 ], [ 105.3341659, 18.1631469 ], [ 105.3322042, 18.1633611 ], [ 105.3302732, 18.1637675 ], [ 105.3283917, 18.1643622 ], [ 105.3265779, 18.1651394 ], [ 105.3248495, 18.1660916 ], [ 105.3232234, 18.1672095 ], [ 105.3217153, 18.1684822 ], [ 105.3208866, 18.1692547 ], [ 105.3195618, 18.1706127 ], [ 105.3183716, 18.1720901 ], [ 105.3173268, 18.1736737 ], [ 105.3164367, 18.1753491 ], [ 105.3158519, 18.1767578 ], [ 105.3155769, 18.1769055 ], [ 105.3140222, 18.177938 ], [ 105.3125706, 18.1791108 ], [ 105.3049969, 18.1858378 ], [ 105.3036256, 18.1871788 ], [ 105.3023891, 18.188645 ], [ 105.3012987, 18.1902229 ], [ 105.3003644, 18.191898 ], [ 105.299595, 18.1936549 ], [ 105.2989973, 18.1954774 ], [ 105.298577, 18.1973488 ], [ 105.2983236, 18.1987991 ], [ 105.2980848, 18.2006975 ], [ 105.2980285, 18.20261 ], [ 105.2981552, 18.2045192 ], [ 105.2984638, 18.2064075 ], [ 105.2989514, 18.2082576 ], [ 105.2996241, 18.2103903 ], [ 105.3001771, 18.2119228 ], [ 105.3008529, 18.2134052 ], [ 105.3019917, 18.2156554 ], [ 105.3029851, 18.2173896 ], [ 105.3027824, 18.2181992 ], [ 105.301178, 18.2178783 ], [ 105.2991692, 18.217684 ], [ 105.297151, 18.2176931 ], [ 105.295144, 18.2179056 ], [ 105.2931687, 18.2183193 ], [ 105.2912451, 18.2189299 ], [ 105.2893928, 18.2197313 ], [ 105.2876267, 18.2206037 ], [ 105.286005, 18.2215005 ], [ 105.2844733, 18.2225436 ], [ 105.2830447, 18.223724 ], [ 105.2817315, 18.2250315 ], [ 105.280545, 18.226455 ], [ 105.2794952, 18.2279822 ], [ 105.2785914, 18.2295999 ], [ 105.2771487, 18.2324889 ], [ 105.27626, 18.2345507 ], [ 105.2760179, 18.2353484 ], [ 105.2757473, 18.2353143 ], [ 105.2739248, 18.2352519 ], [ 105.2721042, 18.2353557 ], [ 105.2703007, 18.235625 ], [ 105.2685292, 18.2360573 ], [ 105.2668044, 18.2366493 ], [ 105.266163, 18.2369026 ], [ 105.2651594, 18.237299 ], [ 105.26347, 18.2380584 ], [ 105.2618581, 18.2389709 ], [ 105.2603375, 18.2400285 ], [ 105.259838, 18.2404496 ], [ 105.257618, 18.2403355 ], [ 105.2569805, 18.2403027 ], [ 105.255109, 18.2402943 ], [ 105.2532449, 18.2404608 ], [ 105.2514045, 18.2408009 ], [ 105.249604, 18.2413115 ], [ 105.247859, 18.2419882 ], [ 105.2472746, 18.2422469 ], [ 105.2463183, 18.2426704 ], [ 105.2446464, 18.2435062 ], [ 105.2430599, 18.2444945 ], [ 105.2415726, 18.2456266 ], [ 105.2401975, 18.2468925 ], [ 105.2389466, 18.2482813 ], [ 105.2378307, 18.2497809 ], [ 105.2368598, 18.251378 ], [ 105.2360422, 18.2530588 ], [ 105.235385, 18.2548086 ], [ 105.2348941, 18.2566121 ], [ 105.2344044, 18.2588121 ], [ 105.2340871, 18.2606286 ], [ 105.2339385, 18.2624666 ], [ 105.2339599, 18.2643105 ], [ 105.2341509, 18.2661446 ], [ 105.2343476, 18.2674471 ], [ 105.2308782, 18.2735502 ], [ 105.2301017, 18.2750623 ], [ 105.2285952, 18.2783307 ], [ 105.2275978, 18.2804947 ], [ 105.2270945, 18.280687 ], [ 105.2254803, 18.2814763 ], [ 105.2239434, 18.2824073 ], [ 105.2209914, 18.2843821 ], [ 105.2199435, 18.2851781 ], [ 105.2186436, 18.285466 ], [ 105.2160085, 18.2857466 ], [ 105.2143856, 18.2859871 ], [ 105.2127878, 18.2863598 ], [ 105.2102219, 18.2870705 ], [ 105.2100876, 18.2871076 ], [ 105.2082826, 18.2877011 ], [ 105.206542, 18.2884632 ], [ 105.2048816, 18.2893871 ], [ 105.2033164, 18.2904643 ], [ 105.2020156, 18.2914538 ], [ 105.2003996, 18.2928241 ], [ 105.1989375, 18.2943577 ], [ 105.197646, 18.2960374 ], [ 105.1969458, 18.2970553 ], [ 105.1899754, 18.2990468 ], [ 105.1873707, 18.2999906 ], [ 105.182692, 18.3020628 ], [ 105.1814388, 18.3026178 ], [ 105.1796585, 18.303515 ], [ 105.1779764, 18.3045848 ], [ 105.1764091, 18.3058169 ], [ 105.1749722, 18.3071988 ], [ 105.172598, 18.3097219 ], [ 105.1695416, 18.3129698 ], [ 105.1682685, 18.3143227 ], [ 105.167042, 18.315756 ], [ 105.165956, 18.3172984 ], [ 105.1650201, 18.3189362 ], [ 105.1642427, 18.320655 ], [ 105.1636307, 18.3224393 ], [ 105.1631895, 18.3242734 ], [ 105.1629231, 18.3261409 ], [ 105.1626457, 18.3290666 ], [ 105.162557, 18.3311081 ], [ 105.1626771, 18.333148 ], [ 105.1630046, 18.3351649 ], [ 105.1635363, 18.337138 ], [ 105.1666938, 18.3468501 ], [ 105.1674232, 18.3491085 ], [ 105.1672623, 18.3494249 ], [ 105.1658124, 18.3522749 ], [ 105.1649578, 18.3539548 ], [ 105.1645954, 18.3546671 ], [ 105.1630999, 18.3561877 ], [ 105.1618937, 18.3575303 ], [ 105.1608134, 18.3589762 ], [ 105.1598679, 18.3605136 ], [ 105.1590649, 18.3621299 ], [ 105.1584108, 18.3638121 ], [ 105.1579399, 18.3652064 ], [ 105.1573656, 18.3672631 ], [ 105.1573104, 18.367594 ], [ 105.1569369, 18.3676087 ], [ 105.1528592, 18.3679759 ], [ 105.1527456, 18.3679862 ], [ 105.1508739, 18.3682456 ], [ 105.1490351, 18.3686805 ], [ 105.1489912, 18.3686931 ], [ 105.1447269, 18.3699183 ], [ 105.1426644, 18.3706349 ], [ 105.1406923, 18.371572 ], [ 105.1388341, 18.3727185 ], [ 105.1371119, 18.3740608 ], [ 105.1364413, 18.3746451 ], [ 105.1352849, 18.3756524 ], [ 105.1338152, 18.3770712 ], [ 105.1324978, 18.3786324 ], [ 105.1313466, 18.3803199 ], [ 105.1303735, 18.382116 ], [ 105.1295887, 18.384002 ], [ 105.1278261, 18.3889341 ], [ 105.1273582, 18.3904248 ], [ 105.1270081, 18.3919475 ], [ 105.1269334, 18.3923421 ], [ 105.1268504, 18.3927806 ], [ 105.1255527, 18.3936138 ], [ 105.1239499, 18.3948923 ], [ 105.1224864, 18.3963281 ], [ 105.1211777, 18.3979063 ], [ 105.1210033, 18.3981669 ], [ 105.1198006, 18.3984175 ], [ 105.1180005, 18.3989737 ], [ 105.1162607, 18.3996968 ], [ 105.1113772, 18.402002 ], [ 105.1095927, 18.4029577 ], [ 105.107914, 18.4040888 ], [ 105.1063582, 18.4053837 ], [ 105.1049413, 18.4068294 ], [ 105.1036777, 18.4084108 ], [ 105.1032952, 18.4089427 ], [ 105.1027574, 18.4096903 ], [ 105.1017438, 18.4112473 ], [ 105.100879, 18.4128917 ], [ 105.1001705, 18.4146092 ], [ 105.0996245, 18.416385 ], [ 105.0993218, 18.4178383 ], [ 105.0974948, 18.4188618 ], [ 105.0957636, 18.4200892 ], [ 105.0941723, 18.4214932 ], [ 105.0927387, 18.4230578 ], [ 105.091479, 18.4247656 ], [ 105.088595, 18.4291438 ], [ 105.0874123, 18.4311938 ], [ 105.08648, 18.4333692 ], [ 105.0838933, 18.4405519 ], [ 105.0833988, 18.442126 ], [ 105.0830357, 18.4437355 ], [ 105.0825451, 18.446422 ], [ 105.082284, 18.4484121 ], [ 105.0822238, 18.4504184 ], [ 105.0823649, 18.4524206 ], [ 105.082706, 18.4543986 ], [ 105.0832437, 18.4563324 ], [ 105.0834562, 18.4569706 ], [ 105.0833647, 18.4574156 ], [ 105.0830708, 18.4592946 ], [ 105.0829567, 18.461193 ], [ 105.0830233, 18.4630936 ], [ 105.0832703, 18.4649793 ], [ 105.0836952, 18.466833 ], [ 105.0842942, 18.468638 ], [ 105.085062, 18.4703779 ], [ 105.0859916, 18.4720371 ], [ 105.0862998, 18.4725306 ], [ 105.0862919, 18.4728788 ], [ 105.0863702, 18.474375 ], [ 105.08729, 18.4845937 ], [ 105.0873495, 18.4863967 ], [ 105.0874904, 18.4881966 ], [ 105.087793, 18.4899764 ], [ 105.0882549, 18.4917216 ], [ 105.0888722, 18.4934181 ], [ 105.0896401, 18.495052 ], [ 105.0899584, 18.4956567 ], [ 105.0894721, 18.4971609 ], [ 105.0886368, 18.5002735 ], [ 105.0882559, 18.5019911 ], [ 105.0880275, 18.5037356 ], [ 105.0879533, 18.5054933 ], [ 105.0880339, 18.5072508 ], [ 105.0884223, 18.5115645 ], [ 105.0888969, 18.5144508 ], [ 105.0900672, 18.5193134 ], [ 105.0906554, 18.521299 ], [ 105.0914457, 18.5232131 ], [ 105.0924297, 18.5250353 ], [ 105.093478, 18.5267569 ], [ 105.0932159, 18.5284868 ], [ 105.0930211, 18.5303721 ], [ 105.0930056, 18.5322674 ], [ 105.0931696, 18.5341556 ], [ 105.0939844, 18.5401982 ], [ 105.094253, 18.5417349 ], [ 105.0946406, 18.5432461 ], [ 105.0952862, 18.5454089 ], [ 105.0959536, 18.5472949 ], [ 105.096806, 18.5491047 ], [ 105.097835, 18.5508204 ], [ 105.0990303, 18.5524246 ], [ 105.1003799, 18.5539015 ], [ 105.1018702, 18.5552361 ], [ 105.1034864, 18.5564151 ], [ 105.104828, 18.5572945 ], [ 105.1061774, 18.558105 ], [ 105.1063688, 18.5582003 ], [ 105.1064325, 18.558661 ], [ 105.1069115, 18.5606289 ], [ 105.107587, 18.5625383 ], [ 105.1085683, 18.5649208 ], [ 105.1094863, 18.56685 ], [ 105.1106049, 18.5686703 ], [ 105.1119112, 18.5703608 ], [ 105.1122376, 18.5707009 ], [ 105.1121858, 18.5711983 ], [ 105.1121504, 18.5728383 ], [ 105.1122494, 18.5744758 ], [ 105.1129411, 18.5812704 ], [ 105.1131945, 18.5830027 ], [ 105.1135982, 18.5847055 ], [ 105.1135861, 18.584751 ], [ 105.1131992, 18.5865173 ], [ 105.1128294, 18.5886665 ], [ 105.1125872, 18.5906819 ], [ 105.1125505, 18.5927116 ], [ 105.1127197, 18.5947345 ], [ 105.1130931, 18.5967299 ], [ 105.1136669, 18.5986771 ], [ 105.1144351, 18.6005561 ], [ 105.1153898, 18.6023476 ], [ 105.1168228, 18.604736 ], [ 105.1178715, 18.60631 ], [ 105.1190641, 18.6077779 ], [ 105.1203901, 18.6091265 ], [ 105.1262944, 18.6145894 ], [ 105.1280504, 18.6160377 ], [ 105.1373227, 18.6228369 ], [ 105.1387714, 18.6238051 ], [ 105.1398248, 18.6243833 ], [ 105.1408618, 18.6259788 ], [ 105.1421331, 18.627558 ], [ 105.1435576, 18.6290004 ], [ 105.1451209, 18.6302912 ], [ 105.1468068, 18.6314171 ], [ 105.148598, 18.6323665 ], [ 105.1504761, 18.6331297 ], [ 105.1524219, 18.6336989 ], [ 105.1543347, 18.6341546 ], [ 105.1561587, 18.6345006 ], [ 105.1580069, 18.6346759 ], [ 105.1598635, 18.6346791 ], [ 105.1617123, 18.6345102 ], [ 105.1635375, 18.6341705 ], [ 105.1653233, 18.633663 ], [ 105.1687268, 18.6325227 ], [ 105.1695847, 18.6321641 ], [ 105.1697664, 18.6331562 ], [ 105.1702546, 18.6349061 ], [ 105.1706821, 18.636207 ], [ 105.169794, 18.6374699 ], [ 105.1697147, 18.6376115 ], [ 105.1681527, 18.6376097 ], [ 105.1663446, 18.6376938 ], [ 105.1642371, 18.6379041 ], [ 105.1621636, 18.6383361 ], [ 105.1601474, 18.6389849 ], [ 105.1582112, 18.6398434 ], [ 105.1563766, 18.6409017 ], [ 105.1546642, 18.6421482 ], [ 105.1544452, 18.642326 ], [ 105.1528414, 18.6436279 ], [ 105.1513448, 18.6449731 ], [ 105.1499909, 18.6464619 ], [ 105.1487935, 18.6480792 ], [ 105.1477646, 18.6498087 ], [ 105.1461829, 18.6528005 ], [ 105.1431856, 18.6570028 ], [ 105.1421391, 18.6583385 ], [ 105.1410198, 18.6584402 ], [ 105.1392699, 18.6587579 ], [ 105.1375552, 18.6592297 ], [ 105.1340376, 18.6603682 ], [ 105.1322877, 18.6610264 ], [ 105.130607, 18.6618451 ], [ 105.1290101, 18.6628172 ], [ 105.1275109, 18.6639341 ], [ 105.1245392, 18.6663721 ], [ 105.1232137, 18.6675621 ], [ 105.1219994, 18.6688653 ], [ 105.1209059, 18.6702714 ], [ 105.1162939, 18.6767802 ], [ 105.1153091, 18.6783137 ], [ 105.1144679, 18.6799305 ], [ 105.1137774, 18.6816172 ], [ 105.1132433, 18.6833597 ], [ 105.1128843, 18.684755 ], [ 105.1124964, 18.6866312 ], [ 105.112472, 18.6868559 ], [ 105.1107375, 18.6860643 ], [ 105.1088597, 18.6854235 ], [ 105.1069276, 18.6849718 ], [ 105.1050125, 18.6846233 ], [ 105.1027756, 18.6843454 ], [ 105.1005216, 18.6843209 ], [ 105.0982792, 18.6845502 ], [ 105.094543, 18.6851466 ], [ 105.0929002, 18.68548 ], [ 105.0912911, 18.6859498 ], [ 105.0851611, 18.6880219 ], [ 105.0801315, 18.6897247 ], [ 105.0780872, 18.6899592 ], [ 105.0680843, 18.6893704 ], [ 105.0649009, 18.6891678 ], [ 105.0599284, 18.6883227 ], [ 105.0536019, 18.6872386 ], [ 105.0517648, 18.6870107 ], [ 105.0499146, 18.6869537 ], [ 105.0480669, 18.687068 ], [ 105.0462378, 18.6873526 ], [ 105.0444428, 18.6878051 ], [ 105.0426973, 18.6884216 ], [ 105.0410163, 18.6891969 ], [ 105.0391949, 18.6901415 ], [ 105.0374707, 18.6911479 ], [ 105.0358554, 18.6923213 ], [ 105.0343652, 18.6936498 ], [ 105.0330148, 18.6951204 ], [ 105.0318177, 18.6967182 ], [ 105.0307859, 18.6984274 ], [ 105.0299297, 18.7002309 ], [ 105.0292575, 18.7021108 ], [ 105.028901, 18.7032906 ], [ 105.0286094, 18.7044549 ], [ 105.0270174, 18.7050961 ], [ 105.0253337, 18.7059679 ], [ 105.02374, 18.7069953 ], [ 105.0222508, 18.7081689 ], [ 105.0208795, 18.7094783 ], [ 105.0202699, 18.7101183 ], [ 105.0163501, 18.7109163 ], [ 105.0145523, 18.71137 ], [ 105.0128043, 18.7119882 ], [ 105.011121, 18.7127657 ], [ 105.0095169, 18.7136957 ], [ 105.0080059, 18.7147703 ], [ 105.0048918, 18.7172099 ], [ 105.0038659, 18.7181057 ], [ 105.0037214, 18.7180594 ], [ 105.0019026, 18.7176587 ], [ 105.0000544, 18.7174289 ], [ 104.9987733, 18.7173299 ], [ 104.9968693, 18.7172737 ], [ 104.9949687, 18.7173989 ], [ 104.9930886, 18.7177044 ], [ 104.9915304, 18.7180344 ], [ 104.9895452, 18.7185626 ], [ 104.9876247, 18.7192917 ], [ 104.9857891, 18.720214 ], [ 104.9855645, 18.7203417 ], [ 104.9853342, 18.7202781 ], [ 104.9835525, 18.719956 ], [ 104.9817489, 18.7197963 ], [ 104.9799382, 18.7198004 ], [ 104.9785531, 18.7198663 ], [ 104.9767297, 18.720037 ], [ 104.9749296, 18.7203738 ], [ 104.9731679, 18.7208738 ], [ 104.9716291, 18.7213877 ], [ 104.9679268, 18.7225635 ], [ 104.9668371, 18.7229473 ], [ 104.9650811, 18.7222724 ], [ 104.9633846, 18.7217109 ], [ 104.961829, 18.7212651 ], [ 104.9602425, 18.7209464 ], [ 104.958996, 18.7207481 ], [ 104.957275, 18.7205503 ], [ 104.9446102, 18.719648 ], [ 104.9429498, 18.7194554 ], [ 104.9411248, 18.7194112 ], [ 104.9393034, 18.7195336 ], [ 104.9375007, 18.7198215 ], [ 104.9367043, 18.7199863 ], [ 104.9347735, 18.7204875 ], [ 104.9329022, 18.7211784 ], [ 104.931109, 18.7220524 ], [ 104.9294119, 18.7231007 ], [ 104.9278275, 18.7243127 ], [ 104.9263718, 18.7256766 ], [ 104.9257943, 18.7262746 ], [ 104.9255759, 18.7265007 ], [ 104.9242589, 18.7280081 ], [ 104.9230993, 18.7296397 ], [ 104.9221085, 18.7313789 ], [ 104.9212966, 18.7332085 ], [ 104.9209153, 18.7341986 ], [ 104.9204232, 18.7356372 ], [ 104.9200418, 18.7371091 ], [ 104.919695, 18.7386932 ], [ 104.9193794, 18.7405493 ], [ 104.9192397, 18.742427 ], [ 104.9191884, 18.7443152 ], [ 104.9188785, 18.7446601 ], [ 104.9185996, 18.7449965 ], [ 104.9183576, 18.7452884 ], [ 104.917081, 18.7470082 ], [ 104.9159956, 18.7488546 ], [ 104.9151139, 18.7508066 ], [ 104.914446, 18.7528416 ], [ 104.9139996, 18.7549363 ], [ 104.9138955, 18.7555964 ], [ 104.913673, 18.7577805 ], [ 104.9136913, 18.7599757 ], [ 104.91395, 18.7621558 ], [ 104.9143196, 18.7637486 ], [ 104.9137406, 18.7640968 ], [ 104.9088711, 18.7670256 ], [ 104.9081731, 18.7674454 ], [ 104.9068628, 18.7673091 ], [ 104.9049518, 18.7671943 ], [ 104.9031721, 18.7671667 ], [ 104.901397, 18.7672975 ], [ 104.9000244, 18.7674603 ], [ 104.8991688, 18.767052 ], [ 104.8973533, 18.766293 ], [ 104.895472, 18.765716 ], [ 104.893543, 18.7653267 ], [ 104.8924084, 18.7651553 ], [ 104.8904503, 18.7649574 ], [ 104.8884822, 18.7649529 ], [ 104.8865231, 18.765142 ], [ 104.8769593, 18.7665425 ], [ 104.8704946, 18.7613531 ], [ 104.8697088, 18.7604904 ], [ 104.8682576, 18.7591805 ], [ 104.8666854, 18.7580185 ], [ 104.8650072, 18.7570156 ], [ 104.8632392, 18.7561813 ], [ 104.8613981, 18.7555236 ], [ 104.8595016, 18.7550489 ], [ 104.8575678, 18.7547615 ], [ 104.8556152, 18.7546643 ], [ 104.8551374, 18.7546639 ], [ 104.8533411, 18.7547432 ], [ 104.8515591, 18.7549836 ], [ 104.849806, 18.755383 ], [ 104.8479384, 18.7558978 ], [ 104.8474277, 18.7560386 ], [ 104.8453576, 18.7567329 ], [ 104.8433755, 18.7576487 ], [ 104.8415051, 18.7587752 ], [ 104.8397686, 18.7600988 ], [ 104.8393929, 18.7604191 ], [ 104.8364709, 18.7629097 ], [ 104.8348724, 18.7644322 ], [ 104.8334515, 18.7661216 ], [ 104.8331508, 18.7665221 ], [ 104.8312727, 18.7665657 ], [ 104.8311261, 18.7665266 ], [ 104.8300734, 18.7662759 ], [ 104.8175351, 18.763646 ], [ 104.8153625, 18.7633137 ], [ 104.8131666, 18.7632218 ], [ 104.8058712, 18.7633177 ], [ 104.8037406, 18.7631886 ], [ 104.8018709, 18.7631629 ], [ 104.8000069, 18.7633119 ], [ 104.796901, 18.763707 ], [ 104.7967103, 18.7637322 ], [ 104.7925891, 18.7642968 ], [ 104.7906642, 18.7646573 ], [ 104.7887837, 18.7652043 ], [ 104.7869658, 18.7659326 ], [ 104.7852329, 18.7667274 ], [ 104.783315, 18.7677362 ], [ 104.7815174, 18.7689467 ], [ 104.7798614, 18.7703445 ], [ 104.7783663, 18.7719133 ], [ 104.778008, 18.7723326 ], [ 104.7725859, 18.7779062 ], [ 104.7722077, 18.778295 ], [ 104.7708442, 18.7798503 ], [ 104.7707703, 18.7799546 ], [ 104.7637451, 18.7773647 ], [ 104.7620696, 18.7768295 ], [ 104.7603535, 18.7764435 ], [ 104.7586101, 18.7762098 ], [ 104.756853, 18.7761302 ], [ 104.7560766, 18.7761292 ], [ 104.7539106, 18.776244 ], [ 104.7517698, 18.7765927 ], [ 104.7496794, 18.7771712 ], [ 104.7476639, 18.7779727 ], [ 104.7465583, 18.7784834 ], [ 104.7440596, 18.7798618 ], [ 104.7416334, 18.7814359 ], [ 104.741366, 18.7816083 ], [ 104.7405714, 18.781509 ], [ 104.7404637, 18.7814955 ], [ 104.7386459, 18.7813514 ], [ 104.7368225, 18.7813735 ], [ 104.7350088, 18.7815616 ], [ 104.7332197, 18.7819141 ], [ 104.7314702, 18.7824281 ], [ 104.7297747, 18.7830992 ], [ 104.7286391, 18.7836098 ], [ 104.7267338, 18.7845925 ], [ 104.7249445, 18.7857735 ], [ 104.723292, 18.7871393 ], [ 104.7217951, 18.788674 ], [ 104.7204711, 18.7903602 ], [ 104.7197528, 18.7913835 ], [ 104.7187517, 18.7929617 ], [ 104.7179023, 18.7946264 ], [ 104.717212, 18.7963631 ], [ 104.7166868, 18.7981567 ], [ 104.716656, 18.7982836 ], [ 104.716453, 18.798311 ], [ 104.7146735, 18.7987193 ], [ 104.7129386, 18.7992882 ], [ 104.7123409, 18.7995149 ], [ 104.7106611, 18.8002416 ], [ 104.7090548, 18.8011188 ], [ 104.7075355, 18.8021391 ], [ 104.7049866, 18.8040256 ], [ 104.7035785, 18.8051701 ], [ 104.70228, 18.8064375 ], [ 104.7011018, 18.8078174 ], [ 104.7000534, 18.8092984 ], [ 104.6991435, 18.8108683 ], [ 104.6972915, 18.8144269 ], [ 104.6956175, 18.8165906 ], [ 104.6949505, 18.8175569 ], [ 104.6934929, 18.8171415 ], [ 104.6917985, 18.8167375 ], [ 104.6900753, 18.8164825 ], [ 104.688403, 18.816309 ], [ 104.6870537, 18.816215 ], [ 104.6853812, 18.8161552 ], [ 104.6832746, 18.8161909 ], [ 104.6811834, 18.8164481 ], [ 104.6802273, 18.8166172 ], [ 104.6785943, 18.816977 ], [ 104.6700475, 18.8192386 ], [ 104.6680294, 18.8198888 ], [ 104.6660915, 18.8207491 ], [ 104.6642555, 18.8218097 ], [ 104.6625422, 18.8230587 ], [ 104.6617045, 18.8237402 ], [ 104.6601596, 18.8251368 ], [ 104.6587683, 18.8266865 ], [ 104.6580797, 18.8275389 ], [ 104.6567347, 18.829416 ], [ 104.654937, 18.8322582 ], [ 104.6541847, 18.8335523 ], [ 104.6535314, 18.834899 ], [ 104.6520136, 18.8383509 ], [ 104.6511097, 18.8404066 ], [ 104.6507557, 18.8405475 ], [ 104.6487952, 18.8415931 ], [ 104.6481443, 18.8419882 ], [ 104.6472993, 18.8425011 ], [ 104.6456431, 18.8436236 ], [ 104.6441073, 18.8449059 ], [ 104.6427073, 18.8463352 ], [ 104.6414571, 18.8478973 ], [ 104.6406782, 18.8489771 ], [ 104.6403364, 18.8495138 ], [ 104.639591, 18.8498193 ], [ 104.6386874, 18.8499015 ], [ 104.6355658, 18.8500285 ], [ 104.6351808, 18.8500443 ], [ 104.6332146, 18.8502221 ], [ 104.6312755, 18.850593 ], [ 104.6293824, 18.8511532 ], [ 104.6285752, 18.8514361 ], [ 104.6267654, 18.8521715 ], [ 104.6250359, 18.8530799 ], [ 104.6234034, 18.8541527 ], [ 104.6218833, 18.8553797 ], [ 104.6204901, 18.8567492 ], [ 104.6192324, 18.8581125 ], [ 104.618078, 18.8594821 ], [ 104.6170508, 18.8609494 ], [ 104.6166089, 18.8617191 ], [ 104.6156933, 18.8623917 ], [ 104.6150267, 18.8628813 ], [ 104.6131024, 18.8644897 ], [ 104.611845, 18.8656823 ], [ 104.6106099, 18.8669628 ], [ 104.6094935, 18.868348 ], [ 104.6085046, 18.8698269 ], [ 104.6076511, 18.8713878 ], [ 104.6069396, 18.8730184 ], [ 104.6066992, 18.8736439 ], [ 104.6061102, 18.8754458 ], [ 104.5927894, 18.8787694 ], [ 104.5902954, 18.8795684 ], [ 104.588752, 18.8801769 ], [ 104.588141, 18.8804178 ], [ 104.5866152, 18.8810943 ], [ 104.5851511, 18.8818957 ], [ 104.5838345, 18.8826895 ], [ 104.5832735, 18.8830649 ], [ 104.5820867, 18.8828368 ], [ 104.5808919, 18.8826634 ], [ 104.5788323, 18.8824725 ], [ 104.5767639, 18.8824954 ], [ 104.5747091, 18.8827319 ], [ 104.5726896, 18.8831793 ], [ 104.5707271, 18.8838328 ], [ 104.5688426, 18.8846856 ], [ 104.5681844, 18.8850255 ], [ 104.5665361, 18.8859787 ], [ 104.5649859, 18.8870844 ], [ 104.5635479, 18.8883324 ], [ 104.562235, 18.8897116 ], [ 104.5610593, 18.8912094 ], [ 104.5600313, 18.8928121 ], [ 104.559311, 18.8940624 ], [ 104.558356, 18.8959431 ], [ 104.5576043, 18.8979138 ], [ 104.5570643, 18.8999528 ], [ 104.556742, 18.9020373 ], [ 104.5565582, 18.9038579 ], [ 104.5564572, 18.9059178 ], [ 104.5564587, 18.905946 ], [ 104.5537317, 18.9103304 ], [ 104.5534536, 18.9106465 ], [ 104.5486799, 18.9160737 ], [ 104.5474607, 18.9176047 ], [ 104.546397, 18.9192476 ], [ 104.545499, 18.9209866 ], [ 104.5447752, 18.922805 ], [ 104.5442327, 18.9246855 ], [ 104.54387, 18.9262211 ], [ 104.5435004, 18.928247 ], [ 104.5434557, 18.9288228 ], [ 104.535346, 18.93649 ], [ 104.5339847, 18.9377768 ], [ 104.5299819, 18.9415606 ], [ 104.5286839, 18.942908 ], [ 104.5275175, 18.9443708 ], [ 104.5264929, 18.9459362 ], [ 104.525619, 18.9475905 ], [ 104.5249036, 18.9493192 ], [ 104.5243528, 18.9511072 ], [ 104.5238695, 18.952984 ], [ 104.5236412, 18.9539741 ], [ 104.5230959, 18.9566473 ], [ 104.522772, 18.9588615 ], [ 104.5226974, 18.961098 ], [ 104.5227179, 18.9620037 ], [ 104.5222319, 18.961905 ], [ 104.5200774, 18.9615884 ], [ 104.5179012, 18.961508 ], [ 104.5157291, 18.9616646 ], [ 104.5137295, 18.9619188 ], [ 104.5123064, 18.9621521 ], [ 104.5108039, 18.9624544 ], [ 104.5100457, 18.9625246 ], [ 104.5077459, 18.9628733 ], [ 104.5055021, 18.9634866 ], [ 104.5043513, 18.9638744 ], [ 104.5042378, 18.9639126 ], [ 104.5025734, 18.9645565 ], [ 104.5009731, 18.9653463 ], [ 104.4994496, 18.9662755 ], [ 104.498015, 18.9673369 ], [ 104.4964212, 18.9686299 ], [ 104.4951277, 18.9697754 ], [ 104.4939378, 18.9710282 ], [ 104.4928606, 18.9723791 ], [ 104.491904, 18.9738179 ], [ 104.4908084, 18.975631 ], [ 104.4895624, 18.9780511 ], [ 104.488786, 18.9798505 ], [ 104.4882254, 18.9789687 ], [ 104.4871062, 18.9775202 ], [ 104.4858592, 18.9761801 ], [ 104.4844948, 18.9749597 ], [ 104.4830247, 18.9738691 ], [ 104.4820659, 18.9732237 ], [ 104.4803268, 18.9721772 ], [ 104.4784906, 18.9713124 ], [ 104.4765763, 18.9706381 ], [ 104.4746034, 18.9701613 ], [ 104.4725924, 18.9698869 ], [ 104.4705639, 18.9698178 ], [ 104.4685389, 18.9699546 ], [ 104.4665382, 18.9702959 ], [ 104.4633321, 18.971012 ], [ 104.4602125, 18.9693906 ], [ 104.4585899, 18.9686375 ], [ 104.4569065, 18.9680323 ], [ 104.4551758, 18.9675799 ], [ 104.4534116, 18.9672841 ], [ 104.451335, 18.9670307 ], [ 104.449502, 18.9668921 ], [ 104.447664, 18.9669224 ], [ 104.4458366, 18.9671213 ], [ 104.4445895, 18.9673154 ], [ 104.4421022, 18.9678668 ], [ 104.4407506, 18.9682582 ], [ 104.4388938, 18.9688962 ], [ 104.4371085, 18.9697132 ], [ 104.4354119, 18.9707014 ], [ 104.4345792, 18.9712428 ], [ 104.4328563, 18.9724985 ], [ 104.4312769, 18.9739304 ], [ 104.4304952, 18.974719 ], [ 104.4286246, 18.9768991 ], [ 104.4273465, 18.9786256 ], [ 104.4272056, 18.9788184 ], [ 104.4256994, 18.9809047 ], [ 104.4237388, 18.982035 ], [ 104.4220286, 18.9831407 ], [ 104.4204396, 18.9844145 ], [ 104.4189884, 18.9858434 ], [ 104.4188821, 18.9859719 ], [ 104.4175482, 18.9863664 ], [ 104.4157956, 18.9870706 ], [ 104.4143428, 18.9877356 ], [ 104.4128596, 18.9884907 ], [ 104.4104928, 18.9898224 ], [ 104.4091801, 18.990629 ], [ 104.4079335, 18.9915344 ], [ 104.4071855, 18.9921229 ], [ 104.4058076, 18.9933123 ], [ 104.4045435, 18.9946222 ], [ 104.4034038, 18.9960415 ], [ 104.4023979, 18.9975585 ], [ 104.4021269, 18.9980106 ], [ 104.4012847, 18.9995681 ], [ 104.4005836, 19.0011939 ], [ 104.4003745, 19.0017446 ], [ 104.3997318, 19.0037491 ], [ 104.3993035, 19.0058101 ], [ 104.3990941, 19.0079047 ], [ 104.399106, 19.0100097 ], [ 104.3991451, 19.0106794 ], [ 104.3992138, 19.0115375 ], [ 104.3993741, 19.0131135 ], [ 104.3995087, 19.0138936 ], [ 104.3992218, 19.01425 ], [ 104.3943908, 19.0179394 ], [ 104.3937312, 19.0184655 ], [ 104.3930244, 19.0190541 ], [ 104.3925696, 19.0194446 ], [ 104.3919044, 19.0200332 ], [ 104.3905419, 19.0213595 ], [ 104.3893115, 19.0228092 ], [ 104.3882243, 19.0243691 ], [ 104.3875573, 19.0254304 ], [ 104.38666, 19.0270138 ], [ 104.384934, 19.0304111 ], [ 104.3846788, 19.030932 ], [ 104.384284, 19.0317683 ], [ 104.3835999, 19.0334009 ], [ 104.3830629, 19.0350875 ], [ 104.3828562, 19.0358522 ], [ 104.3824503, 19.0376949 ], [ 104.3822199, 19.0395677 ], [ 104.382167, 19.0414538 ], [ 104.3821706, 19.0415076 ], [ 104.3797932, 19.0418693 ], [ 104.3797936, 19.0418717 ], [ 104.3785513, 19.0420428 ], [ 104.376458, 19.0425658 ], [ 104.3744331, 19.0433112 ], [ 104.3725004, 19.0442704 ], [ 104.372085, 19.0445053 ], [ 104.370337, 19.045617 ], [ 104.3690487, 19.0466378 ], [ 104.3656982, 19.0490158 ], [ 104.3640204, 19.0503473 ], [ 104.3624946, 19.0518505 ], [ 104.3608574, 19.0536462 ], [ 104.353278, 19.0523092 ], [ 104.351142, 19.0520499 ], [ 104.3489906, 19.0520216 ], [ 104.3468485, 19.0522246 ], [ 104.3447406, 19.0526566 ], [ 104.3426913, 19.0533124 ], [ 104.3409225, 19.0539854 ], [ 104.3360918, 19.0558235 ], [ 104.3299233, 19.0581707 ], [ 104.3274636, 19.0593027 ], [ 104.3267098, 19.0597136 ], [ 104.322138, 19.0622061 ], [ 104.3138872, 19.0664616 ], [ 104.3133385, 19.0667555 ], [ 104.3109784, 19.0680673 ], [ 104.3105347, 19.068246 ], [ 104.3093805, 19.068512 ], [ 104.3068209, 19.069102 ], [ 104.3050195, 19.069607 ], [ 104.3034953, 19.0701123 ], [ 104.3014197, 19.0709315 ], [ 104.2994484, 19.0719768 ], [ 104.2976057, 19.0732352 ], [ 104.2956746, 19.0747185 ], [ 104.2938473, 19.076307 ], [ 104.2922253, 19.0781045 ], [ 104.2918377, 19.0785902 ], [ 104.2890734, 19.082055 ], [ 104.2880439, 19.0834679 ], [ 104.2871418, 19.0849652 ], [ 104.2862395, 19.0866226 ], [ 104.2853305, 19.0885245 ], [ 104.2846268, 19.0905115 ], [ 104.2841362, 19.0925615 ], [ 104.283864, 19.0946517 ], [ 104.2838363, 19.0958033 ], [ 104.2834265, 19.0980755 ], [ 104.2822264, 19.0984938 ], [ 104.2778773, 19.1000096 ], [ 104.2755014, 19.1008378 ], [ 104.2746223, 19.1008513 ], [ 104.2744667, 19.1008351 ], [ 104.2654144, 19.0979338 ], [ 104.2643632, 19.0976283 ], [ 104.2631424, 19.0973096 ], [ 104.2589379, 19.0962116 ], [ 104.256832, 19.0957811 ], [ 104.2546921, 19.095579 ], [ 104.2525428, 19.0956078 ], [ 104.2520208, 19.0956429 ], [ 104.2444201, 19.096154 ], [ 104.2440883, 19.0960907 ], [ 104.2409252, 19.0946559 ], [ 104.2389409, 19.0938804 ], [ 104.2368854, 19.0933204 ], [ 104.234782, 19.0929822 ], [ 104.233435, 19.0928387 ], [ 104.2315283, 19.0927273 ], [ 104.2296197, 19.0927983 ], [ 104.228784409786172, 19.092909798514093 ], [ 104.236402363565759, 19.154432843859478 ] ], [ [ 106.877875135594877, 20.875484736429776 ], [ 106.893105215030346, 20.872927037268859 ], [ 106.902229559165434, 20.855843542147955 ], [ 106.918235832511755, 20.857870748495881 ], [ 106.929952439604648, 20.849129691948416 ], [ 106.942364349571605, 20.859445819172912 ], [ 106.935758020845313, 20.878627569802802 ], [ 106.949541855363648, 20.881365211180203 ], [ 106.954711002920234, 20.899216295495659 ], [ 106.940283224148772, 20.908021606347305 ], [ 106.891502903038159, 20.904382709706542 ], [ 106.87353663884754, 20.884443683431254 ], [ 106.877875135594877, 20.875484736429776 ] ], [ [ 106.1108225, 19.9220186 ], [ 106.1111701, 19.9226066 ], [ 106.1120019, 19.9238978 ], [ 106.1129303, 19.9251213 ], [ 106.1134403, 19.9257424 ], [ 106.1125757, 19.9256882 ], [ 106.1105974, 19.9257603 ], [ 106.1086359, 19.9260277 ], [ 106.1067105, 19.9264876 ], [ 106.1065761, 19.9265342 ], [ 106.1059082, 19.9265842 ], [ 106.1058653, 19.9265707 ], [ 106.1058389, 19.9265291 ], [ 106.1038446, 19.9233914 ], [ 106.1028069, 19.9216489 ], [ 106.102139, 19.9199555 ], [ 106.1016741, 19.9187072 ], [ 106.1010372, 19.9171908 ], [ 106.1002778, 19.9157319 ], [ 106.0995563, 19.9145866 ], [ 106.0998439, 19.9147733 ], [ 106.1010513, 19.915498 ], [ 106.1032242, 19.9167003 ], [ 106.1077336, 19.9194747 ], [ 106.1107353, 19.9218519 ], [ 106.1108225, 19.9220186 ] ], [ [ 106.9121676, 20.8242645 ], [ 106.9110774, 20.8259829 ], [ 106.9101675, 20.8278031 ], [ 106.9099423, 20.8283981 ], [ 106.9086932, 20.8299834 ], [ 106.9076023, 20.8317021 ], [ 106.9066918, 20.8335228 ], [ 106.906511, 20.8340004 ], [ 106.9060468, 20.833591 ], [ 106.90464, 20.8324588 ], [ 106.9031369, 20.8314581 ], [ 106.9026512, 20.8311655 ], [ 106.9038809, 20.8301384 ], [ 106.9051796, 20.8288331 ], [ 106.9061099, 20.8278077 ], [ 106.9072851, 20.8263857 ], [ 106.9083243, 20.8248616 ], [ 106.9086319, 20.8243066 ], [ 106.9096426, 20.8238316 ], [ 106.910605, 20.8232572 ], [ 106.9115382, 20.8235603 ], [ 106.9125516, 20.823777 ], [ 106.9121676, 20.8242645 ] ], [ [ 106.8685891, 20.8846684 ], [ 106.8670439, 20.8840087 ], [ 106.8654742, 20.8834893 ], [ 106.8661481, 20.8823403 ], [ 106.8678293, 20.8800567 ], [ 106.8683057, 20.8814059 ], [ 106.8684298, 20.881703 ], [ 106.8692621, 20.8834522 ], [ 106.8702597, 20.8851127 ], [ 106.8706655, 20.88566 ], [ 106.8685891, 20.8846684 ] ], [ [ 106.9534702, 20.9369719 ], [ 106.9542315, 20.9367117 ], [ 106.9543542, 20.9366559 ], [ 106.9543771, 20.9371635 ], [ 106.9538398, 20.9372116 ], [ 106.9534702, 20.9369719 ] ], [ [ 106.7039402, 21.9974604 ], [ 106.7043554, 21.9975103 ], [ 106.7063267, 21.9975517 ], [ 106.70701, 21.9974985 ], [ 106.7071504, 21.998123 ], [ 106.7078025, 22.0000667 ], [ 106.7083889, 22.0015567 ], [ 106.7039402, 21.9974604 ] ] ], [ [ [ 104.830230897849091, 10.163432435424857 ], [ 104.774726400555537, 10.217914545130666 ], [ 104.735169429934871, 10.226178400249994 ], [ 104.687017148081353, 10.197862637510809 ], [ 104.636473171323487, 10.133821698524626 ], [ 104.620316387264083, 10.145936972944284 ], [ 104.601857132864794, 10.146468488497865 ], [ 104.607549420044762, 10.159951706441673 ], [ 104.588385849010308, 10.183016011464165 ], [ 104.582829360591418, 10.247558297783439 ], [ 104.574115711214773, 10.267300424596225 ], [ 104.55467284358663, 10.287033526200885 ], [ 104.533118312836862, 10.290243769723283 ], [ 104.526171998970241, 10.323856571023567 ], [ 104.506289495287703, 10.349731005889787 ], [ 104.494236395915422, 10.361959060060414 ], [ 104.480729800408525, 10.359817673849461 ], [ 104.471444452935458, 10.373348368118101 ], [ 104.442692577585248, 10.36411313497862 ], [ 104.450594521369183, 10.402945201123892 ], [ 104.426133966372063, 10.438954134856306 ], [ 104.425291170403526, 10.439229560748979 ], [ 104.4262191, 10.4398842 ], [ 104.427915, 10.4408479 ], [ 104.4296966, 10.4416419 ], [ 104.4315471, 10.4422586 ], [ 104.4335448, 10.4428177 ], [ 104.4536404, 10.448441 ], [ 104.4553014, 10.4488303 ], [ 104.4569896, 10.4490766 ], [ 104.4586926, 10.4491781 ], [ 104.4651016, 10.4492862 ], [ 104.4695822, 10.4493617 ], [ 104.4722036, 10.4492336 ], [ 104.4799993, 10.4483373 ], [ 104.4819102, 10.4480232 ], [ 104.4837818, 10.4475258 ], [ 104.4855965, 10.4468497 ], [ 104.4873373, 10.4460013 ], [ 104.4889879, 10.4449884 ], [ 104.493557, 10.4418706 ], [ 104.4945322, 10.445367 ], [ 104.4950257, 10.4468962 ], [ 104.4956404, 10.4483807 ], [ 104.4973388, 10.4520574 ], [ 104.4981543, 10.4536349 ], [ 104.4991066, 10.4551339 ], [ 104.5001881, 10.4565425 ], [ 104.5044146, 10.4615685 ], [ 104.5055392, 10.462798 ], [ 104.5067623, 10.4639296 ], [ 104.5105648, 10.4671645 ], [ 104.5119902, 10.4682703 ], [ 104.5135094, 10.4692432 ], [ 104.5151102, 10.4700752 ], [ 104.5167794, 10.4707596 ], [ 104.5185034, 10.4712907 ], [ 104.5202683, 10.4716644 ], [ 104.5281092, 10.4729581 ], [ 104.5281708, 10.4729652 ], [ 104.5284777, 10.4747927 ], [ 104.5291112, 10.4769893 ], [ 104.5299911, 10.4790992 ], [ 104.5315875, 10.4823847 ], [ 104.5332206, 10.4857457 ], [ 104.5331963, 10.4884568 ], [ 104.5330446, 10.4935668 ], [ 104.5330801, 10.4954913 ], [ 104.5333005, 10.4974034 ], [ 104.5337037, 10.4992856 ], [ 104.534286, 10.5011202 ], [ 104.5350419, 10.5028904 ], [ 104.5359645, 10.5045797 ], [ 104.5393772, 10.510171 ], [ 104.5404511, 10.5117549 ], [ 104.5416715, 10.5132288 ], [ 104.5430272, 10.5145793 ], [ 104.5445057, 10.5157941 ], [ 104.5460936, 10.5168621 ], [ 104.5477762, 10.5177734 ], [ 104.5495383, 10.5185197 ], [ 104.5562428, 10.5209882 ], [ 104.5581305, 10.521579 ], [ 104.5599636, 10.5219589 ], [ 104.5603694, 10.5251333 ], [ 104.5606234, 10.5266524 ], [ 104.5609935, 10.5281475 ], [ 104.5625199, 10.5334316 ], [ 104.563278, 10.5355861 ], [ 104.5642768, 10.5376401 ], [ 104.5655033, 10.5395668 ], [ 104.5695434, 10.5451784 ], [ 104.5708623, 10.5468205 ], [ 104.5744348, 10.5508177 ], [ 104.5758588, 10.5522572 ], [ 104.5774211, 10.5535454 ], [ 104.5791056, 10.554669 ], [ 104.5808952, 10.5556164 ], [ 104.5870981, 10.5585086 ], [ 104.5880407, 10.5589482 ], [ 104.589717, 10.5596391 ], [ 104.591449, 10.5601754 ], [ 104.5932225, 10.5605526 ], [ 104.5950228, 10.5607676 ], [ 104.5968352, 10.5608188 ], [ 104.6049842, 10.5606791 ], [ 104.6068316, 10.5605617 ], [ 104.6086601, 10.5602741 ], [ 104.6104543, 10.5598186 ], [ 104.6156904, 10.5582281 ], [ 104.6173929, 10.5576258 ], [ 104.6190341, 10.5568723 ], [ 104.6206006, 10.5559739 ], [ 104.6247425, 10.5533431 ], [ 104.6296804, 10.5514662 ], [ 104.630664, 10.5515633 ], [ 104.6316731, 10.5528254 ], [ 104.6319469, 10.5531679 ], [ 104.6332413, 10.5546341 ], [ 104.6346728, 10.5559667 ], [ 104.6362276, 10.5571532 ], [ 104.6378909, 10.5581822 ], [ 104.6396467, 10.5590437 ], [ 104.6414782, 10.5597297 ], [ 104.643368, 10.5602335 ], [ 104.645298, 10.5605503 ], [ 104.6472497, 10.5606771 ], [ 104.658664, 10.5608592 ], [ 104.6599212, 10.5608397 ], [ 104.6926406, 10.5593032 ], [ 104.6943158, 10.5591537 ], [ 104.6959726, 10.558864 ], [ 104.6975991, 10.5584362 ], [ 104.72051, 10.551367 ], [ 104.7364246, 10.5464565 ], [ 104.738801, 10.5457229 ], [ 104.7395121, 10.5454888 ], [ 104.7551513, 10.5400124 ], [ 104.7582707, 10.5398233 ], [ 104.7761853, 10.5402769 ], [ 104.8588718, 10.5423497 ], [ 104.872259, 10.5539112 ], [ 104.8804265, 10.5609637 ], [ 104.8838273, 10.566021 ], [ 104.8996414, 10.5972203 ], [ 104.9024268, 10.6027147 ], [ 104.9031527, 10.604023 ], [ 104.9163239, 10.6257967 ], [ 104.9179775, 10.6281342 ], [ 104.927312959074868, 10.639507416937951 ], [ 104.830230897849091, 10.163432435424857 ] ] ], [ [ [ 104.618385855540595, 9.814840593915838 ], [ 104.635465683248867, 9.824449034008055 ], [ 104.656894009507056, 9.819096174553975 ], [ 104.652496373268846, 9.796485656449052 ], [ 104.606085465610263, 9.796024174891286 ], [ 104.618385855540595, 9.814840593915838 ] ] ], [ [ [ 103.838327285858185, 10.378178339725174 ], [ 103.926496547122639, 10.362046561270386 ], [ 103.942007338421234, 10.381901855778253 ], [ 103.946962392226197, 10.404183907982084 ], [ 103.96523033159464, 10.411165171514982 ], [ 103.9742513380438, 10.441746757667671 ], [ 103.985930188977804, 10.452052932381836 ], [ 104.004958160177694, 10.450001236920755 ], [ 104.026453316546593, 10.419542418692382 ], [ 104.041004254061662, 10.417177400759735 ], [ 104.071595767186153, 10.384933693345463 ], [ 104.083356031979932, 10.357623135232242 ], [ 104.073831990256252, 10.33900122525719 ], [ 104.080308431931527, 10.314573301370535 ], [ 104.074785434382349, 10.274343300360806 ], [ 104.080670485875743, 10.242233316898234 ], [ 104.073619665953572, 10.219861225574958 ], [ 104.052886559377413, 10.192047462937811 ], [ 104.021258235926283, 10.08638818045806 ], [ 104.041225088308437, 10.070070067512649 ], [ 104.035011777827705, 10.029568864188876 ], [ 104.05037014597437, 10.00546739291388 ], [ 104.033517735226638, 9.998615839016423 ], [ 104.022512702294122, 10.015271401833491 ], [ 104.010932605877571, 10.007481221228305 ], [ 104.002183659562533, 10.035832674734028 ], [ 103.990419595825543, 10.046656712240537 ], [ 103.986846206108709, 10.084729822003352 ], [ 103.971911205735125, 10.094927574529979 ], [ 103.98121575567346, 10.111613571126007 ], [ 103.970795372257896, 10.163697662954647 ], [ 103.959709710045757, 10.206405038790798 ], [ 103.945209269314589, 10.222168753289422 ], [ 103.949633348701326, 10.233250002226967 ], [ 103.942727434485832, 10.250189933633518 ], [ 103.929482317869244, 10.260035719372043 ], [ 103.914115109802765, 10.288375983008654 ], [ 103.892350194983024, 10.288567499985621 ], [ 103.873801362640961, 10.306148852428963 ], [ 103.860343860331753, 10.300656055652118 ], [ 103.843553588194155, 10.352623719946068 ], [ 103.831700142124845, 10.361547234599488 ], [ 103.838327285858185, 10.378178339725174 ] ] ], [ [ [ 104.026077175442111, 9.970477037366907 ], [ 104.019690314932589, 9.956371663174179 ], [ 104.026989121984144, 9.944365901264938 ], [ 104.017775955228188, 9.932421487363172 ], [ 104.024992616908293, 9.915661701681222 ], [ 104.016266070680146, 9.907929522468809 ], [ 104.000109213889843, 9.914602822155096 ], [ 103.991299129778625, 9.901946759181 ], [ 103.983252974553935, 9.915589580337762 ], [ 103.968104314214969, 9.921777154722603 ], [ 103.989349821788835, 9.91796334737073 ], [ 104.014054836417202, 9.927952265104453 ], [ 104.017527931889745, 9.938725283976048 ], [ 104.009438462273636, 9.966719501958364 ], [ 104.015246946899396, 9.979163923968351 ], [ 104.002897583206732, 9.99035664981578 ], [ 104.010395109951062, 10.000457935207685 ], [ 104.026077175442111, 9.970477037366907 ] ] ] ] } }
]
}
