{
"type": "FeatureCollection",
"name": "2026-08-17",
"crs": { "type": "name", "properties": { "name": "urn:ogc:def:crs:OGC:1.3:CRS84" } },
"features": [
{ "type": "Feature", "properties": { }, "geometry": { "type": "MultiPolygon", "coordinates": [ [ [ [ 104.6270407596041, 10.552469529565011 ], [ 104.6296804, 10.5514662 ], [ 104.630664, 10.5515633 ], [ 104.6316731, 10.5528254 ], [ 104.6319469, 10.5531679 ], [ 104.6332413, 10.5546341 ], [ 104.6346728, 10.5559667 ], [ 104.6362276, 10.5571532 ], [ 104.6378909, 10.5581822 ], [ 104.6396467, 10.5590437 ], [ 104.6414782, 10.5597297 ], [ 104.643368, 10.5602335 ], [ 104.645298, 10.5605503 ], [ 104.6472497, 10.5606771 ], [ 104.658664, 10.5608592 ], [ 104.6599212, 10.5608397 ], [ 104.6926406, 10.5593032 ], [ 104.6943158, 10.5591537 ], [ 104.6959726, 10.558864 ], [ 104.6975991, 10.5584362 ], [ 104.72051, 10.551367 ], [ 104.7364246, 10.5464565 ], [ 104.738801, 10.5457229 ], [ 104.7395121, 10.5454888 ], [ 104.7551513, 10.5400124 ], [ 104.7582707, 10.5398233 ], [ 104.7761853, 10.5402769 ], [ 104.8588718, 10.5423497 ], [ 104.872259, 10.5539112 ], [ 104.8804265, 10.5609637 ], [ 104.8838273, 10.566021 ], [ 104.8996414, 10.5972203 ], [ 104.9024268, 10.6027147 ], [ 104.9031527, 10.604023 ], [ 104.9163239, 10.6257967 ], [ 104.9179775, 10.6281342 ], [ 104.9286495, 10.6411357 ], [ 104.9363355, 10.6504981 ], [ 104.9375181, 10.6518152 ], [ 104.9462133, 10.6606769 ], [ 104.9475546, 10.6619242 ], [ 104.9490045, 10.6630435 ], [ 104.9505506, 10.6640255 ], [ 104.9809296, 10.6814209 ], [ 104.9814092, 10.6816868 ], [ 104.9877791, 10.6851059 ], [ 104.9919808, 10.6873612 ], [ 105.0043048, 10.6944303 ], [ 105.0516328, 10.7215674 ], [ 105.061662, 10.7273159 ], [ 105.0708451, 10.7332792 ], [ 105.0686411, 10.746241 ], [ 105.0679095, 10.7474097 ], [ 105.0654028, 10.7494986 ], [ 105.0479755, 10.7640191 ], [ 105.0465738, 10.7653047 ], [ 105.0453006, 10.7667176 ], [ 105.0441674, 10.7682451 ], [ 105.0431843, 10.7698733 ], [ 105.0423604, 10.7715876 ], [ 105.0417031, 10.7733723 ], [ 105.0412182, 10.7752114 ], [ 105.0409102, 10.7770883 ], [ 105.0400684, 10.784372 ], [ 105.0399509, 10.7859005 ], [ 105.0394668, 10.7985024 ], [ 105.0394452, 10.799066 ], [ 105.0389436, 10.8121238 ], [ 105.0265249, 10.836452 ], [ 105.0263518, 10.8367994 ], [ 105.0119052, 10.8665104 ], [ 105.0110937, 10.8684272 ], [ 105.0104857, 10.8704179 ], [ 105.010088, 10.8724611 ], [ 105.0084436, 10.8841122 ], [ 105.0082621, 10.8861382 ], [ 105.0082873, 10.8881722 ], [ 105.0085191, 10.8901931 ], [ 105.0089549, 10.89218 ], [ 105.0096722, 10.8948045 ], [ 105.0103566, 10.8973083 ], [ 105.0110491, 10.8993867 ], [ 105.0119648, 10.9013769 ], [ 105.0130927, 10.9032551 ], [ 105.0144193, 10.9049986 ], [ 105.0147197, 10.9053515 ], [ 105.018089, 10.9093092 ], [ 105.0179194, 10.9121161 ], [ 105.0179018, 10.9141901 ], [ 105.0180991, 10.9162547 ], [ 105.0185091, 10.9182877 ], [ 105.0191274, 10.9202674 ], [ 105.0199475, 10.9221724 ], [ 105.0209604, 10.9239822 ], [ 105.0242234, 10.9291624 ], [ 105.0242556, 10.9292134 ], [ 105.0322337, 10.9417948 ], [ 105.0333604, 10.9433931 ], [ 105.0346378, 10.9448737 ], [ 105.0360537, 10.9462225 ], [ 105.0375945, 10.9474265 ], [ 105.0471412, 10.9541618 ], [ 105.0486671, 10.955138 ], [ 105.050275, 10.955972 ], [ 105.0519519, 10.9566572 ], [ 105.0564606, 10.9582653 ], [ 105.0571958, 10.9628251 ], [ 105.057609, 10.964768 ], [ 105.0582129, 10.9666603 ], [ 105.0590015, 10.9684834 ], [ 105.0599671, 10.9702193 ], [ 105.0611001, 10.9718508 ], [ 105.0623894, 10.9733619 ], [ 105.0638221, 10.9747377 ], [ 105.0653843, 10.9759645 ], [ 105.0670605, 10.9770304 ], [ 105.0688342, 10.9779247 ], [ 105.0706878, 10.9786387 ], [ 105.072603, 10.9791652 ], [ 105.0745611, 10.9794992 ], [ 105.0765427, 10.9796373 ], [ 105.0785281, 10.9795782 ], [ 105.080498, 10.9793224 ], [ 105.0824327, 10.9788725 ], [ 105.0843132, 10.9782329 ], [ 105.0861211, 10.9774099 ], [ 105.087727, 10.9765802 ], [ 105.0892732, 10.9756918 ], [ 105.0895588, 10.9754919 ], [ 105.0913414, 10.9750104 ], [ 105.0915765, 10.9749469 ], [ 105.0990195, 10.9789764 ], [ 105.100744, 10.9798059 ], [ 105.1025399, 10.9804668 ], [ 105.1043907, 10.9809531 ], [ 105.1080575, 10.981731 ], [ 105.110028, 10.9820472 ], [ 105.1120201, 10.9821655 ], [ 105.1140141, 10.9820847 ], [ 105.1159901, 10.9818056 ], [ 105.1179285, 10.9813309 ], [ 105.1198099, 10.9806654 ], [ 105.1216156, 10.9798157 ], [ 105.1233276, 10.9787904 ], [ 105.124929, 10.9775995 ], [ 105.1264037, 10.9762549 ], [ 105.127737, 10.9747701 ], [ 105.1289158, 10.9731598 ], [ 105.1299282, 10.97144 ], [ 105.1301872, 10.9709451 ], [ 105.1306849, 10.9699937 ], [ 105.1312018, 10.9689306 ], [ 105.1334797, 10.9638697 ], [ 105.1341991, 10.9620347 ], [ 105.1347344, 10.9601378 ], [ 105.1350804, 10.9581975 ], [ 105.1352337, 10.9562325 ], [ 105.1351929, 10.9542619 ], [ 105.1345802, 10.9455241 ], [ 105.1343962, 10.9439596 ], [ 105.1445465, 10.9443314 ], [ 105.1473891, 10.9442331 ], [ 105.156661, 10.9432492 ], [ 105.1592798, 10.9429713 ], [ 105.1596465, 10.9429324 ], [ 105.16157, 10.942633 ], [ 105.1634553, 10.942148 ], [ 105.1652844, 10.941482 ], [ 105.1670402, 10.9406413 ], [ 105.1689196, 10.9396262 ], [ 105.1793462, 10.9339942 ], [ 105.1829358, 10.9331196 ], [ 105.186856, 10.9331721 ], [ 105.18896, 10.9332003 ], [ 105.1978264, 10.9333188 ], [ 105.1997218, 10.9332542 ], [ 105.2016026, 10.9330104 ], [ 105.2034519, 10.9325895 ], [ 105.2052529, 10.9319953 ], [ 105.2069896, 10.9312332 ], [ 105.2086463, 10.9303101 ], [ 105.2145866, 10.9266204 ], [ 105.2265883, 10.9199604 ], [ 105.23724, 10.9166047 ], [ 105.2461115, 10.9167213 ], [ 105.2578182, 10.9188084 ], [ 105.2597208, 10.9190542 ], [ 105.2616382, 10.9191165 ], [ 105.2635527, 10.9189949 ], [ 105.2654467, 10.9186903 ], [ 105.2673029, 10.9182057 ], [ 105.2691041, 10.9175455 ], [ 105.2708338, 10.9167158 ], [ 105.272476, 10.9157242 ], [ 105.2740156, 10.9145798 ], [ 105.2754386, 10.9132931 ], [ 105.2767317, 10.9118761 ], [ 105.2776894, 10.9107198 ], [ 105.2790267, 10.9097718 ], [ 105.2793035, 10.9095944 ], [ 105.2804487, 10.9088605 ], [ 105.2844103, 10.9082601 ], [ 105.2862899, 10.9078822 ], [ 105.2881247, 10.9073262 ], [ 105.2925266, 10.9057581 ], [ 105.2945827, 10.9048936 ], [ 105.2965297, 10.9038056 ], [ 105.3017896, 10.9004684 ], [ 105.3170782, 10.8927668 ], [ 105.3201599, 10.8912147 ], [ 105.320413, 10.8910849 ], [ 105.3206399, 10.8909665 ], [ 105.3306005, 10.8857732 ], [ 105.3346082, 10.8913286 ], [ 105.3355081, 10.8924844 ], [ 105.3423276, 10.9006104 ], [ 105.3436198, 10.9020092 ], [ 105.3450392, 10.9032786 ], [ 105.3465728, 10.9044074 ], [ 105.3482069, 10.9053852 ], [ 105.3488548, 10.9056934 ], [ 105.3490011, 10.9060695 ], [ 105.3497909, 10.9076643 ], [ 105.351115, 10.9100632 ], [ 105.3520576, 10.9116024 ], [ 105.3528519, 10.9127769 ], [ 105.3537691, 10.9144322 ], [ 105.3547822, 10.9160692 ], [ 105.355948, 10.9176013 ], [ 105.3572557, 10.9190142 ], [ 105.3586931, 10.9202948 ], [ 105.360247, 10.9214312 ], [ 105.361903, 10.922413 ], [ 105.3636457, 10.923231 ], [ 105.3639682, 10.923346 ], [ 105.3642688, 10.9240358 ], [ 105.3652048, 10.925909 ], [ 105.3664357, 10.9280801 ], [ 105.3669185, 10.9289815 ], [ 105.3678705, 10.9305764 ], [ 105.3689664, 10.9320761 ], [ 105.3701966, 10.9334677 ], [ 105.3715506, 10.9347391 ], [ 105.37352, 10.9364233 ], [ 105.3756067, 10.9379844 ], [ 105.377733, 10.9393687 ], [ 105.3793332, 10.9403078 ], [ 105.3810136, 10.9410946 ], [ 105.386088, 10.9431893 ], [ 105.3861857, 10.9432585 ], [ 105.3874375, 10.9441451 ], [ 105.3901229, 10.9514987 ], [ 105.3909715, 10.9534832 ], [ 105.3920291, 10.9553646 ], [ 105.3937558, 10.9580819 ], [ 105.4054745, 10.9820681 ], [ 105.4063468, 10.9836651 ], [ 105.4073607, 10.9851762 ], [ 105.4076556, 10.9855752 ], [ 105.4087406, 10.9869179 ], [ 105.4099374, 10.988162 ], [ 105.4103766, 10.9885808 ], [ 105.4119157, 10.9899059 ], [ 105.4135813, 10.9910681 ], [ 105.4153562, 10.9920554 ], [ 105.417222, 10.9928576 ], [ 105.4191596, 10.9934665 ], [ 105.4211489, 10.9938757 ], [ 105.4232552, 10.9941985 ], [ 105.4253372, 10.9944068 ], [ 105.4281493, 10.9945402 ], [ 105.42982, 10.9945496 ], [ 105.4314856, 10.9944196 ], [ 105.4331345, 10.9941509 ], [ 105.434948, 10.9937771 ], [ 105.4368617, 10.9932829 ], [ 105.4387173, 10.9926023 ], [ 105.4404967, 10.9917418 ], [ 105.4421824, 10.9907099 ], [ 105.4437581, 10.9895167 ], [ 105.4452082, 10.9881737 ], [ 105.4465188, 10.9866942 ], [ 105.4472414, 10.9857923 ], [ 105.447541, 10.9854182 ], [ 105.4490332, 10.9832842 ], [ 105.4501922, 10.9813727 ], [ 105.4505918, 10.9808761 ], [ 105.4511848, 10.9812851 ], [ 105.4526221, 10.9821096 ], [ 105.4541226, 10.9828124 ], [ 105.4563107, 10.9837286 ], [ 105.457946, 10.984331 ], [ 105.4596274, 10.9847887 ], [ 105.4613423, 10.9850984 ], [ 105.4637377, 10.9854239 ], [ 105.4661899, 10.9856046 ], [ 105.4688889, 10.9856371 ], [ 105.4697485, 10.9856289 ], [ 105.4720488, 10.9855577 ], [ 105.4738785, 10.9854169 ], [ 105.4756876, 10.9851089 ], [ 105.4774609, 10.9846363 ], [ 105.4795686, 10.9839697 ], [ 105.4816728, 10.9831715 ], [ 105.4836739, 10.9821419 ], [ 105.4854866, 10.9810762 ], [ 105.4867433, 10.9802728 ], [ 105.4879366, 10.9793781 ], [ 105.489041, 10.9784838 ], [ 105.490545, 10.9771346 ], [ 105.4919052, 10.9756405 ], [ 105.4931077, 10.9740168 ], [ 105.4931852, 10.9738865 ], [ 105.4945835, 10.9741334 ], [ 105.4965656, 10.9742831 ], [ 105.4985527, 10.9742353 ], [ 105.5005253, 10.9739905 ], [ 105.5024639, 10.9735511 ], [ 105.5043492, 10.9729214 ], [ 105.5061628, 10.9721076 ], [ 105.5078866, 10.9711179 ], [ 105.5082844, 10.9708624 ], [ 105.5313316, 10.9733101 ], [ 105.5412876, 10.9784168 ], [ 105.5431724, 10.9792636 ], [ 105.5451344, 10.9799115 ], [ 105.5471529, 10.9803534 ], [ 105.5711094, 10.9843145 ], [ 105.571613219843826, 10.984455682867896 ], [ 105.648239016286013, 10.975192374329636 ], [ 105.658355146346537, 10.982471751493767 ], [ 105.660726405805391, 11.00820393458917 ], [ 105.6792725, 11.0176302 ], [ 105.684643, 11.0227578 ], [ 105.6921424, 11.0303382 ], [ 105.6936842, 11.0317421 ], [ 105.6953638, 11.0329779 ], [ 105.7039532, 11.0386319 ], [ 105.7055604, 11.0395853 ], [ 105.7072495, 11.0403845 ], [ 105.7167236, 11.0443368 ], [ 105.7182554, 11.0449036 ], [ 105.7198283, 11.0453435 ], [ 105.7293216, 11.0475848 ], [ 105.731497, 11.0479729 ], [ 105.7337021, 11.0481187 ], [ 105.7444794, 11.0482346 ], [ 105.7690794, 11.0528916 ], [ 105.7708259, 11.053143 ], [ 105.7725876, 11.0532395 ], [ 105.7751833, 11.053267 ], [ 105.777307, 11.0531765 ], [ 105.7794092, 11.0528612 ], [ 105.7814659, 11.0523245 ], [ 105.7834542, 11.0515726 ], [ 105.7851876, 11.0506966 ], [ 105.7891582, 11.0493971 ], [ 105.7910593, 11.0486657 ], [ 105.7928761, 11.0477448 ], [ 105.7945899, 11.0466439 ], [ 105.7961828, 11.0453744 ], [ 105.7976383, 11.0439494 ], [ 105.7989413, 11.0423838 ], [ 105.8000783, 11.0406938 ], [ 105.8010375, 11.0388969 ], [ 105.8274708, 10.9826593 ], [ 105.8298867, 10.9784644 ], [ 105.8338944, 10.971506 ], [ 105.8707064, 10.9247072 ], [ 105.8713463, 10.9238938 ], [ 105.8716731, 10.9234667 ], [ 105.878443, 10.9143679 ], [ 105.879613, 10.9126084 ], [ 105.8805909, 10.9107352 ], [ 105.8813657, 10.9087693 ], [ 105.8819287, 10.9067326 ], [ 105.8822737, 10.9046479 ], [ 105.882469, 10.9028985 ], [ 105.8826826, 10.9009853 ], [ 105.882804, 10.8990585 ], [ 105.882739, 10.8971289 ], [ 105.8824882, 10.8952147 ], [ 105.8820541, 10.8933335 ], [ 105.8814406, 10.8915029 ], [ 105.8806534, 10.88974 ], [ 105.8733473, 10.8752939 ], [ 105.888145, 10.8692233 ], [ 105.8944504, 10.8676157 ], [ 105.8955469, 10.8673362 ], [ 105.9052791, 10.8648542 ], [ 105.9054134, 10.8658788 ], [ 105.9058291, 10.8677039 ], [ 105.9064136, 10.869482 ], [ 105.9071618, 10.8711978 ], [ 105.9078173, 10.8725275 ], [ 105.9104318, 10.8778308 ], [ 105.9113868, 10.8795495 ], [ 105.912506, 10.881166 ], [ 105.9137785, 10.8826649 ], [ 105.9151921, 10.8840316 ], [ 105.916733, 10.8852529 ], [ 105.9255677, 10.8915737 ], [ 105.9256905, 10.8916543 ], [ 105.9252399, 10.8931991 ], [ 105.920228, 10.9038218 ], [ 105.9194154, 10.9058156 ], [ 105.9188219, 10.907885 ], [ 105.9184543, 10.9100064 ], [ 105.9183168, 10.9121549 ], [ 105.9182652, 10.9172884 ], [ 105.9183418, 10.9192499 ], [ 105.9186104, 10.9211945 ], [ 105.9190683, 10.9231033 ], [ 105.9197111, 10.9249581 ], [ 105.9205326, 10.926741 ], [ 105.921525, 10.9284347 ], [ 105.9226786, 10.930023 ], [ 105.9239824, 10.9314905 ], [ 105.9254238, 10.9328231 ], [ 105.9269888, 10.9340081 ], [ 105.9286625, 10.9350338 ], [ 105.9304287, 10.9358906 ], [ 105.9322704, 10.9365701 ], [ 105.9341698, 10.9370658 ], [ 105.9361086, 10.9373729 ], [ 105.9380682, 10.9374884 ], [ 105.9414055, 10.9375211 ], [ 105.9434951, 10.9374323 ], [ 105.9455639, 10.9371257 ], [ 105.9475894, 10.9366047 ], [ 105.9495494, 10.9358751 ], [ 105.9514225, 10.9349447 ], [ 105.9531882, 10.9338239 ], [ 105.9548272, 10.9325248 ], [ 105.957447, 10.9302153 ], [ 106.0089908, 10.8847768 ], [ 106.0156334, 10.8789209 ], [ 106.0171099, 10.8776188 ], [ 106.0200656, 10.875012 ], [ 106.0245759, 10.8716323 ], [ 106.0255652, 10.8708146 ], [ 106.0294119, 10.8678837 ], [ 106.040144, 10.8597056 ], [ 106.0554022, 10.8490407 ], [ 106.0709632, 10.8381618 ], [ 106.0795236, 10.8335326 ], [ 106.0903552, 10.8319294 ], [ 106.1150573, 10.8333136 ], [ 106.1234508, 10.8337833 ], [ 106.1235448, 10.8337883 ], [ 106.1587961, 10.8355945 ], [ 106.1606851, 10.835602 ], [ 106.1625663, 10.8354312 ], [ 106.1644231, 10.8350837 ], [ 106.1662197, 10.8345679 ], [ 106.1617755, 10.8412428 ], [ 106.1439873, 10.8679548 ], [ 106.1429278, 10.8697402 ], [ 106.1420591, 10.8716259 ], [ 106.1413906, 10.8735914 ], [ 106.1409294, 10.8756156 ], [ 106.1406805, 10.8776767 ], [ 106.1406138, 10.8786537 ], [ 106.1191529, 10.9023626 ], [ 106.1179773, 10.9037885 ], [ 106.1169384, 10.9053169 ], [ 106.116045, 10.9069346 ], [ 106.1153047, 10.9086278 ], [ 106.1147239, 10.9103822 ], [ 106.1143075, 10.9121827 ], [ 106.114059, 10.914014 ], [ 106.1139806, 10.9158603 ], [ 106.1139881, 10.9178334 ], [ 106.1140789, 10.9196619 ], [ 106.1143365, 10.9214745 ], [ 106.1147587, 10.9232559 ], [ 106.1153421, 10.9249913 ], [ 106.1185089, 10.933154 ], [ 106.119391, 10.9351096 ], [ 106.1204775, 10.9369595 ], [ 106.1256585, 10.9447864 ], [ 106.1251736, 10.9462054 ], [ 106.1245781, 10.9483219 ], [ 106.1242185, 10.9504909 ], [ 106.1235883, 10.9562332 ], [ 106.1214638, 10.975588 ], [ 106.1213454, 10.977571 ], [ 106.1214243, 10.9795559 ], [ 106.1216997, 10.9815232 ], [ 106.1221689, 10.9834535 ], [ 106.1228273, 10.9853277 ], [ 106.1236683, 10.9871274 ], [ 106.1246838, 10.9888348 ], [ 106.1258636, 10.9904329 ], [ 106.1271961, 10.9919062 ], [ 106.1286683, 10.99324 ], [ 106.1302654, 10.9944212 ], [ 106.1319719, 10.9954381 ], [ 106.1441373, 11.0018916 ], [ 106.1459846, 11.002754 ], [ 106.14791, 11.0034238 ], [ 106.1498937, 11.0038941 ], [ 106.1519149, 11.00416 ], [ 106.1539526, 11.0042188 ], [ 106.1559858, 11.0040698 ], [ 106.1579932, 11.0037147 ], [ 106.1612976, 11.0029546 ], [ 106.1628686, 11.0025252 ], [ 106.1646667, 11.0019541 ], [ 106.1663867, 11.0014764 ], [ 106.1683479, 11.0008208 ], [ 106.1724159, 10.9992227 ], [ 106.1713543, 11.0055669 ], [ 106.171171, 11.0069626 ], [ 106.1677459, 11.042759 ], [ 106.1647313, 11.0480795 ], [ 106.1628374, 11.051422 ], [ 106.155617, 11.0641643 ], [ 106.1454469, 11.0785338 ], [ 106.1454364, 11.0785271 ], [ 106.1436076, 11.0776044 ], [ 106.1379581, 11.0751085 ], [ 106.1376396, 11.0748039 ], [ 106.1359859, 11.0732219 ], [ 106.134781, 11.0720391 ], [ 106.1320935, 11.0694002 ], [ 106.1272308, 11.0646258 ], [ 106.1253939, 11.0628222 ], [ 106.1201668, 11.057284 ], [ 106.1197012, 11.0567907 ], [ 106.1182481, 11.0553988 ], [ 106.1166625, 11.05416 ], [ 106.1149604, 11.0530867 ], [ 106.1131591, 11.0521899 ], [ 106.1112768, 11.0514786 ], [ 106.1093326, 11.0509601 ], [ 106.1073461, 11.0506395 ], [ 106.1053375, 11.0505202 ], [ 106.1028068, 11.0504974 ], [ 106.1008666, 11.0505742 ], [ 106.098943, 11.0508387 ], [ 106.0970542, 11.0512886 ], [ 106.0952178, 11.0519195 ], [ 106.0934513, 11.0527254 ], [ 106.0917713, 11.0536989 ], [ 106.0901936, 11.0548307 ], [ 106.0866877, 11.0576131 ], [ 106.0851877, 11.0589308 ], [ 106.0838265, 11.0603915 ], [ 106.0826178, 11.0619806 ], [ 106.0815735, 11.0636823 ], [ 106.0807041, 11.0654796 ], [ 106.0800183, 11.0673547 ], [ 106.0795228, 11.0692888 ], [ 106.0792226, 11.0712627 ], [ 106.0787603, 11.0758253 ], [ 106.0787278, 11.0761452 ], [ 106.0775242, 11.077784 ], [ 106.0759806, 11.0777699 ], [ 106.074713, 11.0777583 ], [ 106.0727337, 11.0778383 ], [ 106.070772, 11.0781137 ], [ 106.0688471, 11.0785819 ], [ 106.066978, 11.0792381 ], [ 106.0651831, 11.080076 ], [ 106.0634798, 11.0810874 ], [ 106.0618849, 11.0822623 ], [ 106.060414, 11.0835892 ], [ 106.0590817, 11.0850552 ], [ 106.0579009, 11.0866457 ], [ 106.048771, 11.1003088 ], [ 106.0391692, 11.1087333 ], [ 106.0387451, 11.1089535 ], [ 106.028625, 11.1142073 ], [ 106.0158776, 11.1208251 ], [ 106.0140663, 11.1218898 ], [ 106.0123767, 11.1231386 ], [ 106.011996, 11.1234522 ], [ 106.005996, 11.1283949 ], [ 106.0046022, 11.1296576 ], [ 106.0033332, 11.1310457 ], [ 106.0022001, 11.1325469 ], [ 106.0012131, 11.1341478 ], [ 106.0003809, 11.1358344 ], [ 105.9997107, 11.1375917 ], [ 105.9992086, 11.1394042 ], [ 105.9972252, 11.1481416 ], [ 105.9968221, 11.1506415 ], [ 105.9947205, 11.172346 ], [ 105.976305, 11.1764746 ], [ 105.9692692, 11.1770108 ], [ 105.9631746, 11.1774753 ], [ 105.9616222, 11.1776549 ], [ 105.9600886, 11.1779551 ], [ 105.9518199, 11.179912 ], [ 105.9486647, 11.1806588 ], [ 105.9470338, 11.1811185 ], [ 105.9454477, 11.1817147 ], [ 105.9439178, 11.1824429 ], [ 105.9387876, 11.1851572 ], [ 105.9275073, 11.1911254 ], [ 105.9241851, 11.1928831 ], [ 105.9226728, 11.1937701 ], [ 105.921244, 11.1947862 ], [ 105.9199097, 11.1959235 ], [ 105.9186802, 11.1971733 ], [ 105.9138452, 11.2025392 ], [ 105.9074575, 11.2096285 ], [ 105.9055522, 11.2117429 ], [ 105.9038507, 11.2139157 ], [ 105.8922783, 11.2310024 ], [ 105.8913708, 11.2324758 ], [ 105.890594, 11.2340222 ], [ 105.8899539, 11.23563 ], [ 105.8860396, 11.2468505 ], [ 105.8854972, 11.2486823 ], [ 105.885132, 11.2505575 ], [ 105.8849475, 11.252459 ], [ 105.8849452, 11.2543694 ], [ 105.8851252, 11.2562713 ], [ 105.8854858, 11.2581474 ], [ 105.8867011, 11.2631637 ], [ 105.8874292, 11.265522 ], [ 105.8877064, 11.2662558 ], [ 105.8859742, 11.2668218 ], [ 105.8830714, 11.2668882 ], [ 105.8800985, 11.265842 ], [ 105.8778184, 11.2650397 ], [ 105.8743033, 11.2636096 ], [ 105.8735331, 11.2632962 ], [ 105.8716617, 11.2626409 ], [ 105.8697346, 11.2621742 ], [ 105.8677709, 11.2619005 ], [ 105.8657896, 11.2618227 ], [ 105.8638104, 11.2619414 ], [ 105.8618527, 11.2622555 ], [ 105.8599357, 11.2627619 ], [ 105.8570759, 11.2636712 ], [ 105.8552901, 11.2643342 ], [ 105.8535755, 11.265164 ], [ 105.8519476, 11.2661533 ], [ 105.8504212, 11.2672929 ], [ 105.8490101, 11.2685726 ], [ 105.8477272, 11.2699807 ], [ 105.8465841, 11.2715045 ], [ 105.8455912, 11.2731301 ], [ 105.8447573, 11.2748428 ], [ 105.8424851, 11.2801369 ], [ 105.8417761, 11.2820538 ], [ 105.8412663, 11.2840331 ], [ 105.8409613, 11.2860541 ], [ 105.840864, 11.2880956 ], [ 105.8409757, 11.2901364 ], [ 105.841295, 11.2921551 ], [ 105.8418187, 11.2941307 ], [ 105.8425413, 11.2960426 ], [ 105.8437786, 11.2988702 ], [ 105.8448137, 11.3009096 ], [ 105.846075, 11.3028175 ], [ 105.8475457, 11.304569 ], [ 105.8476978, 11.3047304 ], [ 105.8455533, 11.3106508 ], [ 105.844963, 11.3125788 ], [ 105.8445698, 11.3145565 ], [ 105.8443778, 11.3165637 ], [ 105.8443889, 11.3185801 ], [ 105.8446029, 11.3205851 ], [ 105.8451972, 11.3243446 ], [ 105.8455917, 11.3262402 ], [ 105.8461677, 11.3280887 ], [ 105.8469197, 11.3298729 ], [ 105.8478407, 11.3315759 ], [ 105.8489221, 11.333182 ], [ 105.8501537, 11.3346759 ], [ 105.851524, 11.3360438 ], [ 105.8530202, 11.3372728 ], [ 105.8544586, 11.3383421 ], [ 105.8553534, 11.3405759 ], [ 105.858234, 11.350858 ], [ 105.8600571, 11.3573653 ], [ 105.8597195, 11.3575845 ], [ 105.8582721, 11.358727 ], [ 105.8569359, 11.359998 ], [ 105.8557226, 11.3613867 ], [ 105.8546423, 11.3628812 ], [ 105.8537042, 11.3644688 ], [ 105.8529164, 11.3661362 ], [ 105.8523137, 11.3675805 ], [ 105.8508941, 11.3709827 ], [ 105.8496669, 11.3739236 ], [ 105.8489918, 11.3757996 ], [ 105.8485069, 11.3777334 ], [ 105.8482168, 11.3797059 ], [ 105.8481246, 11.3816974 ], [ 105.8482312, 11.3836883 ], [ 105.8485354, 11.3856586 ], [ 105.8490343, 11.3875889 ], [ 105.8497229, 11.3894599 ], [ 105.8505943, 11.3912531 ], [ 105.8531456, 11.3958986 ], [ 105.8528248, 11.3970679 ], [ 105.852489, 11.3990671 ], [ 105.8523573, 11.40109 ], [ 105.8524311, 11.4031159 ], [ 105.8527096, 11.4051238 ], [ 105.8531899, 11.4070933 ], [ 105.8538671, 11.409004 ], [ 105.8547343, 11.4108364 ], [ 105.8557824, 11.4125716 ], [ 105.8570009, 11.4141917 ], [ 105.8583771, 11.4156802 ], [ 105.8598969, 11.4170217 ], [ 105.8615447, 11.4182025 ], [ 105.8648901, 11.4203518 ], [ 105.865376, 11.4206737 ], [ 105.8655139, 11.4213773 ], [ 105.8660397, 11.423162 ], [ 105.8670488, 11.426079 ], [ 105.8674733, 11.4271966 ], [ 105.8688252, 11.4304591 ], [ 105.8695542, 11.4320238 ], [ 105.8704153, 11.4335197 ], [ 105.8714023, 11.4349359 ], [ 105.8721347, 11.4358144 ], [ 105.8695243, 11.4374665 ], [ 105.8682155, 11.4383697 ], [ 105.8669825, 11.439374 ], [ 105.8629614, 11.4429245 ], [ 105.8611783, 11.4447114 ], [ 105.8581981, 11.4481013 ], [ 105.8569716, 11.4496434 ], [ 105.8559028, 11.4512987 ], [ 105.8550021, 11.4530512 ], [ 105.8542782, 11.4548837 ], [ 105.8538063, 11.4562753 ], [ 105.8532605, 11.4581948 ], [ 105.8529087, 11.460159 ], [ 105.8527545, 11.4621486 ], [ 105.8527992, 11.4641436 ], [ 105.8530425, 11.4661242 ], [ 105.8534742, 11.4686071 ], [ 105.8539381, 11.4706403 ], [ 105.8546112, 11.4726141 ], [ 105.8554861, 11.4745072 ], [ 105.8565534, 11.4762988 ], [ 105.8578015, 11.4779696 ], [ 105.8594614, 11.4799655 ], [ 105.8602662, 11.4816753 ], [ 105.8622488, 11.4858875 ], [ 105.8616574, 11.4866923 ], [ 105.8606689, 11.4883524 ], [ 105.8598453, 11.4901 ], [ 105.8591941, 11.491919 ], [ 105.8587215, 11.4937924 ], [ 105.8579754, 11.4974956 ], [ 105.8576134, 11.5003148 ], [ 105.8573246, 11.5054141 ], [ 105.8573246, 11.5076752 ], [ 105.8575341, 11.5113765 ], [ 105.8577592, 11.5134426 ], [ 105.8581975, 11.5154742 ], [ 105.8588442, 11.5174494 ], [ 105.8596962, 11.5196563 ], [ 105.860428, 11.5213219 ], [ 105.861308, 11.5229141 ], [ 105.8623291, 11.5244198 ], [ 105.8641969, 11.526921 ], [ 105.8642887, 11.5278898 ], [ 105.8642583, 11.5281902 ], [ 105.8630131, 11.5313413 ], [ 105.8603944, 11.536251 ], [ 105.8597492, 11.5367748 ], [ 105.8589012, 11.5375307 ], [ 105.8569309, 11.539287 ], [ 105.8559696, 11.540203 ], [ 105.8540912, 11.5421157 ], [ 105.8525011, 11.5416815 ], [ 105.8506987, 11.5412778 ], [ 105.8488668, 11.541042 ], [ 105.8470208, 11.5409762 ], [ 105.8451767, 11.541081 ], [ 105.8433502, 11.5413555 ], [ 105.8415567, 11.5417974 ], [ 105.8400825, 11.5422337 ], [ 105.8396773, 11.5423536 ], [ 105.83872, 11.5426369 ], [ 105.8376924, 11.5428332 ], [ 105.8370314, 11.5429594 ], [ 105.8318938, 11.5439405 ], [ 105.8248406, 11.5442527 ], [ 105.8229664, 11.5444243 ], [ 105.8211167, 11.5447712 ], [ 105.8193078, 11.5452906 ], [ 105.8175557, 11.5459776 ], [ 105.8143112, 11.5474295 ], [ 105.8104694, 11.5489807 ], [ 105.8086446, 11.5498265 ], [ 105.806914, 11.5508513 ], [ 105.8052951, 11.5520448 ], [ 105.8020613, 11.5546897 ], [ 105.800641, 11.5559694 ], [ 105.7993493, 11.5573789 ], [ 105.7981981, 11.5589053 ], [ 105.797198, 11.5605347 ], [ 105.7963579, 11.5622521 ], [ 105.7956857, 11.5640419 ], [ 105.7951875, 11.5658876 ], [ 105.7948677, 11.5677726 ], [ 105.7941644, 11.5735949 ], [ 105.7940226, 11.5756759 ], [ 105.7940983, 11.5777604 ], [ 105.79437, 11.5796796 ], [ 105.7940313, 11.5803307 ], [ 105.7900496, 11.5879834 ], [ 105.7892521, 11.5897129 ], [ 105.7886226, 11.5915103 ], [ 105.7881669, 11.5933595 ], [ 105.7878892, 11.5952436 ], [ 105.787792, 11.5971456 ], [ 105.7878761, 11.5990482 ], [ 105.7881409, 11.6009342 ], [ 105.7885838, 11.6027865 ], [ 105.7892008, 11.6045882 ], [ 105.7899865, 11.6063231 ], [ 105.7909336, 11.6079754 ], [ 105.7919096, 11.6093548 ], [ 105.7910344, 11.6110163 ], [ 105.7902742, 11.6129033 ], [ 105.7897095, 11.6148577 ], [ 105.7893464, 11.6168594 ], [ 105.7891884, 11.6188876 ], [ 105.7892373, 11.6209214 ], [ 105.7894926, 11.6229397 ], [ 105.7899515, 11.6249216 ], [ 105.7906094, 11.6268466 ], [ 105.7914595, 11.6286949 ], [ 105.7924929, 11.6304472 ], [ 105.7937416, 11.6323377 ], [ 105.794936, 11.6339617 ], [ 105.7962879, 11.6354571 ], [ 105.7977833, 11.6368089 ], [ 105.7994073, 11.6380033 ], [ 105.8011433, 11.6390281 ], [ 105.8029736, 11.639873 ], [ 105.8048796, 11.6405293 ], [ 105.8068421, 11.6409905 ], [ 105.808841, 11.6412517 ], [ 105.810856, 11.6413104 ], [ 105.8120731, 11.6412229 ], [ 105.811362, 11.6453823 ], [ 105.8111246, 11.6473596 ], [ 105.8110849, 11.6493507 ], [ 105.8112435, 11.6513359 ], [ 105.8115988, 11.6532955 ], [ 105.8121471, 11.65521 ], [ 105.8128832, 11.6570605 ], [ 105.8137996, 11.6588286 ], [ 105.8148873, 11.6604968 ], [ 105.8161356, 11.6620486 ], [ 105.8175319, 11.6634685 ], [ 105.8190626, 11.6647425 ], [ 105.8207124, 11.665858 ], [ 105.8225909, 11.6669962 ], [ 105.8340261, 11.6764997 ], [ 105.8349221, 11.6772022 ], [ 105.8443676, 11.6841831 ], [ 105.8457508, 11.6851187 ], [ 105.8472072, 11.6859356 ], [ 105.8487266, 11.6866282 ], [ 105.8692644, 11.6949725 ], [ 105.870355, 11.695379 ], [ 105.875098, 11.6969915 ], [ 105.8770792, 11.6975531 ], [ 105.8791077, 11.697908 ], [ 105.8811619, 11.6980524 ], [ 105.8832201, 11.6979848 ], [ 105.8852604, 11.697706 ], [ 105.8872612, 11.6972188 ], [ 105.8892013, 11.6965285 ], [ 105.8910602, 11.6956423 ], [ 105.8938627, 11.6941245 ], [ 105.8961662, 11.6928769 ], [ 105.8976985, 11.6919561 ], [ 105.9100429, 11.6837657 ], [ 105.9324007, 11.6689314 ], [ 105.9431503, 11.66365 ], [ 105.945218, 11.6626341 ], [ 105.9463149, 11.6622406 ], [ 105.9530725, 11.6684945 ], [ 105.9537715, 11.6694495 ], [ 105.9547392, 11.6707717 ], [ 105.9578828, 11.6750665 ], [ 105.957933, 11.6751351 ], [ 105.9556304, 11.6806552 ], [ 105.9549964, 11.6823988 ], [ 105.9545266, 11.6841937 ], [ 105.9542252, 11.6860243 ], [ 105.9540948, 11.687875 ], [ 105.9541363, 11.6897298 ], [ 105.9543496, 11.6915728 ], [ 105.9547328, 11.6933881 ], [ 105.9552825, 11.6951601 ], [ 105.955994, 11.6968735 ], [ 105.9590379, 11.703339 ], [ 105.9591481, 11.703573 ], [ 105.960168, 11.7054671 ], [ 105.9613853, 11.7072407 ], [ 105.9627862, 11.7088733 ], [ 105.9643542, 11.710346 ], [ 105.9660714, 11.7116417 ], [ 105.9825009, 11.7227048 ], [ 105.9876603, 11.7295061 ], [ 105.9888985, 11.7330742 ], [ 105.9868291, 11.7550112 ], [ 105.986741, 11.7567763 ], [ 105.9868091, 11.7585423 ], [ 105.9870328, 11.7602955 ], [ 105.9874105, 11.762022 ], [ 105.9879391, 11.7637085 ], [ 105.9922672, 11.7756422 ], [ 105.9929865, 11.777369 ], [ 105.9938641, 11.7790212 ], [ 105.9948922, 11.7805841 ], [ 105.9960618, 11.7820441 ], [ 105.9973628, 11.7833884 ], [ 105.9987836, 11.7846053 ], [ 106.008551, 11.7922085 ], [ 106.0102712, 11.7934082 ], [ 106.0121076, 11.7944212 ], [ 106.01404, 11.7952363 ], [ 106.0160471, 11.7958446 ], [ 106.0168183, 11.7960348 ], [ 106.0318849, 11.7997489 ], [ 106.0336516, 11.8001008 ], [ 106.0354427, 11.8002924 ], [ 106.0372438, 11.800322 ], [ 106.0455003, 11.8000858 ], [ 106.046027, 11.8000638 ], [ 106.0606382, 11.79926 ], [ 106.062994, 11.7989896 ], [ 106.0731698, 11.7972052 ], [ 106.0752364, 11.7967287 ], [ 106.0772409, 11.7960359 ], [ 106.0791608, 11.7951349 ], [ 106.0877758, 11.7905191 ], [ 106.0901755, 11.789005 ], [ 106.0991094, 11.7824383 ], [ 106.1043067, 11.7786181 ], [ 106.1061575, 11.7772577 ], [ 106.1076631, 11.7760343 ], [ 106.1090431, 11.7746708 ], [ 106.1114626, 11.7720363 ], [ 106.1134983, 11.7698196 ], [ 106.1161637, 11.7669172 ], [ 106.1165932, 11.7664495 ], [ 106.1167859, 11.7662486 ], [ 106.117758, 11.7664333 ], [ 106.1201658, 11.766741 ], [ 106.1239367, 11.7669916 ], [ 106.1256729, 11.7670314 ], [ 106.127406, 11.7669205 ], [ 106.1359294, 11.7660019 ], [ 106.1381038, 11.7656454 ], [ 106.1402258, 11.765052 ], [ 106.1444386, 11.7636193 ], [ 106.1471196, 11.7624836 ], [ 106.1491573, 11.7614395 ], [ 106.1523274, 11.7644565 ], [ 106.1537549, 11.7656921 ], [ 106.1552926, 11.7667876 ], [ 106.1569268, 11.7677333 ], [ 106.1586428, 11.7685206 ], [ 106.1604254, 11.7691426 ], [ 106.1612842, 11.7693974 ], [ 106.1636607, 11.7701027 ], [ 106.1663419, 11.7707016 ], [ 106.185024, 11.7735448 ], [ 106.1870346, 11.7737476 ], [ 106.1890555, 11.7737464 ], [ 106.1910659, 11.7735412 ], [ 106.1930453, 11.7731343 ], [ 106.1949736, 11.7725296 ], [ 106.196831, 11.7717335 ], [ 106.1985986, 11.770754 ], [ 106.2002583, 11.7696011 ], [ 106.2017932, 11.7682866 ], [ 106.2056372, 11.7646423 ], [ 106.2070037, 11.763212 ], [ 106.2082223, 11.7616536 ], [ 106.2092809, 11.7599825 ], [ 106.2094645, 11.7596583 ], [ 106.2112859, 11.7564433 ], [ 106.2159579, 11.7527259 ], [ 106.2186096, 11.7514193 ], [ 106.2225601, 11.7510853 ], [ 106.2240713, 11.7508994 ], [ 106.226971, 11.75043 ], [ 106.2345541, 11.7492024 ], [ 106.236458, 11.7488941 ], [ 106.2419359, 11.7483059 ], [ 106.2426219, 11.7482202 ], [ 106.2560757, 11.7463032 ], [ 106.2581734, 11.7458888 ], [ 106.260215, 11.7452529 ], [ 106.263351, 11.7440887 ], [ 106.2650282, 11.7433775 ], [ 106.2666338, 11.7425167 ], [ 106.2681543, 11.7415134 ], [ 106.269764, 11.7403426 ], [ 106.2733043, 11.7382189 ], [ 106.2768813, 11.736073 ], [ 106.2784241, 11.7350474 ], [ 106.2798653, 11.7338834 ], [ 106.2811927, 11.7325911 ], [ 106.2823949, 11.7311815 ], [ 106.2827713, 11.7306963 ], [ 106.2837116, 11.7294839 ], [ 106.2840549, 11.7290412 ], [ 106.2863218, 11.7261185 ], [ 106.287412, 11.724566 ], [ 106.2883503, 11.7229171 ], [ 106.2891282, 11.7211868 ], [ 106.2897386, 11.7193905 ], [ 106.290176, 11.7175445 ], [ 106.2904366, 11.7156653 ], [ 106.2905179, 11.7137699 ], [ 106.2905159, 11.7133336 ], [ 106.2905155, 11.7132435 ], [ 106.2904782, 11.7124745 ], [ 106.3066965, 11.6970328 ], [ 106.3070266, 11.6970621 ], [ 106.3143401, 11.7025818 ], [ 106.316241, 11.7038526 ], [ 106.3182745, 11.7048982 ], [ 106.320414, 11.7057049 ], [ 106.3231999, 11.7065769 ], [ 106.3250995, 11.7070705 ], [ 106.3270383, 11.7073756 ], [ 106.3289977, 11.7074892 ], [ 106.3309588, 11.7074102 ], [ 106.3329027, 11.7071394 ], [ 106.3342882, 11.7068765 ], [ 106.3361466, 11.7064309 ], [ 106.3373065, 11.7060325 ], [ 106.3391393, 11.7075878 ], [ 106.3408222, 11.7088692 ], [ 106.342631, 11.7099657 ], [ 106.3445455, 11.710865 ], [ 106.355515, 11.715326 ], [ 106.3577175, 11.7160756 ], [ 106.3648112, 11.7180377 ], [ 106.372827, 11.7206673 ], [ 106.3745701, 11.721153 ], [ 106.37635, 11.7214792 ], [ 106.3781521, 11.7216431 ], [ 106.3799616, 11.7216435 ], [ 106.3817637, 11.7214804 ], [ 106.3845105, 11.7211058 ], [ 106.386724, 11.7206756 ], [ 106.388875, 11.719999 ], [ 106.3909362, 11.7190846 ], [ 106.4009622, 11.7139417 ], [ 106.4096138, 11.7101639 ], [ 106.411087, 11.7094474 ], [ 106.4124966, 11.7086128 ], [ 106.4138332, 11.7076655 ], [ 106.415345, 11.7064983 ], [ 106.4138141, 11.7086472 ], [ 106.4129264, 11.710007 ], [ 106.4079854, 11.7182918 ], [ 106.407275, 11.7195897 ], [ 106.4066626, 11.7209366 ], [ 106.4027383, 11.7304898 ], [ 106.4019187, 11.7329166 ], [ 106.3986467, 11.7451371 ], [ 106.3936436, 11.7599741 ], [ 106.3931084, 11.761863 ], [ 106.3927609, 11.7637953 ], [ 106.3926046, 11.7657524 ], [ 106.3926409, 11.7677153 ], [ 106.3928694, 11.7696652 ], [ 106.3932881, 11.7715834 ], [ 106.3938928, 11.7734512 ], [ 106.4000486, 11.7896971 ], [ 106.4007255, 11.7912754 ], [ 106.4015353, 11.7927898 ], [ 106.4053156, 11.7991832 ], [ 106.4068312, 11.8013936 ], [ 106.4114039, 11.8071881 ], [ 106.4170417, 11.8166972 ], [ 106.4181199, 11.818516 ], [ 106.4186511, 11.8194117 ], [ 106.419157, 11.8202204 ], [ 106.4193697, 11.820543 ], [ 106.419785, 11.8211725 ], [ 106.4207613, 11.8226528 ], [ 106.4212381, 11.8233757 ], [ 106.4227748, 11.8257054 ], [ 106.4220263, 11.8267916 ], [ 106.4212001, 11.8282343 ], [ 106.4197048, 11.8311166 ], [ 106.4188949, 11.8328826 ], [ 106.4182602, 11.8347189 ], [ 106.4178067, 11.836608 ], [ 106.4175386, 11.8385323 ], [ 106.4174584, 11.8404735 ], [ 106.4175306, 11.8503116 ], [ 106.4175359, 11.850648 ], [ 106.4176478, 11.8552784 ], [ 106.4177625, 11.8569871 ], [ 106.4180229, 11.8586797 ], [ 106.4184271, 11.8603439 ], [ 106.4189295, 11.8620837 ], [ 106.4194557, 11.8636576 ], [ 106.4201105, 11.8651825 ], [ 106.421851, 11.8688122 ], [ 106.4226326, 11.8702819 ], [ 106.4235337, 11.8716816 ], [ 106.4273237, 11.8770625 ], [ 106.4283827, 11.8784355 ], [ 106.4295566, 11.8797116 ], [ 106.4314578, 11.8816064 ], [ 106.4328968, 11.8829076 ], [ 106.4337552, 11.8835443 ], [ 106.4054944, 11.9388948 ], [ 106.3920502, 11.9628354 ], [ 106.3911988, 11.9645362 ], [ 106.3905128, 11.9663102 ], [ 106.3899985, 11.9681414 ], [ 106.3893398, 11.9710027 ], [ 106.3890939, 11.972071 ], [ 106.3887479, 11.9740042 ], [ 106.3885932, 11.9759619 ], [ 106.3886312, 11.9779254 ], [ 106.3888616, 11.9798757 ], [ 106.3892821, 11.981794 ], [ 106.3898888, 11.9836618 ], [ 106.3906757, 11.9854611 ], [ 106.3916353, 11.9871745 ], [ 106.3927583, 11.9887856 ], [ 106.394034, 11.9902788 ], [ 106.3954499, 11.9916397 ], [ 106.3969924, 11.9928551 ], [ 106.3986467, 11.9939134 ], [ 106.4003969, 11.9948043 ], [ 106.4022259, 11.9955194 ], [ 106.4041163, 11.9960515 ], [ 106.4060498, 11.9963958 ], [ 106.4080077, 11.9965487 ], [ 106.4099711, 11.9965089 ], [ 106.4119212, 11.9962767 ], [ 106.4138391, 11.9958543 ], [ 106.4197663, 11.9942403 ], [ 106.4200094, 11.9945947 ], [ 106.4214414, 11.9962571 ], [ 106.4248056, 11.9997547 ], [ 106.4260911, 12.0009776 ], [ 106.4274799, 12.0020818 ], [ 106.4307057, 12.0044207 ], [ 106.4320764, 12.005331 ], [ 106.4335173, 12.0061255 ], [ 106.4350186, 12.0067988 ], [ 106.4372871, 12.0077061 ], [ 106.439363, 12.0084071 ], [ 106.4415032, 12.0088769 ], [ 106.4437582, 12.0092437 ], [ 106.4465917, 12.0094995 ], [ 106.4519362, 12.0096004 ], [ 106.4521672, 12.0096035 ], [ 106.4543787, 12.0096197 ], [ 106.4564136, 12.0095308 ], [ 106.4584289, 12.0092355 ], [ 106.4604038, 12.0087367 ], [ 106.4623177, 12.0080397 ], [ 106.4641507, 12.0071516 ], [ 106.468352, 12.0048449 ], [ 106.4701735, 12.0037137 ], [ 106.4748606, 12.0004422 ], [ 106.4766845, 11.9990048 ], [ 106.4783294, 11.9973656 ], [ 106.4811544, 11.994203 ], [ 106.4819352, 11.9932494 ], [ 106.4826947, 11.9931022 ], [ 106.4862775, 11.9927146 ], [ 106.4881963, 11.9926238 ], [ 106.4888183, 11.9927694 ], [ 106.4913677, 11.9940814 ], [ 106.500957, 11.9991595 ], [ 106.5028785, 12.0000501 ], [ 106.5048833, 12.0007326 ], [ 106.5069491, 12.0011992 ], [ 106.5104831, 12.0018029 ], [ 106.5124821, 12.0020416 ], [ 106.5144949, 12.0020781 ], [ 106.5181816, 12.0019593 ], [ 106.5200822, 12.0018071 ], [ 106.5219597, 12.0014747 ], [ 106.5237969, 12.0009649 ], [ 106.5285261, 11.9994065 ], [ 106.5292665, 11.9991464 ], [ 106.5319275, 11.9981522 ], [ 106.5337709, 11.9973558 ], [ 106.5355251, 11.9963787 ], [ 106.5371725, 11.9952305 ], [ 106.5386965, 11.993923 ], [ 106.5400817, 11.9924692 ], [ 106.5413141, 11.9908838 ], [ 106.5414465, 11.9906947 ], [ 106.6243674, 11.9960089 ], [ 106.6263516, 11.9960374 ], [ 106.6283289, 11.9958691 ], [ 106.6302798, 11.9955057 ], [ 106.632185, 11.9949508 ], [ 106.6326823, 11.9947506 ], [ 106.6334834, 11.9950244 ], [ 106.6338798, 11.9957223 ], [ 106.6357238, 11.9986115 ], [ 106.6369021, 12.0002659 ], [ 106.6382421, 12.0017923 ], [ 106.6397299, 12.0031749 ], [ 106.6413504, 12.0043995 ], [ 106.6430867, 12.0054534 ], [ 106.6449209, 12.0063257 ], [ 106.6452281, 12.0064531 ], [ 106.6456647, 12.0066343 ], [ 106.6460586, 12.0067977 ], [ 106.6475235, 12.0073391 ], [ 106.6490262, 12.0077645 ], [ 106.6497951, 12.0079501 ], [ 106.6513873, 12.0083344 ], [ 106.6532322, 12.0086889 ], [ 106.6551023, 12.0088688 ], [ 106.6569809, 12.0088724 ], [ 106.6588516, 12.0086997 ], [ 106.6606979, 12.0083522 ], [ 106.6625034, 12.0078331 ], [ 106.6642522, 12.0071468 ], [ 106.6659289, 12.0062994 ], [ 106.6675187, 12.0052985 ], [ 106.6680604, 12.0049208 ], [ 106.6700351, 12.0035436 ], [ 106.6720264, 12.0021548 ], [ 106.6728166, 12.0015744 ], [ 106.6732838, 12.0012133 ], [ 106.6760925, 11.9990426 ], [ 106.6788992, 11.9968735 ], [ 106.6804172, 11.9957002 ], [ 106.6838847, 11.9931257 ], [ 106.6845311, 11.9926457 ], [ 106.6876869, 11.9903025 ], [ 106.6882704, 11.9898523 ], [ 106.6893721, 11.9889695 ], [ 106.6905923, 11.9879917 ], [ 106.690846, 11.9877885 ], [ 106.6917991, 11.9870248 ], [ 106.6932768, 11.9864814 ], [ 106.6956776, 11.9866873 ], [ 106.6994496, 11.9870107 ], [ 106.6999485, 11.9870843 ], [ 106.705397, 11.9878874 ], [ 106.7058089, 11.988043 ], [ 106.7060266, 11.9882075 ], [ 106.7081922, 11.9898438 ], [ 106.7097787, 11.9919121 ], [ 106.7128793, 11.9959542 ], [ 106.7146779, 11.9982989 ], [ 106.7156435, 11.9994636 ], [ 106.716397, 12.0003055 ], [ 106.7192917, 12.0044335 ], [ 106.7200595, 12.0054572 ], [ 106.7222123, 12.0081437 ], [ 106.7222756, 12.0082481 ], [ 106.7235605, 12.0103678 ], [ 106.7241085, 12.0112221 ], [ 106.7253294, 12.0130231 ], [ 106.7277274, 12.0190424 ], [ 106.7290737, 12.0224526 ], [ 106.7310443, 12.027444 ], [ 106.7315535, 12.028734 ], [ 106.7317597, 12.029256 ], [ 106.7324914, 12.0311094 ], [ 106.7327368, 12.0317308 ], [ 106.7329498, 12.0322491 ], [ 106.7329628, 12.0322795 ], [ 106.7329824, 12.032325 ], [ 106.7391871, 12.0467356 ], [ 106.7401599, 12.048693 ], [ 106.7413405, 12.0505325 ], [ 106.750831, 12.0636794 ], [ 106.7629831, 12.0810691 ], [ 106.7639975, 12.0823987 ], [ 106.7717253, 12.0916942 ], [ 106.7728306, 12.0929174 ], [ 106.7740329, 12.0940455 ], [ 106.7780384, 12.0975045 ], [ 106.7794628, 12.098626 ], [ 106.7809829, 12.0996139 ], [ 106.7825861, 12.10046 ], [ 106.7842594, 12.1011576 ], [ 106.7872054, 12.1022317 ], [ 106.7887417, 12.1027226 ], [ 106.7903125, 12.1030881 ], [ 106.7946021, 12.1039055 ], [ 106.7962526, 12.1041492 ], [ 106.7979178, 12.1042544 ], [ 106.7985391, 12.1042677 ], [ 106.8148273, 12.1046145 ], [ 106.8169246, 12.104549 ], [ 106.8228323, 12.1040535 ], [ 106.8247808, 12.1037931 ], [ 106.8266943, 12.1033427 ], [ 106.8285543, 12.1027067 ], [ 106.830343, 12.1018911 ], [ 106.8320429, 12.1009038 ], [ 106.8357166, 12.0985213 ], [ 106.8360811, 12.0982851 ], [ 106.8379698, 12.096897 ], [ 106.8401259, 12.0951087 ], [ 106.8417187, 12.0937876 ], [ 106.843348, 12.0924363 ], [ 106.8445066, 12.0913967 ], [ 106.8462015, 12.0897525 ], [ 106.8472829, 12.0890586 ], [ 106.847755, 12.0887557 ], [ 106.8489757, 12.0886122 ], [ 106.8495773, 12.0885806 ], [ 106.8547715, 12.091051 ], [ 106.8569814, 12.0919447 ], [ 106.8592821, 12.0925692 ], [ 106.8683967, 12.0944683 ], [ 106.8705287, 12.0947938 ], [ 106.8726834, 12.0948877 ], [ 106.8805581, 12.0948061 ], [ 106.8816961, 12.0947619 ], [ 106.8881799, 12.0943248 ], [ 106.8898576, 12.0941403 ], [ 106.8915138, 12.093815 ], [ 106.9044546, 12.090701 ], [ 106.9046009, 12.0906653 ], [ 106.9123157, 12.0887473 ], [ 106.9144301, 12.0880955 ], [ 106.9164596, 12.0872141 ], [ 106.9183793, 12.0861139 ], [ 106.9213721, 12.0841713 ], [ 106.9217526, 12.0838952 ], [ 106.9302314, 12.0857085 ], [ 106.9304117, 12.0857471 ], [ 106.9330097, 12.0863028 ], [ 106.9331199, 12.0863263 ], [ 106.9344236, 12.0866989 ], [ 106.9362547, 12.0872221 ], [ 106.9363115, 12.0872566 ], [ 106.9394133, 12.0891422 ], [ 106.9421931, 12.090864 ], [ 106.9663249, 12.1058109 ], [ 106.9684699, 12.106965 ], [ 106.9777338, 12.1112438 ], [ 106.9840274, 12.1228725 ], [ 106.9850257, 12.1245218 ], [ 106.9861781, 12.1260673 ], [ 106.987474, 12.1274947 ], [ 106.9889012, 12.1287906 ], [ 106.9906944, 12.1302676 ], [ 106.9911053, 12.1306061 ], [ 106.9973929, 12.1357849 ], [ 106.9990031, 12.1369808 ], [ 107.0007249, 12.1380094 ], [ 107.0025411, 12.1388604 ], [ 107.0122084, 12.1428118 ], [ 107.0161084, 12.1444059 ], [ 107.0298087, 12.1500057 ], [ 107.029823, 12.1500115 ], [ 107.0323169, 12.1559815 ], [ 107.0333809, 12.1581501 ], [ 107.0357314, 12.1622883 ], [ 107.0367853, 12.1639481 ], [ 107.0379971, 12.1654963 ], [ 107.0421779, 12.1703286 ], [ 107.0422254, 12.1703836 ], [ 107.0424374, 12.1706287 ], [ 107.0437515, 12.1720092 ], [ 107.045191, 12.1732583 ], [ 107.0467428, 12.1743647 ], [ 107.0485495, 12.1755271 ], [ 107.0484543, 12.1763599 ], [ 107.0484174, 12.1782435 ], [ 107.0485578, 12.1801223 ], [ 107.0489093, 12.1829953 ], [ 107.0492954, 12.1851578 ], [ 107.0499164, 12.1872649 ], [ 107.0507646, 12.1892912 ], [ 107.0532932, 12.194507 ], [ 107.0540331, 12.1958918 ], [ 107.0548792, 12.1972143 ], [ 107.0565095, 12.1995546 ], [ 107.0576235, 12.2010071 ], [ 107.0588656, 12.2023517 ], [ 107.0602254, 12.2035771 ], [ 107.0616915, 12.204673 ], [ 107.0632517, 12.2056303 ], [ 107.0648929, 12.206441 ], [ 107.0666014, 12.2070982 ], [ 107.0676936, 12.2074619 ], [ 107.069731, 12.2080227 ], [ 107.0718163, 12.2083654 ], [ 107.073926, 12.2084861 ], [ 107.0747114, 12.2084895 ], [ 107.0751986, 12.2084917 ], [ 107.0772798, 12.2083925 ], [ 107.0776469, 12.2083363 ], [ 107.0778541, 12.2089845 ], [ 107.0792945, 12.2131186 ], [ 107.0801132, 12.2151147 ], [ 107.0811422, 12.2170109 ], [ 107.0823694, 12.2187853 ], [ 107.0841825, 12.2211261 ], [ 107.0855141, 12.222675 ], [ 107.0869967, 12.2240799 ], [ 107.0935363, 12.2296715 ], [ 107.0940512, 12.2300971 ], [ 107.0984693, 12.2336263 ], [ 107.1002182, 12.2350233 ], [ 107.1090646, 12.2420899 ], [ 107.1108542, 12.243365 ], [ 107.1127551, 12.2444261 ], [ 107.1200696, 12.252021 ], [ 107.1217398, 12.2550391 ], [ 107.1230894, 12.257478 ], [ 107.1241049, 12.2593129 ], [ 107.1251723, 12.2612415 ], [ 107.125951, 12.2633247 ], [ 107.1263668, 12.2644375 ], [ 107.1264258, 12.2645932 ], [ 107.1266968, 12.2653005 ], [ 107.1281347, 12.2690524 ], [ 107.1291877, 12.2718003 ], [ 107.1302143, 12.2744795 ], [ 107.1302322, 12.274526 ], [ 107.1320366, 12.2791999 ], [ 107.1328512, 12.2810312 ], [ 107.1338451, 12.2827717 ], [ 107.1350081, 12.284404 ], [ 107.1363287, 12.2859117 ], [ 107.1377263, 12.2873547 ], [ 107.1390464, 12.2887176 ], [ 107.1404495, 12.2901661 ], [ 107.1404575, 12.2901744 ], [ 107.140458, 12.2901748 ], [ 107.1404836, 12.2902013 ], [ 107.1404849, 12.2902 ], [ 107.1419802, 12.2915977 ], [ 107.1436428, 12.2928548 ], [ 107.1454272, 12.293932 ], [ 107.1473139, 12.2948177 ], [ 107.1492827, 12.2955022 ], [ 107.1555133, 12.2973106 ], [ 107.1578625, 12.2978415 ], [ 107.1579959, 12.2978633 ], [ 107.1606687, 12.2982988 ], [ 107.1645882, 12.2992796 ], [ 107.1657061, 12.2995592 ], [ 107.1659054, 12.299609 ], [ 107.1682605, 12.3005302 ], [ 107.1684133, 12.3007672 ], [ 107.1695559, 12.3025393 ], [ 107.1708704, 12.3043476 ], [ 107.1739564, 12.3081287 ], [ 107.1752526, 12.3095684 ], [ 107.1766819, 12.3108759 ], [ 107.178231, 12.3120391 ], [ 107.1798853, 12.3130469 ], [ 107.1827066, 12.3145834 ], [ 107.1846176, 12.3154964 ], [ 107.1866145, 12.3162023 ], [ 107.1886748, 12.316693 ], [ 107.1926851, 12.3174263 ], [ 107.1930282, 12.317486 ], [ 107.1996499, 12.318578 ], [ 107.2030556, 12.3191394 ], [ 107.2049214, 12.3193576 ], [ 107.2067995, 12.3193998 ], [ 107.2110096, 12.3192965 ], [ 107.2129536, 12.3191538 ], [ 107.2148745, 12.3188225 ], [ 107.217248, 12.3182929 ], [ 107.2195605, 12.3176286 ], [ 107.2224112, 12.3166205 ], [ 107.222691, 12.3165215 ], [ 107.224097, 12.3171957 ], [ 107.2314725, 12.3223512 ], [ 107.2323131, 12.3229389 ], [ 107.2338577, 12.3240185 ], [ 107.2350405, 12.3247847 ], [ 107.2395855, 12.3275064 ], [ 107.2406031, 12.3281157 ], [ 107.2427849, 12.3294222 ], [ 107.2432073, 12.3296752 ], [ 107.2457407, 12.3311923 ], [ 107.2461471, 12.3314356 ], [ 107.2498663, 12.3356342 ], [ 107.2506797, 12.3366766 ], [ 107.2522357, 12.3384454 ], [ 107.2532654, 12.3394854 ], [ 107.2548216, 12.3409 ], [ 107.2565178, 12.3421434 ], [ 107.2583351, 12.3432018 ], [ 107.2594694, 12.3437848 ], [ 107.261431, 12.3446631 ], [ 107.2634754, 12.3453259 ], [ 107.2655792, 12.3457655 ], [ 107.2674232, 12.3460484 ], [ 107.2695607, 12.3462597 ], [ 107.2717086, 12.3462404 ], [ 107.2738421, 12.345991 ], [ 107.2759365, 12.3455141 ], [ 107.2769486, 12.3452257 ], [ 107.2776492, 12.3457155 ], [ 107.2797715, 12.3468469 ], [ 107.2812344, 12.3475171 ], [ 107.2828955, 12.3481897 ], [ 107.2869261, 12.3496153 ], [ 107.2883657, 12.3500642 ], [ 107.2912229, 12.3508382 ], [ 107.2922981, 12.3510978 ], [ 107.301513, 12.3530545 ], [ 107.3034298, 12.3533652 ], [ 107.3053677, 12.3534885 ], [ 107.3073084, 12.3534232 ], [ 107.3092336, 12.3531701 ], [ 107.3111252, 12.3527315 ], [ 107.3129654, 12.3521116 ], [ 107.3147368, 12.3513161 ], [ 107.3164226, 12.3503525 ], [ 107.318894, 12.3487761 ], [ 107.3194275, 12.3484358 ], [ 107.320479721207633, 12.347693294909572 ], [ 107.275861591718979, 12.083751954666134 ], [ 106.996646508303684, 10.697343605118117 ], [ 106.956739126489722, 10.503386779989112 ], [ 106.933574810577412, 10.471615879950035 ], [ 106.93296142203593, 10.449786900311379 ], [ 106.942308451568749, 10.43597670501714 ], [ 106.936984221230858, 10.407814615228375 ], [ 106.932705188465249, 10.391061589755779 ], [ 106.898337555987041, 10.375619422073127 ], [ 106.873680909269211, 10.376161834661522 ], [ 106.878011162297014, 10.397760643459169 ], [ 106.864593685123239, 10.415403714441783 ], [ 106.839694922685965, 10.395342635108275 ], [ 106.795236983567051, 10.395519357303023 ], [ 106.785378182050991, 10.389953686603782 ], [ 106.780549609577477, 10.287841747775147 ], [ 106.756008635116601, 10.258616236969317 ], [ 106.797103247103706, 10.214013095987786 ], [ 106.7968095, 10.2133252 ], [ 106.7958611, 10.2113979 ], [ 106.7947115, 10.2095835 ], [ 106.7933739, 10.2079028 ], [ 106.7931692, 10.2076958 ], [ 106.793022821688297, 10.203816064387986 ], [ 106.77743713061983, 10.192041149636353 ], [ 106.778566571149909, 10.166765301980943 ], [ 106.79016044827415, 10.150581808903569 ], [ 106.791992595633815, 10.109851537454169 ], [ 106.733665708578968, 10.039819262645654 ], [ 106.693810453831063, 10.033835549886557 ], [ 106.683851340476963, 10.003280417385938 ], [ 106.106243130757179, 10.118200573047805 ], [ 106.096597444008822, 10.112649814322225 ], [ 106.08648741555831, 10.062952663034654 ], [ 106.06504325458225, 10.065738333029438 ], [ 105.305641513740952, 10.216621332603914 ], [ 105.296490444972108, 10.210881395694443 ], [ 105.283954007149703, 10.158425713252409 ], [ 104.57700321334346, 10.299704625687252 ], [ 104.6270407596041, 10.552469529565011 ] ] ], [ [ [ 106.043205869421811, 17.75724594484246 ], [ 106.077942051271279, 17.949609318686676 ], [ 106.081415283577897, 17.954942439375991 ], [ 106.135807323353646, 17.947871842718801 ], [ 106.444860298213143, 17.892535914645453 ], [ 106.461781118093157, 17.887374033569635 ], [ 106.447474657223438, 17.861186618670139 ], [ 106.444155583334691, 17.831574919521223 ], [ 106.468521668377534, 17.749433534312661 ], [ 106.509674354664881, 17.667901528139346 ], [ 106.54934899900374, 17.620776482686953 ], [ 106.572052909937469, 17.572615060820986 ], [ 106.651563599419234, 17.45494556353589 ], [ 106.708935352592505, 17.392262490601031 ], [ 106.823163228388438, 17.289215405164867 ], [ 107.032297107879387, 17.135579340134122 ], [ 107.117194969758472, 17.084789234247744 ], [ 107.110880415179722, 17.036413021900927 ], [ 107.120186801778203, 16.996551221471595 ], [ 107.153083582797109, 16.950291811805279 ], [ 107.18639006400268, 16.914481911242031 ], [ 107.201595265133577, 16.907763114213378 ], [ 107.222733170821314, 16.877456527849798 ], [ 107.310252874419646, 16.800760129637005 ], [ 107.560228678511223, 16.611071021209121 ], [ 107.675138652393514, 16.549571615770674 ], [ 107.747125560881244, 16.498383428851 ], [ 107.896567490279963, 16.369733168681787 ], [ 107.948600985220097, 16.346654032182695 ], [ 107.982437889589249, 16.315548350719943 ], [ 108.014771023110725, 16.31689612843368 ], [ 108.017564854189615, 16.344934216663141 ], [ 108.033863041909669, 16.336676436892141 ], [ 108.042055313799906, 16.302780237532762 ], [ 108.088804827318612, 16.23137113989107 ], [ 108.10833353264384, 16.218415390503448 ], [ 108.129003007748793, 16.21506802896408 ], [ 108.127328713853075, 16.200858231984139 ], [ 108.110450114389707, 16.183665883036568 ], [ 108.116991477223948, 16.161882960199542 ], [ 108.104487965333746, 16.079817565679345 ], [ 108.061502206664201, 15.883656143072894 ], [ 108.055029405015617, 15.876869510060679 ], [ 108.045307154446192, 15.793451315997462 ], [ 108.027581451243933, 15.745986936559788 ], [ 108.027321644440207, 15.712206724751594 ], [ 107.975755664752484, 15.462312360460544 ], [ 107.965915293078865, 15.426158318918159 ], [ 107.9352203133041, 15.39001093290711 ], [ 107.940355441100252, 15.352064680683597 ], [ 107.92454913051769, 15.313616012963136 ], [ 107.917485246964318, 15.251054139522518 ], [ 107.88877263609379, 15.192200047142805 ], [ 107.897195033298146, 15.146981741376356 ], [ 107.872831239838405, 15.11365609183507 ], [ 107.873017849326146, 15.084022409478935 ], [ 107.863061728091552, 15.071005900828602 ], [ 107.846745550972486, 14.899783693925583 ], [ 107.832430694411556, 14.872944144695305 ], [ 107.831703198762185, 14.841246299688924 ], [ 107.81834740316198, 14.822941081485208 ], [ 107.811642112441035, 14.711301534538507 ], [ 107.784146568164488, 14.590703545859169 ], [ 107.774565420029475, 14.580521359870104 ], [ 107.777902006402613, 14.559568848360369 ], [ 107.767945791275395, 14.494696086714674 ], [ 107.745774875340175, 14.456331632783364 ], [ 107.751209287267216, 14.419257326958398 ], [ 107.72767744671458, 14.34344398078575 ], [ 107.714653397698584, 14.213159420157782 ], [ 107.694318982971225, 14.155364038351836 ], [ 107.693676368217552, 14.123646445931673 ], [ 107.632941508065841, 13.846062604054234 ], [ 107.606733101543455, 13.679191774358284 ], [ 107.581080342403183, 13.554445373505283 ], [ 107.5806942, 13.5551867 ], [ 107.5799043, 13.5568948 ], [ 107.5779329, 13.5617447 ], [ 107.5649163, 13.5895388 ], [ 107.5556125, 13.6076955 ], [ 107.5555052, 13.6079079 ], [ 107.5527689, 13.6134081 ], [ 107.5525098, 13.6139291 ], [ 107.5516542, 13.6159107 ], [ 107.5510171, 13.617973 ], [ 107.550606, 13.620092 ], [ 107.5498319, 13.6256806 ], [ 107.5496696, 13.6273898 ], [ 107.5489216, 13.6418254 ], [ 107.5489159, 13.6419427 ], [ 107.5482687, 13.6560329 ], [ 107.5478375, 13.6600242 ], [ 107.5451468, 13.6636948 ], [ 107.5334702, 13.6787265 ], [ 107.5323945, 13.6802534 ], [ 107.531466, 13.681874 ], [ 107.5306927, 13.6835741 ], [ 107.527861, 13.6906602 ], [ 107.5272531, 13.6924134 ], [ 107.5231151, 13.706415 ], [ 107.5153345, 13.7308797 ], [ 107.4883608, 13.7492109 ], [ 107.481386, 13.7538613 ], [ 107.480686, 13.7543499 ], [ 107.4769124, 13.7571056 ], [ 107.4676525, 13.7592022 ], [ 107.4658582, 13.7596973 ], [ 107.4641178, 13.760357 ], [ 107.4624462, 13.7611756 ], [ 107.460858, 13.7621461 ], [ 107.4548124, 13.7662383 ], [ 107.4376486, 13.7778562 ], [ 107.4361127, 13.779007 ], [ 107.4346942, 13.7802998 ], [ 107.4334061, 13.7817225 ], [ 107.4322603, 13.7832622 ], [ 107.4312674, 13.7849046 ], [ 107.4304365, 13.7866346 ], [ 107.4297752, 13.7884363 ], [ 107.4292896, 13.7902931 ], [ 107.4289843, 13.7921879 ], [ 107.428862, 13.7941032 ], [ 107.4289238, 13.7960214 ], [ 107.4291692, 13.7979249 ], [ 107.429596, 13.799796 ], [ 107.4302001, 13.8016177 ], [ 107.430976, 13.8033731 ], [ 107.4315795, 13.8045784 ], [ 107.432327, 13.8059369 ], [ 107.4365736, 13.8129931 ], [ 107.4372476, 13.814003 ], [ 107.436345, 13.8155598 ], [ 107.4354559, 13.8175775 ], [ 107.4344008, 13.8203812 ], [ 107.4338044, 13.8222353 ], [ 107.4333911, 13.8241387 ], [ 107.433165, 13.8260732 ], [ 107.4331281, 13.8280206 ], [ 107.4332807, 13.8299623 ], [ 107.4336216, 13.8318799 ], [ 107.4341473, 13.8337553 ], [ 107.434853, 13.8355707 ], [ 107.4366753, 13.8396573 ], [ 107.4375635, 13.8414118 ], [ 107.4386198, 13.8430706 ], [ 107.4398339, 13.8446177 ], [ 107.441194, 13.8460381 ], [ 107.4426871, 13.847318 ], [ 107.4454108, 13.8494297 ], [ 107.4442601, 13.8501726 ], [ 107.442658, 13.8513227 ], [ 107.441177, 13.8526249 ], [ 107.4398314, 13.8540667 ], [ 107.4386344, 13.855634 ], [ 107.4360045, 13.8594542 ], [ 107.4349513, 13.8611616 ], [ 107.4340744, 13.8629659 ], [ 107.4333827, 13.8648489 ], [ 107.4328831, 13.8667918 ], [ 107.4325806, 13.8687749 ], [ 107.4324783, 13.8707784 ], [ 107.4325772, 13.872782 ], [ 107.4328764, 13.8747656 ], [ 107.4339105, 13.8798708 ], [ 107.4343958, 13.8817785 ], [ 107.4350662, 13.8836293 ], [ 107.4359153, 13.8854052 ], [ 107.4382613, 13.8897485 ], [ 107.4392247, 13.8913486 ], [ 107.4403332, 13.8928518 ], [ 107.441577, 13.8942451 ], [ 107.4429454, 13.8955163 ], [ 107.448696, 13.9003784 ], [ 107.4491057, 13.9007156 ], [ 107.4492435, 13.900826 ], [ 107.4492477, 13.9009231 ], [ 107.4496577, 13.9055478 ], [ 107.4493682, 13.9056877 ], [ 107.4476743, 13.9067249 ], [ 107.4460917, 13.9079251 ], [ 107.4446359, 13.9092763 ], [ 107.4433214, 13.9107652 ], [ 107.4425848, 13.911688 ], [ 107.4406941, 13.9137813 ], [ 107.4403451, 13.9141781 ], [ 107.4392837, 13.9154175 ], [ 107.4381261, 13.9169059 ], [ 107.4371138, 13.9184966 ], [ 107.4351758, 13.9218848 ], [ 107.4342121, 13.9238014 ], [ 107.4334592, 13.9258101 ], [ 107.4329258, 13.9278879 ], [ 107.4318505, 13.9332578 ], [ 107.4314992, 13.9359522 ], [ 107.430894, 13.9457534 ], [ 107.4308714, 13.9477712 ], [ 107.4310523, 13.949781 ], [ 107.4324421, 13.959629 ], [ 107.4311121, 13.975577 ], [ 107.4271553, 13.9748339 ], [ 107.4248218, 13.9743957 ], [ 107.4134711, 13.9722638 ], [ 107.4131252, 13.9721988 ], [ 107.4083635, 13.9708613 ], [ 107.4065119, 13.9704349 ], [ 107.4046283, 13.9701861 ], [ 107.4016452, 13.9699356 ], [ 107.3996023, 13.9698689 ], [ 107.3991161, 13.9698779 ], [ 107.3923505, 13.9700021 ], [ 107.3830901, 13.9701721 ], [ 107.3811103, 13.9703069 ], [ 107.3791536, 13.9706372 ], [ 107.3772393, 13.9711598 ], [ 107.3753861, 13.9718696 ], [ 107.3736125, 13.9727595 ], [ 107.3719357, 13.9738207 ], [ 107.3703724, 13.975043 ], [ 107.3689379, 13.9764141 ], [ 107.3678246, 13.9775893 ], [ 107.3661941, 13.9793104 ], [ 107.3648032, 13.9809461 ], [ 107.3621413, 13.9844407 ], [ 107.3464229, 14.0000695 ], [ 107.344403, 14.0014646 ], [ 107.3427109, 14.0027722 ], [ 107.3411682, 14.0042529 ], [ 107.3397924, 14.0058899 ], [ 107.3385992, 14.0076645 ], [ 107.3376022, 14.0095563 ], [ 107.3366006, 14.0117316 ], [ 107.3358107, 14.0137211 ], [ 107.3352379, 14.0157836 ], [ 107.3348888, 14.0178956 ], [ 107.3347675, 14.0200327 ], [ 107.3347575, 14.0231792 ], [ 107.3348532, 14.0251976 ], [ 107.335152, 14.027196 ], [ 107.3356509, 14.029154 ], [ 107.3363449, 14.0310517 ], [ 107.3372268, 14.0328697 ], [ 107.3385868, 14.0353464 ], [ 107.338714, 14.0356274 ], [ 107.3391589, 14.0366095 ], [ 107.3411229, 14.041237 ], [ 107.3406024, 14.0448681 ], [ 107.3404124, 14.047001 ], [ 107.3401392, 14.0547456 ], [ 107.3401495, 14.0564043 ], [ 107.3402973, 14.0580564 ], [ 107.3405814, 14.0596905 ], [ 107.3420525, 14.0664722 ], [ 107.3424887, 14.0681348 ], [ 107.343066, 14.0697537 ], [ 107.3437803, 14.0713171 ], [ 107.3442886, 14.0723139 ], [ 107.341115, 14.0739073 ], [ 107.3398619, 14.0745365 ], [ 107.3383462, 14.0752974 ], [ 107.3370998, 14.0759798 ], [ 107.3325269, 14.0786984 ], [ 107.3306194, 14.0798324 ], [ 107.3301581, 14.0801151 ], [ 107.329195, 14.0807235 ], [ 107.32707, 14.0820659 ], [ 107.3236763, 14.0842097 ], [ 107.3220282, 14.0853711 ], [ 107.3205054, 14.0866925 ], [ 107.3191233, 14.0881605 ], [ 107.3178961, 14.0897602 ], [ 107.3167005, 14.091493 ], [ 107.3148964, 14.0941077 ], [ 107.3139326, 14.0956502 ], [ 107.3131129, 14.0972738 ], [ 107.3124441, 14.0989653 ], [ 107.3119317, 14.1007105 ], [ 107.31158, 14.102495 ], [ 107.3110712, 14.1058821 ], [ 107.3108713, 14.107916 ], [ 107.3108799, 14.1099598 ], [ 107.3110971, 14.1119919 ], [ 107.3118283, 14.1165932 ], [ 107.3122908, 14.118737 ], [ 107.3129851, 14.1208173 ], [ 107.3147124, 14.1251797 ], [ 107.3151792, 14.1262639 ], [ 107.3230857, 14.1432322 ], [ 107.3233973, 14.1438711 ], [ 107.3293317, 14.155508 ], [ 107.330735, 14.1578497 ], [ 107.3344505, 14.1631863 ], [ 107.3352319, 14.1642339 ], [ 107.3375865, 14.1671843 ], [ 107.3373624, 14.1687825 ], [ 107.3372743, 14.1705941 ], [ 107.3372704, 14.1718044 ], [ 107.3373607, 14.1737684 ], [ 107.3376435, 14.1757142 ], [ 107.3381159, 14.1776227 ], [ 107.3387734, 14.1794757 ], [ 107.3396097, 14.1812551 ], [ 107.3406167, 14.1829438 ], [ 107.3417846, 14.1845255 ], [ 107.3437679, 14.1869521 ], [ 107.3452654, 14.1885898 ], [ 107.348739, 14.191989 ], [ 107.3499711, 14.1930985 ], [ 107.3531981, 14.1957708 ], [ 107.3546998, 14.1968998 ], [ 107.3563008, 14.197883 ], [ 107.357987, 14.1987115 ], [ 107.3597435, 14.1993781 ], [ 107.3615548, 14.199877 ], [ 107.361724, 14.1999069 ], [ 107.3658564, 14.2107702 ], [ 107.3666699, 14.2126213 ], [ 107.3676662, 14.2143807 ], [ 107.3733641, 14.2233534 ], [ 107.3736011, 14.2237179 ], [ 107.3746973, 14.225364 ], [ 107.3759552, 14.2282931 ], [ 107.377138, 14.2306164 ], [ 107.3796965, 14.2349227 ], [ 107.3800347, 14.2354717 ], [ 107.3828748, 14.2399188 ], [ 107.3833264, 14.2406309 ], [ 107.3830511, 14.2425896 ], [ 107.3828619, 14.2449017 ], [ 107.3829417, 14.2472202 ], [ 107.3837684, 14.2561378 ], [ 107.3840544, 14.2592228 ], [ 107.3843497, 14.2612602 ], [ 107.3848528, 14.2632564 ], [ 107.3866648, 14.2691475 ], [ 107.3872469, 14.2707835 ], [ 107.3874543, 14.2712373 ], [ 107.3873231, 14.2738781 ], [ 107.3855463, 14.284063 ], [ 107.3850928, 14.2863649 ], [ 107.3803251, 14.2954213 ], [ 107.3742909, 14.3040563 ], [ 107.3732279, 14.3057523 ], [ 107.3723397, 14.3075461 ], [ 107.3716353, 14.3094197 ], [ 107.3706297, 14.3125638 ], [ 107.3700894, 14.3146259 ], [ 107.3697717, 14.3167339 ], [ 107.3692575, 14.322058 ], [ 107.3691669, 14.3242666 ], [ 107.3693207, 14.3264718 ], [ 107.3698071, 14.3303464 ], [ 107.3701163, 14.3321428 ], [ 107.3705878, 14.3339036 ], [ 107.3712177, 14.3356142 ], [ 107.3720007, 14.3372603 ], [ 107.3729303, 14.3388283 ], [ 107.3739988, 14.3403051 ], [ 107.3755886, 14.3423038 ], [ 107.3803925, 14.3486455 ], [ 107.383793, 14.353158 ], [ 107.386961, 14.3574472 ], [ 107.3877366, 14.3583894 ], [ 107.3877913, 14.3635042 ], [ 107.3879124, 14.3654977 ], [ 107.3882316, 14.3674691 ], [ 107.3887459, 14.3693988 ], [ 107.3894501, 14.3712677 ], [ 107.3903371, 14.373057 ], [ 107.3913982, 14.3747489 ], [ 107.3922504, 14.375968 ], [ 107.3934408, 14.3775059 ], [ 107.3947751, 14.378921 ], [ 107.3962404, 14.3801998 ], [ 107.3978231, 14.3813302 ], [ 107.3993378, 14.3822034 ], [ 107.3990233, 14.3833763 ], [ 107.3986329, 14.3851514 ], [ 107.3984053, 14.3869547 ], [ 107.3983423, 14.3887711 ], [ 107.3983754, 14.39184 ], [ 107.3985415, 14.3942057 ], [ 107.3992055, 14.3993068 ], [ 107.3989738, 14.3997671 ], [ 107.3982266, 14.4017504 ], [ 107.3976934, 14.4038017 ], [ 107.3973803, 14.4058978 ], [ 107.3972908, 14.4080153 ], [ 107.3973062, 14.4094475 ], [ 107.3974264, 14.4114327 ], [ 107.3977432, 14.4133961 ], [ 107.3982534, 14.4153184 ], [ 107.3989049, 14.4173579 ], [ 107.3995795, 14.4191641 ], [ 107.4004249, 14.4208971 ], [ 107.4014332, 14.4225406 ], [ 107.4042047, 14.4266045 ], [ 107.4052254, 14.4279719 ], [ 107.406714, 14.4297982 ], [ 107.4080569, 14.4312867 ], [ 107.409542, 14.4326333 ], [ 107.4111545, 14.4338244 ], [ 107.4128781, 14.4348481 ], [ 107.4146955, 14.4356942 ], [ 107.4161707, 14.4362929 ], [ 107.418392, 14.4370459 ], [ 107.4206861, 14.4375338 ], [ 107.4219472, 14.4377255 ], [ 107.4240846, 14.4379337 ], [ 107.4254182, 14.43792 ], [ 107.4254755, 14.4379781 ], [ 107.4280177, 14.4402026 ], [ 107.4295859, 14.4414422 ], [ 107.4312701, 14.442519 ], [ 107.4344374, 14.4443277 ], [ 107.4361789, 14.4452123 ], [ 107.4379983, 14.4459228 ], [ 107.4398783, 14.4464525 ], [ 107.4418011, 14.4467962 ], [ 107.443272, 14.4469856 ], [ 107.4452624, 14.4471415 ], [ 107.4472585, 14.447098 ], [ 107.4492402, 14.4468559 ], [ 107.4504968, 14.4466382 ], [ 107.4525212, 14.4461781 ], [ 107.454487, 14.4455106 ], [ 107.456373, 14.444643 ], [ 107.458159, 14.4435846 ], [ 107.458784, 14.4431689 ], [ 107.4603643, 14.4420019 ], [ 107.4618226, 14.4406854 ], [ 107.4648069, 14.4377126 ], [ 107.46674, 14.4359618 ], [ 107.4674298, 14.4353066 ], [ 107.468038, 14.4347007 ], [ 107.4682897, 14.4356757 ], [ 107.4689185, 14.4374229 ], [ 107.4697067, 14.4391043 ], [ 107.4709928, 14.441546 ], [ 107.4720359, 14.4433024 ], [ 107.4732526, 14.4449432 ], [ 107.4755924, 14.447783 ], [ 107.4758483, 14.4480874 ], [ 107.477221, 14.4496875 ], [ 107.4794626, 14.4548202 ], [ 107.4784394, 14.463277 ], [ 107.4783007, 14.4651841 ], [ 107.4783448, 14.4670958 ], [ 107.4785713, 14.4689945 ], [ 107.478978, 14.4708629 ], [ 107.479416, 14.4724951 ], [ 107.4797562, 14.4736279 ], [ 107.480842, 14.47689 ], [ 107.4808757, 14.4769902 ], [ 107.4817904, 14.4796906 ], [ 107.4819587, 14.480896 ], [ 107.4818747, 14.4827332 ], [ 107.4818797, 14.484664 ], [ 107.4820708, 14.4865853 ], [ 107.4824464, 14.4884792 ], [ 107.4830028, 14.4903281 ], [ 107.4843032, 14.4939971 ], [ 107.4849464, 14.4955908 ], [ 107.485724, 14.4971233 ], [ 107.4866303, 14.4985834 ], [ 107.4876585, 14.4999603 ], [ 107.4881452, 14.5005567 ], [ 107.4876889, 14.501931 ], [ 107.4872645, 14.5037786 ], [ 107.487017, 14.505658 ], [ 107.4869486, 14.5075525 ], [ 107.4869717, 14.5095983 ], [ 107.4870766, 14.5114305 ], [ 107.487349, 14.5132454 ], [ 107.4877866, 14.5150277 ], [ 107.4883857, 14.5167624 ], [ 107.4890338, 14.5183923 ], [ 107.4898578, 14.5201979 ], [ 107.4908566, 14.5219129 ], [ 107.4920206, 14.5235206 ], [ 107.4933381, 14.5250049 ], [ 107.4947963, 14.5263513 ], [ 107.4963807, 14.5275466 ], [ 107.4980758, 14.528579 ], [ 107.4995541, 14.5293816 ], [ 107.5000099, 14.5296049 ], [ 107.5001344, 14.5314142 ], [ 107.5004526, 14.5333212 ], [ 107.5008956, 14.5353624 ], [ 107.501591, 14.5378059 ], [ 107.5022416, 14.5396403 ], [ 107.5029853, 14.5414506 ], [ 107.5039023, 14.5431796 ], [ 107.504984, 14.5448107 ], [ 107.5050894, 14.5449401 ], [ 107.5052359, 14.5466775 ], [ 107.5056883, 14.5495371 ], [ 107.506215, 14.5519164 ], [ 107.5064478, 14.5525749 ], [ 107.5052484, 14.5543708 ], [ 107.5041947, 14.5561394 ], [ 107.5033284, 14.5580068 ], [ 107.5026587, 14.5599534 ], [ 107.5021926, 14.5619586 ], [ 107.501935, 14.564001 ], [ 107.501753, 14.5664582 ], [ 107.5016997, 14.568163 ], [ 107.5017167, 14.5696625 ], [ 107.5015906, 14.5705249 ], [ 107.5014755, 14.5706384 ], [ 107.5001935, 14.5721853 ], [ 107.4990731, 14.573853 ], [ 107.4981257, 14.5756246 ], [ 107.4973608, 14.5774824 ], [ 107.4967862, 14.5794075 ], [ 107.4963849, 14.5810486 ], [ 107.4960557, 14.5826898 ], [ 107.4958649, 14.5843527 ], [ 107.4958138, 14.5860258 ], [ 107.4958277, 14.5872533 ], [ 107.4959462, 14.5892126 ], [ 107.4962562, 14.5911508 ], [ 107.4967547, 14.5930493 ], [ 107.4974369, 14.5948898 ], [ 107.4982963, 14.5966546 ], [ 107.4993245, 14.5983266 ], [ 107.5005116, 14.5998898 ], [ 107.5013631, 14.6009036 ], [ 107.5028306, 14.6024716 ], [ 107.5031316, 14.6027308 ], [ 107.5036139, 14.6041141 ], [ 107.5044565, 14.6059254 ], [ 107.505315, 14.6075529 ], [ 107.506251, 14.6091446 ], [ 107.5073298, 14.6106432 ], [ 107.5085423, 14.6120359 ], [ 107.509878, 14.6133109 ], [ 107.5113256, 14.6144572 ], [ 107.5128727, 14.6154652 ], [ 107.5145062, 14.6163261 ], [ 107.5159237, 14.6169915 ], [ 107.5176092, 14.6176908 ], [ 107.5178571, 14.6177806 ], [ 107.5177276, 14.6183572 ], [ 107.5174871, 14.6203037 ], [ 107.5173053, 14.6227609 ], [ 107.5172631, 14.6249384 ], [ 107.5174579, 14.6271076 ], [ 107.5178875, 14.6292428 ], [ 107.5192062, 14.6343434 ], [ 107.5194437, 14.6351855 ], [ 107.5211896, 14.6408952 ], [ 107.5218359, 14.6426959 ], [ 107.5252924, 14.6510466 ], [ 107.5254545, 14.651427 ], [ 107.5276297, 14.6563893 ], [ 107.5278635, 14.6571184 ], [ 107.5279324, 14.6582134 ], [ 107.5279464, 14.659432 ], [ 107.5279512, 14.6598463 ], [ 107.5279837, 14.662652 ], [ 107.5279377, 14.6723707 ], [ 107.5279375, 14.6724949 ], [ 107.5279447, 14.6773448 ], [ 107.5281012, 14.6798123 ], [ 107.5283326, 14.6816511 ], [ 107.5286479, 14.6834725 ], [ 107.5291301, 14.685257 ], [ 107.5297749, 14.6869894 ], [ 107.5305769, 14.6886549 ], [ 107.5315293, 14.6902392 ], [ 107.5326146, 14.691869 ], [ 107.5338314, 14.6935083 ], [ 107.5352091, 14.6950151 ], [ 107.5367332, 14.6963736 ], [ 107.5371329, 14.6966948 ], [ 107.5371179, 14.6967721 ], [ 107.5360638, 14.7001668 ], [ 107.5355686, 14.702096 ], [ 107.5352677, 14.7040649 ], [ 107.535233, 14.7047313 ], [ 107.53265, 14.7049822 ], [ 107.5268401, 14.7051041 ], [ 107.5252291, 14.705203 ], [ 107.520849, 14.70565 ], [ 107.518844, 14.7059581 ], [ 107.5168806, 14.7064676 ], [ 107.5149789, 14.7071734 ], [ 107.5142419, 14.7074903 ], [ 107.5121613, 14.7083849 ], [ 107.5104705, 14.7092081 ], [ 107.5088645, 14.7101865 ], [ 107.5073575, 14.7113114 ], [ 107.5059629, 14.7125729 ], [ 107.5046929, 14.7139598 ], [ 107.5035587, 14.7154598 ], [ 107.5025705, 14.7170597 ], [ 107.5017369, 14.7187454 ], [ 107.5010653, 14.7205019 ], [ 107.5005616, 14.7223138 ], [ 107.5002304, 14.7241649 ], [ 107.4999119, 14.7266003 ], [ 107.4997567, 14.7284533 ], [ 107.4997743, 14.7303128 ], [ 107.4999646, 14.7321626 ], [ 107.5003258, 14.7339867 ], [ 107.5008549, 14.7357694 ], [ 107.5015472, 14.7374952 ], [ 107.5023969, 14.7391493 ], [ 107.5033965, 14.7407173 ], [ 107.506514, 14.7451396 ], [ 107.5077412, 14.7467083 ], [ 107.5091183, 14.7481472 ], [ 107.5106317, 14.7494419 ], [ 107.5122664, 14.7505798 ], [ 107.5159555, 14.7528837 ], [ 107.515557, 14.7535905 ], [ 107.5142545, 14.7561834 ], [ 107.5139835, 14.7567228 ], [ 107.5126543, 14.7582548 ], [ 107.5116161, 14.7594514 ], [ 107.5094313, 14.7603156 ], [ 107.5072272, 14.7613466 ], [ 107.5051647, 14.7626375 ], [ 107.5048485, 14.7628633 ], [ 107.4989948, 14.7670446 ], [ 107.4970625, 14.7681552 ], [ 107.4955569, 14.7691123 ], [ 107.4941427, 14.7701998 ], [ 107.4928309, 14.7714089 ], [ 107.4916321, 14.7727302 ], [ 107.4905559, 14.774153 ], [ 107.4889844, 14.7764354 ], [ 107.487982, 14.7780506 ], [ 107.4871374, 14.7797537 ], [ 107.4864584, 14.7815292 ], [ 107.485951, 14.7833612 ], [ 107.4856198, 14.7852331 ], [ 107.4854678, 14.787128 ], [ 107.4854581, 14.7874278 ], [ 107.485374, 14.7900027 ], [ 107.4854134, 14.792071 ], [ 107.4856663, 14.7941241 ], [ 107.4861299, 14.7961401 ], [ 107.4867992, 14.7980974 ], [ 107.4887015, 14.802843 ], [ 107.4894743, 14.8045376 ], [ 107.4904013, 14.806153 ], [ 107.4914745, 14.8076751 ], [ 107.4926847, 14.8090908 ], [ 107.4975439, 14.8142665 ], [ 107.4988398, 14.8155274 ], [ 107.5002444, 14.8166662 ], [ 107.5017461, 14.8176735 ], [ 107.5019344, 14.8177764 ], [ 107.5020581, 14.8182562 ], [ 107.5027649, 14.8201669 ], [ 107.5036625, 14.8219959 ], [ 107.5047415, 14.823724 ], [ 107.5059907, 14.8253334 ], [ 107.5065264, 14.8259555 ], [ 107.5073788, 14.8269452 ], [ 107.5088481, 14.8284784 ], [ 107.5104717, 14.8298471 ], [ 107.5122312, 14.831036 ], [ 107.5141069, 14.8320317 ], [ 107.5188553, 14.8342375 ], [ 107.5233684, 14.8365681 ], [ 107.5239396, 14.8375738 ], [ 107.5251173, 14.8396473 ], [ 107.5261099, 14.8412198 ], [ 107.5272443, 14.8426933 ], [ 107.5285106, 14.8440551 ], [ 107.5298979, 14.8452934 ], [ 107.5313942, 14.8463974 ], [ 107.5399085, 14.8520881 ], [ 107.5400397, 14.8521751 ], [ 107.5432279, 14.8542699 ], [ 107.545401, 14.8566587 ], [ 107.5483988, 14.8611207 ], [ 107.5493909, 14.8624715 ], [ 107.5504926, 14.8637344 ], [ 107.5516962, 14.8649007 ], [ 107.5546492, 14.8675314 ], [ 107.5562846, 14.8688413 ], [ 107.558048, 14.8699729 ], [ 107.5599202, 14.8709138 ], [ 107.5643454, 14.8728545 ], [ 107.5672262, 14.8743567 ], [ 107.5671268, 14.8749182 ], [ 107.5664907, 14.8750164 ], [ 107.5644898, 14.8755416 ], [ 107.5625539, 14.8762706 ], [ 107.5614271, 14.8767629 ], [ 107.5598533, 14.8774505 ], [ 107.5581308, 14.8783039 ], [ 107.5564982, 14.8793187 ], [ 107.5549706, 14.8804855 ], [ 107.553562, 14.8817936 ], [ 107.5521903, 14.8831961 ], [ 107.5517, 14.8831951 ], [ 107.5494781, 14.8833138 ], [ 107.5472831, 14.8836786 ], [ 107.5435385, 14.8845174 ], [ 107.5419204, 14.8849518 ], [ 107.5403443, 14.8855201 ], [ 107.5388213, 14.8862183 ], [ 107.537508, 14.8868883 ], [ 107.534089, 14.8886326 ], [ 107.5294441, 14.8909626 ], [ 107.5277565, 14.8919141 ], [ 107.5261689, 14.8930244 ], [ 107.5246962, 14.8942831 ], [ 107.5243363, 14.8946223 ], [ 107.5214687, 14.8973242 ], [ 107.5203386, 14.8984786 ], [ 107.5193053, 14.8997205 ], [ 107.5155509, 14.904623 ], [ 107.5144077, 14.9062829 ], [ 107.5134373, 14.9080494 ], [ 107.5119749, 14.9110621 ], [ 107.5098662, 14.910825 ], [ 107.5079302, 14.910702 ], [ 107.5059912, 14.9107672 ], [ 107.5040678, 14.9110199 ], [ 107.5021778, 14.9114578 ], [ 107.5003392, 14.9120767 ], [ 107.4971151, 14.9133392 ], [ 107.4953806, 14.9141153 ], [ 107.4937276, 14.9150526 ], [ 107.492171, 14.9161425 ], [ 107.4907249, 14.9173752 ], [ 107.4894023, 14.9187396 ], [ 107.4873706, 14.9210452 ], [ 107.4868706, 14.9216126 ], [ 107.4854644, 14.9234046 ], [ 107.4853393, 14.9235842 ], [ 107.4830476, 14.9268743 ], [ 107.4815312, 14.9273784 ], [ 107.4795296, 14.9282992 ], [ 107.4776414, 14.9294346 ], [ 107.4758896, 14.9307708 ], [ 107.474979, 14.9315484 ], [ 107.4729295, 14.9332983 ], [ 107.4707491, 14.9351569 ], [ 107.4696731, 14.9360743 ], [ 107.4692714, 14.9364166 ], [ 107.4684929, 14.9371161 ], [ 107.4643909, 14.9410009 ], [ 107.4629928, 14.9424662 ], [ 107.4617501, 14.9440654 ], [ 107.4606755, 14.9457821 ], [ 107.45978, 14.9475987 ], [ 107.4584662, 14.9506435 ], [ 107.4577597, 14.952539 ], [ 107.4572483, 14.9544963 ], [ 107.4569372, 14.9564952 ], [ 107.4568297, 14.9585152 ], [ 107.4568207, 14.9619866 ], [ 107.456925, 14.9640792 ], [ 107.4570185, 14.9646789 ], [ 107.453946, 14.9674261 ], [ 107.4533712, 14.9679607 ], [ 107.4505776, 14.9706631 ], [ 107.4492829, 14.9720397 ], [ 107.4481239, 14.9735324 ], [ 107.447111, 14.9751278 ], [ 107.4462532, 14.9768117 ], [ 107.4455581, 14.978569 ], [ 107.4450321, 14.9803841 ], [ 107.4446797, 14.9822408 ], [ 107.4445041, 14.9841224 ], [ 107.4445068, 14.9860122 ], [ 107.4445894, 14.9877058 ], [ 107.4447703, 14.9895851 ], [ 107.4451276, 14.991439 ], [ 107.4456581, 14.9932509 ], [ 107.4463571, 14.9950047 ], [ 107.4472183, 14.9966848 ], [ 107.4473612, 14.9969086 ], [ 107.4465414, 14.9994289 ], [ 107.4460666, 15.0011448 ], [ 107.4457463, 15.002896 ], [ 107.445583, 15.0046688 ], [ 107.4453985, 15.0085632 ], [ 107.4454129, 15.0107221 ], [ 107.4456599, 15.0128668 ], [ 107.4461366, 15.0149725 ], [ 107.4468375, 15.0170144 ], [ 107.4488275, 15.0219302 ], [ 107.4500445, 15.0244236 ], [ 107.4530789, 15.0296807 ], [ 107.454286, 15.0315283 ], [ 107.4556893, 15.0332318 ], [ 107.4580341, 15.0357777 ], [ 107.4594299, 15.0371517 ], [ 107.4609535, 15.0383825 ], [ 107.4625901, 15.0394585 ], [ 107.4643241, 15.0403692 ], [ 107.4661389, 15.0411059 ], [ 107.4710117, 15.0428112 ], [ 107.4728602, 15.0433596 ], [ 107.4747529, 15.0437275 ], [ 107.481892, 15.0447609 ], [ 107.4847091, 15.0449671 ], [ 107.4912411, 15.0449828 ], [ 107.4920192, 15.0449696 ], [ 107.4952506, 15.0448515 ], [ 107.4956847, 15.0450706 ], [ 107.4963165, 15.0453757 ], [ 107.4970984, 15.0457365 ], [ 107.4989461, 15.0465889 ], [ 107.5048434, 15.0510695 ], [ 107.5057071, 15.0517257 ], [ 107.5090999, 15.0543767 ], [ 107.512555, 15.0570764 ], [ 107.5137893, 15.0579673 ], [ 107.5150877, 15.0587618 ], [ 107.5181847, 15.0604983 ], [ 107.5205257, 15.0627365 ], [ 107.5221197, 15.0641077 ], [ 107.5238488, 15.0653039 ], [ 107.525694, 15.066312 ], [ 107.5304795, 15.0686085 ], [ 107.5324729, 15.0694359 ], [ 107.5345438, 15.0700437 ], [ 107.5366681, 15.0704248 ], [ 107.5388212, 15.0705748 ], [ 107.5409778, 15.0704919 ], [ 107.5445499, 15.0701609 ], [ 107.5462079, 15.069937 ], [ 107.5478414, 15.0695753 ], [ 107.549439, 15.0690783 ], [ 107.5541465, 15.0673949 ], [ 107.5564595, 15.0663994 ], [ 107.5620762, 15.0635504 ], [ 107.5633756, 15.0628294 ], [ 107.5646178, 15.062014 ], [ 107.5685245, 15.0592364 ], [ 107.5724118, 15.0567288 ], [ 107.5728525, 15.0565283 ], [ 107.5738313, 15.0580781 ], [ 107.5751527, 15.0599283 ], [ 107.5766755, 15.0616165 ], [ 107.5783801, 15.063121 ], [ 107.5803694, 15.064685 ], [ 107.5815106, 15.0655822 ], [ 107.5831417, 15.0667375 ], [ 107.58488, 15.0677243 ], [ 107.5864247, 15.0684073 ], [ 107.5851533, 15.0702915 ], [ 107.5822684, 15.074567 ], [ 107.5816643, 15.0754623 ], [ 107.5806939, 15.0770563 ], [ 107.5798762, 15.0787337 ], [ 107.5792185, 15.0804801 ], [ 107.5787264, 15.0822802 ], [ 107.5784042, 15.0841183 ], [ 107.5781414, 15.0861789 ], [ 107.5779615, 15.0875895 ], [ 107.577807, 15.0896244 ], [ 107.5778607, 15.0916645 ], [ 107.578122, 15.0936884 ], [ 107.5785881, 15.0956752 ], [ 107.5792543, 15.0976042 ], [ 107.5801136, 15.0994552 ], [ 107.5811571, 15.101209 ], [ 107.5823738, 15.1028474 ], [ 107.5837512, 15.1043532 ], [ 107.5911424, 15.1116487 ], [ 107.5933045, 15.1134984 ], [ 107.5939696, 15.11399 ], [ 107.5930709, 15.1149463 ], [ 107.5919134, 15.1164376 ], [ 107.5909018, 15.1180313 ], [ 107.5900449, 15.1197134 ], [ 107.5893504, 15.1214688 ], [ 107.5888245, 15.1232818 ], [ 107.5882974, 15.1254823 ], [ 107.587928, 15.1274583 ], [ 107.5877588, 15.1294615 ], [ 107.5877915, 15.1314716 ], [ 107.5880259, 15.1334682 ], [ 107.5884595, 15.1354312 ], [ 107.589088, 15.1373407 ], [ 107.589905, 15.1391775 ], [ 107.5909022, 15.140923 ], [ 107.5920697, 15.1425596 ], [ 107.5923269, 15.1428843 ], [ 107.593548, 15.1444258 ], [ 107.5949447, 15.1460093 ], [ 107.5965005, 15.1474368 ], [ 107.596747, 15.1476191 ], [ 107.5962044, 15.1486047 ], [ 107.5954706, 15.1502859 ], [ 107.5932194, 15.1561655 ], [ 107.5915522, 15.1605136 ], [ 107.5908958, 15.1625435 ], [ 107.5908635, 15.1626652 ], [ 107.5906975, 15.1628641 ], [ 107.5890409, 15.1648489 ], [ 107.5873998, 15.1671218 ], [ 107.5844026, 15.1719534 ], [ 107.5836237, 15.1729775 ], [ 107.5828251, 15.1740275 ], [ 107.5825502, 15.1742788 ], [ 107.5805064, 15.1761466 ], [ 107.5801514, 15.1764709 ], [ 107.577874, 15.178293 ], [ 107.5775544, 15.1784589 ], [ 107.5751295, 15.1797178 ], [ 107.5738359, 15.1804517 ], [ 107.5726004, 15.1812798 ], [ 107.5711849, 15.1823067 ], [ 107.5702724, 15.1829687 ], [ 107.5688111, 15.1841369 ], [ 107.5674654, 15.1854365 ], [ 107.566247, 15.1868562 ], [ 107.5651666, 15.1883835 ], [ 107.5642336, 15.1900051 ], [ 107.5634562, 15.1917068 ], [ 107.5628412, 15.1934736 ], [ 107.5625067, 15.1946021 ], [ 107.5620717, 15.1963574 ], [ 107.561797, 15.1981447 ], [ 107.5616849, 15.1999496 ], [ 107.5616597, 15.201448 ], [ 107.5617134, 15.2032861 ], [ 107.5619356, 15.2051115 ], [ 107.5623245, 15.2069087 ], [ 107.5628769, 15.2086626 ], [ 107.563588, 15.2103584 ], [ 107.5644519, 15.2119817 ], [ 107.5647118, 15.2124202 ], [ 107.5657452, 15.2139905 ], [ 107.5669214, 15.2154568 ], [ 107.5682301, 15.2168062 ], [ 107.5696597, 15.2180267 ], [ 107.5711976, 15.2191077 ], [ 107.5728302, 15.2200395 ], [ 107.5736813, 15.2204736 ], [ 107.5738508, 15.2208074 ], [ 107.5749007, 15.2224544 ], [ 107.5761062, 15.2239911 ], [ 107.577456, 15.2254029 ], [ 107.5778607, 15.2257868 ], [ 107.5793464, 15.2270639 ], [ 107.58095, 15.2281895 ], [ 107.5816094, 15.2286057 ], [ 107.5832933, 15.2295579 ], [ 107.5838421, 15.2298341 ], [ 107.5864931, 15.2309376 ], [ 107.5870041, 15.2311084 ], [ 107.5886278, 15.2315758 ], [ 107.5902852, 15.2319046 ], [ 107.5919644, 15.2320922 ], [ 107.5924011, 15.2321224 ], [ 107.5941743, 15.2321662 ], [ 107.5959444, 15.2320527 ], [ 107.5963074, 15.2320132 ], [ 107.5983538, 15.2316825 ], [ 107.5983782, 15.2316759 ], [ 107.5984781, 15.2319647 ], [ 107.5992371, 15.2336413 ], [ 107.6000942, 15.2353238 ], [ 107.600926, 15.2367987 ], [ 107.6016904, 15.2379203 ], [ 107.6016918, 15.2380354 ], [ 107.601728, 15.2385382 ], [ 107.6005702, 15.2421882 ], [ 107.5998439, 15.244478 ], [ 107.5993567, 15.2463116 ], [ 107.5990454, 15.2481831 ], [ 107.5989129, 15.2500756 ], [ 107.5988707, 15.2519497 ], [ 107.5984519, 15.2588055 ], [ 107.5984485, 15.2611871 ], [ 107.5984565, 15.2613248 ], [ 107.5978825, 15.2624639 ], [ 107.5972256, 15.2641194 ], [ 107.5967186, 15.2658268 ], [ 107.5963655, 15.2675725 ], [ 107.5963078, 15.2679417 ], [ 107.5959369, 15.270316 ], [ 107.5950659, 15.275892 ], [ 107.594931, 15.2769351 ], [ 107.5944097, 15.2820106 ], [ 107.5939393, 15.2863313 ], [ 107.5938251, 15.2881397 ], [ 107.5938749, 15.2899509 ], [ 107.5940885, 15.2917503 ], [ 107.594464, 15.2935229 ], [ 107.5949985, 15.2952542 ], [ 107.6001184, 15.3095136 ], [ 107.6002069, 15.3097552 ], [ 107.602671, 15.3163499 ], [ 107.6014531, 15.3170226 ], [ 107.6006068, 15.3174899 ], [ 107.5987594, 15.3186458 ], [ 107.5970487, 15.3199958 ], [ 107.5965035, 15.3204765 ], [ 107.5951123, 15.3217032 ], [ 107.5935047, 15.3232908 ], [ 107.5920865, 15.3250496 ], [ 107.5914011, 15.3260054 ], [ 107.5904334, 15.3274895 ], [ 107.5896008, 15.3290535 ], [ 107.58891, 15.3306849 ], [ 107.5883662, 15.3323711 ], [ 107.5879738, 15.3340989 ], [ 107.5874, 15.3372693 ], [ 107.5870296, 15.3388038 ], [ 107.586824, 15.3397575 ], [ 107.5860781, 15.3436773 ], [ 107.5858771, 15.344958 ], [ 107.5852171, 15.3502876 ], [ 107.5850725, 15.3522157 ], [ 107.5849531, 15.3567192 ], [ 107.5847905, 15.3595142 ], [ 107.584614, 15.3623671 ], [ 107.5843394, 15.3629079 ], [ 107.5822813, 15.3657648 ], [ 107.5815064, 15.3668405 ], [ 107.5807203, 15.3679315 ], [ 107.5795764, 15.3697105 ], [ 107.5786268, 15.3716004 ], [ 107.577882, 15.3735799 ], [ 107.5773505, 15.3756271 ], [ 107.5769627, 15.3775291 ], [ 107.5766986, 15.3788244 ], [ 107.5765686, 15.3796699 ], [ 107.5719791, 15.3777386 ], [ 107.5701903, 15.3770842 ], [ 107.5683473, 15.376603 ], [ 107.5662587, 15.3761627 ], [ 107.5640922, 15.3758288 ], [ 107.5619022, 15.3757339 ], [ 107.5593916, 15.3757629 ], [ 107.5574609, 15.3758788 ], [ 107.5555504, 15.3761806 ], [ 107.5536779, 15.3766655 ], [ 107.5518713, 15.3772279 ], [ 107.550216, 15.3778243 ], [ 107.5486194, 15.3785639 ], [ 107.547094, 15.3794409 ], [ 107.536695, 15.386045 ], [ 107.5358072, 15.3866942 ], [ 107.5338992, 15.3862846 ], [ 107.5338417, 15.3862722 ], [ 107.5318161, 15.3859448 ], [ 107.5297678, 15.3858267 ], [ 107.527718, 15.385919 ], [ 107.5256886, 15.3862209 ], [ 107.5237007, 15.3867291 ], [ 107.5224606, 15.3871149 ], [ 107.5206552, 15.3877733 ], [ 107.5189213, 15.3886019 ], [ 107.517275, 15.389593 ], [ 107.5157314, 15.3907376 ], [ 107.5143047, 15.3920251 ], [ 107.5137175, 15.3926086 ], [ 107.5095316, 15.3964689 ], [ 107.5057407, 15.3999648 ], [ 107.5052603, 15.4003706 ], [ 107.5041786, 15.4012843 ], [ 107.5026823, 15.4026856 ], [ 107.5013373, 15.4042327 ], [ 107.5001578, 15.4059093 ], [ 107.499156, 15.4076979 ], [ 107.4983427, 15.4095796 ], [ 107.4977862, 15.4110729 ], [ 107.4972228, 15.4128278 ], [ 107.4968234, 15.4146271 ], [ 107.4965913, 15.4164556 ], [ 107.4965285, 15.4182976 ], [ 107.4965531, 15.420342 ], [ 107.4966277, 15.4218436 ], [ 107.4968149, 15.4233354 ], [ 107.4973317, 15.4264894 ], [ 107.4976061, 15.4278613 ], [ 107.4981106, 15.4299931 ], [ 107.4985734, 15.4316333 ], [ 107.4991741, 15.4332282 ], [ 107.4994656, 15.4339122 ], [ 107.5002411, 15.4355272 ], [ 107.5025956, 15.4399153 ], [ 107.5025733, 15.4399686 ], [ 107.5019462, 15.4417051 ], [ 107.5017133, 15.4423886 ], [ 107.5011279, 15.4442133 ], [ 107.501085, 15.4443486 ], [ 107.5000873, 15.447536 ], [ 107.5000007, 15.4476494 ], [ 107.4993244, 15.448535 ], [ 107.4979195, 15.4506382 ], [ 107.4975889, 15.4512081 ], [ 107.4968619, 15.4524613 ], [ 107.4958441, 15.4544682 ], [ 107.4950581, 15.4565767 ], [ 107.4949516, 15.4570041 ], [ 107.493825, 15.457222 ], [ 107.4922224, 15.457673 ], [ 107.4906629, 15.4582557 ], [ 107.4875995, 15.459548 ], [ 107.4873412, 15.4596736 ], [ 107.4860985, 15.4592698 ], [ 107.4841018, 15.4587333 ], [ 107.4820604, 15.4584059 ], [ 107.4799961, 15.458291 ], [ 107.477931, 15.4583897 ], [ 107.4758871, 15.4587012 ], [ 107.4734624, 15.4592001 ], [ 107.4716112, 15.4596742 ], [ 107.4698138, 15.4603228 ], [ 107.4680864, 15.4611399 ], [ 107.4664449, 15.4621183 ], [ 107.4657639, 15.4625696 ], [ 107.4649651, 15.4630991 ], [ 107.4634544, 15.4642057 ], [ 107.4620538, 15.4654488 ], [ 107.4607756, 15.4668174 ], [ 107.4596311, 15.4682996 ], [ 107.4586302, 15.4698823 ], [ 107.4577817, 15.4715517 ], [ 107.4571104, 15.4730413 ], [ 107.4563833, 15.4748961 ], [ 107.4558444, 15.4768141 ], [ 107.455499, 15.4787761 ], [ 107.4554247, 15.4797696 ], [ 107.4552073, 15.4798017 ], [ 107.4534515, 15.4802258 ], [ 107.4517411, 15.4808066 ], [ 107.4500901, 15.4815393 ], [ 107.4488012, 15.4821825 ], [ 107.447006, 15.4831972 ], [ 107.446965, 15.4832263 ], [ 107.4462387, 15.4819793 ], [ 107.445673, 15.481105 ], [ 107.4444966, 15.479473 ], [ 107.4431621, 15.4779675 ], [ 107.4416832, 15.4766037 ], [ 107.4400748, 15.4753954 ], [ 107.4388378, 15.47456 ], [ 107.4371127, 15.4735175 ], [ 107.4352914, 15.4726539 ], [ 107.4333925, 15.4719781 ], [ 107.4314351, 15.4714968 ], [ 107.4294393, 15.471215 ], [ 107.4274252, 15.4711355 ], [ 107.4247423, 15.4711649 ], [ 107.4246669, 15.4711657 ], [ 107.4236046, 15.4712058 ], [ 107.4185616, 15.4715305 ], [ 107.4147786, 15.4717741 ], [ 107.4139158, 15.4718485 ], [ 107.413016, 15.4719457 ], [ 107.4085374, 15.4724296 ], [ 107.4064575, 15.4726543 ], [ 107.4051426, 15.4727334 ], [ 107.4014498, 15.4731383 ], [ 107.3955924, 15.4737807 ], [ 107.3937666, 15.4740668 ], [ 107.391975, 15.4745202 ], [ 107.3897954, 15.4751804 ], [ 107.3887387, 15.4748298 ], [ 107.3869233, 15.4744102 ], [ 107.3850767, 15.4741613 ], [ 107.383215, 15.4740854 ], [ 107.3813542, 15.4741831 ], [ 107.3795107, 15.4744536 ], [ 107.3784, 15.4746698 ], [ 107.3766065, 15.4751056 ], [ 107.3758347, 15.4753314 ], [ 107.3748463, 15.4756204 ], [ 107.3730177, 15.4762527 ], [ 107.3712587, 15.4770587 ], [ 107.3695859, 15.4780309 ], [ 107.3680148, 15.4791602 ], [ 107.3665602, 15.4804361 ], [ 107.3652357, 15.4818465 ], [ 107.3640537, 15.4833783 ], [ 107.3630252, 15.4850171 ], [ 107.3621599, 15.4867477 ], [ 107.3614659, 15.4885538 ], [ 107.3609496, 15.4904185 ], [ 107.3605368, 15.4922496 ], [ 107.3601984, 15.492812 ], [ 107.3593554, 15.4945868 ], [ 107.3586906, 15.4964358 ], [ 107.3582105, 15.4983411 ], [ 107.3579196, 15.5002843 ], [ 107.3578208, 15.5022466 ], [ 107.3579151, 15.5042092 ], [ 107.3582661, 15.5078127 ], [ 107.3581676, 15.5081841 ], [ 107.3577135, 15.5098954 ], [ 107.3569306, 15.5110437 ], [ 107.3560862, 15.512395 ], [ 107.355352, 15.5138092 ], [ 107.3546498, 15.5153046 ], [ 107.3539509, 15.5169884 ], [ 107.3534082, 15.5187288 ], [ 107.3530263, 15.5205114 ], [ 107.3528083, 15.5223214 ], [ 107.3526678, 15.5242096 ], [ 107.352614, 15.5259222 ], [ 107.3526155, 15.5260517 ], [ 107.3503033, 15.5298852 ], [ 107.3494539, 15.5314464 ], [ 107.3451507, 15.5402681 ], [ 107.3443319, 15.542197 ], [ 107.3437195, 15.5442008 ], [ 107.3431074, 15.5466573 ], [ 107.3427342, 15.5485332 ], [ 107.3425419, 15.5504361 ], [ 107.3425323, 15.5523487 ], [ 107.3425424, 15.5525838 ], [ 107.3389944, 15.5539657 ], [ 107.3374178, 15.5545798 ], [ 107.3363144, 15.5550095 ], [ 107.3347091, 15.5557173 ], [ 107.3331719, 15.556563 ], [ 107.3317148, 15.5575402 ], [ 107.330349, 15.5586414 ], [ 107.3289042, 15.5599147 ], [ 107.3280477, 15.5607153 ], [ 107.327246, 15.56151 ], [ 107.3258964, 15.562989 ], [ 107.3247013, 15.5645955 ], [ 107.323673, 15.5663135 ], [ 107.3228215, 15.5681257 ], [ 107.3221555, 15.5700139 ], [ 107.3216816, 15.5719592 ], [ 107.3214046, 15.5739422 ], [ 107.3213273, 15.575943 ], [ 107.3213345, 15.5765718 ], [ 107.3213362, 15.5766897 ], [ 107.3214059, 15.5807073 ], [ 107.3215524, 15.582801 ], [ 107.3219174, 15.5848678 ], [ 107.3224971, 15.5868849 ], [ 107.3232849, 15.5888302 ], [ 107.3242722, 15.5906822 ], [ 107.3248475, 15.591637 ], [ 107.3245543, 15.5919746 ], [ 107.3234322, 15.5935523 ], [ 107.3224678, 15.5952312 ], [ 107.3216703, 15.5969955 ], [ 107.3210472, 15.5988286 ], [ 107.3206042, 15.6007134 ], [ 107.3203455, 15.6026322 ], [ 107.3202736, 15.604567 ], [ 107.3202854, 15.6056116 ], [ 107.3199767, 15.6057352 ], [ 107.3160394, 15.6065778 ], [ 107.3149754, 15.6066553 ], [ 107.3097252, 15.6061582 ], [ 107.3093347, 15.6061251 ], [ 107.3046838, 15.6057764 ], [ 107.2992062, 15.6048823 ], [ 107.2974962, 15.6046783 ], [ 107.2957751, 15.6046222 ], [ 107.2912346, 15.6046697 ], [ 107.2885559, 15.6048782 ], [ 107.2850746, 15.6053862 ], [ 107.2828399, 15.6058438 ], [ 107.2806718, 15.6065528 ], [ 107.2799171, 15.6068482 ], [ 107.279393, 15.6070534 ], [ 107.2779941, 15.6076635 ], [ 107.2767713, 15.6082533 ], [ 107.2756993, 15.6088109 ], [ 107.2736106, 15.6099788 ], [ 107.2716412, 15.6112364 ], [ 107.2698318, 15.6127151 ], [ 107.2686989, 15.6137572 ], [ 107.2638411, 15.6174524 ], [ 107.2623405, 15.6187147 ], [ 107.26026, 15.6206466 ], [ 107.258409, 15.6226143 ], [ 107.253671, 15.6283874 ], [ 107.2525788, 15.6298494 ], [ 107.2516244, 15.6314049 ], [ 107.2508158, 15.6330409 ], [ 107.249382, 15.6363093 ], [ 107.2488229, 15.6377287 ], [ 107.2483736, 15.6391866 ], [ 107.2476333, 15.6419605 ], [ 107.2472564, 15.6427874 ], [ 107.2453454, 15.6465311 ], [ 107.2446654, 15.6480087 ], [ 107.2441077, 15.6495368 ], [ 107.243402, 15.6517454 ], [ 107.2428832, 15.6537074 ], [ 107.2425659, 15.6557118 ], [ 107.2424533, 15.657738 ], [ 107.2425467, 15.6597653 ], [ 107.2427297, 15.6616503 ], [ 107.2429637, 15.6633228 ], [ 107.2434814, 15.6661478 ], [ 107.2436119, 15.6667988 ], [ 107.2439536, 15.6683677 ], [ 107.2444686, 15.6702742 ], [ 107.2451691, 15.6721206 ], [ 107.2460483, 15.6738889 ], [ 107.2468312, 15.6752859 ], [ 107.2478164, 15.6778524 ], [ 107.2489566, 15.6803104 ], [ 107.2512744, 15.6845318 ], [ 107.2513098, 15.6845932 ], [ 107.2511455, 15.6857209 ], [ 107.2510066, 15.6871777 ], [ 107.2509167, 15.6892061 ], [ 107.251033, 15.6912332 ], [ 107.2513541, 15.693238 ], [ 107.2516774, 15.6944513 ], [ 107.2513193, 15.6948733 ], [ 107.2499706, 15.6966558 ], [ 107.2488292, 15.6985777 ], [ 107.2476454, 15.7008516 ], [ 107.2473081, 15.7015708 ], [ 107.2459602, 15.7018375 ], [ 107.2441363, 15.7023829 ], [ 107.2433748, 15.7026507 ], [ 107.2414572, 15.703439 ], [ 107.2396315, 15.7044216 ], [ 107.2379173, 15.7055878 ], [ 107.2363331, 15.7069253 ], [ 107.2348959, 15.7084196 ], [ 107.2336211, 15.7100547 ], [ 107.2325224, 15.7118129 ], [ 107.2316547, 15.7133764 ], [ 107.2309404, 15.7147934 ], [ 107.2303406, 15.7162625 ], [ 107.2290076, 15.7199379 ], [ 107.2284489, 15.721739 ], [ 107.2280624, 15.7235846 ], [ 107.2279979, 15.7241572 ], [ 107.2269228, 15.7234502 ], [ 107.2251284, 15.722515 ], [ 107.2232487, 15.7217659 ], [ 107.221303, 15.7212106 ], [ 107.2193507, 15.7207588 ], [ 107.2170098, 15.7203617 ], [ 107.2146383, 15.7202448 ], [ 107.2124445, 15.7202671 ], [ 107.2122067, 15.7202695 ], [ 107.2103509, 15.7203745 ], [ 107.2085129, 15.7206514 ], [ 107.2067085, 15.7210977 ], [ 107.2049533, 15.7217096 ], [ 107.2032625, 15.7224818 ], [ 107.2016507, 15.7234076 ], [ 107.2001319, 15.7244791 ], [ 107.198719, 15.7256869 ], [ 107.1974244, 15.7270207 ], [ 107.1968633, 15.7276553 ], [ 107.195732, 15.7290573 ], [ 107.1947315, 15.7305553 ], [ 107.1942532, 15.7313464 ], [ 107.1932537, 15.7332168 ], [ 107.1924579, 15.7351825 ], [ 107.1918747, 15.7372215 ], [ 107.1907898, 15.7419498 ], [ 107.1904222, 15.7440695 ], [ 107.1893557, 15.7530714 ], [ 107.1892252, 15.7548446 ], [ 107.1892527, 15.7566224 ], [ 107.1894131, 15.7592953 ], [ 107.1896083, 15.7611289 ], [ 107.1899715, 15.7629366 ], [ 107.1904996, 15.7647032 ], [ 107.1911883, 15.7664137 ], [ 107.1920315, 15.7680535 ], [ 107.1930221, 15.7696086 ], [ 107.1935561, 15.7703673 ], [ 107.194661, 15.7717955 ], [ 107.1958903, 15.7731183 ], [ 107.1963332, 15.773516 ], [ 107.1964626, 15.7768539 ], [ 107.1966302, 15.7787751 ], [ 107.196982, 15.7806712 ], [ 107.1975147, 15.7825247 ], [ 107.1981015, 15.7842483 ], [ 107.198806, 15.7860322 ], [ 107.1996782, 15.7877405 ], [ 107.20071, 15.7893574 ], [ 107.2018919, 15.790868 ], [ 107.2033713, 15.7925826 ], [ 107.2047278, 15.7940068 ], [ 107.2056274, 15.7947821 ], [ 107.2051357, 15.796857 ], [ 107.2050204, 15.7973741 ], [ 107.2047184, 15.7988181 ], [ 107.201959, 15.8034743 ], [ 107.1992476, 15.8075454 ], [ 107.1979704, 15.80931 ], [ 107.1955345, 15.811893 ], [ 107.1947668, 15.8126243 ], [ 107.1934185, 15.8140406 ], [ 107.192215, 15.8155817 ], [ 107.1911678, 15.817233 ], [ 107.1902868, 15.8189786 ], [ 107.1895804, 15.820802 ], [ 107.1894232, 15.8212753 ], [ 107.1888661, 15.8233038 ], [ 107.1885251, 15.8253795 ], [ 107.1884039, 15.8274796 ], [ 107.1885041, 15.8295809 ], [ 107.1888244, 15.8316599 ], [ 107.1893613, 15.8336938 ], [ 107.1896753, 15.8346717 ], [ 107.190325, 15.8364128 ], [ 107.1911335, 15.838086 ], [ 107.1920938, 15.8396769 ], [ 107.1931976, 15.8411718 ], [ 107.1944354, 15.8425579 ], [ 107.1956876, 15.8438353 ], [ 107.1971782, 15.8452091 ], [ 107.1988003, 15.846425 ], [ 107.2004533, 15.8475379 ], [ 107.2030056, 15.8489959 ], [ 107.2037711, 15.8493614 ], [ 107.2044608, 15.8500627 ], [ 107.2058274, 15.8513405 ], [ 107.2071673, 15.852487 ], [ 107.2086031, 15.8535109 ], [ 107.2101234, 15.8544044 ], [ 107.2117166, 15.8551605 ], [ 107.2131178, 15.8557513 ], [ 107.2149613, 15.8564242 ], [ 107.2152169, 15.85649 ], [ 107.2158846, 15.857303 ], [ 107.2172296, 15.8586546 ], [ 107.2182082, 15.8595485 ], [ 107.2198141, 15.8608691 ], [ 107.2215485, 15.8620158 ], [ 107.2233925, 15.8629763 ], [ 107.2253263, 15.8637401 ], [ 107.2273289, 15.864299 ], [ 107.2281761, 15.8644886 ], [ 107.2302471, 15.8648391 ], [ 107.2323434, 15.8649704 ], [ 107.2344419, 15.8648811 ], [ 107.2365195, 15.8645723 ], [ 107.2382989, 15.8642114 ], [ 107.2400576, 15.8637708 ], [ 107.2412668, 15.8633483 ], [ 107.2415599, 15.8636261 ], [ 107.242952, 15.864829 ], [ 107.2444488, 15.8658988 ], [ 107.2475561, 15.8679105 ], [ 107.2492594, 15.8688978 ], [ 107.2510514, 15.8697128 ], [ 107.252234, 15.8701157 ], [ 107.2522883, 15.8702273 ], [ 107.2533313, 15.8719198 ], [ 107.254537, 15.8735003 ], [ 107.2551952, 15.8742795 ], [ 107.256617, 15.8757953 ], [ 107.2581883, 15.8771554 ], [ 107.2598923, 15.878345 ], [ 107.2617106, 15.8793514 ], [ 107.2636235, 15.8801637 ], [ 107.2665582, 15.8812336 ], [ 107.268275, 15.8817734 ], [ 107.2700335, 15.8821566 ], [ 107.2718193, 15.8823802 ], [ 107.2736179, 15.8824423 ], [ 107.2744297, 15.8824338 ], [ 107.2763501, 15.8823212 ], [ 107.2769942, 15.8822207 ], [ 107.2781645, 15.8831563 ], [ 107.2797807, 15.8842103 ], [ 107.2821584, 15.8856022 ], [ 107.2838455, 15.8864847 ], [ 107.2870171, 15.8879561 ], [ 107.2888835, 15.8887104 ], [ 107.2908164, 15.8892731 ], [ 107.292796, 15.8896388 ], [ 107.2939902, 15.8897368 ], [ 107.2960531, 15.8940573 ], [ 107.2970573, 15.895904 ], [ 107.2982497, 15.8976352 ], [ 107.2996173, 15.8992316 ], [ 107.3011449, 15.9006757 ], [ 107.3028156, 15.9019514 ], [ 107.304611, 15.9030448 ], [ 107.3051829, 15.9033531 ], [ 107.3065624, 15.9040297 ], [ 107.315213, 15.9078677 ], [ 107.3163032, 15.9083134 ], [ 107.3187495, 15.9092305 ], [ 107.3205066, 15.9097982 ], [ 107.3223085, 15.9102014 ], [ 107.3241399, 15.9104367 ], [ 107.3259853, 15.9105021 ], [ 107.3280962, 15.9104794 ], [ 107.3301325, 15.9103535 ], [ 107.3321453, 15.9100207 ], [ 107.3327178, 15.9098648 ], [ 107.3334766, 15.9104735 ], [ 107.3352801, 15.9116267 ], [ 107.3371965, 15.9125806 ], [ 107.3392038, 15.9133243 ], [ 107.3411595, 15.9139319 ], [ 107.3429397, 15.9143963 ], [ 107.3447549, 15.9146952 ], [ 107.34659, 15.9148261 ], [ 107.3503232, 15.9149201 ], [ 107.350363, 15.914921 ], [ 107.3532832, 15.9149887 ], [ 107.3535367, 15.915014 ], [ 107.3553487, 15.9157405 ], [ 107.3568589, 15.9162769 ], [ 107.3622374, 15.9179475 ], [ 107.3642529, 15.9184603 ], [ 107.3663107, 15.918761 ], [ 107.3683886, 15.9188464 ], [ 107.3690381, 15.9188393 ], [ 107.3714076, 15.9186723 ], [ 107.3737406, 15.9182256 ], [ 107.3743882, 15.9180612 ], [ 107.3761307, 15.9175334 ], [ 107.377818, 15.9168492 ], [ 107.3794361, 15.9160145 ], [ 107.3809716, 15.915036 ], [ 107.3824117, 15.913922 ], [ 107.3835373, 15.9129663 ], [ 107.3841281, 15.9124385 ], [ 107.3871755, 15.9180854 ], [ 107.3882016, 15.9197801 ], [ 107.3893903, 15.921365 ], [ 107.39073, 15.9228246 ], [ 107.3922075, 15.9241444 ], [ 107.395371, 15.9267002 ], [ 107.3968663, 15.9277977 ], [ 107.3972147, 15.9280067 ], [ 107.3974765, 15.9293875 ], [ 107.3979302, 15.9312746 ], [ 107.3985646, 15.9331089 ], [ 107.3993738, 15.934873 ], [ 107.4003503, 15.9365504 ], [ 107.4009345, 15.9374505 ], [ 107.4021214, 15.939091 ], [ 107.4034681, 15.9406031 ], [ 107.4049608, 15.9419712 ], [ 107.4065842, 15.9431814 ], [ 107.4066455, 15.9432225 ], [ 107.4070161, 15.9449088 ], [ 107.4076757, 15.9468931 ], [ 107.4099421, 15.9526807 ], [ 107.4110736, 15.9577633 ], [ 107.4114725, 15.9592743 ], [ 107.4119881, 15.9607494 ], [ 107.4142084, 15.9663842 ], [ 107.4153088, 15.9687216 ], [ 107.4159819, 15.9699403 ], [ 107.416236, 15.9704003 ], [ 107.4183153, 15.9741644 ], [ 107.4200343, 15.9785271 ], [ 107.4208678, 15.9803649 ], [ 107.4218823, 15.9821093 ], [ 107.4226583, 15.983301 ], [ 107.4221941, 15.9849022 ], [ 107.4218214, 15.9870072 ], [ 107.421585, 15.9889386 ], [ 107.4214383, 15.9916109 ], [ 107.4214444, 15.9921139 ], [ 107.4215614, 15.994045 ], [ 107.4218644, 15.9959557 ], [ 107.4223506, 15.9978283 ], [ 107.4230155, 15.999645 ], [ 107.4238527, 16.0013891 ], [ 107.4248546, 16.0030441 ], [ 107.4260117, 16.0045945 ], [ 107.4273132, 16.0060259 ], [ 107.4287468, 16.0073249 ], [ 107.4302993, 16.0084792 ], [ 107.4319561, 16.0094782 ], [ 107.4337016, 16.0103124 ], [ 107.4355195, 16.0109741 ], [ 107.4357804, 16.011055 ], [ 107.4358616, 16.0110762 ], [ 107.4363824, 16.0124916 ], [ 107.4366051, 16.0130969 ], [ 107.4373088, 16.0147709 ], [ 107.4381615, 16.0163742 ], [ 107.439695, 16.0189664 ], [ 107.4399304, 16.0193643 ], [ 107.4396446, 16.01981 ], [ 107.4391698, 16.02064 ], [ 107.4384989, 16.0209013 ], [ 107.4367603, 16.0217821 ], [ 107.4358367, 16.0223081 ], [ 107.4354296, 16.0225398 ], [ 107.4337523, 16.0236084 ], [ 107.4321894, 16.0248383 ], [ 107.4307564, 16.0262174 ], [ 107.4294675, 16.0277319 ], [ 107.4283353, 16.029367 ], [ 107.4273711, 16.0311065 ], [ 107.4265845, 16.0329331 ], [ 107.4263058, 16.0336805 ], [ 107.4257416, 16.0354371 ], [ 107.4253416, 16.0372382 ], [ 107.4251094, 16.0390685 ], [ 107.4250468, 16.0409125 ], [ 107.4250627, 16.0422147 ], [ 107.4251168, 16.0434614 ], [ 107.4252195, 16.044835 ], [ 107.4249552, 16.0476143 ], [ 107.4249472, 16.0476997 ], [ 107.424609, 16.0514248 ], [ 107.4245286, 16.0534769 ], [ 107.4245388, 16.054314 ], [ 107.4246964, 16.0565881 ], [ 107.4248025, 16.0574242 ], [ 107.4251112, 16.059207 ], [ 107.4251369, 16.0593027 ], [ 107.4232283, 16.0592803 ], [ 107.4222128, 16.0592684 ], [ 107.4218614, 16.0592642 ], [ 107.4213967, 16.0592641 ], [ 107.4195261, 16.0592853 ], [ 107.419499, 16.0592171 ], [ 107.4186677, 16.0573732 ], [ 107.4179069, 16.0558601 ], [ 107.4170208, 16.0544168 ], [ 107.4160157, 16.0530536 ], [ 107.4153308, 16.0522026 ], [ 107.4148691, 16.0516289 ], [ 107.4136474, 16.0502466 ], [ 107.4123036, 16.0489829 ], [ 107.4108491, 16.0478483 ], [ 107.4092963, 16.0468525 ], [ 107.4076583, 16.0460041 ], [ 107.4059491, 16.0453101 ], [ 107.4041832, 16.0447767 ], [ 107.4026251, 16.0443834 ], [ 107.4007696, 16.0440074 ], [ 107.3988869, 16.0438086 ], [ 107.3978978, 16.0437513 ], [ 107.3961348, 16.043727 ], [ 107.3943766, 16.0438581 ], [ 107.3934907, 16.0439636 ], [ 107.3932318, 16.043912 ], [ 107.3927618, 16.0438243 ], [ 107.3912838, 16.0435665 ], [ 107.3894615, 16.0433343 ], [ 107.3876257, 16.0432702 ], [ 107.3869216, 16.043278 ], [ 107.3867578, 16.0432799 ], [ 107.3848365, 16.0433942 ], [ 107.382935, 16.0436927 ], [ 107.3810711, 16.0441726 ], [ 107.3792619, 16.0448294 ], [ 107.3775242, 16.0456571 ], [ 107.3765787, 16.0462249 ], [ 107.3747724, 16.0451464 ], [ 107.3728105, 16.0441179 ], [ 107.3707469, 16.0433127 ], [ 107.3686069, 16.0427406 ], [ 107.3664907, 16.0422988 ], [ 107.3643477, 16.0419714 ], [ 107.3621819, 16.0418779 ], [ 107.3606468, 16.0418949 ], [ 107.3589611, 16.0419848 ], [ 107.357289, 16.0422166 ], [ 107.3556424, 16.0425885 ], [ 107.3548669, 16.0427984 ], [ 107.3548428, 16.0427978 ], [ 107.3531627, 16.0427528 ], [ 107.3519615, 16.0418199 ], [ 107.3504077, 16.040828 ], [ 107.3481858, 16.0395498 ], [ 107.3467971, 16.0388218 ], [ 107.3453556, 16.0382049 ], [ 107.3427533, 16.0372099 ], [ 107.3411076, 16.0366612 ], [ 107.3394206, 16.0362572 ], [ 107.3377049, 16.0360009 ], [ 107.3353032, 16.035748 ], [ 107.3335395, 16.0356407 ], [ 107.3317732, 16.0356896 ], [ 107.3300182, 16.0358941 ], [ 107.328288, 16.0362528 ], [ 107.3280343, 16.0363172 ], [ 107.3271362, 16.0365454 ], [ 107.3249999, 16.0372175 ], [ 107.3229522, 16.0381242 ], [ 107.3210187, 16.0392541 ], [ 107.3204474, 16.0396324 ], [ 107.318815, 16.0408367 ], [ 107.317313, 16.0422002 ], [ 107.3155494, 16.0439724 ], [ 107.3143017, 16.0453484 ], [ 107.3131607, 16.0467307 ], [ 107.3120247, 16.0482481 ], [ 107.3110374, 16.0498663 ], [ 107.3102077, 16.0515706 ], [ 107.3097974, 16.0525261 ], [ 107.3095236, 16.0526299 ], [ 107.3076212, 16.0535942 ], [ 107.30581, 16.0546372 ], [ 107.3043547, 16.0555609 ], [ 107.3029845, 16.0566065 ], [ 107.3017093, 16.0577662 ], [ 107.3000016, 16.0594593 ], [ 107.2997639, 16.059699 ], [ 107.2995654, 16.0599025 ], [ 107.2913737, 16.0682994 ], [ 107.2900294, 16.0698255 ], [ 107.288847, 16.0714801 ], [ 107.2875272, 16.0735411 ], [ 107.2864028, 16.075541 ], [ 107.2848508, 16.078715 ], [ 107.2837958, 16.0805226 ], [ 107.2825088, 16.0824804 ], [ 107.2821497, 16.0828152 ], [ 107.2802798, 16.0848145 ], [ 107.2782924, 16.0872548 ], [ 107.2771125, 16.0888609 ], [ 107.2760983, 16.0905763 ], [ 107.2750651, 16.0925412 ], [ 107.2743053, 16.0941575 ], [ 107.2736927, 16.0958352 ], [ 107.2734099, 16.0968948 ], [ 107.2722345, 16.0969073 ], [ 107.2706249, 16.0969894 ], [ 107.2683236, 16.0972 ], [ 107.2661881, 16.0975124 ], [ 107.2640986, 16.0980531 ], [ 107.2620796, 16.0988157 ], [ 107.2601545, 16.0997915 ], [ 107.2583458, 16.1009691 ], [ 107.2565372, 16.1022908 ], [ 107.2552035, 16.1033556 ], [ 107.2539654, 16.1045303 ], [ 107.252832, 16.1058062 ], [ 107.250844, 16.1082464 ], [ 107.2496475, 16.109877 ], [ 107.2486218, 16.11162 ], [ 107.2477774, 16.1134577 ], [ 107.2468917, 16.1156744 ], [ 107.2456351, 16.1183205 ], [ 107.2441098, 16.1189695 ], [ 107.2426176, 16.1197591 ], [ 107.2418722, 16.1201948 ], [ 107.2409979, 16.1207058 ], [ 107.2395888, 16.1216104 ], [ 107.2382603, 16.1226298 ], [ 107.2365798, 16.1240348 ], [ 107.2352179, 16.1251734 ], [ 107.2349836, 16.1253867 ], [ 107.2347204, 16.1252626 ], [ 107.233908, 16.1249014 ], [ 107.2313039, 16.1238121 ], [ 107.229452, 16.1231425 ], [ 107.2275432, 16.1226583 ], [ 107.2235983, 16.121862 ], [ 107.221484, 16.1215517 ], [ 107.2193487, 16.1214687 ], [ 107.2186578, 16.1214788 ], [ 107.217399, 16.1214972 ], [ 107.2158413, 16.1215808 ], [ 107.2144912, 16.1217596 ], [ 107.2141193, 16.1217868 ], [ 107.2126319, 16.1219516 ], [ 107.211161, 16.1222271 ], [ 107.2098927, 16.1225142 ], [ 107.2097261, 16.1225527 ], [ 107.2080135, 16.1229558 ], [ 107.2062246, 16.1234657 ], [ 107.2044909, 16.1241396 ], [ 107.2027714, 16.1249018 ], [ 107.2013717, 16.125615 ], [ 107.199702, 16.1254182 ], [ 107.1974922, 16.1252549 ], [ 107.195616, 16.1252045 ], [ 107.1937433, 16.1253303 ], [ 107.1918906, 16.1256311 ], [ 107.1904299, 16.1259392 ], [ 107.1897183, 16.1260893 ], [ 107.1880485, 16.1265176 ], [ 107.186655, 16.1269398 ], [ 107.1848974, 16.1275632 ], [ 107.1832056, 16.1283475 ], [ 107.1815942, 16.129286 ], [ 107.181275, 16.1294923 ], [ 107.1799958, 16.1303194 ], [ 107.177838, 16.1319305 ], [ 107.176468, 16.133105 ], [ 107.1752032, 16.1341895 ], [ 107.174782, 16.1345024 ], [ 107.1743556, 16.1348193 ], [ 107.1741623, 16.1349339 ], [ 107.1732744, 16.1354922 ], [ 107.1731642, 16.1355656 ], [ 107.172579, 16.1359555 ], [ 107.1718784, 16.136336 ], [ 107.1705148, 16.1371485 ], [ 107.1692199, 16.1380665 ], [ 107.1670778, 16.1397167 ], [ 107.1669196, 16.1398398 ], [ 107.1637624, 16.1423228 ], [ 107.1621285, 16.1435814 ], [ 107.1608122, 16.1446887 ], [ 107.1595959, 16.145905 ], [ 107.1584887, 16.1472212 ], [ 107.1577422, 16.1482817 ], [ 107.1570957, 16.1484318 ], [ 107.1563901, 16.1485956 ], [ 107.1549283, 16.1489352 ], [ 107.1528086, 16.1495526 ], [ 107.1507699, 16.1503999 ], [ 107.148837, 16.1514667 ], [ 107.1478704, 16.1520721 ], [ 107.1470249, 16.1526017 ], [ 107.1452197, 16.1538764 ], [ 107.1435661, 16.1553426 ], [ 107.1420843, 16.1569822 ], [ 107.1405684, 16.1588584 ], [ 107.1392566, 16.1606829 ], [ 107.1381577, 16.1626431 ], [ 107.1372857, 16.1647141 ], [ 107.1368198, 16.1660215 ], [ 107.1363012, 16.1677089 ], [ 107.1359334, 16.1694355 ], [ 107.1357192, 16.1711877 ], [ 107.1356605, 16.172952 ], [ 107.1356679, 16.1736352 ], [ 107.1343411, 16.1749309 ], [ 107.1331355, 16.1763503 ], [ 107.1319045, 16.1779445 ], [ 107.1307216, 16.1796531 ], [ 107.1297224, 16.1814751 ], [ 107.1289176, 16.183391 ], [ 107.128316, 16.18538 ], [ 107.127856, 16.1872456 ], [ 107.1275009, 16.1890323 ], [ 107.1273098, 16.1908439 ], [ 107.1272844, 16.1926653 ], [ 107.1273088, 16.1934374 ], [ 107.1273163, 16.1936733 ], [ 107.1273379, 16.1943552 ], [ 107.1273997, 16.195097 ], [ 107.1266726, 16.196565 ], [ 107.1260042, 16.1983057 ], [ 107.1249239, 16.201566 ], [ 107.1242907, 16.2034769 ], [ 107.1237644, 16.2053735 ], [ 107.123427, 16.2073125 ], [ 107.1229891, 16.2108534 ], [ 107.1228381, 16.2132228 ], [ 107.1228259, 16.2160841 ], [ 107.1229094, 16.2179974 ], [ 107.1231755, 16.2198939 ], [ 107.1236219, 16.2217562 ], [ 107.1247331, 16.2255758 ], [ 107.1253857, 16.2274624 ], [ 107.1262231, 16.2292745 ], [ 107.127237, 16.2309941 ], [ 107.1297577, 16.2348192 ], [ 107.129889, 16.2349968 ], [ 107.1298358, 16.2352974 ], [ 107.1295963, 16.2371558 ], [ 107.1295317, 16.2390283 ], [ 107.1296427, 16.2408987 ], [ 107.1299283, 16.2427506 ], [ 107.1301776, 16.2439815 ], [ 107.1302731, 16.2444533 ], [ 107.1307867, 16.246453 ], [ 107.1315037, 16.2483891 ], [ 107.1324165, 16.250241 ], [ 107.1334397, 16.2520722 ], [ 107.133476, 16.2521644 ], [ 107.1327993, 16.2533795 ], [ 107.1321302, 16.2546923 ], [ 107.1315998, 16.2559553 ], [ 107.1314418, 16.2560507 ], [ 107.1277678, 16.2584199 ], [ 107.1277245, 16.2584479 ], [ 107.124517, 16.260528 ], [ 107.1237809, 16.261029 ], [ 107.1212749, 16.2628175 ], [ 107.1210895, 16.2629514 ], [ 107.116207, 16.266521 ], [ 107.1113495, 16.2698507 ], [ 107.1084878, 16.2717134 ], [ 107.1079429, 16.272081 ], [ 107.1061479, 16.2733352 ], [ 107.1026054, 16.2756921 ], [ 107.1022394, 16.2759415 ], [ 107.0986833, 16.2784228 ], [ 107.0985397, 16.278524 ], [ 107.094401, 16.2814662 ], [ 107.093672, 16.2820098 ], [ 107.0908422, 16.2842218 ], [ 107.0878007, 16.2861471 ], [ 107.0866541, 16.28693 ], [ 107.0853992, 16.2878523 ], [ 107.0836099, 16.2889162 ], [ 107.0826548, 16.289542 ], [ 107.0820343, 16.2890819 ], [ 107.0803529, 16.288074 ], [ 107.0784219, 16.2870416 ], [ 107.0764447, 16.2861194 ], [ 107.0743788, 16.2854181 ], [ 107.0722488, 16.2849459 ], [ 107.07008, 16.2847086 ], [ 107.0672366, 16.2845537 ], [ 107.0652207, 16.2845456 ], [ 107.0632142, 16.2847405 ], [ 107.0614729, 16.2849988 ], [ 107.0588488, 16.2853519 ], [ 107.0585023, 16.2854016 ], [ 107.0566347, 16.2856863 ], [ 107.0556178, 16.2849779 ], [ 107.0539461, 16.2840373 ], [ 107.0523107, 16.2832178 ], [ 107.0503615, 16.2823675 ], [ 107.048333, 16.281729 ], [ 107.0462482, 16.2813095 ], [ 107.0451056, 16.2811422 ], [ 107.0432116, 16.2809564 ], [ 107.0413086, 16.2809514 ], [ 107.0394136, 16.2811274 ], [ 107.037544, 16.2814826 ], [ 107.03557, 16.281956 ], [ 107.0351117, 16.282066 ], [ 107.0331763, 16.2826348 ], [ 107.031308, 16.2833957 ], [ 107.0295259, 16.2843409 ], [ 107.027848, 16.2854609 ], [ 107.027296, 16.285916 ], [ 107.0266739, 16.2856123 ], [ 107.0249439, 16.2849581 ], [ 107.0240248, 16.2846583 ], [ 107.0219334, 16.2840993 ], [ 107.0197939, 16.2837697 ], [ 107.0176313, 16.2836732 ], [ 107.016795, 16.2836812 ], [ 107.014056, 16.2838961 ], [ 107.0121075, 16.2841847 ], [ 107.0116621, 16.2842558 ], [ 107.0102308, 16.2845009 ], [ 107.0082488, 16.284945 ], [ 107.006322, 16.2855878 ], [ 107.0044704, 16.2864227 ], [ 107.002713, 16.287441 ], [ 107.001068, 16.2886324 ], [ 106.9995523, 16.2899845 ], [ 106.9995208, 16.2900156 ], [ 106.9988807, 16.2897945 ], [ 106.9980819, 16.2895706 ], [ 106.9960201, 16.2891086 ], [ 106.9955957, 16.2890368 ], [ 106.9951487, 16.2889611 ], [ 106.9945709, 16.288872 ], [ 106.9936977, 16.2887503 ], [ 106.9928624, 16.2886557 ], [ 106.9926855, 16.2886117 ], [ 106.9920076, 16.2884639 ], [ 106.9917905, 16.288403 ], [ 106.991009, 16.2881337 ], [ 106.9891902, 16.2873948 ], [ 106.9871344, 16.2866871 ], [ 106.985297, 16.2861644 ], [ 106.9846987, 16.2860041 ], [ 106.9821832, 16.285372 ], [ 106.9802895, 16.2849923 ], [ 106.9777997, 16.2846171 ], [ 106.9764022, 16.284315 ], [ 106.9761842, 16.2842692 ], [ 106.9727975, 16.2835765 ], [ 106.9714927, 16.2833543 ], [ 106.9703475, 16.2831981 ], [ 106.9683751, 16.2830279 ], [ 106.9663955, 16.2830536 ], [ 106.964155, 16.2831938 ], [ 106.9622836, 16.2833997 ], [ 106.9604398, 16.2837807 ], [ 106.95864, 16.2843334 ], [ 106.9569001, 16.2850528 ], [ 106.9552356, 16.2859327 ], [ 106.9536612, 16.2869651 ], [ 106.9524623, 16.2878347 ], [ 106.9510412, 16.2889676 ], [ 106.9497287, 16.2902247 ], [ 106.9485358, 16.2915958 ], [ 106.9474723, 16.2930695 ], [ 106.9465469, 16.2946337 ], [ 106.9452694, 16.2970359 ], [ 106.9444416, 16.2987936 ], [ 106.9437882, 16.3006234 ], [ 106.9431689, 16.3026659 ], [ 106.9427599, 16.3042432 ], [ 106.9424808, 16.3058487 ], [ 106.942221, 16.3078145 ], [ 106.9420684, 16.3095449 ], [ 106.9419343, 16.3125555 ], [ 106.9419457, 16.3145618 ], [ 106.9420975, 16.3172772 ], [ 106.9421646, 16.3181415 ], [ 106.9422201, 16.3186993 ], [ 106.9426501, 16.3230242 ], [ 106.9430257, 16.3253726 ], [ 106.9436774, 16.3276598 ], [ 106.9443479, 16.3295731 ], [ 106.9444925, 16.3305452 ], [ 106.9439167, 16.3367853 ], [ 106.9438845, 16.3370192 ], [ 106.9437117, 16.3390073 ], [ 106.9437375, 16.3409752 ], [ 106.9420368, 16.3415416 ], [ 106.9398638, 16.3422064 ], [ 106.9391002, 16.3424569 ], [ 106.938709, 16.342594 ], [ 106.9366247, 16.3433247 ], [ 106.936556, 16.3433489 ], [ 106.9335474, 16.3444159 ], [ 106.9324672, 16.3448346 ], [ 106.9299719, 16.3458859 ], [ 106.9294664, 16.346099 ], [ 106.9292257, 16.3462023 ], [ 106.9279161, 16.3467745 ], [ 106.9257343, 16.3476274 ], [ 106.9253629, 16.3477769 ], [ 106.9239054, 16.3483806 ], [ 106.9223446, 16.3489982 ], [ 106.9205699, 16.3496894 ], [ 106.9201546, 16.3498565 ], [ 106.9199113, 16.3499576 ], [ 106.9184298, 16.3504814 ], [ 106.9169319, 16.3511537 ], [ 106.9158299, 16.3517038 ], [ 106.9146096, 16.352299 ], [ 106.913687, 16.3527792 ], [ 106.9119596, 16.353736 ], [ 106.9111516, 16.3541824 ], [ 106.9109262, 16.3543069 ], [ 106.9097169, 16.3549498 ], [ 106.9078827, 16.3560546 ], [ 106.9061771, 16.3573491 ], [ 106.9043151, 16.3589264 ], [ 106.9027107, 16.3602519 ], [ 106.9014826, 16.3613548 ], [ 106.9003497, 16.3625552 ], [ 106.8994041, 16.3636438 ], [ 106.8982298, 16.3651327 ], [ 106.8972018, 16.3667262 ], [ 106.8971817, 16.3667608 ], [ 106.8967629, 16.3670021 ], [ 106.8948761, 16.3682358 ], [ 106.89314, 16.3696741 ], [ 106.891887, 16.3708374 ], [ 106.8900421, 16.3725086 ], [ 106.8898915, 16.3726464 ], [ 106.8897796, 16.3727498 ], [ 106.8895189, 16.372897 ], [ 106.8876169, 16.3739942 ], [ 106.8861082, 16.3749569 ], [ 106.8846916, 16.3760507 ], [ 106.8833785, 16.3772667 ], [ 106.8828183, 16.3778341 ], [ 106.8819188, 16.3787451 ], [ 106.8807558, 16.3800298 ], [ 106.8797084, 16.3814104 ], [ 106.8787844, 16.3828764 ], [ 106.878275, 16.3837681 ], [ 106.8773497, 16.3856002 ], [ 106.876617, 16.3875176 ], [ 106.8761527, 16.3889489 ], [ 106.8756434, 16.390825 ], [ 106.8753187, 16.3927417 ], [ 106.8749535, 16.3957909 ], [ 106.8749282, 16.3961265 ], [ 106.8738543, 16.3977728 ], [ 106.8726836, 16.3998227 ], [ 106.8717626, 16.4019962 ], [ 106.8713359, 16.4031957 ], [ 106.8707401, 16.405195 ], [ 106.8705145, 16.406399 ], [ 106.8686224, 16.407059 ], [ 106.8683356, 16.4071615 ], [ 106.8656349, 16.4081499 ], [ 106.8636708, 16.4089902 ], [ 106.8618076, 16.4100352 ], [ 106.8600664, 16.411273 ], [ 106.8584672, 16.4126894 ], [ 106.8579712, 16.4131785 ], [ 106.8568888, 16.4142454 ], [ 106.8556431, 16.4155915 ], [ 106.8545259, 16.4170461 ], [ 106.8535467, 16.4185969 ], [ 106.8526361, 16.4201971 ], [ 106.8517557, 16.4219361 ], [ 106.8510489, 16.4237527 ], [ 106.8505222, 16.4256294 ], [ 106.8501807, 16.4275484 ], [ 106.8500558, 16.4285238 ], [ 106.8499336, 16.429803 ], [ 106.8497813, 16.4322135 ], [ 106.8497461, 16.4339037 ], [ 106.8497821, 16.4355812 ], [ 106.8500377, 16.4383677 ], [ 106.8502071, 16.4394076 ], [ 106.8506342, 16.4413899 ], [ 106.8512597, 16.4433187 ], [ 106.8520774, 16.4451743 ], [ 106.8530788, 16.4469375 ], [ 106.8542535, 16.4485903 ], [ 106.8546166, 16.4490499 ], [ 106.8561474, 16.4507732 ], [ 106.8568717, 16.4514996 ], [ 106.8583689, 16.4528567 ], [ 106.8590927, 16.4533902 ], [ 106.8599775, 16.4549855 ], [ 106.8605199, 16.4559048 ], [ 106.8612264, 16.4570323 ], [ 106.8606337, 16.4576784 ], [ 106.8594912, 16.459189 ], [ 106.858881, 16.4600806 ], [ 106.8578796, 16.461705 ], [ 106.8570376, 16.4634173 ], [ 106.8563627, 16.4652022 ], [ 106.856015, 16.4662735 ], [ 106.8555756, 16.467842 ], [ 106.8552654, 16.469441 ], [ 106.8551627, 16.4701164 ], [ 106.8549853, 16.4717116 ], [ 106.8549363, 16.4733159 ], [ 106.8549503, 16.4747672 ], [ 106.8551879, 16.4776541 ], [ 106.8554743, 16.4794918 ], [ 106.8555807, 16.4801102 ], [ 106.8558966, 16.4817894 ], [ 106.8561251, 16.4835419 ], [ 106.8562008, 16.4840685 ], [ 106.8566679, 16.4870342 ], [ 106.8570085, 16.4887206 ], [ 106.8574927, 16.4903716 ], [ 106.858117, 16.4919748 ], [ 106.8588768, 16.4935184 ], [ 106.8594855, 16.4946315 ], [ 106.8607256, 16.4966143 ], [ 106.8621887, 16.4984388 ], [ 106.8629141, 16.4992422 ], [ 106.8646073, 16.500907 ], [ 106.8659861, 16.5019731 ], [ 106.8659961, 16.502106 ], [ 106.86659, 16.5085398 ], [ 106.866303, 16.5087138 ], [ 106.8646936, 16.5099271 ], [ 106.8632144, 16.5112961 ], [ 106.8618806, 16.5128071 ], [ 106.8609746, 16.5139441 ], [ 106.8596638, 16.5157955 ], [ 106.859243, 16.5165611 ], [ 106.8583105, 16.5169089 ], [ 106.8557392, 16.518081 ], [ 106.8544917, 16.5187599 ], [ 106.8539802, 16.5190383 ], [ 106.8535797, 16.5192623 ], [ 106.8460758, 16.5235731 ], [ 106.84613, 16.5221634 ], [ 106.8461184, 16.5203673 ], [ 106.8459456, 16.5185796 ], [ 106.8456131, 16.5168145 ], [ 106.8450108, 16.5142548 ], [ 106.844318, 16.5119452 ], [ 106.8439088, 16.5108302 ], [ 106.8430916, 16.5089173 ], [ 106.8420801, 16.5070997 ], [ 106.8408853, 16.505397 ], [ 106.8395202, 16.5038276 ], [ 106.8388455, 16.5031289 ], [ 106.8386423, 16.5026692 ], [ 106.8385013, 16.5023762 ], [ 106.8378072, 16.5006535 ], [ 106.8372113, 16.4993174 ], [ 106.8366577, 16.498189 ], [ 106.8359329, 16.4965732 ], [ 106.8318565, 16.4837075 ], [ 106.8312307, 16.4820048 ], [ 106.8304531, 16.4803658 ], [ 106.8295303, 16.478804 ], [ 106.8284298, 16.4771207 ], [ 106.8275036, 16.4756136 ], [ 106.8274683, 16.4755563 ], [ 106.8263755, 16.4737914 ], [ 106.8257896, 16.4728993 ], [ 106.8244561, 16.4709823 ], [ 106.8235002, 16.4697182 ], [ 106.8230474, 16.4691663 ], [ 106.8227852, 16.468118 ], [ 106.8224807, 16.4667671 ], [ 106.8220954, 16.4653144 ], [ 106.8216021, 16.4638948 ], [ 106.820904, 16.4621056 ], [ 106.8198775, 16.459394 ], [ 106.8195849, 16.4586646 ], [ 106.8191047, 16.4575326 ], [ 106.8190162, 16.4573239 ], [ 106.8181815, 16.4555917 ], [ 106.8171844, 16.4539476 ], [ 106.8160339, 16.4524069 ], [ 106.8147408, 16.4509838 ], [ 106.8133171, 16.4496914 ], [ 106.8127145, 16.4491951 ], [ 106.8110999, 16.4479963 ], [ 106.8093731, 16.4469657 ], [ 106.8075515, 16.4461137 ], [ 106.8056535, 16.445449 ], [ 106.8036985, 16.4449782 ], [ 106.801706, 16.4447061 ], [ 106.7996962, 16.4446355 ], [ 106.7976896, 16.4447671 ], [ 106.7957062, 16.4450995 ], [ 106.7937663, 16.4456294 ], [ 106.7919963, 16.4463103 ], [ 106.7919998, 16.4462781 ], [ 106.7921068, 16.4448005 ], [ 106.7921041, 16.443319 ], [ 106.7919822, 16.4401845 ], [ 106.7918299, 16.4383794 ], [ 106.7915149, 16.4365955 ], [ 106.7906909, 16.4329121 ], [ 106.7902183, 16.4311719 ], [ 106.7895909, 16.4294813 ], [ 106.7883044, 16.4264424 ], [ 106.7873335, 16.4244612 ], [ 106.7861502, 16.4225989 ], [ 106.7841917, 16.4198626 ], [ 106.7829684, 16.41832 ], [ 106.7815993, 16.4169051 ], [ 106.7782325, 16.4137521 ], [ 106.7767548, 16.4124969 ], [ 106.7751625, 16.4113907 ], [ 106.7734705, 16.410444 ], [ 106.768899, 16.4081695 ], [ 106.766803, 16.4072718 ], [ 106.7646184, 16.4066185 ], [ 106.7610964, 16.4057807 ], [ 106.7604811, 16.4056713 ], [ 106.7600379, 16.4049434 ], [ 106.75864, 16.4028915 ], [ 106.7574758, 16.4013486 ], [ 106.7559355, 16.3995002 ], [ 106.7546387, 16.3980876 ], [ 106.7532126, 16.3968058 ], [ 106.7516704, 16.3956663 ], [ 106.750125, 16.3946353 ], [ 106.74846, 16.3936378 ], [ 106.7467061, 16.3928063 ], [ 106.7448799, 16.3921487 ], [ 106.7429986, 16.3916713 ], [ 106.7410798, 16.3913785 ], [ 106.7391418, 16.391273 ], [ 106.7382649, 16.3912679 ], [ 106.7378731, 16.3912656 ], [ 106.7360758, 16.391336 ], [ 106.7342921, 16.3915675 ], [ 106.7325364, 16.3919584 ], [ 106.7308229, 16.3925054 ], [ 106.7291656, 16.3932041 ], [ 106.7281751, 16.3936752 ], [ 106.7264266, 16.3946159 ], [ 106.7247801, 16.3957253 ], [ 106.7232516, 16.3969926 ], [ 106.7218564, 16.3984051 ], [ 106.7206081, 16.399949 ], [ 106.7195189, 16.401609 ], [ 106.7185998, 16.4033689 ], [ 106.7180991, 16.4044559 ], [ 106.7172637, 16.4065811 ], [ 106.7169703, 16.4076826 ], [ 106.7164428, 16.4078501 ], [ 106.7147309, 16.4085747 ], [ 106.7130937, 16.409455 ], [ 106.7115452, 16.4104836 ], [ 106.7097024, 16.4118352 ], [ 106.7089102, 16.4124473 ], [ 106.7064991, 16.4144086 ], [ 106.7056768, 16.4151563 ], [ 106.7041399, 16.4154396 ], [ 106.7003981, 16.4160733 ], [ 106.6984309, 16.4165094 ], [ 106.6965177, 16.4171413 ], [ 106.6930521, 16.4184829 ], [ 106.6915788, 16.4191223 ], [ 106.6902836, 16.419813 ], [ 106.6882778, 16.4196837 ], [ 106.6868447, 16.419675 ], [ 106.6867221, 16.4196742 ], [ 106.6848235, 16.4197533 ], [ 106.682941, 16.4200123 ], [ 106.6810915, 16.4204487 ], [ 106.6792918, 16.4210587 ], [ 106.6775581, 16.4218367 ], [ 106.6764963, 16.4223752 ], [ 106.6746817, 16.4234183 ], [ 106.672986, 16.4246454 ], [ 106.672064, 16.4253891 ], [ 106.6705931, 16.4267003 ], [ 106.6692583, 16.4281499 ], [ 106.6680726, 16.4297238 ], [ 106.6670476, 16.4314067 ], [ 106.6661932, 16.4331824 ], [ 106.6657632, 16.4342017 ], [ 106.6653733, 16.4352695 ], [ 106.6643448, 16.4358014 ], [ 106.6627858, 16.4368006 ], [ 106.6613259, 16.4379396 ], [ 106.6599775, 16.4392089 ], [ 106.659125, 16.4400893 ], [ 106.657679, 16.4417578 ], [ 106.6564257, 16.4435756 ], [ 106.6553805, 16.4455204 ], [ 106.6545217, 16.4473544 ], [ 106.6537144, 16.4493521 ], [ 106.6531266, 16.4514251 ], [ 106.6527654, 16.4535492 ], [ 106.6526413, 16.4546274 ], [ 106.6520862, 16.4548181 ], [ 106.6501777, 16.4557077 ], [ 106.6483733, 16.456793 ], [ 106.646693, 16.458062 ], [ 106.6451555, 16.4595007 ], [ 106.6443739, 16.4603133 ], [ 106.6430787, 16.4618001 ], [ 106.6419362, 16.4634072 ], [ 106.6409575, 16.4651189 ], [ 106.6401521, 16.4669188 ], [ 106.6395279, 16.4687892 ], [ 106.6391664, 16.4700813 ], [ 106.6386777, 16.4723117 ], [ 106.6384465, 16.4745832 ], [ 106.6384756, 16.4768663 ], [ 106.6387332, 16.4805467 ], [ 106.6389205, 16.4822141 ], [ 106.6392468, 16.48386 ], [ 106.6395563, 16.4851375 ], [ 106.6393652, 16.4856362 ], [ 106.6390051, 16.486724 ], [ 106.6384538, 16.4887352 ], [ 106.638115, 16.4907928 ], [ 106.6379923, 16.4928746 ], [ 106.6379845, 16.4940326 ], [ 106.6380778, 16.4961016 ], [ 106.6382575, 16.497302 ], [ 106.6377442, 16.4978726 ], [ 106.6366957, 16.4992647 ], [ 106.6354841, 16.5010284 ], [ 106.6343775, 16.502838 ], [ 106.6334687, 16.5047546 ], [ 106.6333123, 16.5051354 ], [ 106.6329664, 16.5059777 ], [ 106.6322417, 16.5080629 ], [ 106.6318314, 16.5098636 ], [ 106.6315772, 16.5101437 ], [ 106.6310846, 16.5107535 ], [ 106.6308617, 16.5110297 ], [ 106.6296784, 16.5126565 ], [ 106.6286645, 16.514394 ], [ 106.6278302, 16.5162245 ], [ 106.6271839, 16.5178554 ], [ 106.6265806, 16.5196121 ], [ 106.6261428, 16.5214172 ], [ 106.6258743, 16.5232551 ], [ 106.6255713, 16.5263187 ], [ 106.6254742, 16.5282704 ], [ 106.6254692, 16.5342312 ], [ 106.6254742, 16.5346961 ], [ 106.6255826, 16.5395336 ], [ 106.6256263, 16.5404809 ], [ 106.625755, 16.542321 ], [ 106.6260221, 16.544466 ], [ 106.6265192, 16.5465695 ], [ 106.6272403, 16.5486072 ], [ 106.6278654, 16.5501099 ], [ 106.6289366, 16.5522984 ], [ 106.6302659, 16.5543405 ], [ 106.63156, 16.5560858 ], [ 106.6327551, 16.5575478 ], [ 106.6340826, 16.5588906 ], [ 106.6359802, 16.5606368 ], [ 106.6402195, 16.5650911 ], [ 106.6404479, 16.5653271 ], [ 106.6418133, 16.5667154 ], [ 106.641132, 16.5671332 ], [ 106.6407952, 16.567379 ], [ 106.6398503, 16.5666858 ], [ 106.638105, 16.5655405 ], [ 106.6362498, 16.5645834 ], [ 106.6343049, 16.5638248 ], [ 106.6322916, 16.5632731 ], [ 106.6302318, 16.5629343 ], [ 106.6281478, 16.562812 ], [ 106.6271002, 16.5628053 ], [ 106.6265212, 16.5628017 ], [ 106.6245731, 16.5628846 ], [ 106.6226423, 16.5631568 ], [ 106.6207472, 16.5636157 ], [ 106.6189058, 16.5642569 ], [ 106.6171356, 16.5650744 ], [ 106.6157185, 16.5658147 ], [ 106.6140685, 16.5667798 ], [ 106.6125182, 16.5678979 ], [ 106.6110817, 16.5691589 ], [ 106.6097721, 16.5705513 ], [ 106.6086015, 16.5720624 ], [ 106.6074607, 16.57369 ], [ 106.6065309, 16.5751466 ], [ 106.6057303, 16.576678 ], [ 106.6048704, 16.5785118 ], [ 106.6041527, 16.5802508 ], [ 106.6036015, 16.5820495 ], [ 106.6032218, 16.5838921 ], [ 106.6026163, 16.5877375 ], [ 106.6021751, 16.5877246 ], [ 106.6021074, 16.587689 ], [ 106.5996548, 16.5859608 ], [ 106.5978167, 16.5848093 ], [ 106.5958647, 16.5838637 ], [ 106.5938217, 16.583135 ], [ 106.5924125, 16.582717 ], [ 106.5900299, 16.5821662 ], [ 106.5887604, 16.5819535 ], [ 106.586975, 16.5817364 ], [ 106.5851774, 16.5816805 ], [ 106.583382, 16.5817864 ], [ 106.5816034, 16.5820531 ], [ 106.5807699, 16.5822167 ], [ 106.5802594, 16.5823169 ], [ 106.5784852, 16.5827502 ], [ 106.5767579, 16.5833435 ], [ 106.5750919, 16.5840919 ], [ 106.5735012, 16.5849892 ], [ 106.5719989, 16.5860278 ], [ 106.5702242, 16.5873786 ], [ 106.5685097, 16.5888433 ], [ 106.5669711, 16.5904917 ], [ 106.5656277, 16.5923028 ], [ 106.564557, 16.5939307 ], [ 106.5635841, 16.5955761 ], [ 106.5627728, 16.5973069 ], [ 106.5621304, 16.5991072 ], [ 106.5612629, 16.6019626 ], [ 106.5608736, 16.6034463 ], [ 106.5605991, 16.6049556 ], [ 106.5603761, 16.6065209 ], [ 106.5602006, 16.608355 ], [ 106.5601945, 16.6101975 ], [ 106.5603581, 16.6120327 ], [ 106.5606266, 16.6140101 ], [ 106.5610301, 16.6161226 ], [ 106.5616582, 16.6181796 ], [ 106.5619727, 16.6190408 ], [ 106.5618475, 16.619132 ], [ 106.5593141, 16.6209168 ], [ 106.5585894, 16.6214274 ], [ 106.5580405, 16.6218284 ], [ 106.5551964, 16.6239808 ], [ 106.5541677, 16.6248142 ], [ 106.5518, 16.626866 ], [ 106.5500456, 16.628586 ], [ 106.5495206, 16.6291682 ], [ 106.5488761, 16.6298827 ], [ 106.5478144, 16.631163 ], [ 106.5468628, 16.6325271 ], [ 106.5460278, 16.6339656 ], [ 106.5450037, 16.635912 ], [ 106.5441683, 16.637711 ], [ 106.5435152, 16.6395839 ], [ 106.5430509, 16.6415122 ], [ 106.5427798, 16.6434771 ], [ 106.5426358, 16.6451189 ], [ 106.5425684, 16.6462639 ], [ 106.5425419, 16.6471431 ], [ 106.5425751, 16.6490453 ], [ 106.5427889, 16.6509358 ], [ 106.5431813, 16.6527974 ], [ 106.5437489, 16.6546133 ], [ 106.5440694, 16.6554899 ], [ 106.5446231, 16.656803 ], [ 106.5444819, 16.6573133 ], [ 106.5434733, 16.6585068 ], [ 106.542013, 16.6605158 ], [ 106.5412696, 16.6615384 ], [ 106.5402686, 16.6630559 ], [ 106.5394095, 16.6646581 ], [ 106.538455, 16.6666507 ], [ 106.5377314, 16.6683608 ], [ 106.5366409, 16.6713129 ], [ 106.5360959, 16.6730197 ], [ 106.5348695, 16.6775525 ], [ 106.5346904, 16.6782664 ], [ 106.5339158, 16.6816133 ], [ 106.5320731, 16.6860591 ], [ 106.5319841, 16.6862775 ], [ 106.5312193, 16.688186 ], [ 106.5306437, 16.6898253 ], [ 106.5302125, 16.6915082 ], [ 106.529929, 16.6932223 ], [ 106.5298594, 16.6937973 ], [ 106.5297182, 16.6958144 ], [ 106.5297814, 16.6978355 ], [ 106.530008, 16.7005973 ], [ 106.5302283, 16.7044909 ], [ 106.5303412, 16.7140936 ], [ 106.5303549, 16.7157855 ], [ 106.5303143, 16.7164277 ], [ 106.5301363, 16.7192398 ], [ 106.5300991, 16.720832 ], [ 106.5303165, 16.7340472 ], [ 106.5304346, 16.753112 ], [ 106.5298192, 16.7714236 ], [ 106.5298082, 16.7719897 ], [ 106.5297068, 16.7911726 ], [ 106.5291606, 16.8097845 ], [ 106.5291527, 16.8101995 ], [ 106.5291146, 16.8146487 ], [ 106.529077, 16.8188946 ], [ 106.5288355, 16.8298582 ], [ 106.5288317, 16.8300917 ], [ 106.5287901, 16.834113 ], [ 106.5287897, 16.8344822 ], [ 106.528806, 16.8364909 ], [ 106.5288218, 16.8384387 ], [ 106.5287943, 16.8434417 ], [ 106.5285315, 16.8504855 ], [ 106.5285183, 16.8513936 ], [ 106.5285395, 16.8540038 ], [ 106.5276173, 16.8545408 ], [ 106.5267628, 16.8550384 ], [ 106.5252979, 16.8559792 ], [ 106.5239204, 16.8570437 ], [ 106.5226407, 16.8582241 ], [ 106.5214685, 16.8595113 ], [ 106.5208056, 16.8603061 ], [ 106.5190946, 16.8626943 ], [ 106.5166724, 16.8666616 ], [ 106.5163978, 16.8671254 ], [ 106.5148309, 16.8698545 ], [ 106.5144294, 16.8699955 ], [ 106.5104992, 16.8714607 ], [ 106.5085797, 16.8722931 ], [ 106.5067577, 16.8733215 ], [ 106.505053, 16.8745345 ], [ 106.5034845, 16.8759191 ], [ 106.5025989, 16.8767873 ], [ 106.5013412, 16.8781396 ], [ 106.5002136, 16.8796022 ], [ 106.4992258, 16.8811626 ], [ 106.4983861, 16.8828074 ], [ 106.4971279, 16.8855813 ], [ 106.4967903, 16.8863257 ], [ 106.4967814, 16.8863453 ], [ 106.4959553, 16.8881718 ], [ 106.4959496, 16.8881844 ], [ 106.4958113, 16.8884546 ], [ 106.4950183, 16.8902072 ], [ 106.4943973, 16.892028 ], [ 106.4939541, 16.8938999 ], [ 106.4936928, 16.8958058 ], [ 106.4936159, 16.897728 ], [ 106.4936195, 16.898173 ], [ 106.4937201, 16.9000214 ], [ 106.4939912, 16.9018525 ], [ 106.4944304, 16.9036508 ], [ 106.495034, 16.9054007 ], [ 106.4952326, 16.9059002 ], [ 106.4952318, 16.9059031 ], [ 106.494814, 16.9077235 ], [ 106.494568, 16.9095749 ], [ 106.4944956, 16.9114412 ], [ 106.4945135, 16.9136838 ], [ 106.4946698, 16.9160241 ], [ 106.4950989, 16.9183301 ], [ 106.4953562, 16.9193695 ], [ 106.4955671, 16.9201529 ], [ 106.495823, 16.9210321 ], [ 106.4965768, 16.9231644 ], [ 106.4966337, 16.9232813 ], [ 106.4967283, 16.9245002 ], [ 106.4970262, 16.9262667 ], [ 106.497481, 16.9279994 ], [ 106.498089, 16.9296845 ], [ 106.4988454, 16.9313085 ], [ 106.499779, 16.9330988 ], [ 106.5008483, 16.9349102 ], [ 106.502102, 16.9365992 ], [ 106.5035262, 16.9381473 ], [ 106.5045924, 16.9391904 ], [ 106.5059176, 16.9403763 ], [ 106.507343, 16.9414398 ], [ 106.5088572, 16.9423725 ], [ 106.5104483, 16.943167 ], [ 106.5144429, 16.9449444 ], [ 106.5153329, 16.945315 ], [ 106.5176933, 16.9462317 ], [ 106.5194708, 16.9468277 ], [ 106.5212963, 16.9472547 ], [ 106.5231537, 16.9475089 ], [ 106.5250267, 16.9475881 ], [ 106.526755, 16.9474989 ], [ 106.5268233, 16.9558559 ], [ 106.526809, 16.9565116 ], [ 106.5240092, 16.9550192 ], [ 106.5223726, 16.95424 ], [ 106.5206722, 16.9536121 ], [ 106.5189219, 16.9531407 ], [ 106.5171361, 16.9528297 ], [ 106.5153295, 16.9526817 ], [ 106.5126523, 16.9525842 ], [ 106.5109524, 16.9525946 ], [ 106.5092595, 16.9527493 ], [ 106.5075859, 16.9530472 ], [ 106.5023207, 16.9542172 ], [ 106.5021273, 16.9542602 ], [ 106.5002726, 16.9547663 ], [ 106.4984751, 16.9554482 ], [ 106.4967514, 16.9562996 ], [ 106.4939656, 16.9578463 ], [ 106.4924423, 16.9587835 ], [ 106.4910087, 16.9598531 ], [ 106.4896765, 16.9610465 ], [ 106.4885276, 16.9621722 ], [ 106.4862091, 16.9626979 ], [ 106.4860011, 16.9627463 ], [ 106.4835016, 16.9633412 ], [ 106.4823558, 16.963528 ], [ 106.482337, 16.9635275 ], [ 106.4802488, 16.963233 ], [ 106.4787839, 16.9630811 ], [ 106.4773118, 16.9630375 ], [ 106.4752437, 16.9630524 ], [ 106.4731731, 16.9631749 ], [ 106.4711263, 16.9635112 ], [ 106.4691253, 16.9640577 ], [ 106.4633004, 16.9659782 ], [ 106.4614168, 16.9667065 ], [ 106.4596164, 16.9676211 ], [ 106.4579173, 16.9687127 ], [ 106.4547715, 16.9709658 ], [ 106.4537726, 16.9717298 ], [ 106.4513868, 16.9736766 ], [ 106.4503108, 16.9745546 ], [ 106.4482283, 16.9765183 ], [ 106.4474117, 16.977407 ], [ 106.4437687, 16.9765557 ], [ 106.4416007, 16.9761735 ], [ 106.4394037, 16.9760319 ], [ 106.4372045, 16.9761325 ], [ 106.4350297, 16.9764743 ], [ 106.4335082, 16.9768001 ], [ 106.4328694, 16.976937 ], [ 106.4309182, 16.9774593 ], [ 106.4290297, 16.9781757 ], [ 106.4272231, 16.9790789 ], [ 106.4255168, 16.9801597 ], [ 106.4239283, 16.9814072 ], [ 106.4225475, 16.982609 ], [ 106.4211005, 16.9840021 ], [ 106.4198006, 16.9855333 ], [ 106.4186608, 16.9871871 ], [ 106.4180669, 16.9882666 ], [ 106.4179854, 16.9883045 ], [ 106.4160658, 16.9894758 ], [ 106.414738, 16.9903923 ], [ 106.4132101, 16.9915593 ], [ 106.4118012, 16.9928676 ], [ 106.4105245, 16.9943051 ], [ 106.4093917, 16.9958585 ], [ 106.4084133, 16.9975135 ], [ 106.4075983, 16.9992549 ], [ 106.4069543, 17.0010664 ], [ 106.4064873, 17.0029314 ], [ 106.4062603, 17.0040669 ], [ 106.4060156, 17.005597 ], [ 106.4058901, 17.0071415 ], [ 106.4055571, 17.0150056 ], [ 106.4055424, 17.0154962 ], [ 106.4055254, 17.0164539 ], [ 106.4055193, 17.0164732 ], [ 106.4046115, 17.0188198 ], [ 106.3995789, 17.0242086 ], [ 106.3950776, 17.0284666 ], [ 106.3947213, 17.028812 ], [ 106.390356, 17.0331515 ], [ 106.3886694, 17.0350563 ], [ 106.3857134, 17.0388567 ], [ 106.3845832, 17.0404674 ], [ 106.3836168, 17.0421813 ], [ 106.3825722, 17.0442675 ], [ 106.3818082, 17.045992 ], [ 106.3812101, 17.0477807 ], [ 106.3807831, 17.0496178 ], [ 106.380531, 17.0514869 ], [ 106.3804562, 17.0533715 ], [ 106.3804658, 17.0546567 ], [ 106.3805802, 17.0566491 ], [ 106.3808927, 17.0586203 ], [ 106.3814, 17.0605504 ], [ 106.3822847, 17.0633415 ], [ 106.383059, 17.0653881 ], [ 106.3840522, 17.0673379 ], [ 106.3871551, 17.0726841 ], [ 106.3882779, 17.0744078 ], [ 106.3895718, 17.0760071 ], [ 106.3897727, 17.0762089 ], [ 106.3878134, 17.0776222 ], [ 106.3849246, 17.0799858 ], [ 106.3836159, 17.0811562 ], [ 106.3824149, 17.0824368 ], [ 106.3813308, 17.0838178 ], [ 106.3807002, 17.084698 ], [ 106.3795177, 17.0848719 ], [ 106.3771544, 17.0855224 ], [ 106.3753521, 17.0861396 ], [ 106.3734893, 17.0868839 ], [ 106.3717104, 17.087811 ], [ 106.3714737, 17.0879499 ], [ 106.3681908, 17.089876 ], [ 106.3675624, 17.0902604 ], [ 106.3640078, 17.092526 ], [ 106.3639746, 17.0925471 ], [ 106.362561, 17.0935351 ], [ 106.3612378, 17.0946413 ], [ 106.3588576, 17.0968121 ], [ 106.3575281, 17.0981445 ], [ 106.3563298, 17.099596 ], [ 106.3552732, 17.1011537 ], [ 106.3543677, 17.1028039 ], [ 106.3525874, 17.1064448 ], [ 106.3518849, 17.1080577 ], [ 106.3513268, 17.109726 ], [ 106.3509175, 17.111437 ], [ 106.3501667, 17.1153238 ], [ 106.3461788, 17.1175385 ], [ 106.3446478, 17.1184811 ], [ 106.3432078, 17.1195575 ], [ 106.3418701, 17.1207588 ], [ 106.3406458, 17.1220753 ], [ 106.3395447, 17.1234965 ], [ 106.3390965, 17.124132 ], [ 106.33834, 17.1252046 ], [ 106.3372857, 17.1268673 ], [ 106.3364001, 17.1286257 ], [ 106.3356916, 17.1304627 ], [ 106.3352847, 17.1319351 ], [ 106.3339422, 17.132898 ], [ 106.332434, 17.1342282 ], [ 106.3319659, 17.1346849 ], [ 106.3305988, 17.1361599 ], [ 106.3293868, 17.1377648 ], [ 106.3283421, 17.1394833 ], [ 106.3274752, 17.141298 ], [ 106.326795, 17.1431905 ], [ 106.3263083, 17.1451418 ], [ 106.32602, 17.1471322 ], [ 106.3259331, 17.1491414 ], [ 106.3259363, 17.149595 ], [ 106.3260201, 17.1512884 ], [ 106.3261714, 17.1524084 ], [ 106.3242198, 17.1538702 ], [ 106.3229775, 17.1549351 ], [ 106.3216427, 17.1560792 ], [ 106.3204606, 17.1571783 ], [ 106.319371, 17.158369 ], [ 106.312144, 17.1669369 ], [ 106.3119627, 17.1671519 ], [ 106.3106818, 17.1686704 ], [ 106.3095931, 17.1700846 ], [ 106.3086348, 17.1715903 ], [ 106.3079361, 17.1728045 ], [ 106.3071836, 17.1742445 ], [ 106.3055775, 17.1776482 ], [ 106.3033292, 17.1812077 ], [ 106.3023328, 17.1829785 ], [ 106.3015212, 17.1848413 ], [ 106.3014339, 17.1850731 ], [ 106.3009944, 17.1861055 ], [ 106.3004207, 17.1880165 ], [ 106.2974774, 17.1889971 ], [ 106.2958267, 17.189547 ], [ 106.293983, 17.1902644 ], [ 106.2922192, 17.1911604 ], [ 106.2905525, 17.1922263 ], [ 106.2889992, 17.1934517 ], [ 106.2875747, 17.1948245 ], [ 106.2862927, 17.1963314 ], [ 106.2858254, 17.1969392 ], [ 106.2846561, 17.198634 ], [ 106.2836672, 17.20044 ], [ 106.2828693, 17.2023381 ], [ 106.2822707, 17.2043082 ], [ 106.2818779, 17.2063293 ], [ 106.281803, 17.206859 ], [ 106.2816506, 17.2083243 ], [ 106.2816065, 17.2097968 ], [ 106.2816091, 17.2101748 ], [ 106.2817103, 17.2120516 ], [ 106.2819873, 17.2139106 ], [ 106.2824375, 17.2157354 ], [ 106.2830571, 17.2175099 ], [ 106.2838405, 17.2192184 ], [ 106.2847808, 17.2208458 ], [ 106.2858698, 17.2223778 ], [ 106.287007, 17.2236956 ], [ 106.2876465, 17.2255781 ], [ 106.2885131, 17.227462 ], [ 106.2895702, 17.229246 ], [ 106.2902194, 17.2301204 ], [ 106.2899829, 17.2305292 ], [ 106.2895391, 17.2313973 ], [ 106.2894389, 17.2315932 ], [ 106.2885788, 17.2335209 ], [ 106.2879266, 17.2355286 ], [ 106.2874897, 17.2375938 ], [ 106.287264, 17.2390317 ], [ 106.2870566, 17.2409587 ], [ 106.2870367, 17.2428968 ], [ 106.2872045, 17.2448277 ], [ 106.2874936, 17.2463843 ], [ 106.2874863, 17.2463932 ], [ 106.2864962, 17.2478833 ], [ 106.286225, 17.2476443 ], [ 106.2848874, 17.2465642 ], [ 106.2834619, 17.245603 ], [ 106.2819591, 17.2447677 ], [ 106.2803901, 17.2440646 ], [ 106.2788281, 17.2434438 ], [ 106.2753622, 17.2414023 ], [ 106.2730463, 17.2396287 ], [ 106.2712593, 17.2384075 ], [ 106.2693508, 17.2373867 ], [ 106.2673431, 17.236578 ], [ 106.2652598, 17.235991 ], [ 106.2613226, 17.2351085 ], [ 106.2608101, 17.2350231 ], [ 106.2599745, 17.2344824 ], [ 106.2583164, 17.2336176 ], [ 106.2565847, 17.2329115 ], [ 106.2547947, 17.2323702 ], [ 106.252962, 17.2319984 ], [ 106.2472806, 17.2311202 ], [ 106.2454726, 17.2309244 ], [ 106.2443715, 17.2308556 ], [ 106.2442201, 17.2308467 ], [ 106.239265, 17.2305748 ], [ 106.2372107, 17.2305678 ], [ 106.2336008, 17.230741 ], [ 106.2334894, 17.2307466 ], [ 106.2334838, 17.2307469 ], [ 106.2316946, 17.2309237 ], [ 106.2299286, 17.2312604 ], [ 106.2281999, 17.2317544 ], [ 106.2265225, 17.2324016 ], [ 106.2242491, 17.2333984 ], [ 106.2225133, 17.2342621 ], [ 106.2208693, 17.2352899 ], [ 106.2193325, 17.2364719 ], [ 106.2129531, 17.2418907 ], [ 106.2037762, 17.2489976 ], [ 106.2028319, 17.2497289 ], [ 106.1990706, 17.2522163 ], [ 106.1975491, 17.2533289 ], [ 106.1963359, 17.2543071 ], [ 106.1960953, 17.2543835 ], [ 106.1942847, 17.2550566 ], [ 106.1905207, 17.2566668 ], [ 106.1888893, 17.2574539 ], [ 106.1873359, 17.2583853 ], [ 106.1859026, 17.2593355 ], [ 106.1797408, 17.2634204 ], [ 106.1778763, 17.2648194 ], [ 106.1754908, 17.266837 ], [ 106.1738189, 17.2684252 ], [ 106.172341, 17.2701952 ], [ 106.169959, 17.2734075 ], [ 106.166618, 17.2770043 ], [ 106.1622204, 17.2804648 ], [ 106.1596052, 17.2820713 ], [ 106.1591446, 17.2823629 ], [ 106.1519359, 17.2870662 ], [ 106.149359, 17.2883936 ], [ 106.1482715, 17.2889973 ], [ 106.1446868, 17.2911355 ], [ 106.1413059, 17.2930186 ], [ 106.1396358, 17.2936471 ], [ 106.1378074, 17.2944413 ], [ 106.1360672, 17.2954135 ], [ 106.1338734, 17.2967869 ], [ 106.1325144, 17.2977177 ], [ 106.1312366, 17.2987572 ], [ 106.1295157, 17.3002791 ], [ 106.1279732, 17.3017999 ], [ 106.1266042, 17.3034785 ], [ 106.1254247, 17.3052954 ], [ 106.1244487, 17.3072292 ], [ 106.1240997, 17.3080251 ], [ 106.123378, 17.3099288 ], [ 106.1228537, 17.3118961 ], [ 106.122532, 17.3139064 ], [ 106.1221739, 17.3172177 ], [ 106.1220645, 17.3188563 ], [ 106.1220663, 17.3189743 ], [ 106.121867, 17.3191596 ], [ 106.1166787, 17.3221678 ], [ 106.1151112, 17.323177 ], [ 106.1136444, 17.3243279 ], [ 106.1118204, 17.3259018 ], [ 106.1113421, 17.3263146 ], [ 106.1079285, 17.3289046 ], [ 106.1078362, 17.328975 ], [ 106.1073517, 17.3293471 ], [ 106.106227, 17.3297491 ], [ 106.1059559, 17.3298483 ], [ 106.1039427, 17.3306009 ], [ 106.1032884, 17.3308455 ], [ 106.1016815, 17.3315275 ], [ 106.1001402, 17.332347 ], [ 106.0986763, 17.3332977 ], [ 106.097602, 17.3340641 ], [ 106.0924937, 17.3376136 ], [ 106.0910733, 17.3386979 ], [ 106.0904008, 17.3392604 ], [ 106.090217, 17.3393135 ], [ 106.0884051, 17.3400342 ], [ 106.0873596, 17.3405103 ], [ 106.0825308, 17.3427095 ], [ 106.0807332, 17.3436408 ], [ 106.0790389, 17.344749 ], [ 106.0774654, 17.3460229 ], [ 106.0744508, 17.3487271 ], [ 106.0728841, 17.3502978 ], [ 106.0638353, 17.3604368 ], [ 106.0477211, 17.3785007 ], [ 106.0182772, 17.4114957 ], [ 105.976764405427645, 17.45797709508842 ], [ 106.043205869421811, 17.75724594484246 ] ] ], [ [ [ 107.468434956109149, 13.006663887855446 ], [ 107.46587, 13.0121852 ], [ 107.4653065, 13.0132943 ], [ 107.4646177, 13.0150375 ], [ 107.4640951, 13.0168375 ], [ 107.4637433, 13.0186786 ], [ 107.4635654, 13.0205445 ], [ 107.463563, 13.0224189 ], [ 107.463736, 13.0242852 ], [ 107.464083, 13.0261272 ], [ 107.4654906, 13.0320566 ], [ 107.4660042, 13.0338454 ], [ 107.4680739, 13.0399643 ], [ 107.4684393, 13.0409572 ], [ 107.470323, 13.0456861 ], [ 107.4714633, 13.0480752 ], [ 107.4731406, 13.051063 ], [ 107.4793448, 13.0643082 ], [ 107.48116873052119, 13.068586760108298 ], [ 107.468434956109149, 13.006663887855446 ] ] ], [ [ [ 104.502726487239514, 10.444098154085475 ], [ 104.493730384481097, 10.442492238125215 ], [ 104.4945322, 10.445367 ], [ 104.4950257, 10.4468962 ], [ 104.4956404, 10.4483807 ], [ 104.4973388, 10.4520574 ], [ 104.4981543, 10.4536349 ], [ 104.4991066, 10.4551339 ], [ 104.5001881, 10.4565425 ], [ 104.500276041418601, 10.456647076734855 ], [ 104.502726487239514, 10.444098154085475 ] ] ], [ [ [ 104.43327487436315, 10.431700179475902 ], [ 104.42359030750238, 10.437866726503438 ], [ 104.4246253, 10.4387598 ], [ 104.4262191, 10.4398842 ], [ 104.427915, 10.4408479 ], [ 104.4296966, 10.4416419 ], [ 104.4315471, 10.4422586 ], [ 104.4335448, 10.4428177 ], [ 104.4536404, 10.448441 ], [ 104.4553014, 10.4488303 ], [ 104.4569896, 10.4490766 ], [ 104.4586926, 10.4491781 ], [ 104.4651016, 10.4492862 ], [ 104.4695822, 10.4493617 ], [ 104.4722036, 10.4492336 ], [ 104.4799993, 10.4483373 ], [ 104.4819102, 10.4480232 ], [ 104.4837818, 10.4475258 ], [ 104.4855965, 10.4468497 ], [ 104.4873373, 10.4460013 ], [ 104.4889879, 10.4449884 ], [ 104.492870855926242, 10.442338801613694 ], [ 104.43327487436315, 10.431700179475902 ] ] ], [ [ [ 103.837562037284428, 10.378259589874789 ], [ 103.925747421964658, 10.362126862285047 ], [ 103.941260440968577, 10.381982441568802 ], [ 103.946012592588687, 10.401395941938103 ], [ 103.967260571633673, 10.412343283245947 ], [ 103.973509041178517, 10.441826666386104 ], [ 103.988113437991458, 10.454710100806151 ], [ 104.004219831110376, 10.450081029085917 ], [ 104.028313224575598, 10.417526161134647 ], [ 104.04027420467358, 10.417256518097197 ], [ 104.052798400357588, 10.406591463371351 ], [ 104.064339556876362, 10.408860792519366 ], [ 104.061258469703176, 10.393527833568156 ], [ 104.078214116779208, 10.372644554035016 ], [ 104.07740145910175, 10.361183341517231 ], [ 103.858045291775568, 10.31825630354596 ], [ 103.8390328198834, 10.320275780371109 ], [ 103.84806678256723, 10.335016719375794 ], [ 103.833652945174549, 10.361340850798429 ], [ 103.837562037284428, 10.378259589874789 ] ] ], [ [ [ 102.192997842600093, 22.376420981832965 ], [ 102.191935586556397, 22.357124538913425 ], [ 102.20203683623815, 22.338026330570262 ], [ 102.209148142998828, 22.268109285104721 ], [ 102.2086901, 22.2681823 ], [ 102.2059252, 22.2688271 ], [ 102.2038063, 22.2694829 ], [ 102.2017305, 22.2702536 ], [ 102.1997526, 22.2712492 ], [ 102.1978969, 22.2724572 ], [ 102.1975237, 22.2727308 ], [ 102.1941978, 22.2746959 ], [ 102.1928687, 22.2755539 ], [ 102.1916116, 22.2765142 ], [ 102.1899481, 22.2778925 ], [ 102.1894919, 22.2782822 ], [ 102.1877543, 22.2798121 ], [ 102.1855273, 22.2814703 ], [ 102.1832846, 22.2828088 ], [ 102.181229, 22.2839439 ], [ 102.1795852, 22.2842634 ], [ 102.1779358, 22.2846571 ], [ 102.1763257, 22.2851891 ], [ 102.1751681, 22.285684 ], [ 102.1744404, 22.2856994 ], [ 102.1725601, 22.2859181 ], [ 102.1707089, 22.2863136 ], [ 102.1689034, 22.2868824 ], [ 102.1671598, 22.2876193 ], [ 102.1654936, 22.2885178 ], [ 102.1639198, 22.2895698 ], [ 102.1624526, 22.2907658 ], [ 102.161105, 22.2920952 ], [ 102.1598891, 22.293546 ], [ 102.1594916, 22.2940687 ], [ 102.1583906, 22.2956729 ], [ 102.1574506, 22.2973764 ], [ 102.1566807, 22.2991633 ], [ 102.156088, 22.3010164 ], [ 102.1556781, 22.3029184 ], [ 102.1555613, 22.3036261 ], [ 102.1553721, 22.3051211 ], [ 102.155296, 22.3066261 ], [ 102.1552253, 22.3121326 ], [ 102.1552917, 22.3140372 ], [ 102.1555714, 22.3174205 ], [ 102.1557877, 22.3191329 ], [ 102.1561508, 22.3208203 ], [ 102.1566641, 22.3227883 ], [ 102.1572943, 22.3247744 ], [ 102.1581277, 22.3266841 ], [ 102.159035, 22.328499 ], [ 102.157846, 22.3297384 ], [ 102.1575198, 22.3300866 ], [ 102.1535637, 22.3344123 ], [ 102.151782, 22.3363086 ], [ 102.1504406, 22.3378937 ], [ 102.1492478, 22.3394615 ], [ 102.1481485, 22.3410621 ], [ 102.1472095, 22.3427618 ], [ 102.1460906, 22.3450423 ], [ 102.1458582, 22.3455327 ], [ 102.1447339, 22.3479907 ], [ 102.1437271, 22.3506911 ], [ 102.1428755, 22.3536003 ], [ 102.1426514, 22.3544317 ], [ 102.1422162, 22.356197 ], [ 102.1418466, 22.358081 ], [ 102.1416594, 22.3599918 ], [ 102.1416563, 22.3619117 ], [ 102.1417141, 22.3631569 ], [ 102.1418849, 22.3649966 ], [ 102.1422248, 22.3668127 ], [ 102.1427308, 22.3685897 ], [ 102.143046, 22.3694028 ], [ 102.1422326, 22.3706051 ], [ 102.1409117, 22.3712822 ], [ 102.1380465, 22.3726951 ], [ 102.1361329, 22.3737733 ], [ 102.1343491, 22.3750548 ], [ 102.1327165, 22.3765242 ], [ 102.1320042, 22.3772399 ], [ 102.1305751, 22.3788388 ], [ 102.1293254, 22.3805816 ], [ 102.1282695, 22.3824481 ], [ 102.1279543, 22.3830824 ], [ 102.1271637, 22.3848926 ], [ 102.1265555, 22.3867719 ], [ 102.1261357, 22.388702 ], [ 102.12603, 22.389614 ], [ 102.1251261, 22.3909531 ], [ 102.1242449, 22.3925577 ], [ 102.1235141, 22.3942362 ], [ 102.1229399, 22.3959745 ], [ 102.1228254, 22.396383 ], [ 102.1224115, 22.3981721 ], [ 102.1221634, 22.3999917 ], [ 102.1220833, 22.4018264 ], [ 102.1221717, 22.4036607 ], [ 102.1224281, 22.4054791 ], [ 102.1228502, 22.4072664 ], [ 102.1234344, 22.4090074 ], [ 102.1235273, 22.4092471 ], [ 102.1236359, 22.4095276 ], [ 102.1245597, 22.4115661 ], [ 102.1257054, 22.4134887 ], [ 102.1319569, 22.4227571 ], [ 102.131749, 22.4244122 ], [ 102.1316995, 22.4264167 ], [ 102.131851, 22.428416 ], [ 102.1322019, 22.4303902 ], [ 102.1327487, 22.4323193 ], [ 102.133486, 22.4341839 ], [ 102.1344062, 22.4359653 ], [ 102.1355002, 22.4376457 ], [ 102.1367569, 22.4392081 ], [ 102.1381638, 22.4406368 ], [ 102.1417654, 22.4439449 ], [ 102.1421999, 22.4443324 ], [ 102.1442039, 22.4460683 ], [ 102.1457873, 22.4473063 ], [ 102.147487, 22.4483791 ], [ 102.1492858, 22.4492759 ], [ 102.1511655, 22.4499876 ], [ 102.1531072, 22.4505071 ], [ 102.1550912, 22.450829 ], [ 102.1568949, 22.4510293 ], [ 102.1592411, 22.451151 ], [ 102.1615855, 22.4509967 ], [ 102.1636453, 22.450739 ], [ 102.1647779, 22.4508242 ], [ 102.1691995, 22.45186 ], [ 102.1720822, 22.4527523 ], [ 102.172835161946423, 22.4532426701976 ], [ 102.192997842600093, 22.376420981832965 ] ] ] ] } }
]
}
