{
"type": "FeatureCollection",
"name": "2026-08-19",
"crs": { "type": "name", "properties": { "name": "urn:ogc:def:crs:OGC:1.3:CRS84" } },
"features": [
{ "type": "Feature", "properties": { }, "geometry": { "type": "Polygon", "coordinates": [ [ [ 106.179181518923727, 23.008001106260384 ], [ 106.191020144300396, 22.954323441231587 ], [ 106.230024102195046, 22.692283922019758 ], [ 106.3511699756138, 22.082513426313337 ], [ 106.369917028914259, 22.015435460100022 ], [ 106.461448557919113, 21.488500949670005 ], [ 106.636695644252995, 20.59214164446125 ], [ 106.590250444518958, 20.545880595905288 ], [ 106.590230011052199, 20.520192669310553 ], [ 106.614461601164294, 20.479265989321597 ], [ 106.611526551924754, 20.457055862526023 ], [ 106.619255434383305, 20.44385908702413 ], [ 106.599452486939072, 20.398144214866623 ], [ 106.604113479352193, 20.393611321784157 ], [ 106.6037345, 20.3925704 ], [ 106.6035448, 20.3920702 ], [ 106.6019164, 20.3879443 ], [ 106.6016305, 20.386831 ], [ 106.6011205, 20.3840192 ], [ 106.6009699, 20.383271 ], [ 106.5990652, 20.3746564 ], [ 106.5985357, 20.3710818 ], [ 106.5981778, 20.3692561 ], [ 106.5976518, 20.3674716 ], [ 106.5970144, 20.3658744 ], [ 106.5972469, 20.3644743 ], [ 106.5974265, 20.3630985 ], [ 106.5978269, 20.3589036 ], [ 106.5981315, 20.3565277 ], [ 106.5984023, 20.3561884 ], [ 106.5995116, 20.3544614 ], [ 106.6004381, 20.3526299 ], [ 106.601172, 20.350713 ], [ 106.6015793, 20.3494601 ], [ 106.6020278, 20.3478563 ], [ 106.6023413, 20.3462207 ], [ 106.6025176, 20.3445648 ], [ 106.6026546, 20.3424417 ], [ 106.6026868, 20.3405441 ], [ 106.6025837, 20.3371638 ], [ 106.6025606, 20.3356983 ], [ 106.6025705, 20.3356106 ], [ 106.602995, 20.3337854 ], [ 106.6031366, 20.3331261 ], [ 106.6032596, 20.3325027 ], [ 106.6050179, 20.3281096 ], [ 106.6056223, 20.3267642 ], [ 106.6062477, 20.3249011 ], [ 106.6064916, 20.3240357 ], [ 106.607074, 20.3211937 ], [ 106.6072537, 20.3198141 ], [ 106.6074207, 20.317375 ], [ 106.6074376, 20.315031 ], [ 106.6074374, 20.3150058 ], [ 106.6074392, 20.3150043 ], [ 106.6087582, 20.3138264 ], [ 106.6099681, 20.3125366 ], [ 106.6108753, 20.3113797 ], [ 106.6124359, 20.3106136 ], [ 106.612606939468463, 20.310506088099611 ], [ 106.596269290458579, 20.244234967738951 ], [ 106.599125244224481, 20.220634185792619 ], [ 106.588675145068976, 20.207565753215849 ], [ 106.576663666537996, 20.206995955902983 ], [ 106.569464562544994, 20.195668357342214 ], [ 106.56221470036634, 20.20527847697139 ], [ 106.542870728292328, 20.202955429981646 ], [ 106.5425441, 20.2043615 ], [ 106.5423487, 20.20595 ], [ 106.5410565, 20.2064083 ], [ 106.5402379, 20.2067462 ], [ 106.5387439, 20.2074362 ], [ 106.538707125525534, 20.20745700857011 ], [ 106.540644823601738, 20.214406472789452 ], [ 106.52985754458976, 20.219502204814617 ], [ 106.526832350972953, 20.215128223225481 ], [ 106.5257501, 20.2151677 ], [ 106.5238492, 20.2154208 ], [ 106.5211248, 20.2159175 ], [ 106.5199941, 20.2161861 ], [ 106.5174565, 20.2150846 ], [ 106.5159453, 20.2145001 ], [ 106.5143917, 20.2140399 ], [ 106.513486931392947, 20.213811325399394 ], [ 106.5103580582483, 20.218852198695146 ], [ 106.484249914853621, 20.21830651313433 ], [ 106.473244370919346, 20.206786251852535 ], [ 106.482262042759132, 20.198166914891381 ], [ 106.481602, 20.1980812 ], [ 106.47651614389288, 20.197645459324693 ], [ 106.445250274714965, 20.212091023711629 ], [ 106.408938809476169, 20.204269309739601 ], [ 106.35964547084015, 20.177924783462132 ], [ 106.211429737119786, 20.015323433889868 ], [ 106.210643018636787, 19.994169756266889 ], [ 106.191184827365333, 19.995707971108679 ], [ 106.178195611602035, 19.969438883086877 ], [ 106.150416990279069, 19.945574748623791 ], [ 106.143858249446652, 19.927571078697589 ], [ 106.103707813371443, 19.886449949524643 ], [ 106.090542595270151, 19.885914330702597 ], [ 106.088115178711277, 19.908579269359578 ], [ 106.069910883755654, 19.902408933383956 ], [ 106.033686967562488, 19.950467470702634 ], [ 105.977870234806019, 19.936157437942974 ], [ 105.953568660893694, 19.916975355166333 ], [ 105.951845153759365, 19.900195012077468 ], [ 105.964458657125192, 19.887236877065437 ], [ 105.948258582145399, 19.868423269916438 ], [ 105.931212843361905, 19.825496014600855 ], [ 105.940138342075628, 19.800338646970026 ], [ 105.93149662546756, 19.775393318124404 ], [ 105.908277176413677, 19.746110343171786 ], [ 105.899011140429408, 19.72162630046731 ], [ 105.87092681495551, 19.723415238088496 ], [ 105.849235941803016, 19.692810364179049 ], [ 105.832269591155764, 19.649858085205931 ], [ 105.809654102137415, 19.550513895790186 ], [ 105.805827409455503, 19.487063813559232 ], [ 105.813982903586833, 19.425690854931055 ], [ 105.79679128815205, 19.422032041536308 ], [ 105.786097686038715, 19.384964046251884 ], [ 105.800531895825358, 19.345013039114384 ], [ 105.82578800065356, 19.342876879085438 ], [ 105.827344376446575, 19.302160749822129 ], [ 105.810471350628859, 19.299353747764837 ], [ 105.806548250383813, 19.272943182795061 ], [ 105.777866028673927, 19.266150657125635 ], [ 105.766202974177574, 19.225919659101486 ], [ 105.746495809281171, 19.226087521440018 ], [ 105.735883981567525, 19.21404585001795 ], [ 105.728805761355801, 19.142478924571432 ], [ 105.739000260223207, 19.107504590282794 ], [ 105.728803469109621, 19.093553805790641 ], [ 105.734737749021974, 19.084428764941904 ], [ 105.7326947, 19.0842223 ], [ 105.732503752149128, 19.084214516453176 ], [ 105.717144566378437, 19.093099686653563 ], [ 105.692156745120428, 19.081770156150167 ], [ 105.662684029540017, 19.089627474539839 ], [ 105.654630763782791, 19.080432759932645 ], [ 105.661323524388422, 19.068258654367373 ], [ 105.646678867500214, 19.070279614445631 ], [ 105.63404316072355, 19.053902272144107 ], [ 105.62118132145693, 19.021132462590089 ], [ 105.6173521968513, 18.984660279051592 ], [ 105.628622920833607, 18.946416154343311 ], [ 105.624989562087634, 18.937078739006452 ], [ 105.638197764270672, 18.898666661086743 ], [ 105.688379117755218, 18.876643914021464 ], [ 105.724268275042206, 18.841284276209581 ], [ 105.734364071481068, 18.839015080205957 ], [ 105.720540767855269, 18.827106885830318 ], [ 105.723515143161023, 18.811249196589802 ], [ 105.749933808708434, 18.777921247392342 ], [ 105.778735984964086, 18.758138560408746 ], [ 105.803789689813584, 18.653610046824035 ], [ 105.857730650099256, 18.543769474357514 ], [ 105.918152897056927, 18.462058192586948 ], [ 105.927698815826844, 18.460082080781575 ], [ 105.944882800856746, 18.470588446963713 ], [ 105.942630372844164, 18.457607288810998 ], [ 105.969253564062058, 18.413947801157537 ], [ 106.049652079797127, 18.320316221308772 ], [ 106.103546057281335, 18.27389905860511 ], [ 106.135564647474183, 18.266409434667743 ], [ 106.160402311638649, 18.268948026472451 ], [ 106.231143274670444, 18.219925978703131 ], [ 106.254084154300642, 18.216119071268924 ], [ 106.299381367894355, 18.162584616309125 ], [ 106.360503553437937, 18.109812471810205 ], [ 106.397704536333194, 18.099012874892026 ], [ 106.410511732605073, 18.122990087789514 ], [ 106.419759089469821, 18.127545943289103 ], [ 106.43382151904072, 18.122772587000441 ], [ 106.42670113131804, 18.1032279151414 ], [ 106.433597654332615, 18.093846051630933 ], [ 106.429426784668692, 18.077648735456641 ], [ 106.440684138299318, 18.058955272865258 ], [ 106.452889055787949, 18.05651541481711 ], [ 106.45873399331785, 18.013535081904518 ], [ 106.493788431566117, 17.969155192945017 ], [ 106.509692277510013, 17.96202036787491 ], [ 106.509174848530719, 17.946847556554456 ], [ 106.535935370830941, 17.935319960959923 ], [ 106.532446954074771, 17.930019173335225 ], [ 106.519276583511527, 17.93757093845532 ], [ 106.507786699603543, 17.934688944047313 ], [ 106.497739277594135, 17.905733750871185 ], [ 106.487036001136616, 17.914626837565976 ], [ 106.475960698715866, 17.910008348456934 ], [ 106.450657147357404, 17.868226993123088 ], [ 106.443838639278013, 17.836495037642891 ], [ 106.455899570398486, 17.781008767427835 ], [ 106.526275093451375, 17.642500118443863 ], [ 106.54834741234211, 17.6209117397411 ], [ 106.583510355375211, 17.553689969631005 ], [ 106.666155773739419, 17.438478423839829 ], [ 106.739408574933407, 17.362026703289697 ], [ 106.83291022327262, 17.282077384425275 ], [ 106.991033832286817, 17.164507919894124 ], [ 107.116088973495565, 17.084945538858129 ], [ 107.112369887210548, 17.016743755719322 ], [ 107.134030109691309, 16.976761475313342 ], [ 107.164635726376645, 16.940465140883838 ], [ 107.181205214304981, 16.942514873323411 ], [ 107.17638441065597, 16.931805244610622 ], [ 107.180989311881333, 16.919955345435692 ], [ 107.229504858800908, 16.870699531230965 ], [ 107.381977586277344, 16.748715048561419 ], [ 107.496967462333288, 16.153755177948472 ], [ 107.521260686763696, 16.037289888593389 ], [ 107.540412140384134, 15.981548849510867 ], [ 107.590260211930442, 15.679748725841261 ], [ 107.632030840834034, 15.519338930860746 ], [ 107.65235281497695, 15.389779438478506 ], [ 107.665840656533788, 15.360912218170492 ], [ 107.673762597115342, 15.299766208178067 ], [ 107.688466976258042, 15.256240479024315 ], [ 107.726348771208251, 15.002480851383893 ], [ 107.760069728150967, 14.844043325184684 ], [ 107.775046895162035, 14.803364381978808 ], [ 107.780753375329823, 14.722277280093687 ], [ 107.834901907869209, 14.470225363388785 ], [ 108.033884223254958, 13.416456168165396 ], [ 108.066221742718014, 13.277615054654712 ], [ 108.226590453093678, 12.446699163557717 ], [ 108.244750210430041, 12.385078194976133 ], [ 108.250436061377385, 12.330184714829885 ], [ 108.272240255206697, 12.276678808378115 ], [ 108.269262447079001, 12.247099786970288 ], [ 108.27946537301905, 12.183934240862751 ], [ 108.314071750260865, 12.067687754000472 ], [ 108.352723594407351, 11.825416356483387 ], [ 108.412911281460282, 11.531603557860805 ], [ 108.426236528586728, 11.417656906245297 ], [ 108.489410575636256, 11.100223929353836 ], [ 108.47559040091673, 11.047448218932324 ], [ 108.46382049722331, 11.040615553977917 ], [ 108.430604284258962, 11.044683469525243 ], [ 108.41520639592612, 11.025070890515691 ], [ 108.405006202143412, 11.032435404164668 ], [ 108.374631475375537, 11.031564179684624 ], [ 108.350019000765542, 11.005272326903283 ], [ 108.338665036906477, 10.953093087191064 ], [ 108.320098221697307, 10.958882791598027 ], [ 108.307871625856748, 10.954375620073931 ], [ 108.294953063267258, 10.929019335530029 ], [ 108.29591360471008, 10.913443114227769 ], [ 108.279625601523222, 10.91596161523975 ], [ 108.281021644610405, 10.933407003593237 ], [ 108.273642907251656, 10.942245625886247 ], [ 108.231542421691358, 10.955132394361515 ], [ 108.190478771495705, 10.935471336182152 ], [ 108.130459498180073, 10.929772126717298 ], [ 108.108445637689073, 10.916210855772123 ], [ 108.092643195736514, 10.916399549449853 ], [ 108.074587937015323, 10.901151350735871 ], [ 108.036467348592268, 10.827816246370855 ], [ 108.015545873161045, 10.733667653745142 ], [ 108.007560880713996, 10.728967761620119 ], [ 107.994976637639411, 10.693402834147712 ], [ 107.983636317765971, 10.703598231172968 ], [ 107.962416896166786, 10.698326006142146 ], [ 107.956606129455423, 10.707495267770961 ], [ 107.909893725755268, 10.720643314532488 ], [ 107.827375641633296, 10.703035001446175 ], [ 107.772605639268861, 10.645808226837556 ], [ 107.681838495404222, 10.623456399637314 ], [ 107.66144755251905, 10.607342466886257 ], [ 107.620406442847425, 10.594394119261043 ], [ 107.564538651085229, 10.564527114280413 ], [ 107.524653326203548, 10.518276762159541 ], [ 107.515349200192716, 10.501252671789709 ], [ 107.517986546707505, 10.489602264296442 ], [ 107.507527653663047, 10.499795886875313 ], [ 107.494408444628235, 10.493315758333965 ], [ 107.470768708035578, 10.497732555378697 ], [ 107.446792750582446, 10.46932740990419 ], [ 107.451242959486592, 10.453058986905184 ], [ 107.43003957321406, 10.467827643046601 ], [ 107.366910163401073, 10.467015896085282 ], [ 107.332191550319337, 10.444264160389046 ], [ 107.316937035752517, 10.442443139644075 ], [ 107.260400279988048, 10.382276493694157 ], [ 107.243332944991423, 10.376049873823632 ], [ 107.216322890147751, 10.402871269390916 ], [ 107.168832050783109, 10.400655334056756 ], [ 107.104685583453175, 10.353504817124421 ], [ 107.084106373592292, 10.317726975284996 ], [ 107.060176492802526, 10.355807614781341 ], [ 107.054409903222549, 10.382639728243765 ], [ 107.091159966963858, 10.394636094593185 ], [ 107.100966012739889, 10.410757755661962 ], [ 107.114845619977316, 10.414652388992501 ], [ 107.115066398973568, 10.430392511760157 ], [ 107.106229153136496, 10.436072695153989 ], [ 107.067293740867214, 10.432892651926634 ], [ 107.049061505127113, 10.445962803199789 ], [ 107.04406678885033, 10.460341378063809 ], [ 107.023547412853262, 10.465088945721028 ], [ 107.016833739298718, 10.481031132756886 ], [ 106.997512407243036, 10.496152205712031 ], [ 106.987649556929256, 10.491770550715728 ], [ 106.976350252457593, 10.460150201465025 ], [ 106.945291589667264, 10.470380343876494 ], [ 106.935450088930651, 10.463079887655082 ], [ 106.935486662740303, 10.439782696312284 ], [ 106.975127048555905, 10.416919617210306 ], [ 106.978721045341189, 10.396192340991353 ], [ 106.963255895595239, 10.40343004972074 ], [ 106.897206779946359, 10.375777026107189 ], [ 106.866732470072023, 10.384662968589483 ], [ 106.853309809767808, 10.376101505719113 ], [ 106.829974960988778, 10.396680268059438 ], [ 106.786087228567197, 10.392100254374101 ], [ 106.782406449706059, 10.290477316357245 ], [ 106.755560991181326, 10.25867280027148 ], [ 106.797669834632217, 10.215339928772371 ], [ 106.7968095, 10.2133252 ], [ 106.7958611, 10.2113979 ], [ 106.7947115, 10.2095835 ], [ 106.7933739, 10.2079028 ], [ 106.7931692, 10.2076958 ], [ 106.793099209400154, 10.205840709450248 ], [ 106.77903489563738, 10.191820522150184 ], [ 106.777711279675927, 10.169774828146213 ], [ 106.789302978673973, 10.153592227107701 ], [ 106.790622174772935, 10.107149022438879 ], [ 106.729598853736675, 10.037484766885282 ], [ 106.694542969270827, 10.034721704283205 ], [ 106.682754241391322, 10.003427745571456 ], [ 106.647469046896248, 9.972574497914398 ], [ 106.645439918711872, 9.941355460694638 ], [ 106.664858784218467, 9.924892631995789 ], [ 106.686167181685676, 9.887273762054544 ], [ 106.684908365583283, 9.872998193607918 ], [ 106.659257386720626, 9.830241175047018 ], [ 106.622151801125568, 9.793530272520272 ], [ 106.614838148725326, 9.783768199398798 ], [ 106.6134341, 9.7838514 ], [ 106.6113574, 9.7840838 ], [ 106.6098009, 9.7844254 ], [ 106.599159, 9.7680113 ], [ 106.5850612, 9.7462611 ], [ 106.5850925, 9.7461969 ], [ 106.585626440846539, 9.744777171016549 ], [ 106.571241976342264, 9.725577161688891 ], [ 106.572503257209647, 9.701325733740923 ], [ 106.595163053860503, 9.659006165473597 ], [ 106.5915201, 9.6476754 ], [ 106.5911167, 9.6465394 ], [ 106.589432850432601, 9.64221542688464 ], [ 106.583506530839927, 9.637540899825025 ], [ 106.581352377381293, 9.626877353181618 ], [ 106.568898775194498, 9.629248656221669 ], [ 106.55955761501437, 9.617301895794331 ], [ 106.564678672761346, 9.593672814023609 ], [ 106.5614862, 9.589021 ], [ 106.561483480246494, 9.589017381632152 ], [ 106.560880953263705, 9.596336273192517 ], [ 106.54880493887913, 9.601364961723025 ], [ 106.538830439332799, 9.588956387703268 ], [ 106.544013022134337, 9.574109761205516 ], [ 106.528897790500849, 9.57459822380738 ], [ 106.517753402446544, 9.554529844000427 ], [ 106.498352958998922, 9.556041019458736 ], [ 106.47531826696877, 9.537122995681608 ], [ 106.462340687919692, 9.544649907416179 ], [ 106.448605542019422, 9.607221725327745 ], [ 106.162618520160763, 11.002593554094821 ], [ 106.1628686, 11.0025252 ], [ 106.1646667, 11.0019541 ], [ 106.1663867, 11.0014764 ], [ 106.1683479, 11.0008208 ], [ 106.1724159, 10.9992227 ], [ 106.1713543, 11.0055669 ], [ 106.171171, 11.0069626 ], [ 106.1677459, 11.042759 ], [ 106.1647313, 11.0480795 ], [ 106.1628374, 11.051422 ], [ 106.155617, 11.0641643 ], [ 106.147709463373317, 11.075336987343999 ], [ 106.001852479861299, 11.786994196467989 ], [ 106.008551, 11.7922085 ], [ 106.0102712, 11.7934082 ], [ 106.0121076, 11.7944212 ], [ 106.01404, 11.7952363 ], [ 106.0160471, 11.7958446 ], [ 106.0168183, 11.7960348 ], [ 106.0318849, 11.7997489 ], [ 106.0336516, 11.8001008 ], [ 106.0354427, 11.8002924 ], [ 106.0372438, 11.800322 ], [ 106.0455003, 11.8000858 ], [ 106.046027, 11.8000638 ], [ 106.0606382, 11.79926 ], [ 106.062994, 11.7989896 ], [ 106.0731698, 11.7972052 ], [ 106.0752364, 11.7967287 ], [ 106.0772409, 11.7960359 ], [ 106.0791608, 11.7951349 ], [ 106.0877758, 11.7905191 ], [ 106.0901755, 11.789005 ], [ 106.0991094, 11.7824383 ], [ 106.1043067, 11.7786181 ], [ 106.1061575, 11.7772577 ], [ 106.1076631, 11.7760343 ], [ 106.1090431, 11.7746708 ], [ 106.1114626, 11.7720363 ], [ 106.1134983, 11.7698196 ], [ 106.1161637, 11.7669172 ], [ 106.1165932, 11.7664495 ], [ 106.1167859, 11.7662486 ], [ 106.117758, 11.7664333 ], [ 106.1201658, 11.766741 ], [ 106.1239367, 11.7669916 ], [ 106.1256729, 11.7670314 ], [ 106.127406, 11.7669205 ], [ 106.1359294, 11.7660019 ], [ 106.1381038, 11.7656454 ], [ 106.1402258, 11.765052 ], [ 106.1444386, 11.7636193 ], [ 106.1471196, 11.7624836 ], [ 106.1491573, 11.7614395 ], [ 106.1523274, 11.7644565 ], [ 106.1537549, 11.7656921 ], [ 106.1552926, 11.7667876 ], [ 106.1569268, 11.7677333 ], [ 106.1586428, 11.7685206 ], [ 106.1604254, 11.7691426 ], [ 106.1612842, 11.7693974 ], [ 106.1636607, 11.7701027 ], [ 106.1663419, 11.7707016 ], [ 106.185024, 11.7735448 ], [ 106.1870346, 11.7737476 ], [ 106.1890555, 11.7737464 ], [ 106.1910659, 11.7735412 ], [ 106.1930453, 11.7731343 ], [ 106.1949736, 11.7725296 ], [ 106.196831, 11.7717335 ], [ 106.1985986, 11.770754 ], [ 106.2002583, 11.7696011 ], [ 106.2017932, 11.7682866 ], [ 106.2056372, 11.7646423 ], [ 106.2070037, 11.763212 ], [ 106.2082223, 11.7616536 ], [ 106.2092809, 11.7599825 ], [ 106.2094645, 11.7596583 ], [ 106.2112859, 11.7564433 ], [ 106.2159579, 11.7527259 ], [ 106.2186096, 11.7514193 ], [ 106.2225601, 11.7510853 ], [ 106.2240713, 11.7508994 ], [ 106.226971, 11.75043 ], [ 106.2345541, 11.7492024 ], [ 106.236458, 11.7488941 ], [ 106.2419359, 11.7483059 ], [ 106.2426219, 11.7482202 ], [ 106.2560757, 11.7463032 ], [ 106.2581734, 11.7458888 ], [ 106.260215, 11.7452529 ], [ 106.263351, 11.7440887 ], [ 106.2650282, 11.7433775 ], [ 106.2666338, 11.7425167 ], [ 106.2681543, 11.7415134 ], [ 106.269764, 11.7403426 ], [ 106.2733043, 11.7382189 ], [ 106.2768813, 11.736073 ], [ 106.2784241, 11.7350474 ], [ 106.2798653, 11.7338834 ], [ 106.2811927, 11.7325911 ], [ 106.2823949, 11.7311815 ], [ 106.2827713, 11.7306963 ], [ 106.2837116, 11.7294839 ], [ 106.2840549, 11.7290412 ], [ 106.2863218, 11.7261185 ], [ 106.287412, 11.724566 ], [ 106.2883503, 11.7229171 ], [ 106.2891282, 11.7211868 ], [ 106.2897386, 11.7193905 ], [ 106.290176, 11.7175445 ], [ 106.2904366, 11.7156653 ], [ 106.2905179, 11.7137699 ], [ 106.2905159, 11.7133336 ], [ 106.2905155, 11.7132435 ], [ 106.2904782, 11.7124745 ], [ 106.3066965, 11.6970328 ], [ 106.3070266, 11.6970621 ], [ 106.3143401, 11.7025818 ], [ 106.316241, 11.7038526 ], [ 106.3182745, 11.7048982 ], [ 106.320414, 11.7057049 ], [ 106.3231999, 11.7065769 ], [ 106.3250995, 11.7070705 ], [ 106.3270383, 11.7073756 ], [ 106.3289977, 11.7074892 ], [ 106.3309588, 11.7074102 ], [ 106.3329027, 11.7071394 ], [ 106.3342882, 11.7068765 ], [ 106.3361466, 11.7064309 ], [ 106.3373065, 11.7060325 ], [ 106.3391393, 11.7075878 ], [ 106.3408222, 11.7088692 ], [ 106.342631, 11.7099657 ], [ 106.3445455, 11.710865 ], [ 106.355515, 11.715326 ], [ 106.3577175, 11.7160756 ], [ 106.3648112, 11.7180377 ], [ 106.372827, 11.7206673 ], [ 106.3745701, 11.721153 ], [ 106.37635, 11.7214792 ], [ 106.3781521, 11.7216431 ], [ 106.3799616, 11.7216435 ], [ 106.3817637, 11.7214804 ], [ 106.3845105, 11.7211058 ], [ 106.386724, 11.7206756 ], [ 106.388875, 11.719999 ], [ 106.3909362, 11.7190846 ], [ 106.4009622, 11.7139417 ], [ 106.4096138, 11.7101639 ], [ 106.411087, 11.7094474 ], [ 106.4124966, 11.7086128 ], [ 106.4138332, 11.7076655 ], [ 106.415345, 11.7064983 ], [ 106.4138141, 11.7086472 ], [ 106.4129264, 11.710007 ], [ 106.4079854, 11.7182918 ], [ 106.407275, 11.7195897 ], [ 106.4066626, 11.7209366 ], [ 106.4027383, 11.7304898 ], [ 106.4019187, 11.7329166 ], [ 106.3986467, 11.7451371 ], [ 106.3936436, 11.7599741 ], [ 106.3931084, 11.761863 ], [ 106.3927609, 11.7637953 ], [ 106.3926046, 11.7657524 ], [ 106.3926409, 11.7677153 ], [ 106.3928694, 11.7696652 ], [ 106.3932881, 11.7715834 ], [ 106.3938928, 11.7734512 ], [ 106.4000486, 11.7896971 ], [ 106.4007255, 11.7912754 ], [ 106.4015353, 11.7927898 ], [ 106.4053156, 11.7991832 ], [ 106.4068312, 11.8013936 ], [ 106.4114039, 11.8071881 ], [ 106.4170417, 11.8166972 ], [ 106.4181199, 11.818516 ], [ 106.4186511, 11.8194117 ], [ 106.419157, 11.8202204 ], [ 106.4193697, 11.820543 ], [ 106.419785, 11.8211725 ], [ 106.4207613, 11.8226528 ], [ 106.4212381, 11.8233757 ], [ 106.4227748, 11.8257054 ], [ 106.4220263, 11.8267916 ], [ 106.4212001, 11.8282343 ], [ 106.4197048, 11.8311166 ], [ 106.4188949, 11.8328826 ], [ 106.4182602, 11.8347189 ], [ 106.4178067, 11.836608 ], [ 106.4175386, 11.8385323 ], [ 106.4174584, 11.8404735 ], [ 106.4175306, 11.8503116 ], [ 106.4175359, 11.850648 ], [ 106.4176478, 11.8552784 ], [ 106.4177625, 11.8569871 ], [ 106.4180229, 11.8586797 ], [ 106.4184271, 11.8603439 ], [ 106.4189295, 11.8620837 ], [ 106.4194557, 11.8636576 ], [ 106.4201105, 11.8651825 ], [ 106.421851, 11.8688122 ], [ 106.4226326, 11.8702819 ], [ 106.4235337, 11.8716816 ], [ 106.4273237, 11.8770625 ], [ 106.4283827, 11.8784355 ], [ 106.4295566, 11.8797116 ], [ 106.4314578, 11.8816064 ], [ 106.4328968, 11.8829076 ], [ 106.4337552, 11.8835443 ], [ 106.4054944, 11.9388948 ], [ 106.3920502, 11.9628354 ], [ 106.3911988, 11.9645362 ], [ 106.3905128, 11.9663102 ], [ 106.3899985, 11.9681414 ], [ 106.3893398, 11.9710027 ], [ 106.3890939, 11.972071 ], [ 106.3887479, 11.9740042 ], [ 106.3885932, 11.9759619 ], [ 106.3886312, 11.9779254 ], [ 106.3888616, 11.9798757 ], [ 106.3892821, 11.981794 ], [ 106.3898888, 11.9836618 ], [ 106.3906757, 11.9854611 ], [ 106.3916353, 11.9871745 ], [ 106.3927583, 11.9887856 ], [ 106.394034, 11.9902788 ], [ 106.3954499, 11.9916397 ], [ 106.3969924, 11.9928551 ], [ 106.3986467, 11.9939134 ], [ 106.4003969, 11.9948043 ], [ 106.4022259, 11.9955194 ], [ 106.4041163, 11.9960515 ], [ 106.4060498, 11.9963958 ], [ 106.4080077, 11.9965487 ], [ 106.4099711, 11.9965089 ], [ 106.4119212, 11.9962767 ], [ 106.4138391, 11.9958543 ], [ 106.4197663, 11.9942403 ], [ 106.4200094, 11.9945947 ], [ 106.4214414, 11.9962571 ], [ 106.4248056, 11.9997547 ], [ 106.4260911, 12.0009776 ], [ 106.4274799, 12.0020818 ], [ 106.4307057, 12.0044207 ], [ 106.4320764, 12.005331 ], [ 106.4335173, 12.0061255 ], [ 106.4350186, 12.0067988 ], [ 106.4372871, 12.0077061 ], [ 106.439363, 12.0084071 ], [ 106.4415032, 12.0088769 ], [ 106.4437582, 12.0092437 ], [ 106.4465917, 12.0094995 ], [ 106.4519362, 12.0096004 ], [ 106.4521672, 12.0096035 ], [ 106.4543787, 12.0096197 ], [ 106.4564136, 12.0095308 ], [ 106.4584289, 12.0092355 ], [ 106.4604038, 12.0087367 ], [ 106.4623177, 12.0080397 ], [ 106.4641507, 12.0071516 ], [ 106.468352, 12.0048449 ], [ 106.4701735, 12.0037137 ], [ 106.4748606, 12.0004422 ], [ 106.4766845, 11.9990048 ], [ 106.4783294, 11.9973656 ], [ 106.4811544, 11.994203 ], [ 106.4819352, 11.9932494 ], [ 106.4826947, 11.9931022 ], [ 106.4862775, 11.9927146 ], [ 106.4881963, 11.9926238 ], [ 106.4888183, 11.9927694 ], [ 106.4913677, 11.9940814 ], [ 106.500957, 11.9991595 ], [ 106.5028785, 12.0000501 ], [ 106.5048833, 12.0007326 ], [ 106.5069491, 12.0011992 ], [ 106.5104831, 12.0018029 ], [ 106.5124821, 12.0020416 ], [ 106.5144949, 12.0020781 ], [ 106.5181816, 12.0019593 ], [ 106.5200822, 12.0018071 ], [ 106.5219597, 12.0014747 ], [ 106.5237969, 12.0009649 ], [ 106.5285261, 11.9994065 ], [ 106.5292665, 11.9991464 ], [ 106.5319275, 11.9981522 ], [ 106.5337709, 11.9973558 ], [ 106.5355251, 11.9963787 ], [ 106.5371725, 11.9952305 ], [ 106.5386965, 11.993923 ], [ 106.5400817, 11.9924692 ], [ 106.5413141, 11.9908838 ], [ 106.5414465, 11.9906947 ], [ 106.6243674, 11.9960089 ], [ 106.6263516, 11.9960374 ], [ 106.6283289, 11.9958691 ], [ 106.6302798, 11.9955057 ], [ 106.632185, 11.9949508 ], [ 106.6326823, 11.9947506 ], [ 106.6334834, 11.9950244 ], [ 106.6338798, 11.9957223 ], [ 106.6357238, 11.9986115 ], [ 106.6369021, 12.0002659 ], [ 106.6382421, 12.0017923 ], [ 106.6397299, 12.0031749 ], [ 106.6413504, 12.0043995 ], [ 106.6430867, 12.0054534 ], [ 106.6449209, 12.0063257 ], [ 106.6452281, 12.0064531 ], [ 106.6456647, 12.0066343 ], [ 106.6460586, 12.0067977 ], [ 106.6475235, 12.0073391 ], [ 106.6490262, 12.0077645 ], [ 106.6497951, 12.0079501 ], [ 106.6513873, 12.0083344 ], [ 106.6532322, 12.0086889 ], [ 106.6551023, 12.0088688 ], [ 106.6569809, 12.0088724 ], [ 106.6588516, 12.0086997 ], [ 106.6606979, 12.0083522 ], [ 106.6625034, 12.0078331 ], [ 106.6642522, 12.0071468 ], [ 106.6659289, 12.0062994 ], [ 106.6675187, 12.0052985 ], [ 106.6680604, 12.0049208 ], [ 106.6700351, 12.0035436 ], [ 106.6720264, 12.0021548 ], [ 106.6728166, 12.0015744 ], [ 106.6732838, 12.0012133 ], [ 106.6760925, 11.9990426 ], [ 106.6788992, 11.9968735 ], [ 106.6804172, 11.9957002 ], [ 106.6838847, 11.9931257 ], [ 106.6845311, 11.9926457 ], [ 106.6876869, 11.9903025 ], [ 106.6882704, 11.9898523 ], [ 106.6893721, 11.9889695 ], [ 106.6905923, 11.9879917 ], [ 106.690846, 11.9877885 ], [ 106.6917991, 11.9870248 ], [ 106.6932768, 11.9864814 ], [ 106.6956776, 11.9866873 ], [ 106.6994496, 11.9870107 ], [ 106.6999485, 11.9870843 ], [ 106.705397, 11.9878874 ], [ 106.7058089, 11.988043 ], [ 106.7060266, 11.9882075 ], [ 106.7081922, 11.9898438 ], [ 106.7097787, 11.9919121 ], [ 106.7128793, 11.9959542 ], [ 106.7146779, 11.9982989 ], [ 106.7156435, 11.9994636 ], [ 106.716397, 12.0003055 ], [ 106.7192917, 12.0044335 ], [ 106.7200595, 12.0054572 ], [ 106.7222123, 12.0081437 ], [ 106.7222756, 12.0082481 ], [ 106.7235605, 12.0103678 ], [ 106.7241085, 12.0112221 ], [ 106.7253294, 12.0130231 ], [ 106.7277274, 12.0190424 ], [ 106.7290737, 12.0224526 ], [ 106.7310443, 12.027444 ], [ 106.7315535, 12.028734 ], [ 106.7317597, 12.029256 ], [ 106.7324914, 12.0311094 ], [ 106.7327368, 12.0317308 ], [ 106.7329498, 12.0322491 ], [ 106.7329628, 12.0322795 ], [ 106.7329824, 12.032325 ], [ 106.7391871, 12.0467356 ], [ 106.7401599, 12.048693 ], [ 106.7413405, 12.0505325 ], [ 106.750831, 12.0636794 ], [ 106.7629831, 12.0810691 ], [ 106.7639975, 12.0823987 ], [ 106.7717253, 12.0916942 ], [ 106.7728306, 12.0929174 ], [ 106.7740329, 12.0940455 ], [ 106.7780384, 12.0975045 ], [ 106.7794628, 12.098626 ], [ 106.7809829, 12.0996139 ], [ 106.7825861, 12.10046 ], [ 106.7842594, 12.1011576 ], [ 106.7872054, 12.1022317 ], [ 106.7887417, 12.1027226 ], [ 106.7903125, 12.1030881 ], [ 106.7946021, 12.1039055 ], [ 106.7962526, 12.1041492 ], [ 106.7979178, 12.1042544 ], [ 106.7985391, 12.1042677 ], [ 106.8148273, 12.1046145 ], [ 106.8169246, 12.104549 ], [ 106.8228323, 12.1040535 ], [ 106.8247808, 12.1037931 ], [ 106.8266943, 12.1033427 ], [ 106.8285543, 12.1027067 ], [ 106.830343, 12.1018911 ], [ 106.8320429, 12.1009038 ], [ 106.8357166, 12.0985213 ], [ 106.8360811, 12.0982851 ], [ 106.8379698, 12.096897 ], [ 106.8401259, 12.0951087 ], [ 106.8417187, 12.0937876 ], [ 106.843348, 12.0924363 ], [ 106.8445066, 12.0913967 ], [ 106.8462015, 12.0897525 ], [ 106.8472829, 12.0890586 ], [ 106.847755, 12.0887557 ], [ 106.8489757, 12.0886122 ], [ 106.8495773, 12.0885806 ], [ 106.8547715, 12.091051 ], [ 106.8569814, 12.0919447 ], [ 106.8592821, 12.0925692 ], [ 106.8683967, 12.0944683 ], [ 106.8705287, 12.0947938 ], [ 106.8726834, 12.0948877 ], [ 106.8805581, 12.0948061 ], [ 106.8816961, 12.0947619 ], [ 106.8881799, 12.0943248 ], [ 106.8898576, 12.0941403 ], [ 106.8915138, 12.093815 ], [ 106.9044546, 12.090701 ], [ 106.9046009, 12.0906653 ], [ 106.9123157, 12.0887473 ], [ 106.9144301, 12.0880955 ], [ 106.9164596, 12.0872141 ], [ 106.9183793, 12.0861139 ], [ 106.9213721, 12.0841713 ], [ 106.9217526, 12.0838952 ], [ 106.9302314, 12.0857085 ], [ 106.9304117, 12.0857471 ], [ 106.9330097, 12.0863028 ], [ 106.9331199, 12.0863263 ], [ 106.9344236, 12.0866989 ], [ 106.9362547, 12.0872221 ], [ 106.9363115, 12.0872566 ], [ 106.9394133, 12.0891422 ], [ 106.9421931, 12.090864 ], [ 106.9663249, 12.1058109 ], [ 106.9684699, 12.106965 ], [ 106.9777338, 12.1112438 ], [ 106.9840274, 12.1228725 ], [ 106.9850257, 12.1245218 ], [ 106.9861781, 12.1260673 ], [ 106.987474, 12.1274947 ], [ 106.9889012, 12.1287906 ], [ 106.9906944, 12.1302676 ], [ 106.9911053, 12.1306061 ], [ 106.9973929, 12.1357849 ], [ 106.9990031, 12.1369808 ], [ 107.0007249, 12.1380094 ], [ 107.0025411, 12.1388604 ], [ 107.0122084, 12.1428118 ], [ 107.0161084, 12.1444059 ], [ 107.0298087, 12.1500057 ], [ 107.029823, 12.1500115 ], [ 107.0323169, 12.1559815 ], [ 107.0333809, 12.1581501 ], [ 107.0357314, 12.1622883 ], [ 107.0367853, 12.1639481 ], [ 107.0379971, 12.1654963 ], [ 107.0421779, 12.1703286 ], [ 107.0422254, 12.1703836 ], [ 107.0424374, 12.1706287 ], [ 107.0437515, 12.1720092 ], [ 107.045191, 12.1732583 ], [ 107.0467428, 12.1743647 ], [ 107.0485495, 12.1755271 ], [ 107.0484543, 12.1763599 ], [ 107.0484174, 12.1782435 ], [ 107.0485578, 12.1801223 ], [ 107.0489093, 12.1829953 ], [ 107.0492954, 12.1851578 ], [ 107.0499164, 12.1872649 ], [ 107.0507646, 12.1892912 ], [ 107.0532932, 12.194507 ], [ 107.0540331, 12.1958918 ], [ 107.0548792, 12.1972143 ], [ 107.0565095, 12.1995546 ], [ 107.0576235, 12.2010071 ], [ 107.0588656, 12.2023517 ], [ 107.0602254, 12.2035771 ], [ 107.0616915, 12.204673 ], [ 107.0632517, 12.2056303 ], [ 107.0648929, 12.206441 ], [ 107.0666014, 12.2070982 ], [ 107.0676936, 12.2074619 ], [ 107.069731, 12.2080227 ], [ 107.0718163, 12.2083654 ], [ 107.073926, 12.2084861 ], [ 107.0747114, 12.2084895 ], [ 107.0751986, 12.2084917 ], [ 107.0772798, 12.2083925 ], [ 107.0776469, 12.2083363 ], [ 107.0778541, 12.2089845 ], [ 107.0792945, 12.2131186 ], [ 107.0801132, 12.2151147 ], [ 107.0811422, 12.2170109 ], [ 107.0823694, 12.2187853 ], [ 107.0841825, 12.2211261 ], [ 107.0855141, 12.222675 ], [ 107.0869967, 12.2240799 ], [ 107.0935363, 12.2296715 ], [ 107.0940512, 12.2300971 ], [ 107.0984693, 12.2336263 ], [ 107.1002182, 12.2350233 ], [ 107.1090646, 12.2420899 ], [ 107.1108542, 12.243365 ], [ 107.1127551, 12.2444261 ], [ 107.1200696, 12.252021 ], [ 107.1217398, 12.2550391 ], [ 107.1230894, 12.257478 ], [ 107.1241049, 12.2593129 ], [ 107.1251723, 12.2612415 ], [ 107.125951, 12.2633247 ], [ 107.1263668, 12.2644375 ], [ 107.1264258, 12.2645932 ], [ 107.1266968, 12.2653005 ], [ 107.1281347, 12.2690524 ], [ 107.1291877, 12.2718003 ], [ 107.1302143, 12.2744795 ], [ 107.1302322, 12.274526 ], [ 107.1320366, 12.2791999 ], [ 107.1328512, 12.2810312 ], [ 107.1338451, 12.2827717 ], [ 107.1350081, 12.284404 ], [ 107.1363287, 12.2859117 ], [ 107.1377263, 12.2873547 ], [ 107.1390464, 12.2887176 ], [ 107.1404495, 12.2901661 ], [ 107.1404575, 12.2901744 ], [ 107.140458, 12.2901748 ], [ 107.1404836, 12.2902013 ], [ 107.1404849, 12.2902 ], [ 107.1419802, 12.2915977 ], [ 107.1436428, 12.2928548 ], [ 107.1454272, 12.293932 ], [ 107.1473139, 12.2948177 ], [ 107.1492827, 12.2955022 ], [ 107.1555133, 12.2973106 ], [ 107.1578625, 12.2978415 ], [ 107.1579959, 12.2978633 ], [ 107.1606687, 12.2982988 ], [ 107.1645882, 12.2992796 ], [ 107.1657061, 12.2995592 ], [ 107.1659054, 12.299609 ], [ 107.1682605, 12.3005302 ], [ 107.1684133, 12.3007672 ], [ 107.1695559, 12.3025393 ], [ 107.1708704, 12.3043476 ], [ 107.1739564, 12.3081287 ], [ 107.1752526, 12.3095684 ], [ 107.1766819, 12.3108759 ], [ 107.178231, 12.3120391 ], [ 107.1798853, 12.3130469 ], [ 107.1827066, 12.3145834 ], [ 107.1846176, 12.3154964 ], [ 107.1866145, 12.3162023 ], [ 107.1886748, 12.316693 ], [ 107.1926851, 12.3174263 ], [ 107.1930282, 12.317486 ], [ 107.1996499, 12.318578 ], [ 107.2030556, 12.3191394 ], [ 107.2049214, 12.3193576 ], [ 107.2067995, 12.3193998 ], [ 107.2110096, 12.3192965 ], [ 107.2129536, 12.3191538 ], [ 107.2148745, 12.3188225 ], [ 107.217248, 12.3182929 ], [ 107.2195605, 12.3176286 ], [ 107.2224112, 12.3166205 ], [ 107.222691, 12.3165215 ], [ 107.224097, 12.3171957 ], [ 107.2314725, 12.3223512 ], [ 107.2323131, 12.3229389 ], [ 107.2338577, 12.3240185 ], [ 107.2350405, 12.3247847 ], [ 107.2395855, 12.3275064 ], [ 107.2406031, 12.3281157 ], [ 107.2427849, 12.3294222 ], [ 107.2432073, 12.3296752 ], [ 107.2457407, 12.3311923 ], [ 107.2461471, 12.3314356 ], [ 107.2498663, 12.3356342 ], [ 107.2506797, 12.3366766 ], [ 107.2522357, 12.3384454 ], [ 107.2532654, 12.3394854 ], [ 107.2548216, 12.3409 ], [ 107.2565178, 12.3421434 ], [ 107.2583351, 12.3432018 ], [ 107.2594694, 12.3437848 ], [ 107.261431, 12.3446631 ], [ 107.2634754, 12.3453259 ], [ 107.2655792, 12.3457655 ], [ 107.2674232, 12.3460484 ], [ 107.2695607, 12.3462597 ], [ 107.2717086, 12.3462404 ], [ 107.2738421, 12.345991 ], [ 107.2759365, 12.3455141 ], [ 107.2769486, 12.3452257 ], [ 107.2776492, 12.3457155 ], [ 107.2797715, 12.3468469 ], [ 107.2812344, 12.3475171 ], [ 107.2828955, 12.3481897 ], [ 107.2869261, 12.3496153 ], [ 107.2883657, 12.3500642 ], [ 107.2912229, 12.3508382 ], [ 107.2922981, 12.3510978 ], [ 107.301513, 12.3530545 ], [ 107.3034298, 12.3533652 ], [ 107.3053677, 12.3534885 ], [ 107.3073084, 12.3534232 ], [ 107.3092336, 12.3531701 ], [ 107.3111252, 12.3527315 ], [ 107.3129654, 12.3521116 ], [ 107.3147368, 12.3513161 ], [ 107.3164226, 12.3503525 ], [ 107.318894, 12.3487761 ], [ 107.3194275, 12.3484358 ], [ 107.3209536, 12.3473589 ], [ 107.3223725, 12.3461443 ], [ 107.3231907, 12.3452995 ], [ 107.3276714, 12.3463627 ], [ 107.3287748, 12.3468855 ], [ 107.3304213, 12.3474952 ], [ 107.3321149, 12.3479582 ], [ 107.3338427, 12.3482709 ], [ 107.33883, 12.3489489 ], [ 107.3405017, 12.3491763 ], [ 107.3424536, 12.3493449 ], [ 107.3444127, 12.3493217 ], [ 107.3463602, 12.3491069 ], [ 107.3494816, 12.3486069 ], [ 107.3511699, 12.3482613 ], [ 107.3528223, 12.3477716 ], [ 107.3544263, 12.3471414 ], [ 107.3559702, 12.3463755 ], [ 107.3578108, 12.3453613 ], [ 107.3597347, 12.3443013 ], [ 107.3614561, 12.3432358 ], [ 107.363061, 12.3420018 ], [ 107.3648236, 12.3404986 ], [ 107.367526, 12.3384985 ], [ 107.3683705, 12.3378378 ], [ 107.3706374, 12.335964 ], [ 107.3759082, 12.3316071 ], [ 107.3761681, 12.3313885 ], [ 107.3771418, 12.3305554 ], [ 107.3820216, 12.3263801 ], [ 107.3831061, 12.3253806 ], [ 107.3841141, 12.3243039 ], [ 107.3888302, 12.318878 ], [ 107.3903384, 12.3171427 ], [ 107.3914718, 12.3157119 ], [ 107.3924699, 12.3141836 ], [ 107.3933246, 12.3125708 ], [ 107.3955279, 12.3079105 ], [ 107.3962526, 12.3061696 ], [ 107.3964798, 12.3055419 ], [ 107.3977572, 12.3020137 ], [ 107.3982702, 12.3005968 ], [ 107.4003953, 12.2960462 ], [ 107.4012659, 12.2938529 ], [ 107.4018722, 12.2915724 ], [ 107.4027296, 12.2873599 ], [ 107.40455, 12.2839467 ], [ 107.4048637, 12.2833585 ], [ 107.4076956, 12.2798595 ], [ 107.4100892, 12.2775913 ], [ 107.4148177, 12.2744905 ], [ 107.4196742, 12.2716955 ], [ 107.420065, 12.2717762 ], [ 107.4204018, 12.2759761 ], [ 107.4205239, 12.2774997 ], [ 107.4210487, 12.2846439 ], [ 107.4211613, 12.2857526 ], [ 107.421894, 12.2913983 ], [ 107.422243, 12.2933351 ], [ 107.4227807, 12.2952282 ], [ 107.4235018, 12.2970593 ], [ 107.4243993, 12.2988106 ], [ 107.4254646, 12.3004653 ], [ 107.4266874, 12.3020073 ], [ 107.4280559, 12.3034216 ], [ 107.4305607, 12.3057676 ], [ 107.4307107, 12.305908 ], [ 107.4320466, 12.3070521 ], [ 107.4334778, 12.3080744 ], [ 107.4349933, 12.308967 ], [ 107.435655, 12.3093184 ], [ 107.4379564, 12.3105411 ], [ 107.4399903, 12.3114796 ], [ 107.4445521, 12.313282 ], [ 107.4461257, 12.3138291 ], [ 107.4477393, 12.3142433 ], [ 107.4499209, 12.3147075 ], [ 107.4499966, 12.3153572 ], [ 107.4504197, 12.3172934 ], [ 107.4510323, 12.3191782 ], [ 107.4518284, 12.3209931 ], [ 107.4528002, 12.3227204 ], [ 107.4539383, 12.3243429 ], [ 107.4552313, 12.3258449 ], [ 107.4566666, 12.3272115 ], [ 107.4582302, 12.3284294 ], [ 107.4599066, 12.3294865 ], [ 107.4616794, 12.3303725 ], [ 107.4913194, 12.343393 ], [ 107.4921332, 12.3437293 ], [ 107.4942247, 12.3445403 ], [ 107.4953425, 12.3453898 ], [ 107.496655, 12.3467704 ], [ 107.4979193, 12.3482338 ], [ 107.4995512, 12.3499132 ], [ 107.5034115, 12.3534462 ], [ 107.504899, 12.3546809 ], [ 107.5064988, 12.3557663 ], [ 107.513049, 12.3597621 ], [ 107.5136348, 12.3601059 ], [ 107.5219869, 12.3648194 ], [ 107.5229494, 12.3653286 ], [ 107.5251201, 12.3664023 ], [ 107.5248635, 12.3682139 ], [ 107.5247862, 12.3702771 ], [ 107.5249221, 12.3723372 ], [ 107.5252697, 12.3743724 ], [ 107.5258252, 12.3763609 ], [ 107.5271693, 12.3803624 ], [ 107.5278686, 12.3821539 ], [ 107.5287367, 12.3838699 ], [ 107.5297656, 12.3854946 ], [ 107.5302482, 12.3861155 ], [ 107.5268211, 12.3988964 ], [ 107.5263419, 12.4012324 ], [ 107.5261442, 12.4036089 ], [ 107.5258567, 12.4159067 ], [ 107.5259214, 12.418048 ], [ 107.5262147, 12.4201701 ], [ 107.5267334, 12.4222486 ], [ 107.5274714, 12.4242598 ], [ 107.5279421, 12.4253569 ], [ 107.5308357, 12.4321005 ], [ 107.5317137, 12.4338941 ], [ 107.5327662, 12.4355911 ], [ 107.5352388, 12.439166 ], [ 107.5367246, 12.4419769 ], [ 107.5374009, 12.4432563 ], [ 107.5387485, 12.4458057 ], [ 107.5405487, 12.4492714 ], [ 107.5421337, 12.4524737 ], [ 107.5421408, 12.452488 ], [ 107.5437475, 12.4557343 ], [ 107.5438729, 12.4559875 ], [ 107.5443995, 12.4570514 ], [ 107.5445708, 12.4611673 ], [ 107.5441436, 12.4692703 ], [ 107.5441159, 12.4702802 ], [ 107.5441114, 12.4723793 ], [ 107.5442301, 12.474598 ], [ 107.5445941, 12.4767897 ], [ 107.5447955, 12.4776897 ], [ 107.5453541, 12.4796916 ], [ 107.5461175, 12.4816246 ], [ 107.5470773, 12.483468 ], [ 107.5482232, 12.4852018 ], [ 107.5495429, 12.4868074 ], [ 107.551022, 12.4882673 ], [ 107.5526447, 12.4895658 ], [ 107.5537612, 12.4903678 ], [ 107.5539996, 12.4905209 ], [ 107.5531814, 12.4917005 ], [ 107.5523167, 12.4932136 ], [ 107.5515869, 12.4947962 ], [ 107.550627, 12.4971418 ], [ 107.5499521, 12.4987905 ], [ 107.5492217, 12.5009053 ], [ 107.5490515, 12.5015049 ], [ 107.5485393, 12.5033095 ], [ 107.5474809, 12.5070386 ], [ 107.5453034, 12.5125741 ], [ 107.5447611, 12.5141402 ], [ 107.5443504, 12.5157459 ], [ 107.544074, 12.5173801 ], [ 107.5437294, 12.5200985 ], [ 107.5435822, 12.5219315 ], [ 107.5436041, 12.5237703 ], [ 107.5437947, 12.5255992 ], [ 107.543921, 12.5264358 ], [ 107.5445645, 12.5306982 ], [ 107.5449164, 12.5324775 ], [ 107.5454279, 12.5342177 ], [ 107.5460951, 12.5359043 ], [ 107.5469122, 12.5375236 ], [ 107.5478728, 12.5390622 ], [ 107.561973, 12.5595205 ], [ 107.5628924, 12.5607505 ], [ 107.5633549, 12.5612793 ], [ 107.5632812, 12.5614035 ], [ 107.562485, 12.562882 ], [ 107.5618158, 12.5644221 ], [ 107.5603332, 12.5682678 ], [ 107.5597873, 12.5698866 ], [ 107.5593815, 12.5715461 ], [ 107.5591189, 12.5732342 ], [ 107.5587044, 12.5769321 ], [ 107.5585891, 12.5785539 ], [ 107.55848, 12.5821525 ], [ 107.5585286, 12.5842775 ], [ 107.5586771, 12.5862272 ], [ 107.5589962, 12.5885725 ], [ 107.5599021, 12.5931728 ], [ 107.5604035, 12.5951703 ], [ 107.5611076, 12.5971056 ], [ 107.5612547, 12.5974531 ], [ 107.5617837, 12.6038671 ], [ 107.5615625, 12.6057633 ], [ 107.5567922, 12.6149943 ], [ 107.5543347, 12.6197501 ], [ 107.5527286, 12.6228582 ], [ 107.5519897, 12.6244568 ], [ 107.5513944, 12.6261143 ], [ 107.5509471, 12.6278177 ], [ 107.5478528, 12.6421448 ], [ 107.5475448, 12.6439817 ], [ 107.5474091, 12.6458393 ], [ 107.5474467, 12.6477015 ], [ 107.5478412, 12.6536007 ], [ 107.5478878, 12.6541736 ], [ 107.5490326, 12.6661228 ], [ 107.5492686, 12.6678182 ], [ 107.5496487, 12.6694872 ], [ 107.5501702, 12.6711176 ], [ 107.5514976, 12.6747277 ], [ 107.5537312, 12.682861 ], [ 107.5507927, 12.6862753 ], [ 107.5456575, 12.6922411 ], [ 107.5445612, 12.6936352 ], [ 107.5435928, 12.6951209 ], [ 107.5420599, 12.6977174 ], [ 107.5407753, 12.7003033 ], [ 107.5397522, 12.7028007 ], [ 107.5391577, 12.7044559 ], [ 107.5387109, 12.7061569 ], [ 107.5384153, 12.7078906 ], [ 107.5380011, 12.711189 ], [ 107.5378475, 12.7133801 ], [ 107.5379351, 12.7155748 ], [ 107.5382628, 12.7177467 ], [ 107.5388268, 12.7198696 ], [ 107.5397872, 12.722821 ], [ 107.5407721, 12.7252806 ], [ 107.5425959, 12.7290836 ], [ 107.5434775, 12.7306957 ], [ 107.5423773, 12.7328457 ], [ 107.5416119, 12.7345291 ], [ 107.5410053, 12.7362759 ], [ 107.5405626, 12.7380713 ], [ 107.5393527, 12.7441809 ], [ 107.5390316, 12.746519 ], [ 107.5380468, 12.7592115 ], [ 107.5379924, 12.7612285 ], [ 107.5381415, 12.7632407 ], [ 107.5393959, 12.77327 ], [ 107.5393859, 12.7778797 ], [ 107.5394844, 12.7799058 ], [ 107.5396, 12.781066 ], [ 107.5402778, 12.7878674 ], [ 107.5404904, 12.7900014 ], [ 107.5400024, 12.7915866 ], [ 107.5399983, 12.7915998 ], [ 107.5380943, 12.7953937 ], [ 107.5360495, 12.7987751 ], [ 107.5353784, 12.7998849 ], [ 107.5342901, 12.8019474 ], [ 107.5337147, 12.8032115 ], [ 107.5287807, 12.8118191 ], [ 107.5284881, 12.8123294 ], [ 107.5284832, 12.8123381 ], [ 107.5158495, 12.8265215 ], [ 107.5107212, 12.8322789 ], [ 107.5088612, 12.8343671 ], [ 107.5085292, 12.8347495 ], [ 107.5013393, 12.8432452 ], [ 107.497617, 12.8476436 ], [ 107.4887118, 12.8581661 ], [ 107.486067, 12.8605778 ], [ 107.4846293, 12.8620301 ], [ 107.4833474, 12.8636214 ], [ 107.4822345, 12.8653353 ], [ 107.4813023, 12.8671538 ], [ 107.4790655, 12.872128 ], [ 107.4783852, 12.8738498 ], [ 107.477867, 12.8756272 ], [ 107.4762606, 12.8822667 ], [ 107.4751895, 12.8852227 ], [ 107.474558, 12.8873167 ], [ 107.4741589, 12.889467 ], [ 107.473997, 12.8916482 ], [ 107.4739646, 12.8933183 ], [ 107.4738371, 12.8998781 ], [ 107.4738017, 12.9016982 ], [ 107.4738215, 12.903059 ], [ 107.4740696, 12.9081586 ], [ 107.4740813, 12.9083742 ], [ 107.4743945, 12.9136408 ], [ 107.4728097, 12.9197611 ], [ 107.4723037, 12.9224758 ], [ 107.4721704, 12.9236278 ], [ 107.4720484, 12.9252742 ], [ 107.4720627, 12.9269251 ], [ 107.4722131, 12.9285692 ], [ 107.4724514, 12.9303569 ], [ 107.4703887, 12.9327267 ], [ 107.4691928, 12.9342427 ], [ 107.4681486, 12.935867 ], [ 107.4672659, 12.9375843 ], [ 107.4665529, 12.9393788 ], [ 107.4659025, 12.9412784 ], [ 107.4646225, 12.9450161 ], [ 107.4640293, 12.9471155 ], [ 107.4636683, 12.9492671 ], [ 107.4635438, 12.9514451 ], [ 107.4635299, 12.9569208 ], [ 107.4636157, 12.9588229 ], [ 107.4638819, 12.9607081 ], [ 107.4643263, 12.9625595 ], [ 107.4649447, 12.9643603 ], [ 107.4657315, 12.9660941 ], [ 107.4666796, 12.9677452 ], [ 107.4677804, 12.9692986 ], [ 107.4690239, 12.9707404 ], [ 107.470399, 12.9720574 ], [ 107.4729193, 12.9742511 ], [ 107.4804006, 12.9807627 ], [ 107.4795232, 12.9826536 ], [ 107.4754136, 12.991511 ], [ 107.4731351, 12.9964218 ], [ 107.4715545, 12.9998282 ], [ 107.4712627, 13.0005769 ], [ 107.46587, 13.0121852 ], [ 107.4653065, 13.0132943 ], [ 107.4646177, 13.0150375 ], [ 107.4640951, 13.0168375 ], [ 107.4637433, 13.0186786 ], [ 107.4635654, 13.0205445 ], [ 107.463563, 13.0224189 ], [ 107.463736, 13.0242852 ], [ 107.464083, 13.0261272 ], [ 107.4654906, 13.0320566 ], [ 107.4660042, 13.0338454 ], [ 107.4680739, 13.0399643 ], [ 107.4684393, 13.0409572 ], [ 107.470323, 13.0456861 ], [ 107.4714633, 13.0480752 ], [ 107.4731406, 13.051063 ], [ 107.4793448, 13.0643082 ], [ 107.4906496, 13.0908269 ], [ 107.4906739, 13.0908837 ], [ 107.4926693, 13.0955247 ], [ 107.4926996, 13.0955948 ], [ 107.4940906, 13.0987963 ], [ 107.4998708, 13.1120995 ], [ 107.5000479, 13.1124955 ], [ 107.5071001, 13.1278088 ], [ 107.516543, 13.1509853 ], [ 107.5168688, 13.1517402 ], [ 107.5220186, 13.1630281 ], [ 107.5296977, 13.1810548 ], [ 107.5347968, 13.1930229 ], [ 107.53486, 13.1931696 ], [ 107.5463109, 13.2194617 ], [ 107.546355, 13.2195621 ], [ 107.5596129, 13.249553 ], [ 107.5727427, 13.2800879 ], [ 107.5727598, 13.2801276 ], [ 107.5858989, 13.3105033 ], [ 107.5863564, 13.311561 ], [ 107.5870659, 13.3132039 ], [ 107.599816, 13.3427237 ], [ 107.59985, 13.3428019 ], [ 107.6096358, 13.365196 ], [ 107.6090911, 13.372822 ], [ 107.607635, 13.3901514 ], [ 107.6056182, 13.4111472 ], [ 107.6052121, 13.4153737 ], [ 107.6051634, 13.4159762 ], [ 107.6048208, 13.4211946 ], [ 107.6021833, 13.4508911 ], [ 107.5993867, 13.4808184 ], [ 107.5993616, 13.4811094 ], [ 107.5969806, 13.5113503 ], [ 107.5969511, 13.5117859 ], [ 107.5968098, 13.5142734 ], [ 107.5962408, 13.5242861 ], [ 107.5926271, 13.5322776 ], [ 107.5806942, 13.5551867 ], [ 107.5799043, 13.5568948 ], [ 107.5779329, 13.5617447 ], [ 107.5649163, 13.5895388 ], [ 107.5556125, 13.6076955 ], [ 107.5555052, 13.6079079 ], [ 107.5527689, 13.6134081 ], [ 107.5525098, 13.6139291 ], [ 107.5516542, 13.6159107 ], [ 107.5510171, 13.617973 ], [ 107.550606, 13.620092 ], [ 107.5498319, 13.6256806 ], [ 107.5496696, 13.6273898 ], [ 107.5489216, 13.6418254 ], [ 107.5489159, 13.6419427 ], [ 107.5482687, 13.6560329 ], [ 107.5478375, 13.6600242 ], [ 107.5451468, 13.6636948 ], [ 107.5334702, 13.6787265 ], [ 107.5323945, 13.6802534 ], [ 107.531466, 13.681874 ], [ 107.5306927, 13.6835741 ], [ 107.527861, 13.6906602 ], [ 107.5272531, 13.6924134 ], [ 107.5231151, 13.706415 ], [ 107.5153345, 13.7308797 ], [ 107.4883608, 13.7492109 ], [ 107.481386, 13.7538613 ], [ 107.480686, 13.7543499 ], [ 107.4769124, 13.7571056 ], [ 107.4676525, 13.7592022 ], [ 107.4658582, 13.7596973 ], [ 107.4641178, 13.760357 ], [ 107.4624462, 13.7611756 ], [ 107.460858, 13.7621461 ], [ 107.4548124, 13.7662383 ], [ 107.4376486, 13.7778562 ], [ 107.4361127, 13.779007 ], [ 107.4346942, 13.7802998 ], [ 107.4334061, 13.7817225 ], [ 107.4322603, 13.7832622 ], [ 107.4312674, 13.7849046 ], [ 107.4304365, 13.7866346 ], [ 107.4297752, 13.7884363 ], [ 107.4292896, 13.7902931 ], [ 107.4289843, 13.7921879 ], [ 107.428862, 13.7941032 ], [ 107.4289238, 13.7960214 ], [ 107.4291692, 13.7979249 ], [ 107.429596, 13.799796 ], [ 107.4302001, 13.8016177 ], [ 107.430976, 13.8033731 ], [ 107.4315795, 13.8045784 ], [ 107.432327, 13.8059369 ], [ 107.4365736, 13.8129931 ], [ 107.4372476, 13.814003 ], [ 107.436345, 13.8155598 ], [ 107.4354559, 13.8175775 ], [ 107.4344008, 13.8203812 ], [ 107.4338044, 13.8222353 ], [ 107.4333911, 13.8241387 ], [ 107.433165, 13.8260732 ], [ 107.4331281, 13.8280206 ], [ 107.4332807, 13.8299623 ], [ 107.4336216, 13.8318799 ], [ 107.4341473, 13.8337553 ], [ 107.434853, 13.8355707 ], [ 107.4366753, 13.8396573 ], [ 107.4375635, 13.8414118 ], [ 107.4386198, 13.8430706 ], [ 107.4398339, 13.8446177 ], [ 107.441194, 13.8460381 ], [ 107.4426871, 13.847318 ], [ 107.4454108, 13.8494297 ], [ 107.4442601, 13.8501726 ], [ 107.442658, 13.8513227 ], [ 107.441177, 13.8526249 ], [ 107.4398314, 13.8540667 ], [ 107.4386344, 13.855634 ], [ 107.4360045, 13.8594542 ], [ 107.4349513, 13.8611616 ], [ 107.4340744, 13.8629659 ], [ 107.4333827, 13.8648489 ], [ 107.4328831, 13.8667918 ], [ 107.4325806, 13.8687749 ], [ 107.4324783, 13.8707784 ], [ 107.4325772, 13.872782 ], [ 107.4328764, 13.8747656 ], [ 107.4339105, 13.8798708 ], [ 107.4343958, 13.8817785 ], [ 107.4350662, 13.8836293 ], [ 107.4359153, 13.8854052 ], [ 107.4382613, 13.8897485 ], [ 107.4392247, 13.8913486 ], [ 107.4403332, 13.8928518 ], [ 107.441577, 13.8942451 ], [ 107.4429454, 13.8955163 ], [ 107.448696, 13.9003784 ], [ 107.4491057, 13.9007156 ], [ 107.4492435, 13.900826 ], [ 107.4492477, 13.9009231 ], [ 107.4496577, 13.9055478 ], [ 107.4493682, 13.9056877 ], [ 107.4476743, 13.9067249 ], [ 107.4460917, 13.9079251 ], [ 107.4446359, 13.9092763 ], [ 107.4433214, 13.9107652 ], [ 107.4425848, 13.911688 ], [ 107.4406941, 13.9137813 ], [ 107.4403451, 13.9141781 ], [ 107.4392837, 13.9154175 ], [ 107.4381261, 13.9169059 ], [ 107.4371138, 13.9184966 ], [ 107.4351758, 13.9218848 ], [ 107.4342121, 13.9238014 ], [ 107.4334592, 13.9258101 ], [ 107.4329258, 13.9278879 ], [ 107.4318505, 13.9332578 ], [ 107.4314992, 13.9359522 ], [ 107.430894, 13.9457534 ], [ 107.4308714, 13.9477712 ], [ 107.4310523, 13.949781 ], [ 107.4324421, 13.959629 ], [ 107.4311121, 13.975577 ], [ 107.4271553, 13.9748339 ], [ 107.4248218, 13.9743957 ], [ 107.4134711, 13.9722638 ], [ 107.4131252, 13.9721988 ], [ 107.4083635, 13.9708613 ], [ 107.4065119, 13.9704349 ], [ 107.4046283, 13.9701861 ], [ 107.4016452, 13.9699356 ], [ 107.3996023, 13.9698689 ], [ 107.3991161, 13.9698779 ], [ 107.3923505, 13.9700021 ], [ 107.3830901, 13.9701721 ], [ 107.3811103, 13.9703069 ], [ 107.3791536, 13.9706372 ], [ 107.3772393, 13.9711598 ], [ 107.3753861, 13.9718696 ], [ 107.3736125, 13.9727595 ], [ 107.3719357, 13.9738207 ], [ 107.3703724, 13.975043 ], [ 107.3689379, 13.9764141 ], [ 107.3678246, 13.9775893 ], [ 107.3661941, 13.9793104 ], [ 107.3648032, 13.9809461 ], [ 107.3621413, 13.9844407 ], [ 107.3464229, 14.0000695 ], [ 107.344403, 14.0014646 ], [ 107.3427109, 14.0027722 ], [ 107.3411682, 14.0042529 ], [ 107.3397924, 14.0058899 ], [ 107.3385992, 14.0076645 ], [ 107.3376022, 14.0095563 ], [ 107.3366006, 14.0117316 ], [ 107.3358107, 14.0137211 ], [ 107.3352379, 14.0157836 ], [ 107.3348888, 14.0178956 ], [ 107.3347675, 14.0200327 ], [ 107.3347575, 14.0231792 ], [ 107.3348532, 14.0251976 ], [ 107.335152, 14.027196 ], [ 107.3356509, 14.029154 ], [ 107.3363449, 14.0310517 ], [ 107.3372268, 14.0328697 ], [ 107.3385868, 14.0353464 ], [ 107.338714, 14.0356274 ], [ 107.3391589, 14.0366095 ], [ 107.3411229, 14.041237 ], [ 107.3406024, 14.0448681 ], [ 107.3404124, 14.047001 ], [ 107.3401392, 14.0547456 ], [ 107.3401495, 14.0564043 ], [ 107.3402973, 14.0580564 ], [ 107.3405814, 14.0596905 ], [ 107.3420525, 14.0664722 ], [ 107.3424887, 14.0681348 ], [ 107.343066, 14.0697537 ], [ 107.3437803, 14.0713171 ], [ 107.3442886, 14.0723139 ], [ 107.341115, 14.0739073 ], [ 107.3398619, 14.0745365 ], [ 107.3383462, 14.0752974 ], [ 107.3370998, 14.0759798 ], [ 107.3325269, 14.0786984 ], [ 107.3306194, 14.0798324 ], [ 107.3301581, 14.0801151 ], [ 107.329195, 14.0807235 ], [ 107.32707, 14.0820659 ], [ 107.3236763, 14.0842097 ], [ 107.3220282, 14.0853711 ], [ 107.3205054, 14.0866925 ], [ 107.3191233, 14.0881605 ], [ 107.3178961, 14.0897602 ], [ 107.3167005, 14.091493 ], [ 107.3148964, 14.0941077 ], [ 107.3139326, 14.0956502 ], [ 107.3131129, 14.0972738 ], [ 107.3124441, 14.0989653 ], [ 107.3119317, 14.1007105 ], [ 107.31158, 14.102495 ], [ 107.3110712, 14.1058821 ], [ 107.3108713, 14.107916 ], [ 107.3108799, 14.1099598 ], [ 107.3110971, 14.1119919 ], [ 107.3118283, 14.1165932 ], [ 107.3122908, 14.118737 ], [ 107.3129851, 14.1208173 ], [ 107.3147124, 14.1251797 ], [ 107.3151792, 14.1262639 ], [ 107.3230857, 14.1432322 ], [ 107.3233973, 14.1438711 ], [ 107.3293317, 14.155508 ], [ 107.330735, 14.1578497 ], [ 107.3344505, 14.1631863 ], [ 107.3352319, 14.1642339 ], [ 107.3375865, 14.1671843 ], [ 107.3373624, 14.1687825 ], [ 107.3372743, 14.1705941 ], [ 107.3372704, 14.1718044 ], [ 107.3373607, 14.1737684 ], [ 107.3376435, 14.1757142 ], [ 107.3381159, 14.1776227 ], [ 107.3387734, 14.1794757 ], [ 107.3396097, 14.1812551 ], [ 107.3406167, 14.1829438 ], [ 107.3417846, 14.1845255 ], [ 107.3437679, 14.1869521 ], [ 107.3452654, 14.1885898 ], [ 107.348739, 14.191989 ], [ 107.3499711, 14.1930985 ], [ 107.3531981, 14.1957708 ], [ 107.3546998, 14.1968998 ], [ 107.3563008, 14.197883 ], [ 107.357987, 14.1987115 ], [ 107.3597435, 14.1993781 ], [ 107.3615548, 14.199877 ], [ 107.361724, 14.1999069 ], [ 107.3658564, 14.2107702 ], [ 107.3666699, 14.2126213 ], [ 107.3676662, 14.2143807 ], [ 107.3733641, 14.2233534 ], [ 107.3736011, 14.2237179 ], [ 107.3746973, 14.225364 ], [ 107.3759552, 14.2282931 ], [ 107.377138, 14.2306164 ], [ 107.3796965, 14.2349227 ], [ 107.3800347, 14.2354717 ], [ 107.3828748, 14.2399188 ], [ 107.3833264, 14.2406309 ], [ 107.3830511, 14.2425896 ], [ 107.3828619, 14.2449017 ], [ 107.3829417, 14.2472202 ], [ 107.3837684, 14.2561378 ], [ 107.3840544, 14.2592228 ], [ 107.3843497, 14.2612602 ], [ 107.3848528, 14.2632564 ], [ 107.3866648, 14.2691475 ], [ 107.3872469, 14.2707835 ], [ 107.3874543, 14.2712373 ], [ 107.3873231, 14.2738781 ], [ 107.3855463, 14.284063 ], [ 107.3850928, 14.2863649 ], [ 107.3803251, 14.2954213 ], [ 107.3742909, 14.3040563 ], [ 107.3732279, 14.3057523 ], [ 107.3723397, 14.3075461 ], [ 107.3716353, 14.3094197 ], [ 107.3706297, 14.3125638 ], [ 107.3700894, 14.3146259 ], [ 107.3697717, 14.3167339 ], [ 107.3692575, 14.322058 ], [ 107.3691669, 14.3242666 ], [ 107.3693207, 14.3264718 ], [ 107.3698071, 14.3303464 ], [ 107.3701163, 14.3321428 ], [ 107.3705878, 14.3339036 ], [ 107.3712177, 14.3356142 ], [ 107.3720007, 14.3372603 ], [ 107.3729303, 14.3388283 ], [ 107.3739988, 14.3403051 ], [ 107.3755886, 14.3423038 ], [ 107.3803925, 14.3486455 ], [ 107.383793, 14.353158 ], [ 107.386961, 14.3574472 ], [ 107.3877366, 14.3583894 ], [ 107.3877913, 14.3635042 ], [ 107.3879124, 14.3654977 ], [ 107.3882316, 14.3674691 ], [ 107.3887459, 14.3693988 ], [ 107.3894501, 14.3712677 ], [ 107.3903371, 14.373057 ], [ 107.3913982, 14.3747489 ], [ 107.3922504, 14.375968 ], [ 107.3934408, 14.3775059 ], [ 107.3947751, 14.378921 ], [ 107.3962404, 14.3801998 ], [ 107.3978231, 14.3813302 ], [ 107.3993378, 14.3822034 ], [ 107.3990233, 14.3833763 ], [ 107.3986329, 14.3851514 ], [ 107.3984053, 14.3869547 ], [ 107.3983423, 14.3887711 ], [ 107.3983754, 14.39184 ], [ 107.3985415, 14.3942057 ], [ 107.3992055, 14.3993068 ], [ 107.3989738, 14.3997671 ], [ 107.3982266, 14.4017504 ], [ 107.3976934, 14.4038017 ], [ 107.3973803, 14.4058978 ], [ 107.3972908, 14.4080153 ], [ 107.3973062, 14.4094475 ], [ 107.3974264, 14.4114327 ], [ 107.3977432, 14.4133961 ], [ 107.3982534, 14.4153184 ], [ 107.3989049, 14.4173579 ], [ 107.3995795, 14.4191641 ], [ 107.4004249, 14.4208971 ], [ 107.4014332, 14.4225406 ], [ 107.4042047, 14.4266045 ], [ 107.4052254, 14.4279719 ], [ 107.406714, 14.4297982 ], [ 107.4080569, 14.4312867 ], [ 107.409542, 14.4326333 ], [ 107.4111545, 14.4338244 ], [ 107.4128781, 14.4348481 ], [ 107.4146955, 14.4356942 ], [ 107.4161707, 14.4362929 ], [ 107.418392, 14.4370459 ], [ 107.4206861, 14.4375338 ], [ 107.4219472, 14.4377255 ], [ 107.4240846, 14.4379337 ], [ 107.4254182, 14.43792 ], [ 107.4254755, 14.4379781 ], [ 107.4280177, 14.4402026 ], [ 107.4295859, 14.4414422 ], [ 107.4312701, 14.442519 ], [ 107.4344374, 14.4443277 ], [ 107.4361789, 14.4452123 ], [ 107.4379983, 14.4459228 ], [ 107.4398783, 14.4464525 ], [ 107.4418011, 14.4467962 ], [ 107.443272, 14.4469856 ], [ 107.4452624, 14.4471415 ], [ 107.4472585, 14.447098 ], [ 107.4492402, 14.4468559 ], [ 107.4504968, 14.4466382 ], [ 107.4525212, 14.4461781 ], [ 107.454487, 14.4455106 ], [ 107.456373, 14.444643 ], [ 107.458159, 14.4435846 ], [ 107.458784, 14.4431689 ], [ 107.4603643, 14.4420019 ], [ 107.4618226, 14.4406854 ], [ 107.4648069, 14.4377126 ], [ 107.46674, 14.4359618 ], [ 107.4674298, 14.4353066 ], [ 107.468038, 14.4347007 ], [ 107.4682897, 14.4356757 ], [ 107.4689185, 14.4374229 ], [ 107.4697067, 14.4391043 ], [ 107.4709928, 14.441546 ], [ 107.4720359, 14.4433024 ], [ 107.4732526, 14.4449432 ], [ 107.4755924, 14.447783 ], [ 107.4758483, 14.4480874 ], [ 107.477221, 14.4496875 ], [ 107.4794626, 14.4548202 ], [ 107.4784394, 14.463277 ], [ 107.4783007, 14.4651841 ], [ 107.4783448, 14.4670958 ], [ 107.4785713, 14.4689945 ], [ 107.478978, 14.4708629 ], [ 107.479416, 14.4724951 ], [ 107.4797562, 14.4736279 ], [ 107.480842, 14.47689 ], [ 107.4808757, 14.4769902 ], [ 107.4817904, 14.4796906 ], [ 107.4819587, 14.480896 ], [ 107.4818747, 14.4827332 ], [ 107.4818797, 14.484664 ], [ 107.4820708, 14.4865853 ], [ 107.4824464, 14.4884792 ], [ 107.4830028, 14.4903281 ], [ 107.4843032, 14.4939971 ], [ 107.4849464, 14.4955908 ], [ 107.485724, 14.4971233 ], [ 107.4866303, 14.4985834 ], [ 107.4876585, 14.4999603 ], [ 107.4881452, 14.5005567 ], [ 107.4876889, 14.501931 ], [ 107.4872645, 14.5037786 ], [ 107.487017, 14.505658 ], [ 107.4869486, 14.5075525 ], [ 107.4869717, 14.5095983 ], [ 107.4870766, 14.5114305 ], [ 107.487349, 14.5132454 ], [ 107.4877866, 14.5150277 ], [ 107.4883857, 14.5167624 ], [ 107.4890338, 14.5183923 ], [ 107.4898578, 14.5201979 ], [ 107.4908566, 14.5219129 ], [ 107.4920206, 14.5235206 ], [ 107.4933381, 14.5250049 ], [ 107.4947963, 14.5263513 ], [ 107.4963807, 14.5275466 ], [ 107.4980758, 14.528579 ], [ 107.4995541, 14.5293816 ], [ 107.5000099, 14.5296049 ], [ 107.5001344, 14.5314142 ], [ 107.5004526, 14.5333212 ], [ 107.5008956, 14.5353624 ], [ 107.501591, 14.5378059 ], [ 107.5022416, 14.5396403 ], [ 107.5029853, 14.5414506 ], [ 107.5039023, 14.5431796 ], [ 107.504984, 14.5448107 ], [ 107.5050894, 14.5449401 ], [ 107.5052359, 14.5466775 ], [ 107.5056883, 14.5495371 ], [ 107.506215, 14.5519164 ], [ 107.5064478, 14.5525749 ], [ 107.5052484, 14.5543708 ], [ 107.5041947, 14.5561394 ], [ 107.5033284, 14.5580068 ], [ 107.5026587, 14.5599534 ], [ 107.5021926, 14.5619586 ], [ 107.501935, 14.564001 ], [ 107.501753, 14.5664582 ], [ 107.5016997, 14.568163 ], [ 107.5017167, 14.5696625 ], [ 107.5015906, 14.5705249 ], [ 107.5014755, 14.5706384 ], [ 107.5001935, 14.5721853 ], [ 107.4990731, 14.573853 ], [ 107.4981257, 14.5756246 ], [ 107.4973608, 14.5774824 ], [ 107.4967862, 14.5794075 ], [ 107.4963849, 14.5810486 ], [ 107.4960557, 14.5826898 ], [ 107.4958649, 14.5843527 ], [ 107.4958138, 14.5860258 ], [ 107.4958277, 14.5872533 ], [ 107.4959462, 14.5892126 ], [ 107.4962562, 14.5911508 ], [ 107.4967547, 14.5930493 ], [ 107.4974369, 14.5948898 ], [ 107.4982963, 14.5966546 ], [ 107.4993245, 14.5983266 ], [ 107.5005116, 14.5998898 ], [ 107.5013631, 14.6009036 ], [ 107.5028306, 14.6024716 ], [ 107.5031316, 14.6027308 ], [ 107.5036139, 14.6041141 ], [ 107.5044565, 14.6059254 ], [ 107.505315, 14.6075529 ], [ 107.506251, 14.6091446 ], [ 107.5073298, 14.6106432 ], [ 107.5085423, 14.6120359 ], [ 107.509878, 14.6133109 ], [ 107.5113256, 14.6144572 ], [ 107.5128727, 14.6154652 ], [ 107.5145062, 14.6163261 ], [ 107.5159237, 14.6169915 ], [ 107.5176092, 14.6176908 ], [ 107.5178571, 14.6177806 ], [ 107.5177276, 14.6183572 ], [ 107.5174871, 14.6203037 ], [ 107.5173053, 14.6227609 ], [ 107.5172631, 14.6249384 ], [ 107.5174579, 14.6271076 ], [ 107.5178875, 14.6292428 ], [ 107.5192062, 14.6343434 ], [ 107.5194437, 14.6351855 ], [ 107.5211896, 14.6408952 ], [ 107.5218359, 14.6426959 ], [ 107.5252924, 14.6510466 ], [ 107.5254545, 14.651427 ], [ 107.5276297, 14.6563893 ], [ 107.5278635, 14.6571184 ], [ 107.5279324, 14.6582134 ], [ 107.5279464, 14.659432 ], [ 107.5279512, 14.6598463 ], [ 107.5279837, 14.662652 ], [ 107.5279377, 14.6723707 ], [ 107.5279375, 14.6724949 ], [ 107.5279447, 14.6773448 ], [ 107.5281012, 14.6798123 ], [ 107.5283326, 14.6816511 ], [ 107.5286479, 14.6834725 ], [ 107.5291301, 14.685257 ], [ 107.5297749, 14.6869894 ], [ 107.5305769, 14.6886549 ], [ 107.5315293, 14.6902392 ], [ 107.5326146, 14.691869 ], [ 107.5338314, 14.6935083 ], [ 107.5352091, 14.6950151 ], [ 107.5367332, 14.6963736 ], [ 107.5371329, 14.6966948 ], [ 107.5371179, 14.6967721 ], [ 107.5360638, 14.7001668 ], [ 107.5355686, 14.702096 ], [ 107.5352677, 14.7040649 ], [ 107.535233, 14.7047313 ], [ 107.53265, 14.7049822 ], [ 107.5268401, 14.7051041 ], [ 107.5252291, 14.705203 ], [ 107.520849, 14.70565 ], [ 107.518844, 14.7059581 ], [ 107.5168806, 14.7064676 ], [ 107.5149789, 14.7071734 ], [ 107.5142419, 14.7074903 ], [ 107.5121613, 14.7083849 ], [ 107.5104705, 14.7092081 ], [ 107.5088645, 14.7101865 ], [ 107.5073575, 14.7113114 ], [ 107.5059629, 14.7125729 ], [ 107.5046929, 14.7139598 ], [ 107.5035587, 14.7154598 ], [ 107.5025705, 14.7170597 ], [ 107.5017369, 14.7187454 ], [ 107.5010653, 14.7205019 ], [ 107.5005616, 14.7223138 ], [ 107.5002304, 14.7241649 ], [ 107.4999119, 14.7266003 ], [ 107.4997567, 14.7284533 ], [ 107.4997743, 14.7303128 ], [ 107.4999646, 14.7321626 ], [ 107.5003258, 14.7339867 ], [ 107.5008549, 14.7357694 ], [ 107.5015472, 14.7374952 ], [ 107.5023969, 14.7391493 ], [ 107.5033965, 14.7407173 ], [ 107.506514, 14.7451396 ], [ 107.5077412, 14.7467083 ], [ 107.5091183, 14.7481472 ], [ 107.5106317, 14.7494419 ], [ 107.5122664, 14.7505798 ], [ 107.5159555, 14.7528837 ], [ 107.515557, 14.7535905 ], [ 107.5142545, 14.7561834 ], [ 107.5139835, 14.7567228 ], [ 107.5126543, 14.7582548 ], [ 107.5116161, 14.7594514 ], [ 107.5094313, 14.7603156 ], [ 107.5072272, 14.7613466 ], [ 107.5051647, 14.7626375 ], [ 107.5048485, 14.7628633 ], [ 107.4989948, 14.7670446 ], [ 107.4970625, 14.7681552 ], [ 107.4955569, 14.7691123 ], [ 107.4941427, 14.7701998 ], [ 107.4928309, 14.7714089 ], [ 107.4916321, 14.7727302 ], [ 107.4905559, 14.774153 ], [ 107.4889844, 14.7764354 ], [ 107.487982, 14.7780506 ], [ 107.4871374, 14.7797537 ], [ 107.4864584, 14.7815292 ], [ 107.485951, 14.7833612 ], [ 107.4856198, 14.7852331 ], [ 107.4854678, 14.787128 ], [ 107.4854581, 14.7874278 ], [ 107.485374, 14.7900027 ], [ 107.4854134, 14.792071 ], [ 107.4856663, 14.7941241 ], [ 107.4861299, 14.7961401 ], [ 107.4867992, 14.7980974 ], [ 107.4887015, 14.802843 ], [ 107.4894743, 14.8045376 ], [ 107.4904013, 14.806153 ], [ 107.4914745, 14.8076751 ], [ 107.4926847, 14.8090908 ], [ 107.4975439, 14.8142665 ], [ 107.4988398, 14.8155274 ], [ 107.5002444, 14.8166662 ], [ 107.5017461, 14.8176735 ], [ 107.5019344, 14.8177764 ], [ 107.5020581, 14.8182562 ], [ 107.5027649, 14.8201669 ], [ 107.5036625, 14.8219959 ], [ 107.5047415, 14.823724 ], [ 107.5059907, 14.8253334 ], [ 107.5065264, 14.8259555 ], [ 107.5073788, 14.8269452 ], [ 107.5088481, 14.8284784 ], [ 107.5104717, 14.8298471 ], [ 107.5122312, 14.831036 ], [ 107.5141069, 14.8320317 ], [ 107.5188553, 14.8342375 ], [ 107.5233684, 14.8365681 ], [ 107.5239396, 14.8375738 ], [ 107.5251173, 14.8396473 ], [ 107.5261099, 14.8412198 ], [ 107.5272443, 14.8426933 ], [ 107.5285106, 14.8440551 ], [ 107.5298979, 14.8452934 ], [ 107.5313942, 14.8463974 ], [ 107.5399085, 14.8520881 ], [ 107.5400397, 14.8521751 ], [ 107.5432279, 14.8542699 ], [ 107.545401, 14.8566587 ], [ 107.5483988, 14.8611207 ], [ 107.5493909, 14.8624715 ], [ 107.5504926, 14.8637344 ], [ 107.5516962, 14.8649007 ], [ 107.5546492, 14.8675314 ], [ 107.5562846, 14.8688413 ], [ 107.558048, 14.8699729 ], [ 107.5599202, 14.8709138 ], [ 107.5643454, 14.8728545 ], [ 107.5672262, 14.8743567 ], [ 107.5671268, 14.8749182 ], [ 107.5664907, 14.8750164 ], [ 107.5644898, 14.8755416 ], [ 107.5625539, 14.8762706 ], [ 107.5614271, 14.8767629 ], [ 107.5598533, 14.8774505 ], [ 107.5581308, 14.8783039 ], [ 107.5564982, 14.8793187 ], [ 107.5549706, 14.8804855 ], [ 107.553562, 14.8817936 ], [ 107.5521903, 14.8831961 ], [ 107.5517, 14.8831951 ], [ 107.5494781, 14.8833138 ], [ 107.5472831, 14.8836786 ], [ 107.5435385, 14.8845174 ], [ 107.5419204, 14.8849518 ], [ 107.5403443, 14.8855201 ], [ 107.5388213, 14.8862183 ], [ 107.537508, 14.8868883 ], [ 107.534089, 14.8886326 ], [ 107.5294441, 14.8909626 ], [ 107.5277565, 14.8919141 ], [ 107.5261689, 14.8930244 ], [ 107.5246962, 14.8942831 ], [ 107.5243363, 14.8946223 ], [ 107.5214687, 14.8973242 ], [ 107.5203386, 14.8984786 ], [ 107.5193053, 14.8997205 ], [ 107.5155509, 14.904623 ], [ 107.5144077, 14.9062829 ], [ 107.5134373, 14.9080494 ], [ 107.5119749, 14.9110621 ], [ 107.5098662, 14.910825 ], [ 107.5079302, 14.910702 ], [ 107.5059912, 14.9107672 ], [ 107.5040678, 14.9110199 ], [ 107.5021778, 14.9114578 ], [ 107.5003392, 14.9120767 ], [ 107.4971151, 14.9133392 ], [ 107.4953806, 14.9141153 ], [ 107.4937276, 14.9150526 ], [ 107.492171, 14.9161425 ], [ 107.4907249, 14.9173752 ], [ 107.4894023, 14.9187396 ], [ 107.4873706, 14.9210452 ], [ 107.4868706, 14.9216126 ], [ 107.4854644, 14.9234046 ], [ 107.4853393, 14.9235842 ], [ 107.4830476, 14.9268743 ], [ 107.4815312, 14.9273784 ], [ 107.4795296, 14.9282992 ], [ 107.4776414, 14.9294346 ], [ 107.4758896, 14.9307708 ], [ 107.474979, 14.9315484 ], [ 107.4729295, 14.9332983 ], [ 107.4707491, 14.9351569 ], [ 107.4696731, 14.9360743 ], [ 107.4692714, 14.9364166 ], [ 107.4684929, 14.9371161 ], [ 107.4643909, 14.9410009 ], [ 107.4629928, 14.9424662 ], [ 107.4617501, 14.9440654 ], [ 107.4606755, 14.9457821 ], [ 107.45978, 14.9475987 ], [ 107.4584662, 14.9506435 ], [ 107.4577597, 14.952539 ], [ 107.4572483, 14.9544963 ], [ 107.4569372, 14.9564952 ], [ 107.4568297, 14.9585152 ], [ 107.4568207, 14.9619866 ], [ 107.456925, 14.9640792 ], [ 107.4570185, 14.9646789 ], [ 107.453946, 14.9674261 ], [ 107.4533712, 14.9679607 ], [ 107.4505776, 14.9706631 ], [ 107.4492829, 14.9720397 ], [ 107.4481239, 14.9735324 ], [ 107.447111, 14.9751278 ], [ 107.4462532, 14.9768117 ], [ 107.4455581, 14.978569 ], [ 107.4450321, 14.9803841 ], [ 107.4446797, 14.9822408 ], [ 107.4445041, 14.9841224 ], [ 107.4445068, 14.9860122 ], [ 107.4445894, 14.9877058 ], [ 107.4447703, 14.9895851 ], [ 107.4451276, 14.991439 ], [ 107.4456581, 14.9932509 ], [ 107.4463571, 14.9950047 ], [ 107.4472183, 14.9966848 ], [ 107.4473612, 14.9969086 ], [ 107.4465414, 14.9994289 ], [ 107.4460666, 15.0011448 ], [ 107.4457463, 15.002896 ], [ 107.445583, 15.0046688 ], [ 107.4453985, 15.0085632 ], [ 107.4454129, 15.0107221 ], [ 107.4456599, 15.0128668 ], [ 107.4461366, 15.0149725 ], [ 107.4468375, 15.0170144 ], [ 107.4488275, 15.0219302 ], [ 107.4500445, 15.0244236 ], [ 107.4530789, 15.0296807 ], [ 107.454286, 15.0315283 ], [ 107.4556893, 15.0332318 ], [ 107.4580341, 15.0357777 ], [ 107.4594299, 15.0371517 ], [ 107.4609535, 15.0383825 ], [ 107.4625901, 15.0394585 ], [ 107.4643241, 15.0403692 ], [ 107.4661389, 15.0411059 ], [ 107.4710117, 15.0428112 ], [ 107.4728602, 15.0433596 ], [ 107.4747529, 15.0437275 ], [ 107.481892, 15.0447609 ], [ 107.4847091, 15.0449671 ], [ 107.4912411, 15.0449828 ], [ 107.4920192, 15.0449696 ], [ 107.4952506, 15.0448515 ], [ 107.4956847, 15.0450706 ], [ 107.4963165, 15.0453757 ], [ 107.4970984, 15.0457365 ], [ 107.4989461, 15.0465889 ], [ 107.5048434, 15.0510695 ], [ 107.5057071, 15.0517257 ], [ 107.5090999, 15.0543767 ], [ 107.512555, 15.0570764 ], [ 107.5137893, 15.0579673 ], [ 107.5150877, 15.0587618 ], [ 107.5181847, 15.0604983 ], [ 107.5205257, 15.0627365 ], [ 107.5221197, 15.0641077 ], [ 107.5238488, 15.0653039 ], [ 107.525694, 15.066312 ], [ 107.5304795, 15.0686085 ], [ 107.5324729, 15.0694359 ], [ 107.5345438, 15.0700437 ], [ 107.5366681, 15.0704248 ], [ 107.5388212, 15.0705748 ], [ 107.5409778, 15.0704919 ], [ 107.5445499, 15.0701609 ], [ 107.5462079, 15.069937 ], [ 107.5478414, 15.0695753 ], [ 107.549439, 15.0690783 ], [ 107.5541465, 15.0673949 ], [ 107.5564595, 15.0663994 ], [ 107.5620762, 15.0635504 ], [ 107.5633756, 15.0628294 ], [ 107.5646178, 15.062014 ], [ 107.5685245, 15.0592364 ], [ 107.5724118, 15.0567288 ], [ 107.5728525, 15.0565283 ], [ 107.5738313, 15.0580781 ], [ 107.5751527, 15.0599283 ], [ 107.5766755, 15.0616165 ], [ 107.5783801, 15.063121 ], [ 107.5803694, 15.064685 ], [ 107.5815106, 15.0655822 ], [ 107.5831417, 15.0667375 ], [ 107.58488, 15.0677243 ], [ 107.5864247, 15.0684073 ], [ 107.5851533, 15.0702915 ], [ 107.5822684, 15.074567 ], [ 107.5816643, 15.0754623 ], [ 107.5806939, 15.0770563 ], [ 107.5798762, 15.0787337 ], [ 107.5792185, 15.0804801 ], [ 107.5787264, 15.0822802 ], [ 107.5784042, 15.0841183 ], [ 107.5781414, 15.0861789 ], [ 107.5779615, 15.0875895 ], [ 107.577807, 15.0896244 ], [ 107.5778607, 15.0916645 ], [ 107.578122, 15.0936884 ], [ 107.5785881, 15.0956752 ], [ 107.5792543, 15.0976042 ], [ 107.5801136, 15.0994552 ], [ 107.5811571, 15.101209 ], [ 107.5823738, 15.1028474 ], [ 107.5837512, 15.1043532 ], [ 107.5911424, 15.1116487 ], [ 107.5933045, 15.1134984 ], [ 107.5939696, 15.11399 ], [ 107.5930709, 15.1149463 ], [ 107.5919134, 15.1164376 ], [ 107.5909018, 15.1180313 ], [ 107.5900449, 15.1197134 ], [ 107.5893504, 15.1214688 ], [ 107.5888245, 15.1232818 ], [ 107.5882974, 15.1254823 ], [ 107.587928, 15.1274583 ], [ 107.5877588, 15.1294615 ], [ 107.5877915, 15.1314716 ], [ 107.5880259, 15.1334682 ], [ 107.5884595, 15.1354312 ], [ 107.589088, 15.1373407 ], [ 107.589905, 15.1391775 ], [ 107.5909022, 15.140923 ], [ 107.5920697, 15.1425596 ], [ 107.5923269, 15.1428843 ], [ 107.593548, 15.1444258 ], [ 107.5949447, 15.1460093 ], [ 107.5965005, 15.1474368 ], [ 107.596747, 15.1476191 ], [ 107.5962044, 15.1486047 ], [ 107.5954706, 15.1502859 ], [ 107.5932194, 15.1561655 ], [ 107.5915522, 15.1605136 ], [ 107.5908958, 15.1625435 ], [ 107.5908635, 15.1626652 ], [ 107.5906975, 15.1628641 ], [ 107.5890409, 15.1648489 ], [ 107.5873998, 15.1671218 ], [ 107.5844026, 15.1719534 ], [ 107.5836237, 15.1729775 ], [ 107.5828251, 15.1740275 ], [ 107.5825502, 15.1742788 ], [ 107.5805064, 15.1761466 ], [ 107.5801514, 15.1764709 ], [ 107.577874, 15.178293 ], [ 107.5775544, 15.1784589 ], [ 107.5751295, 15.1797178 ], [ 107.5738359, 15.1804517 ], [ 107.5726004, 15.1812798 ], [ 107.5711849, 15.1823067 ], [ 107.5702724, 15.1829687 ], [ 107.5688111, 15.1841369 ], [ 107.5674654, 15.1854365 ], [ 107.566247, 15.1868562 ], [ 107.5651666, 15.1883835 ], [ 107.5642336, 15.1900051 ], [ 107.5634562, 15.1917068 ], [ 107.5628412, 15.1934736 ], [ 107.5625067, 15.1946021 ], [ 107.5620717, 15.1963574 ], [ 107.561797, 15.1981447 ], [ 107.5616849, 15.1999496 ], [ 107.5616597, 15.201448 ], [ 107.5617134, 15.2032861 ], [ 107.5619356, 15.2051115 ], [ 107.5623245, 15.2069087 ], [ 107.5628769, 15.2086626 ], [ 107.563588, 15.2103584 ], [ 107.5644519, 15.2119817 ], [ 107.5647118, 15.2124202 ], [ 107.5657452, 15.2139905 ], [ 107.5669214, 15.2154568 ], [ 107.5682301, 15.2168062 ], [ 107.5696597, 15.2180267 ], [ 107.5711976, 15.2191077 ], [ 107.5728302, 15.2200395 ], [ 107.5736813, 15.2204736 ], [ 107.5738508, 15.2208074 ], [ 107.5749007, 15.2224544 ], [ 107.5761062, 15.2239911 ], [ 107.577456, 15.2254029 ], [ 107.5778607, 15.2257868 ], [ 107.5793464, 15.2270639 ], [ 107.58095, 15.2281895 ], [ 107.5816094, 15.2286057 ], [ 107.5832933, 15.2295579 ], [ 107.5838421, 15.2298341 ], [ 107.5864931, 15.2309376 ], [ 107.5870041, 15.2311084 ], [ 107.5886278, 15.2315758 ], [ 107.5902852, 15.2319046 ], [ 107.5919644, 15.2320922 ], [ 107.5924011, 15.2321224 ], [ 107.5941743, 15.2321662 ], [ 107.5959444, 15.2320527 ], [ 107.5963074, 15.2320132 ], [ 107.5983538, 15.2316825 ], [ 107.5983782, 15.2316759 ], [ 107.5984781, 15.2319647 ], [ 107.5992371, 15.2336413 ], [ 107.6000942, 15.2353238 ], [ 107.600926, 15.2367987 ], [ 107.6016904, 15.2379203 ], [ 107.6016918, 15.2380354 ], [ 107.601728, 15.2385382 ], [ 107.6005702, 15.2421882 ], [ 107.5998439, 15.244478 ], [ 107.5993567, 15.2463116 ], [ 107.5990454, 15.2481831 ], [ 107.5989129, 15.2500756 ], [ 107.5988707, 15.2519497 ], [ 107.5984519, 15.2588055 ], [ 107.5984485, 15.2611871 ], [ 107.5984565, 15.2613248 ], [ 107.5978825, 15.2624639 ], [ 107.5972256, 15.2641194 ], [ 107.5967186, 15.2658268 ], [ 107.5963655, 15.2675725 ], [ 107.5963078, 15.2679417 ], [ 107.5959369, 15.270316 ], [ 107.5950659, 15.275892 ], [ 107.594931, 15.2769351 ], [ 107.5944097, 15.2820106 ], [ 107.5939393, 15.2863313 ], [ 107.5938251, 15.2881397 ], [ 107.5938749, 15.2899509 ], [ 107.5940885, 15.2917503 ], [ 107.594464, 15.2935229 ], [ 107.5949985, 15.2952542 ], [ 107.6001184, 15.3095136 ], [ 107.6002069, 15.3097552 ], [ 107.602671, 15.3163499 ], [ 107.6014531, 15.3170226 ], [ 107.6006068, 15.3174899 ], [ 107.5987594, 15.3186458 ], [ 107.5970487, 15.3199958 ], [ 107.5965035, 15.3204765 ], [ 107.5951123, 15.3217032 ], [ 107.5935047, 15.3232908 ], [ 107.5920865, 15.3250496 ], [ 107.5914011, 15.3260054 ], [ 107.5904334, 15.3274895 ], [ 107.5896008, 15.3290535 ], [ 107.58891, 15.3306849 ], [ 107.5883662, 15.3323711 ], [ 107.5879738, 15.3340989 ], [ 107.5874, 15.3372693 ], [ 107.5870296, 15.3388038 ], [ 107.586824, 15.3397575 ], [ 107.5860781, 15.3436773 ], [ 107.5858771, 15.344958 ], [ 107.5852171, 15.3502876 ], [ 107.5850725, 15.3522157 ], [ 107.5849531, 15.3567192 ], [ 107.5847905, 15.3595142 ], [ 107.584614, 15.3623671 ], [ 107.5843394, 15.3629079 ], [ 107.5822813, 15.3657648 ], [ 107.5815064, 15.3668405 ], [ 107.5807203, 15.3679315 ], [ 107.5795764, 15.3697105 ], [ 107.5786268, 15.3716004 ], [ 107.577882, 15.3735799 ], [ 107.5773505, 15.3756271 ], [ 107.5769627, 15.3775291 ], [ 107.5766986, 15.3788244 ], [ 107.5765686, 15.3796699 ], [ 107.5719791, 15.3777386 ], [ 107.5701903, 15.3770842 ], [ 107.5683473, 15.376603 ], [ 107.5662587, 15.3761627 ], [ 107.5640922, 15.3758288 ], [ 107.5619022, 15.3757339 ], [ 107.5593916, 15.3757629 ], [ 107.5574609, 15.3758788 ], [ 107.5555504, 15.3761806 ], [ 107.5536779, 15.3766655 ], [ 107.5518713, 15.3772279 ], [ 107.550216, 15.3778243 ], [ 107.5486194, 15.3785639 ], [ 107.547094, 15.3794409 ], [ 107.536695, 15.386045 ], [ 107.5358072, 15.3866942 ], [ 107.5338992, 15.3862846 ], [ 107.5338417, 15.3862722 ], [ 107.5318161, 15.3859448 ], [ 107.5297678, 15.3858267 ], [ 107.527718, 15.385919 ], [ 107.5256886, 15.3862209 ], [ 107.5237007, 15.3867291 ], [ 107.5224606, 15.3871149 ], [ 107.5206552, 15.3877733 ], [ 107.5189213, 15.3886019 ], [ 107.517275, 15.389593 ], [ 107.5157314, 15.3907376 ], [ 107.5143047, 15.3920251 ], [ 107.5137175, 15.3926086 ], [ 107.5095316, 15.3964689 ], [ 107.5057407, 15.3999648 ], [ 107.5052603, 15.4003706 ], [ 107.5041786, 15.4012843 ], [ 107.5026823, 15.4026856 ], [ 107.5013373, 15.4042327 ], [ 107.5001578, 15.4059093 ], [ 107.499156, 15.4076979 ], [ 107.4983427, 15.4095796 ], [ 107.4977862, 15.4110729 ], [ 107.4972228, 15.4128278 ], [ 107.4968234, 15.4146271 ], [ 107.4965913, 15.4164556 ], [ 107.4965285, 15.4182976 ], [ 107.4965531, 15.420342 ], [ 107.4966277, 15.4218436 ], [ 107.4968149, 15.4233354 ], [ 107.4973317, 15.4264894 ], [ 107.4976061, 15.4278613 ], [ 107.4981106, 15.4299931 ], [ 107.4985734, 15.4316333 ], [ 107.4991741, 15.4332282 ], [ 107.4994656, 15.4339122 ], [ 107.5002411, 15.4355272 ], [ 107.5025956, 15.4399153 ], [ 107.5025733, 15.4399686 ], [ 107.5019462, 15.4417051 ], [ 107.5017133, 15.4423886 ], [ 107.5011279, 15.4442133 ], [ 107.501085, 15.4443486 ], [ 107.5000873, 15.447536 ], [ 107.5000007, 15.4476494 ], [ 107.4993244, 15.448535 ], [ 107.4979195, 15.4506382 ], [ 107.4975889, 15.4512081 ], [ 107.4968619, 15.4524613 ], [ 107.4958441, 15.4544682 ], [ 107.4950581, 15.4565767 ], [ 107.4949516, 15.4570041 ], [ 107.493825, 15.457222 ], [ 107.4922224, 15.457673 ], [ 107.4906629, 15.4582557 ], [ 107.4875995, 15.459548 ], [ 107.4873412, 15.4596736 ], [ 107.4860985, 15.4592698 ], [ 107.4841018, 15.4587333 ], [ 107.4820604, 15.4584059 ], [ 107.4799961, 15.458291 ], [ 107.477931, 15.4583897 ], [ 107.4758871, 15.4587012 ], [ 107.4734624, 15.4592001 ], [ 107.4716112, 15.4596742 ], [ 107.4698138, 15.4603228 ], [ 107.4680864, 15.4611399 ], [ 107.4664449, 15.4621183 ], [ 107.4657639, 15.4625696 ], [ 107.4649651, 15.4630991 ], [ 107.4634544, 15.4642057 ], [ 107.4620538, 15.4654488 ], [ 107.4607756, 15.4668174 ], [ 107.4596311, 15.4682996 ], [ 107.4586302, 15.4698823 ], [ 107.4577817, 15.4715517 ], [ 107.4571104, 15.4730413 ], [ 107.4563833, 15.4748961 ], [ 107.4558444, 15.4768141 ], [ 107.455499, 15.4787761 ], [ 107.4554247, 15.4797696 ], [ 107.4552073, 15.4798017 ], [ 107.4534515, 15.4802258 ], [ 107.4517411, 15.4808066 ], [ 107.4500901, 15.4815393 ], [ 107.4488012, 15.4821825 ], [ 107.447006, 15.4831972 ], [ 107.446965, 15.4832263 ], [ 107.4462387, 15.4819793 ], [ 107.445673, 15.481105 ], [ 107.4444966, 15.479473 ], [ 107.4431621, 15.4779675 ], [ 107.4416832, 15.4766037 ], [ 107.4400748, 15.4753954 ], [ 107.4388378, 15.47456 ], [ 107.4371127, 15.4735175 ], [ 107.4352914, 15.4726539 ], [ 107.4333925, 15.4719781 ], [ 107.4314351, 15.4714968 ], [ 107.4294393, 15.471215 ], [ 107.4274252, 15.4711355 ], [ 107.4247423, 15.4711649 ], [ 107.4246669, 15.4711657 ], [ 107.4236046, 15.4712058 ], [ 107.4185616, 15.4715305 ], [ 107.4147786, 15.4717741 ], [ 107.4139158, 15.4718485 ], [ 107.413016, 15.4719457 ], [ 107.4085374, 15.4724296 ], [ 107.4064575, 15.4726543 ], [ 107.4051426, 15.4727334 ], [ 107.4014498, 15.4731383 ], [ 107.3955924, 15.4737807 ], [ 107.3937666, 15.4740668 ], [ 107.391975, 15.4745202 ], [ 107.3897954, 15.4751804 ], [ 107.3887387, 15.4748298 ], [ 107.3869233, 15.4744102 ], [ 107.3850767, 15.4741613 ], [ 107.383215, 15.4740854 ], [ 107.3813542, 15.4741831 ], [ 107.3795107, 15.4744536 ], [ 107.3784, 15.4746698 ], [ 107.3766065, 15.4751056 ], [ 107.3758347, 15.4753314 ], [ 107.3748463, 15.4756204 ], [ 107.3730177, 15.4762527 ], [ 107.3712587, 15.4770587 ], [ 107.3695859, 15.4780309 ], [ 107.3680148, 15.4791602 ], [ 107.3665602, 15.4804361 ], [ 107.3652357, 15.4818465 ], [ 107.3640537, 15.4833783 ], [ 107.3630252, 15.4850171 ], [ 107.3621599, 15.4867477 ], [ 107.3614659, 15.4885538 ], [ 107.3609496, 15.4904185 ], [ 107.3605368, 15.4922496 ], [ 107.3601984, 15.492812 ], [ 107.3593554, 15.4945868 ], [ 107.3586906, 15.4964358 ], [ 107.3582105, 15.4983411 ], [ 107.3579196, 15.5002843 ], [ 107.3578208, 15.5022466 ], [ 107.3579151, 15.5042092 ], [ 107.3582661, 15.5078127 ], [ 107.3581676, 15.5081841 ], [ 107.3577135, 15.5098954 ], [ 107.3569306, 15.5110437 ], [ 107.3560862, 15.512395 ], [ 107.355352, 15.5138092 ], [ 107.3546498, 15.5153046 ], [ 107.3539509, 15.5169884 ], [ 107.3534082, 15.5187288 ], [ 107.3530263, 15.5205114 ], [ 107.3528083, 15.5223214 ], [ 107.3526678, 15.5242096 ], [ 107.352614, 15.5259222 ], [ 107.3526155, 15.5260517 ], [ 107.3503033, 15.5298852 ], [ 107.3494539, 15.5314464 ], [ 107.3451507, 15.5402681 ], [ 107.3443319, 15.542197 ], [ 107.3437195, 15.5442008 ], [ 107.3431074, 15.5466573 ], [ 107.3427342, 15.5485332 ], [ 107.3425419, 15.5504361 ], [ 107.3425323, 15.5523487 ], [ 107.3425424, 15.5525838 ], [ 107.3389944, 15.5539657 ], [ 107.3374178, 15.5545798 ], [ 107.3363144, 15.5550095 ], [ 107.3347091, 15.5557173 ], [ 107.3331719, 15.556563 ], [ 107.3317148, 15.5575402 ], [ 107.330349, 15.5586414 ], [ 107.3289042, 15.5599147 ], [ 107.3280477, 15.5607153 ], [ 107.327246, 15.56151 ], [ 107.3258964, 15.562989 ], [ 107.3247013, 15.5645955 ], [ 107.323673, 15.5663135 ], [ 107.3228215, 15.5681257 ], [ 107.3221555, 15.5700139 ], [ 107.3216816, 15.5719592 ], [ 107.3214046, 15.5739422 ], [ 107.3213273, 15.575943 ], [ 107.3213345, 15.5765718 ], [ 107.3213362, 15.5766897 ], [ 107.3214059, 15.5807073 ], [ 107.3215524, 15.582801 ], [ 107.3219174, 15.5848678 ], [ 107.3224971, 15.5868849 ], [ 107.3232849, 15.5888302 ], [ 107.3242722, 15.5906822 ], [ 107.3248475, 15.591637 ], [ 107.3245543, 15.5919746 ], [ 107.3234322, 15.5935523 ], [ 107.3224678, 15.5952312 ], [ 107.3216703, 15.5969955 ], [ 107.3210472, 15.5988286 ], [ 107.3206042, 15.6007134 ], [ 107.3203455, 15.6026322 ], [ 107.3202736, 15.604567 ], [ 107.3202854, 15.6056116 ], [ 107.3199767, 15.6057352 ], [ 107.3160394, 15.6065778 ], [ 107.3149754, 15.6066553 ], [ 107.3097252, 15.6061582 ], [ 107.3093347, 15.6061251 ], [ 107.3046838, 15.6057764 ], [ 107.2992062, 15.6048823 ], [ 107.2974962, 15.6046783 ], [ 107.2957751, 15.6046222 ], [ 107.2912346, 15.6046697 ], [ 107.2885559, 15.6048782 ], [ 107.2850746, 15.6053862 ], [ 107.2828399, 15.6058438 ], [ 107.2806718, 15.6065528 ], [ 107.2799171, 15.6068482 ], [ 107.279393, 15.6070534 ], [ 107.2779941, 15.6076635 ], [ 107.2767713, 15.6082533 ], [ 107.2756993, 15.6088109 ], [ 107.2736106, 15.6099788 ], [ 107.2716412, 15.6112364 ], [ 107.2698318, 15.6127151 ], [ 107.2686989, 15.6137572 ], [ 107.2638411, 15.6174524 ], [ 107.2623405, 15.6187147 ], [ 107.26026, 15.6206466 ], [ 107.258409, 15.6226143 ], [ 107.253671, 15.6283874 ], [ 107.2525788, 15.6298494 ], [ 107.2516244, 15.6314049 ], [ 107.2508158, 15.6330409 ], [ 107.249382, 15.6363093 ], [ 107.2488229, 15.6377287 ], [ 107.2483736, 15.6391866 ], [ 107.2476333, 15.6419605 ], [ 107.2472564, 15.6427874 ], [ 107.2453454, 15.6465311 ], [ 107.2446654, 15.6480087 ], [ 107.2441077, 15.6495368 ], [ 107.243402, 15.6517454 ], [ 107.2428832, 15.6537074 ], [ 107.2425659, 15.6557118 ], [ 107.2424533, 15.657738 ], [ 107.2425467, 15.6597653 ], [ 107.2427297, 15.6616503 ], [ 107.2429637, 15.6633228 ], [ 107.2434814, 15.6661478 ], [ 107.2436119, 15.6667988 ], [ 107.2439536, 15.6683677 ], [ 107.2444686, 15.6702742 ], [ 107.2451691, 15.6721206 ], [ 107.2460483, 15.6738889 ], [ 107.2468312, 15.6752859 ], [ 107.2478164, 15.6778524 ], [ 107.2489566, 15.6803104 ], [ 107.2512744, 15.6845318 ], [ 107.2513098, 15.6845932 ], [ 107.2511455, 15.6857209 ], [ 107.2510066, 15.6871777 ], [ 107.2509167, 15.6892061 ], [ 107.251033, 15.6912332 ], [ 107.2513541, 15.693238 ], [ 107.2516774, 15.6944513 ], [ 107.2513193, 15.6948733 ], [ 107.2499706, 15.6966558 ], [ 107.2488292, 15.6985777 ], [ 107.2476454, 15.7008516 ], [ 107.2473081, 15.7015708 ], [ 107.2459602, 15.7018375 ], [ 107.2441363, 15.7023829 ], [ 107.2433748, 15.7026507 ], [ 107.2414572, 15.703439 ], [ 107.2396315, 15.7044216 ], [ 107.2379173, 15.7055878 ], [ 107.2363331, 15.7069253 ], [ 107.2348959, 15.7084196 ], [ 107.2336211, 15.7100547 ], [ 107.2325224, 15.7118129 ], [ 107.2316547, 15.7133764 ], [ 107.2309404, 15.7147934 ], [ 107.2303406, 15.7162625 ], [ 107.2290076, 15.7199379 ], [ 107.2284489, 15.721739 ], [ 107.2280624, 15.7235846 ], [ 107.2279979, 15.7241572 ], [ 107.2269228, 15.7234502 ], [ 107.2251284, 15.722515 ], [ 107.2232487, 15.7217659 ], [ 107.221303, 15.7212106 ], [ 107.2193507, 15.7207588 ], [ 107.2170098, 15.7203617 ], [ 107.2146383, 15.7202448 ], [ 107.2124445, 15.7202671 ], [ 107.2122067, 15.7202695 ], [ 107.2103509, 15.7203745 ], [ 107.2085129, 15.7206514 ], [ 107.2067085, 15.7210977 ], [ 107.2049533, 15.7217096 ], [ 107.2032625, 15.7224818 ], [ 107.2016507, 15.7234076 ], [ 107.2001319, 15.7244791 ], [ 107.198719, 15.7256869 ], [ 107.1974244, 15.7270207 ], [ 107.1968633, 15.7276553 ], [ 107.195732, 15.7290573 ], [ 107.1947315, 15.7305553 ], [ 107.1942532, 15.7313464 ], [ 107.1932537, 15.7332168 ], [ 107.1924579, 15.7351825 ], [ 107.1918747, 15.7372215 ], [ 107.1907898, 15.7419498 ], [ 107.1904222, 15.7440695 ], [ 107.1893557, 15.7530714 ], [ 107.1892252, 15.7548446 ], [ 107.1892527, 15.7566224 ], [ 107.1894131, 15.7592953 ], [ 107.1896083, 15.7611289 ], [ 107.1899715, 15.7629366 ], [ 107.1904996, 15.7647032 ], [ 107.1911883, 15.7664137 ], [ 107.1920315, 15.7680535 ], [ 107.1930221, 15.7696086 ], [ 107.1935561, 15.7703673 ], [ 107.194661, 15.7717955 ], [ 107.1958903, 15.7731183 ], [ 107.1963332, 15.773516 ], [ 107.1964626, 15.7768539 ], [ 107.1966302, 15.7787751 ], [ 107.196982, 15.7806712 ], [ 107.1975147, 15.7825247 ], [ 107.1981015, 15.7842483 ], [ 107.198806, 15.7860322 ], [ 107.1996782, 15.7877405 ], [ 107.20071, 15.7893574 ], [ 107.2018919, 15.790868 ], [ 107.2033713, 15.7925826 ], [ 107.2047278, 15.7940068 ], [ 107.2056274, 15.7947821 ], [ 107.2051357, 15.796857 ], [ 107.2050204, 15.7973741 ], [ 107.2047184, 15.7988181 ], [ 107.201959, 15.8034743 ], [ 107.1992476, 15.8075454 ], [ 107.1979704, 15.80931 ], [ 107.1955345, 15.811893 ], [ 107.1947668, 15.8126243 ], [ 107.1934185, 15.8140406 ], [ 107.192215, 15.8155817 ], [ 107.1911678, 15.817233 ], [ 107.1902868, 15.8189786 ], [ 107.1895804, 15.820802 ], [ 107.1894232, 15.8212753 ], [ 107.1888661, 15.8233038 ], [ 107.1885251, 15.8253795 ], [ 107.1884039, 15.8274796 ], [ 107.1885041, 15.8295809 ], [ 107.1888244, 15.8316599 ], [ 107.1893613, 15.8336938 ], [ 107.1896753, 15.8346717 ], [ 107.190325, 15.8364128 ], [ 107.1911335, 15.838086 ], [ 107.1920938, 15.8396769 ], [ 107.1931976, 15.8411718 ], [ 107.1944354, 15.8425579 ], [ 107.1956876, 15.8438353 ], [ 107.1971782, 15.8452091 ], [ 107.1988003, 15.846425 ], [ 107.2004533, 15.8475379 ], [ 107.2030056, 15.8489959 ], [ 107.2037711, 15.8493614 ], [ 107.2044608, 15.8500627 ], [ 107.2058274, 15.8513405 ], [ 107.2071673, 15.852487 ], [ 107.2086031, 15.8535109 ], [ 107.2101234, 15.8544044 ], [ 107.2117166, 15.8551605 ], [ 107.2131178, 15.8557513 ], [ 107.2149613, 15.8564242 ], [ 107.2152169, 15.85649 ], [ 107.2158846, 15.857303 ], [ 107.2172296, 15.8586546 ], [ 107.2182082, 15.8595485 ], [ 107.2198141, 15.8608691 ], [ 107.2215485, 15.8620158 ], [ 107.2233925, 15.8629763 ], [ 107.2253263, 15.8637401 ], [ 107.2273289, 15.864299 ], [ 107.2281761, 15.8644886 ], [ 107.2302471, 15.8648391 ], [ 107.2323434, 15.8649704 ], [ 107.2344419, 15.8648811 ], [ 107.2365195, 15.8645723 ], [ 107.2382989, 15.8642114 ], [ 107.2400576, 15.8637708 ], [ 107.2412668, 15.8633483 ], [ 107.2415599, 15.8636261 ], [ 107.242952, 15.864829 ], [ 107.2444488, 15.8658988 ], [ 107.2475561, 15.8679105 ], [ 107.2492594, 15.8688978 ], [ 107.2510514, 15.8697128 ], [ 107.252234, 15.8701157 ], [ 107.2522883, 15.8702273 ], [ 107.2533313, 15.8719198 ], [ 107.254537, 15.8735003 ], [ 107.2551952, 15.8742795 ], [ 107.256617, 15.8757953 ], [ 107.2581883, 15.8771554 ], [ 107.2598923, 15.878345 ], [ 107.2617106, 15.8793514 ], [ 107.2636235, 15.8801637 ], [ 107.2665582, 15.8812336 ], [ 107.268275, 15.8817734 ], [ 107.2700335, 15.8821566 ], [ 107.2718193, 15.8823802 ], [ 107.2736179, 15.8824423 ], [ 107.2744297, 15.8824338 ], [ 107.2763501, 15.8823212 ], [ 107.2769942, 15.8822207 ], [ 107.2781645, 15.8831563 ], [ 107.2797807, 15.8842103 ], [ 107.2821584, 15.8856022 ], [ 107.2838455, 15.8864847 ], [ 107.2870171, 15.8879561 ], [ 107.2888835, 15.8887104 ], [ 107.2908164, 15.8892731 ], [ 107.292796, 15.8896388 ], [ 107.2939902, 15.8897368 ], [ 107.2960531, 15.8940573 ], [ 107.2970573, 15.895904 ], [ 107.2982497, 15.8976352 ], [ 107.2996173, 15.8992316 ], [ 107.3011449, 15.9006757 ], [ 107.3028156, 15.9019514 ], [ 107.304611, 15.9030448 ], [ 107.3051829, 15.9033531 ], [ 107.3065624, 15.9040297 ], [ 107.315213, 15.9078677 ], [ 107.3163032, 15.9083134 ], [ 107.3187495, 15.9092305 ], [ 107.3205066, 15.9097982 ], [ 107.3223085, 15.9102014 ], [ 107.3241399, 15.9104367 ], [ 107.3259853, 15.9105021 ], [ 107.3280962, 15.9104794 ], [ 107.3301325, 15.9103535 ], [ 107.3321453, 15.9100207 ], [ 107.3327178, 15.9098648 ], [ 107.3334766, 15.9104735 ], [ 107.3352801, 15.9116267 ], [ 107.3371965, 15.9125806 ], [ 107.3392038, 15.9133243 ], [ 107.3411595, 15.9139319 ], [ 107.3429397, 15.9143963 ], [ 107.3447549, 15.9146952 ], [ 107.34659, 15.9148261 ], [ 107.3503232, 15.9149201 ], [ 107.350363, 15.914921 ], [ 107.3532832, 15.9149887 ], [ 107.3535367, 15.915014 ], [ 107.3553487, 15.9157405 ], [ 107.3568589, 15.9162769 ], [ 107.3622374, 15.9179475 ], [ 107.3642529, 15.9184603 ], [ 107.3663107, 15.918761 ], [ 107.3683886, 15.9188464 ], [ 107.3690381, 15.9188393 ], [ 107.3714076, 15.9186723 ], [ 107.3737406, 15.9182256 ], [ 107.3743882, 15.9180612 ], [ 107.3761307, 15.9175334 ], [ 107.377818, 15.9168492 ], [ 107.3794361, 15.9160145 ], [ 107.3809716, 15.915036 ], [ 107.3824117, 15.913922 ], [ 107.3835373, 15.9129663 ], [ 107.3841281, 15.9124385 ], [ 107.3871755, 15.9180854 ], [ 107.3882016, 15.9197801 ], [ 107.3893903, 15.921365 ], [ 107.39073, 15.9228246 ], [ 107.3922075, 15.9241444 ], [ 107.395371, 15.9267002 ], [ 107.3968663, 15.9277977 ], [ 107.3972147, 15.9280067 ], [ 107.3974765, 15.9293875 ], [ 107.3979302, 15.9312746 ], [ 107.3985646, 15.9331089 ], [ 107.3993738, 15.934873 ], [ 107.4003503, 15.9365504 ], [ 107.4009345, 15.9374505 ], [ 107.4021214, 15.939091 ], [ 107.4034681, 15.9406031 ], [ 107.4049608, 15.9419712 ], [ 107.4065842, 15.9431814 ], [ 107.4066455, 15.9432225 ], [ 107.4070161, 15.9449088 ], [ 107.4076757, 15.9468931 ], [ 107.4099421, 15.9526807 ], [ 107.4110736, 15.9577633 ], [ 107.4114725, 15.9592743 ], [ 107.4119881, 15.9607494 ], [ 107.4142084, 15.9663842 ], [ 107.4153088, 15.9687216 ], [ 107.4159819, 15.9699403 ], [ 107.416236, 15.9704003 ], [ 107.4183153, 15.9741644 ], [ 107.4200343, 15.9785271 ], [ 107.4208678, 15.9803649 ], [ 107.4218823, 15.9821093 ], [ 107.4226583, 15.983301 ], [ 107.4221941, 15.9849022 ], [ 107.4218214, 15.9870072 ], [ 107.421585, 15.9889386 ], [ 107.4214383, 15.9916109 ], [ 107.4214444, 15.9921139 ], [ 107.4215614, 15.994045 ], [ 107.4218644, 15.9959557 ], [ 107.4223506, 15.9978283 ], [ 107.4230155, 15.999645 ], [ 107.4238527, 16.0013891 ], [ 107.4248546, 16.0030441 ], [ 107.4260117, 16.0045945 ], [ 107.4273132, 16.0060259 ], [ 107.4287468, 16.0073249 ], [ 107.4302993, 16.0084792 ], [ 107.4319561, 16.0094782 ], [ 107.4337016, 16.0103124 ], [ 107.4355195, 16.0109741 ], [ 107.4357804, 16.011055 ], [ 107.4358616, 16.0110762 ], [ 107.4363824, 16.0124916 ], [ 107.4366051, 16.0130969 ], [ 107.4373088, 16.0147709 ], [ 107.4381615, 16.0163742 ], [ 107.439695, 16.0189664 ], [ 107.4399304, 16.0193643 ], [ 107.4396446, 16.01981 ], [ 107.4391698, 16.02064 ], [ 107.4384989, 16.0209013 ], [ 107.4367603, 16.0217821 ], [ 107.4358367, 16.0223081 ], [ 107.4354296, 16.0225398 ], [ 107.4337523, 16.0236084 ], [ 107.4321894, 16.0248383 ], [ 107.4307564, 16.0262174 ], [ 107.4294675, 16.0277319 ], [ 107.4283353, 16.029367 ], [ 107.4273711, 16.0311065 ], [ 107.4265845, 16.0329331 ], [ 107.4263058, 16.0336805 ], [ 107.4257416, 16.0354371 ], [ 107.4253416, 16.0372382 ], [ 107.4251094, 16.0390685 ], [ 107.4250468, 16.0409125 ], [ 107.4250627, 16.0422147 ], [ 107.4251168, 16.0434614 ], [ 107.4252195, 16.044835 ], [ 107.4249552, 16.0476143 ], [ 107.4249472, 16.0476997 ], [ 107.424609, 16.0514248 ], [ 107.4245286, 16.0534769 ], [ 107.4245388, 16.054314 ], [ 107.4246964, 16.0565881 ], [ 107.4248025, 16.0574242 ], [ 107.4251112, 16.059207 ], [ 107.4251369, 16.0593027 ], [ 107.4232283, 16.0592803 ], [ 107.4222128, 16.0592684 ], [ 107.4218614, 16.0592642 ], [ 107.4213967, 16.0592641 ], [ 107.4195261, 16.0592853 ], [ 107.419499, 16.0592171 ], [ 107.4186677, 16.0573732 ], [ 107.4179069, 16.0558601 ], [ 107.4170208, 16.0544168 ], [ 107.4160157, 16.0530536 ], [ 107.4153308, 16.0522026 ], [ 107.4148691, 16.0516289 ], [ 107.4136474, 16.0502466 ], [ 107.4123036, 16.0489829 ], [ 107.4108491, 16.0478483 ], [ 107.4092963, 16.0468525 ], [ 107.4076583, 16.0460041 ], [ 107.4059491, 16.0453101 ], [ 107.4041832, 16.0447767 ], [ 107.4026251, 16.0443834 ], [ 107.4007696, 16.0440074 ], [ 107.3988869, 16.0438086 ], [ 107.3978978, 16.0437513 ], [ 107.3961348, 16.043727 ], [ 107.3943766, 16.0438581 ], [ 107.3934907, 16.0439636 ], [ 107.3932318, 16.043912 ], [ 107.3927618, 16.0438243 ], [ 107.3912838, 16.0435665 ], [ 107.3894615, 16.0433343 ], [ 107.3876257, 16.0432702 ], [ 107.3869216, 16.043278 ], [ 107.3867578, 16.0432799 ], [ 107.3848365, 16.0433942 ], [ 107.382935, 16.0436927 ], [ 107.3810711, 16.0441726 ], [ 107.3792619, 16.0448294 ], [ 107.3775242, 16.0456571 ], [ 107.3765787, 16.0462249 ], [ 107.3747724, 16.0451464 ], [ 107.3728105, 16.0441179 ], [ 107.3707469, 16.0433127 ], [ 107.3686069, 16.0427406 ], [ 107.3664907, 16.0422988 ], [ 107.3643477, 16.0419714 ], [ 107.3621819, 16.0418779 ], [ 107.3606468, 16.0418949 ], [ 107.3589611, 16.0419848 ], [ 107.357289, 16.0422166 ], [ 107.3556424, 16.0425885 ], [ 107.3548669, 16.0427984 ], [ 107.3548428, 16.0427978 ], [ 107.3531627, 16.0427528 ], [ 107.3519615, 16.0418199 ], [ 107.3504077, 16.040828 ], [ 107.3481858, 16.0395498 ], [ 107.3467971, 16.0388218 ], [ 107.3453556, 16.0382049 ], [ 107.3427533, 16.0372099 ], [ 107.3411076, 16.0366612 ], [ 107.3394206, 16.0362572 ], [ 107.3377049, 16.0360009 ], [ 107.3353032, 16.035748 ], [ 107.3335395, 16.0356407 ], [ 107.3317732, 16.0356896 ], [ 107.3300182, 16.0358941 ], [ 107.328288, 16.0362528 ], [ 107.3280343, 16.0363172 ], [ 107.3271362, 16.0365454 ], [ 107.3249999, 16.0372175 ], [ 107.3229522, 16.0381242 ], [ 107.3210187, 16.0392541 ], [ 107.3204474, 16.0396324 ], [ 107.318815, 16.0408367 ], [ 107.317313, 16.0422002 ], [ 107.3155494, 16.0439724 ], [ 107.3143017, 16.0453484 ], [ 107.3131607, 16.0467307 ], [ 107.3120247, 16.0482481 ], [ 107.3110374, 16.0498663 ], [ 107.3102077, 16.0515706 ], [ 107.3097974, 16.0525261 ], [ 107.3095236, 16.0526299 ], [ 107.3076212, 16.0535942 ], [ 107.30581, 16.0546372 ], [ 107.3043547, 16.0555609 ], [ 107.3029845, 16.0566065 ], [ 107.3017093, 16.0577662 ], [ 107.3000016, 16.0594593 ], [ 107.2997639, 16.059699 ], [ 107.2995654, 16.0599025 ], [ 107.2913737, 16.0682994 ], [ 107.2900294, 16.0698255 ], [ 107.288847, 16.0714801 ], [ 107.2875272, 16.0735411 ], [ 107.2864028, 16.075541 ], [ 107.2848508, 16.078715 ], [ 107.2837958, 16.0805226 ], [ 107.2825088, 16.0824804 ], [ 107.2821497, 16.0828152 ], [ 107.2802798, 16.0848145 ], [ 107.2782924, 16.0872548 ], [ 107.2771125, 16.0888609 ], [ 107.2760983, 16.0905763 ], [ 107.2750651, 16.0925412 ], [ 107.2743053, 16.0941575 ], [ 107.2736927, 16.0958352 ], [ 107.2734099, 16.0968948 ], [ 107.2722345, 16.0969073 ], [ 107.2706249, 16.0969894 ], [ 107.2683236, 16.0972 ], [ 107.2661881, 16.0975124 ], [ 107.2640986, 16.0980531 ], [ 107.2620796, 16.0988157 ], [ 107.2601545, 16.0997915 ], [ 107.2583458, 16.1009691 ], [ 107.2565372, 16.1022908 ], [ 107.2552035, 16.1033556 ], [ 107.2539654, 16.1045303 ], [ 107.252832, 16.1058062 ], [ 107.250844, 16.1082464 ], [ 107.2496475, 16.109877 ], [ 107.2486218, 16.11162 ], [ 107.2477774, 16.1134577 ], [ 107.2468917, 16.1156744 ], [ 107.2456351, 16.1183205 ], [ 107.2441098, 16.1189695 ], [ 107.2426176, 16.1197591 ], [ 107.2418722, 16.1201948 ], [ 107.2409979, 16.1207058 ], [ 107.2395888, 16.1216104 ], [ 107.2382603, 16.1226298 ], [ 107.2365798, 16.1240348 ], [ 107.2352179, 16.1251734 ], [ 107.2349836, 16.1253867 ], [ 107.2347204, 16.1252626 ], [ 107.233908, 16.1249014 ], [ 107.2313039, 16.1238121 ], [ 107.229452, 16.1231425 ], [ 107.2275432, 16.1226583 ], [ 107.2235983, 16.121862 ], [ 107.221484, 16.1215517 ], [ 107.2193487, 16.1214687 ], [ 107.2186578, 16.1214788 ], [ 107.217399, 16.1214972 ], [ 107.2158413, 16.1215808 ], [ 107.2144912, 16.1217596 ], [ 107.2141193, 16.1217868 ], [ 107.2126319, 16.1219516 ], [ 107.211161, 16.1222271 ], [ 107.2098927, 16.1225142 ], [ 107.2097261, 16.1225527 ], [ 107.2080135, 16.1229558 ], [ 107.2062246, 16.1234657 ], [ 107.2044909, 16.1241396 ], [ 107.2027714, 16.1249018 ], [ 107.2013717, 16.125615 ], [ 107.199702, 16.1254182 ], [ 107.1974922, 16.1252549 ], [ 107.195616, 16.1252045 ], [ 107.1937433, 16.1253303 ], [ 107.1918906, 16.1256311 ], [ 107.1904299, 16.1259392 ], [ 107.1897183, 16.1260893 ], [ 107.1880485, 16.1265176 ], [ 107.186655, 16.1269398 ], [ 107.1848974, 16.1275632 ], [ 107.1832056, 16.1283475 ], [ 107.1815942, 16.129286 ], [ 107.181275, 16.1294923 ], [ 107.1799958, 16.1303194 ], [ 107.177838, 16.1319305 ], [ 107.176468, 16.133105 ], [ 107.1752032, 16.1341895 ], [ 107.174782, 16.1345024 ], [ 107.1743556, 16.1348193 ], [ 107.1741623, 16.1349339 ], [ 107.1732744, 16.1354922 ], [ 107.1731642, 16.1355656 ], [ 107.172579, 16.1359555 ], [ 107.1718784, 16.136336 ], [ 107.1705148, 16.1371485 ], [ 107.1692199, 16.1380665 ], [ 107.1670778, 16.1397167 ], [ 107.1669196, 16.1398398 ], [ 107.1637624, 16.1423228 ], [ 107.1621285, 16.1435814 ], [ 107.1608122, 16.1446887 ], [ 107.1595959, 16.145905 ], [ 107.1584887, 16.1472212 ], [ 107.1577422, 16.1482817 ], [ 107.1570957, 16.1484318 ], [ 107.1563901, 16.1485956 ], [ 107.1549283, 16.1489352 ], [ 107.1528086, 16.1495526 ], [ 107.1507699, 16.1503999 ], [ 107.148837, 16.1514667 ], [ 107.1478704, 16.1520721 ], [ 107.1470249, 16.1526017 ], [ 107.1452197, 16.1538764 ], [ 107.1435661, 16.1553426 ], [ 107.1420843, 16.1569822 ], [ 107.1405684, 16.1588584 ], [ 107.1392566, 16.1606829 ], [ 107.1381577, 16.1626431 ], [ 107.1372857, 16.1647141 ], [ 107.1368198, 16.1660215 ], [ 107.1363012, 16.1677089 ], [ 107.1359334, 16.1694355 ], [ 107.1357192, 16.1711877 ], [ 107.1356605, 16.172952 ], [ 107.1356679, 16.1736352 ], [ 107.1343411, 16.1749309 ], [ 107.1331355, 16.1763503 ], [ 107.1319045, 16.1779445 ], [ 107.1307216, 16.1796531 ], [ 107.1297224, 16.1814751 ], [ 107.1289176, 16.183391 ], [ 107.128316, 16.18538 ], [ 107.127856, 16.1872456 ], [ 107.1275009, 16.1890323 ], [ 107.1273098, 16.1908439 ], [ 107.1272844, 16.1926653 ], [ 107.1273088, 16.1934374 ], [ 107.1273163, 16.1936733 ], [ 107.1273379, 16.1943552 ], [ 107.1273997, 16.195097 ], [ 107.1266726, 16.196565 ], [ 107.1260042, 16.1983057 ], [ 107.1249239, 16.201566 ], [ 107.1242907, 16.2034769 ], [ 107.1237644, 16.2053735 ], [ 107.123427, 16.2073125 ], [ 107.1229891, 16.2108534 ], [ 107.1228381, 16.2132228 ], [ 107.1228259, 16.2160841 ], [ 107.1229094, 16.2179974 ], [ 107.1231755, 16.2198939 ], [ 107.1236219, 16.2217562 ], [ 107.1247331, 16.2255758 ], [ 107.1253857, 16.2274624 ], [ 107.1262231, 16.2292745 ], [ 107.127237, 16.2309941 ], [ 107.1297577, 16.2348192 ], [ 107.129889, 16.2349968 ], [ 107.1298358, 16.2352974 ], [ 107.1295963, 16.2371558 ], [ 107.1295317, 16.2390283 ], [ 107.1296427, 16.2408987 ], [ 107.1299283, 16.2427506 ], [ 107.1301776, 16.2439815 ], [ 107.1302731, 16.2444533 ], [ 107.1307867, 16.246453 ], [ 107.1315037, 16.2483891 ], [ 107.1324165, 16.250241 ], [ 107.1334397, 16.2520722 ], [ 107.133476, 16.2521644 ], [ 107.1327993, 16.2533795 ], [ 107.1321302, 16.2546923 ], [ 107.1315998, 16.2559553 ], [ 107.1314418, 16.2560507 ], [ 107.1277678, 16.2584199 ], [ 107.1277245, 16.2584479 ], [ 107.124517, 16.260528 ], [ 107.1237809, 16.261029 ], [ 107.1212749, 16.2628175 ], [ 107.1210895, 16.2629514 ], [ 107.116207, 16.266521 ], [ 107.1113495, 16.2698507 ], [ 107.1084878, 16.2717134 ], [ 107.1079429, 16.272081 ], [ 107.1061479, 16.2733352 ], [ 107.1026054, 16.2756921 ], [ 107.1022394, 16.2759415 ], [ 107.0986833, 16.2784228 ], [ 107.0985397, 16.278524 ], [ 107.094401, 16.2814662 ], [ 107.093672, 16.2820098 ], [ 107.0908422, 16.2842218 ], [ 107.0878007, 16.2861471 ], [ 107.0866541, 16.28693 ], [ 107.0853992, 16.2878523 ], [ 107.0836099, 16.2889162 ], [ 107.0826548, 16.289542 ], [ 107.0820343, 16.2890819 ], [ 107.0803529, 16.288074 ], [ 107.0784219, 16.2870416 ], [ 107.0764447, 16.2861194 ], [ 107.0743788, 16.2854181 ], [ 107.0722488, 16.2849459 ], [ 107.07008, 16.2847086 ], [ 107.0672366, 16.2845537 ], [ 107.0652207, 16.2845456 ], [ 107.0632142, 16.2847405 ], [ 107.0614729, 16.2849988 ], [ 107.0588488, 16.2853519 ], [ 107.0585023, 16.2854016 ], [ 107.0566347, 16.2856863 ], [ 107.0556178, 16.2849779 ], [ 107.0539461, 16.2840373 ], [ 107.0523107, 16.2832178 ], [ 107.0503615, 16.2823675 ], [ 107.048333, 16.281729 ], [ 107.0462482, 16.2813095 ], [ 107.0451056, 16.2811422 ], [ 107.0432116, 16.2809564 ], [ 107.0413086, 16.2809514 ], [ 107.0394136, 16.2811274 ], [ 107.037544, 16.2814826 ], [ 107.03557, 16.281956 ], [ 107.0351117, 16.282066 ], [ 107.0331763, 16.2826348 ], [ 107.031308, 16.2833957 ], [ 107.0295259, 16.2843409 ], [ 107.027848, 16.2854609 ], [ 107.027296, 16.285916 ], [ 107.0266739, 16.2856123 ], [ 107.0249439, 16.2849581 ], [ 107.0240248, 16.2846583 ], [ 107.0219334, 16.2840993 ], [ 107.0197939, 16.2837697 ], [ 107.0176313, 16.2836732 ], [ 107.016795, 16.2836812 ], [ 107.014056, 16.2838961 ], [ 107.0121075, 16.2841847 ], [ 107.0116621, 16.2842558 ], [ 107.0102308, 16.2845009 ], [ 107.0082488, 16.284945 ], [ 107.006322, 16.2855878 ], [ 107.0044704, 16.2864227 ], [ 107.002713, 16.287441 ], [ 107.001068, 16.2886324 ], [ 106.9995523, 16.2899845 ], [ 106.9995208, 16.2900156 ], [ 106.9988807, 16.2897945 ], [ 106.9980819, 16.2895706 ], [ 106.9960201, 16.2891086 ], [ 106.9955957, 16.2890368 ], [ 106.9951487, 16.2889611 ], [ 106.9945709, 16.288872 ], [ 106.9936977, 16.2887503 ], [ 106.9928624, 16.2886557 ], [ 106.9926855, 16.2886117 ], [ 106.9920076, 16.2884639 ], [ 106.9917905, 16.288403 ], [ 106.991009, 16.2881337 ], [ 106.9891902, 16.2873948 ], [ 106.9871344, 16.2866871 ], [ 106.985297, 16.2861644 ], [ 106.9846987, 16.2860041 ], [ 106.9821832, 16.285372 ], [ 106.9802895, 16.2849923 ], [ 106.9777997, 16.2846171 ], [ 106.9764022, 16.284315 ], [ 106.9761842, 16.2842692 ], [ 106.9727975, 16.2835765 ], [ 106.9714927, 16.2833543 ], [ 106.9703475, 16.2831981 ], [ 106.9683751, 16.2830279 ], [ 106.9663955, 16.2830536 ], [ 106.964155, 16.2831938 ], [ 106.9622836, 16.2833997 ], [ 106.9604398, 16.2837807 ], [ 106.95864, 16.2843334 ], [ 106.9569001, 16.2850528 ], [ 106.9552356, 16.2859327 ], [ 106.9536612, 16.2869651 ], [ 106.9524623, 16.2878347 ], [ 106.9510412, 16.2889676 ], [ 106.9497287, 16.2902247 ], [ 106.9485358, 16.2915958 ], [ 106.9474723, 16.2930695 ], [ 106.9465469, 16.2946337 ], [ 106.9452694, 16.2970359 ], [ 106.9444416, 16.2987936 ], [ 106.9437882, 16.3006234 ], [ 106.9431689, 16.3026659 ], [ 106.9427599, 16.3042432 ], [ 106.9424808, 16.3058487 ], [ 106.942221, 16.3078145 ], [ 106.9420684, 16.3095449 ], [ 106.9419343, 16.3125555 ], [ 106.9419457, 16.3145618 ], [ 106.9420975, 16.3172772 ], [ 106.9421646, 16.3181415 ], [ 106.9422201, 16.3186993 ], [ 106.9426501, 16.3230242 ], [ 106.9430257, 16.3253726 ], [ 106.9436774, 16.3276598 ], [ 106.9443479, 16.3295731 ], [ 106.9444925, 16.3305452 ], [ 106.9439167, 16.3367853 ], [ 106.9438845, 16.3370192 ], [ 106.9437117, 16.3390073 ], [ 106.9437375, 16.3409752 ], [ 106.9420368, 16.3415416 ], [ 106.9398638, 16.3422064 ], [ 106.9391002, 16.3424569 ], [ 106.938709, 16.342594 ], [ 106.9366247, 16.3433247 ], [ 106.936556, 16.3433489 ], [ 106.9335474, 16.3444159 ], [ 106.9324672, 16.3448346 ], [ 106.9299719, 16.3458859 ], [ 106.9294664, 16.346099 ], [ 106.9292257, 16.3462023 ], [ 106.9279161, 16.3467745 ], [ 106.9257343, 16.3476274 ], [ 106.9253629, 16.3477769 ], [ 106.9239054, 16.3483806 ], [ 106.9223446, 16.3489982 ], [ 106.9205699, 16.3496894 ], [ 106.9201546, 16.3498565 ], [ 106.9199113, 16.3499576 ], [ 106.9184298, 16.3504814 ], [ 106.9169319, 16.3511537 ], [ 106.9158299, 16.3517038 ], [ 106.9146096, 16.352299 ], [ 106.913687, 16.3527792 ], [ 106.9119596, 16.353736 ], [ 106.9111516, 16.3541824 ], [ 106.9109262, 16.3543069 ], [ 106.9097169, 16.3549498 ], [ 106.9078827, 16.3560546 ], [ 106.9061771, 16.3573491 ], [ 106.9043151, 16.3589264 ], [ 106.9027107, 16.3602519 ], [ 106.9014826, 16.3613548 ], [ 106.9003497, 16.3625552 ], [ 106.8994041, 16.3636438 ], [ 106.8982298, 16.3651327 ], [ 106.8972018, 16.3667262 ], [ 106.8971817, 16.3667608 ], [ 106.8967629, 16.3670021 ], [ 106.8948761, 16.3682358 ], [ 106.89314, 16.3696741 ], [ 106.891887, 16.3708374 ], [ 106.8900421, 16.3725086 ], [ 106.8898915, 16.3726464 ], [ 106.8897796, 16.3727498 ], [ 106.8895189, 16.372897 ], [ 106.8876169, 16.3739942 ], [ 106.8861082, 16.3749569 ], [ 106.8846916, 16.3760507 ], [ 106.8833785, 16.3772667 ], [ 106.8828183, 16.3778341 ], [ 106.8819188, 16.3787451 ], [ 106.8807558, 16.3800298 ], [ 106.8797084, 16.3814104 ], [ 106.8787844, 16.3828764 ], [ 106.878275, 16.3837681 ], [ 106.8773497, 16.3856002 ], [ 106.876617, 16.3875176 ], [ 106.8761527, 16.3889489 ], [ 106.8756434, 16.390825 ], [ 106.8753187, 16.3927417 ], [ 106.8749535, 16.3957909 ], [ 106.8749282, 16.3961265 ], [ 106.8738543, 16.3977728 ], [ 106.8726836, 16.3998227 ], [ 106.8717626, 16.4019962 ], [ 106.8713359, 16.4031957 ], [ 106.8707401, 16.405195 ], [ 106.8705145, 16.406399 ], [ 106.8686224, 16.407059 ], [ 106.8683356, 16.4071615 ], [ 106.8656349, 16.4081499 ], [ 106.8636708, 16.4089902 ], [ 106.8618076, 16.4100352 ], [ 106.8600664, 16.411273 ], [ 106.8584672, 16.4126894 ], [ 106.8579712, 16.4131785 ], [ 106.8568888, 16.4142454 ], [ 106.8556431, 16.4155915 ], [ 106.8545259, 16.4170461 ], [ 106.8535467, 16.4185969 ], [ 106.8526361, 16.4201971 ], [ 106.8517557, 16.4219361 ], [ 106.8510489, 16.4237527 ], [ 106.8505222, 16.4256294 ], [ 106.8501807, 16.4275484 ], [ 106.8500558, 16.4285238 ], [ 106.8499336, 16.429803 ], [ 106.8497813, 16.4322135 ], [ 106.8497461, 16.4339037 ], [ 106.8497821, 16.4355812 ], [ 106.8500377, 16.4383677 ], [ 106.8502071, 16.4394076 ], [ 106.8506342, 16.4413899 ], [ 106.8512597, 16.4433187 ], [ 106.8520774, 16.4451743 ], [ 106.8530788, 16.4469375 ], [ 106.8542535, 16.4485903 ], [ 106.8546166, 16.4490499 ], [ 106.8561474, 16.4507732 ], [ 106.8568717, 16.4514996 ], [ 106.8583689, 16.4528567 ], [ 106.8590927, 16.4533902 ], [ 106.8599775, 16.4549855 ], [ 106.8605199, 16.4559048 ], [ 106.8612264, 16.4570323 ], [ 106.8606337, 16.4576784 ], [ 106.8594912, 16.459189 ], [ 106.858881, 16.4600806 ], [ 106.8578796, 16.461705 ], [ 106.8570376, 16.4634173 ], [ 106.8563627, 16.4652022 ], [ 106.856015, 16.4662735 ], [ 106.8555756, 16.467842 ], [ 106.8552654, 16.469441 ], [ 106.8551627, 16.4701164 ], [ 106.8549853, 16.4717116 ], [ 106.8549363, 16.4733159 ], [ 106.8549503, 16.4747672 ], [ 106.8551879, 16.4776541 ], [ 106.8554743, 16.4794918 ], [ 106.8555807, 16.4801102 ], [ 106.8558966, 16.4817894 ], [ 106.8561251, 16.4835419 ], [ 106.8562008, 16.4840685 ], [ 106.8566679, 16.4870342 ], [ 106.8570085, 16.4887206 ], [ 106.8574927, 16.4903716 ], [ 106.858117, 16.4919748 ], [ 106.8588768, 16.4935184 ], [ 106.8594855, 16.4946315 ], [ 106.8607256, 16.4966143 ], [ 106.8621887, 16.4984388 ], [ 106.8629141, 16.4992422 ], [ 106.8646073, 16.500907 ], [ 106.8659861, 16.5019731 ], [ 106.8659961, 16.502106 ], [ 106.86659, 16.5085398 ], [ 106.866303, 16.5087138 ], [ 106.8646936, 16.5099271 ], [ 106.8632144, 16.5112961 ], [ 106.8618806, 16.5128071 ], [ 106.8609746, 16.5139441 ], [ 106.8596638, 16.5157955 ], [ 106.859243, 16.5165611 ], [ 106.8583105, 16.5169089 ], [ 106.8557392, 16.518081 ], [ 106.8544917, 16.5187599 ], [ 106.8539802, 16.5190383 ], [ 106.8535797, 16.5192623 ], [ 106.8460758, 16.5235731 ], [ 106.84613, 16.5221634 ], [ 106.8461184, 16.5203673 ], [ 106.8459456, 16.5185796 ], [ 106.8456131, 16.5168145 ], [ 106.8450108, 16.5142548 ], [ 106.844318, 16.5119452 ], [ 106.8439088, 16.5108302 ], [ 106.8430916, 16.5089173 ], [ 106.8420801, 16.5070997 ], [ 106.8408853, 16.505397 ], [ 106.8395202, 16.5038276 ], [ 106.8388455, 16.5031289 ], [ 106.8386423, 16.5026692 ], [ 106.8385013, 16.5023762 ], [ 106.8378072, 16.5006535 ], [ 106.8372113, 16.4993174 ], [ 106.8366577, 16.498189 ], [ 106.8359329, 16.4965732 ], [ 106.8318565, 16.4837075 ], [ 106.8312307, 16.4820048 ], [ 106.8304531, 16.4803658 ], [ 106.8295303, 16.478804 ], [ 106.8284298, 16.4771207 ], [ 106.8275036, 16.4756136 ], [ 106.8274683, 16.4755563 ], [ 106.8263755, 16.4737914 ], [ 106.8257896, 16.4728993 ], [ 106.8244561, 16.4709823 ], [ 106.8235002, 16.4697182 ], [ 106.8230474, 16.4691663 ], [ 106.8227852, 16.468118 ], [ 106.8224807, 16.4667671 ], [ 106.8220954, 16.4653144 ], [ 106.8216021, 16.4638948 ], [ 106.820904, 16.4621056 ], [ 106.8198775, 16.459394 ], [ 106.8195849, 16.4586646 ], [ 106.8191047, 16.4575326 ], [ 106.8190162, 16.4573239 ], [ 106.8181815, 16.4555917 ], [ 106.8171844, 16.4539476 ], [ 106.8160339, 16.4524069 ], [ 106.8147408, 16.4509838 ], [ 106.8133171, 16.4496914 ], [ 106.8127145, 16.4491951 ], [ 106.8110999, 16.4479963 ], [ 106.8093731, 16.4469657 ], [ 106.8075515, 16.4461137 ], [ 106.8056535, 16.445449 ], [ 106.8036985, 16.4449782 ], [ 106.801706, 16.4447061 ], [ 106.7996962, 16.4446355 ], [ 106.7976896, 16.4447671 ], [ 106.7957062, 16.4450995 ], [ 106.7937663, 16.4456294 ], [ 106.7919963, 16.4463103 ], [ 106.7919998, 16.4462781 ], [ 106.7921068, 16.4448005 ], [ 106.7921041, 16.443319 ], [ 106.7919822, 16.4401845 ], [ 106.7918299, 16.4383794 ], [ 106.7915149, 16.4365955 ], [ 106.7906909, 16.4329121 ], [ 106.7902183, 16.4311719 ], [ 106.7895909, 16.4294813 ], [ 106.7883044, 16.4264424 ], [ 106.7873335, 16.4244612 ], [ 106.7861502, 16.4225989 ], [ 106.7841917, 16.4198626 ], [ 106.7829684, 16.41832 ], [ 106.7815993, 16.4169051 ], [ 106.7782325, 16.4137521 ], [ 106.7767548, 16.4124969 ], [ 106.7751625, 16.4113907 ], [ 106.7734705, 16.410444 ], [ 106.768899, 16.4081695 ], [ 106.766803, 16.4072718 ], [ 106.7646184, 16.4066185 ], [ 106.7610964, 16.4057807 ], [ 106.7604811, 16.4056713 ], [ 106.7600379, 16.4049434 ], [ 106.75864, 16.4028915 ], [ 106.7574758, 16.4013486 ], [ 106.7559355, 16.3995002 ], [ 106.7546387, 16.3980876 ], [ 106.7532126, 16.3968058 ], [ 106.7516704, 16.3956663 ], [ 106.750125, 16.3946353 ], [ 106.74846, 16.3936378 ], [ 106.7467061, 16.3928063 ], [ 106.7448799, 16.3921487 ], [ 106.7429986, 16.3916713 ], [ 106.7410798, 16.3913785 ], [ 106.7391418, 16.391273 ], [ 106.7382649, 16.3912679 ], [ 106.7378731, 16.3912656 ], [ 106.7360758, 16.391336 ], [ 106.7342921, 16.3915675 ], [ 106.7325364, 16.3919584 ], [ 106.7308229, 16.3925054 ], [ 106.7291656, 16.3932041 ], [ 106.7281751, 16.3936752 ], [ 106.7264266, 16.3946159 ], [ 106.7247801, 16.3957253 ], [ 106.7232516, 16.3969926 ], [ 106.7218564, 16.3984051 ], [ 106.7206081, 16.399949 ], [ 106.7195189, 16.401609 ], [ 106.7185998, 16.4033689 ], [ 106.7180991, 16.4044559 ], [ 106.7172637, 16.4065811 ], [ 106.7169703, 16.4076826 ], [ 106.7164428, 16.4078501 ], [ 106.7147309, 16.4085747 ], [ 106.7130937, 16.409455 ], [ 106.7115452, 16.4104836 ], [ 106.7097024, 16.4118352 ], [ 106.7089102, 16.4124473 ], [ 106.7064991, 16.4144086 ], [ 106.7056768, 16.4151563 ], [ 106.7041399, 16.4154396 ], [ 106.7003981, 16.4160733 ], [ 106.6984309, 16.4165094 ], [ 106.6965177, 16.4171413 ], [ 106.6930521, 16.4184829 ], [ 106.6915788, 16.4191223 ], [ 106.6902836, 16.419813 ], [ 106.6882778, 16.4196837 ], [ 106.6868447, 16.419675 ], [ 106.6867221, 16.4196742 ], [ 106.6848235, 16.4197533 ], [ 106.682941, 16.4200123 ], [ 106.6810915, 16.4204487 ], [ 106.6792918, 16.4210587 ], [ 106.6775581, 16.4218367 ], [ 106.6764963, 16.4223752 ], [ 106.6746817, 16.4234183 ], [ 106.672986, 16.4246454 ], [ 106.672064, 16.4253891 ], [ 106.6705931, 16.4267003 ], [ 106.6692583, 16.4281499 ], [ 106.6680726, 16.4297238 ], [ 106.6670476, 16.4314067 ], [ 106.6661932, 16.4331824 ], [ 106.6657632, 16.4342017 ], [ 106.6653733, 16.4352695 ], [ 106.6643448, 16.4358014 ], [ 106.6627858, 16.4368006 ], [ 106.6613259, 16.4379396 ], [ 106.6599775, 16.4392089 ], [ 106.659125, 16.4400893 ], [ 106.657679, 16.4417578 ], [ 106.6564257, 16.4435756 ], [ 106.6553805, 16.4455204 ], [ 106.6545217, 16.4473544 ], [ 106.6537144, 16.4493521 ], [ 106.6531266, 16.4514251 ], [ 106.6527654, 16.4535492 ], [ 106.6526413, 16.4546274 ], [ 106.6520862, 16.4548181 ], [ 106.6501777, 16.4557077 ], [ 106.6483733, 16.456793 ], [ 106.646693, 16.458062 ], [ 106.6451555, 16.4595007 ], [ 106.6443739, 16.4603133 ], [ 106.6430787, 16.4618001 ], [ 106.6419362, 16.4634072 ], [ 106.6409575, 16.4651189 ], [ 106.6401521, 16.4669188 ], [ 106.6395279, 16.4687892 ], [ 106.6391664, 16.4700813 ], [ 106.6386777, 16.4723117 ], [ 106.6384465, 16.4745832 ], [ 106.6384756, 16.4768663 ], [ 106.6387332, 16.4805467 ], [ 106.6389205, 16.4822141 ], [ 106.6392468, 16.48386 ], [ 106.6395563, 16.4851375 ], [ 106.6393652, 16.4856362 ], [ 106.6390051, 16.486724 ], [ 106.6384538, 16.4887352 ], [ 106.638115, 16.4907928 ], [ 106.6379923, 16.4928746 ], [ 106.6379845, 16.4940326 ], [ 106.6380778, 16.4961016 ], [ 106.6382575, 16.497302 ], [ 106.6377442, 16.4978726 ], [ 106.6366957, 16.4992647 ], [ 106.6354841, 16.5010284 ], [ 106.6343775, 16.502838 ], [ 106.6334687, 16.5047546 ], [ 106.6333123, 16.5051354 ], [ 106.6329664, 16.5059777 ], [ 106.6322417, 16.5080629 ], [ 106.6318314, 16.5098636 ], [ 106.6315772, 16.5101437 ], [ 106.6310846, 16.5107535 ], [ 106.6308617, 16.5110297 ], [ 106.6296784, 16.5126565 ], [ 106.6286645, 16.514394 ], [ 106.6278302, 16.5162245 ], [ 106.6271839, 16.5178554 ], [ 106.6265806, 16.5196121 ], [ 106.6261428, 16.5214172 ], [ 106.6258743, 16.5232551 ], [ 106.6255713, 16.5263187 ], [ 106.6254742, 16.5282704 ], [ 106.6254692, 16.5342312 ], [ 106.6254742, 16.5346961 ], [ 106.6255826, 16.5395336 ], [ 106.6256263, 16.5404809 ], [ 106.625755, 16.542321 ], [ 106.6260221, 16.544466 ], [ 106.6265192, 16.5465695 ], [ 106.6272403, 16.5486072 ], [ 106.6278654, 16.5501099 ], [ 106.6289366, 16.5522984 ], [ 106.6302659, 16.5543405 ], [ 106.63156, 16.5560858 ], [ 106.6327551, 16.5575478 ], [ 106.6340826, 16.5588906 ], [ 106.6359802, 16.5606368 ], [ 106.6402195, 16.5650911 ], [ 106.6404479, 16.5653271 ], [ 106.6418133, 16.5667154 ], [ 106.641132, 16.5671332 ], [ 106.6407952, 16.567379 ], [ 106.6398503, 16.5666858 ], [ 106.638105, 16.5655405 ], [ 106.6362498, 16.5645834 ], [ 106.6343049, 16.5638248 ], [ 106.6322916, 16.5632731 ], [ 106.6302318, 16.5629343 ], [ 106.6281478, 16.562812 ], [ 106.6271002, 16.5628053 ], [ 106.6265212, 16.5628017 ], [ 106.6245731, 16.5628846 ], [ 106.6226423, 16.5631568 ], [ 106.6207472, 16.5636157 ], [ 106.6189058, 16.5642569 ], [ 106.6171356, 16.5650744 ], [ 106.6157185, 16.5658147 ], [ 106.6140685, 16.5667798 ], [ 106.6125182, 16.5678979 ], [ 106.6110817, 16.5691589 ], [ 106.6097721, 16.5705513 ], [ 106.6086015, 16.5720624 ], [ 106.6074607, 16.57369 ], [ 106.6065309, 16.5751466 ], [ 106.6057303, 16.576678 ], [ 106.6048704, 16.5785118 ], [ 106.6041527, 16.5802508 ], [ 106.6036015, 16.5820495 ], [ 106.6032218, 16.5838921 ], [ 106.6026163, 16.5877375 ], [ 106.6021751, 16.5877246 ], [ 106.6021074, 16.587689 ], [ 106.5996548, 16.5859608 ], [ 106.5978167, 16.5848093 ], [ 106.5958647, 16.5838637 ], [ 106.5938217, 16.583135 ], [ 106.5924125, 16.582717 ], [ 106.5900299, 16.5821662 ], [ 106.5887604, 16.5819535 ], [ 106.586975, 16.5817364 ], [ 106.5851774, 16.5816805 ], [ 106.583382, 16.5817864 ], [ 106.5816034, 16.5820531 ], [ 106.5807699, 16.5822167 ], [ 106.5802594, 16.5823169 ], [ 106.5784852, 16.5827502 ], [ 106.5767579, 16.5833435 ], [ 106.5750919, 16.5840919 ], [ 106.5735012, 16.5849892 ], [ 106.5719989, 16.5860278 ], [ 106.5702242, 16.5873786 ], [ 106.5685097, 16.5888433 ], [ 106.5669711, 16.5904917 ], [ 106.5656277, 16.5923028 ], [ 106.564557, 16.5939307 ], [ 106.5635841, 16.5955761 ], [ 106.5627728, 16.5973069 ], [ 106.5621304, 16.5991072 ], [ 106.5612629, 16.6019626 ], [ 106.5608736, 16.6034463 ], [ 106.5605991, 16.6049556 ], [ 106.5603761, 16.6065209 ], [ 106.5602006, 16.608355 ], [ 106.5601945, 16.6101975 ], [ 106.5603581, 16.6120327 ], [ 106.5606266, 16.6140101 ], [ 106.5610301, 16.6161226 ], [ 106.5616582, 16.6181796 ], [ 106.5619727, 16.6190408 ], [ 106.5618475, 16.619132 ], [ 106.5593141, 16.6209168 ], [ 106.5585894, 16.6214274 ], [ 106.5580405, 16.6218284 ], [ 106.5551964, 16.6239808 ], [ 106.5541677, 16.6248142 ], [ 106.5518, 16.626866 ], [ 106.5500456, 16.628586 ], [ 106.5495206, 16.6291682 ], [ 106.5488761, 16.6298827 ], [ 106.5478144, 16.631163 ], [ 106.5468628, 16.6325271 ], [ 106.5460278, 16.6339656 ], [ 106.5450037, 16.635912 ], [ 106.5441683, 16.637711 ], [ 106.5435152, 16.6395839 ], [ 106.5430509, 16.6415122 ], [ 106.5427798, 16.6434771 ], [ 106.5426358, 16.6451189 ], [ 106.5425684, 16.6462639 ], [ 106.5425419, 16.6471431 ], [ 106.5425751, 16.6490453 ], [ 106.5427889, 16.6509358 ], [ 106.5431813, 16.6527974 ], [ 106.5437489, 16.6546133 ], [ 106.5440694, 16.6554899 ], [ 106.5446231, 16.656803 ], [ 106.5444819, 16.6573133 ], [ 106.5434733, 16.6585068 ], [ 106.542013, 16.6605158 ], [ 106.5412696, 16.6615384 ], [ 106.5402686, 16.6630559 ], [ 106.5394095, 16.6646581 ], [ 106.538455, 16.6666507 ], [ 106.5377314, 16.6683608 ], [ 106.5366409, 16.6713129 ], [ 106.5360959, 16.6730197 ], [ 106.5348695, 16.6775525 ], [ 106.5346904, 16.6782664 ], [ 106.5339158, 16.6816133 ], [ 106.5320731, 16.6860591 ], [ 106.5319841, 16.6862775 ], [ 106.5312193, 16.688186 ], [ 106.5306437, 16.6898253 ], [ 106.5302125, 16.6915082 ], [ 106.529929, 16.6932223 ], [ 106.5298594, 16.6937973 ], [ 106.5297182, 16.6958144 ], [ 106.5297814, 16.6978355 ], [ 106.530008, 16.7005973 ], [ 106.5302283, 16.7044909 ], [ 106.5303412, 16.7140936 ], [ 106.5303549, 16.7157855 ], [ 106.5303143, 16.7164277 ], [ 106.5301363, 16.7192398 ], [ 106.5300991, 16.720832 ], [ 106.5303165, 16.7340472 ], [ 106.5304346, 16.753112 ], [ 106.5298192, 16.7714236 ], [ 106.5298082, 16.7719897 ], [ 106.5297068, 16.7911726 ], [ 106.5291606, 16.8097845 ], [ 106.5291527, 16.8101995 ], [ 106.5291146, 16.8146487 ], [ 106.529077, 16.8188946 ], [ 106.5288355, 16.8298582 ], [ 106.5288317, 16.8300917 ], [ 106.5287901, 16.834113 ], [ 106.5287897, 16.8344822 ], [ 106.528806, 16.8364909 ], [ 106.5288218, 16.8384387 ], [ 106.5287943, 16.8434417 ], [ 106.5285315, 16.8504855 ], [ 106.5285183, 16.8513936 ], [ 106.5285395, 16.8540038 ], [ 106.5276173, 16.8545408 ], [ 106.5267628, 16.8550384 ], [ 106.5252979, 16.8559792 ], [ 106.5239204, 16.8570437 ], [ 106.5226407, 16.8582241 ], [ 106.5214685, 16.8595113 ], [ 106.5208056, 16.8603061 ], [ 106.5190946, 16.8626943 ], [ 106.5166724, 16.8666616 ], [ 106.5163978, 16.8671254 ], [ 106.5148309, 16.8698545 ], [ 106.5144294, 16.8699955 ], [ 106.5104992, 16.8714607 ], [ 106.5085797, 16.8722931 ], [ 106.5067577, 16.8733215 ], [ 106.505053, 16.8745345 ], [ 106.5034845, 16.8759191 ], [ 106.5025989, 16.8767873 ], [ 106.5013412, 16.8781396 ], [ 106.5002136, 16.8796022 ], [ 106.4992258, 16.8811626 ], [ 106.4983861, 16.8828074 ], [ 106.4971279, 16.8855813 ], [ 106.4967903, 16.8863257 ], [ 106.4967814, 16.8863453 ], [ 106.4959553, 16.8881718 ], [ 106.4959496, 16.8881844 ], [ 106.4958113, 16.8884546 ], [ 106.4950183, 16.8902072 ], [ 106.4943973, 16.892028 ], [ 106.4939541, 16.8938999 ], [ 106.4936928, 16.8958058 ], [ 106.4936159, 16.897728 ], [ 106.4936195, 16.898173 ], [ 106.4937201, 16.9000214 ], [ 106.4939912, 16.9018525 ], [ 106.4944304, 16.9036508 ], [ 106.495034, 16.9054007 ], [ 106.4952326, 16.9059002 ], [ 106.4952318, 16.9059031 ], [ 106.494814, 16.9077235 ], [ 106.494568, 16.9095749 ], [ 106.4944956, 16.9114412 ], [ 106.4945135, 16.9136838 ], [ 106.4946698, 16.9160241 ], [ 106.4950989, 16.9183301 ], [ 106.4953562, 16.9193695 ], [ 106.4955671, 16.9201529 ], [ 106.495823, 16.9210321 ], [ 106.4965768, 16.9231644 ], [ 106.4966337, 16.9232813 ], [ 106.4967283, 16.9245002 ], [ 106.4970262, 16.9262667 ], [ 106.497481, 16.9279994 ], [ 106.498089, 16.9296845 ], [ 106.4988454, 16.9313085 ], [ 106.499779, 16.9330988 ], [ 106.5008483, 16.9349102 ], [ 106.502102, 16.9365992 ], [ 106.5035262, 16.9381473 ], [ 106.5045924, 16.9391904 ], [ 106.5059176, 16.9403763 ], [ 106.507343, 16.9414398 ], [ 106.5088572, 16.9423725 ], [ 106.5104483, 16.943167 ], [ 106.5144429, 16.9449444 ], [ 106.5153329, 16.945315 ], [ 106.5176933, 16.9462317 ], [ 106.5194708, 16.9468277 ], [ 106.5212963, 16.9472547 ], [ 106.5231537, 16.9475089 ], [ 106.5250267, 16.9475881 ], [ 106.526755, 16.9474989 ], [ 106.5268233, 16.9558559 ], [ 106.526809, 16.9565116 ], [ 106.5240092, 16.9550192 ], [ 106.5223726, 16.95424 ], [ 106.5206722, 16.9536121 ], [ 106.5189219, 16.9531407 ], [ 106.5171361, 16.9528297 ], [ 106.5153295, 16.9526817 ], [ 106.5126523, 16.9525842 ], [ 106.5109524, 16.9525946 ], [ 106.5092595, 16.9527493 ], [ 106.5075859, 16.9530472 ], [ 106.5023207, 16.9542172 ], [ 106.5021273, 16.9542602 ], [ 106.5002726, 16.9547663 ], [ 106.4984751, 16.9554482 ], [ 106.4967514, 16.9562996 ], [ 106.4939656, 16.9578463 ], [ 106.4924423, 16.9587835 ], [ 106.4910087, 16.9598531 ], [ 106.4896765, 16.9610465 ], [ 106.4885276, 16.9621722 ], [ 106.4862091, 16.9626979 ], [ 106.4860011, 16.9627463 ], [ 106.4835016, 16.9633412 ], [ 106.4823558, 16.963528 ], [ 106.482337, 16.9635275 ], [ 106.4802488, 16.963233 ], [ 106.4787839, 16.9630811 ], [ 106.4773118, 16.9630375 ], [ 106.4752437, 16.9630524 ], [ 106.4731731, 16.9631749 ], [ 106.4711263, 16.9635112 ], [ 106.4691253, 16.9640577 ], [ 106.4633004, 16.9659782 ], [ 106.4614168, 16.9667065 ], [ 106.4596164, 16.9676211 ], [ 106.4579173, 16.9687127 ], [ 106.4547715, 16.9709658 ], [ 106.4537726, 16.9717298 ], [ 106.4513868, 16.9736766 ], [ 106.4503108, 16.9745546 ], [ 106.4482283, 16.9765183 ], [ 106.4474117, 16.977407 ], [ 106.4437687, 16.9765557 ], [ 106.4416007, 16.9761735 ], [ 106.4394037, 16.9760319 ], [ 106.4372045, 16.9761325 ], [ 106.4350297, 16.9764743 ], [ 106.4335082, 16.9768001 ], [ 106.4328694, 16.976937 ], [ 106.4309182, 16.9774593 ], [ 106.4290297, 16.9781757 ], [ 106.4272231, 16.9790789 ], [ 106.4255168, 16.9801597 ], [ 106.4239283, 16.9814072 ], [ 106.4225475, 16.982609 ], [ 106.4211005, 16.9840021 ], [ 106.4198006, 16.9855333 ], [ 106.4186608, 16.9871871 ], [ 106.4180669, 16.9882666 ], [ 106.4179854, 16.9883045 ], [ 106.4160658, 16.9894758 ], [ 106.414738, 16.9903923 ], [ 106.4132101, 16.9915593 ], [ 106.4118012, 16.9928676 ], [ 106.4105245, 16.9943051 ], [ 106.4093917, 16.9958585 ], [ 106.4084133, 16.9975135 ], [ 106.4075983, 16.9992549 ], [ 106.4069543, 17.0010664 ], [ 106.4064873, 17.0029314 ], [ 106.4062603, 17.0040669 ], [ 106.4060156, 17.005597 ], [ 106.4058901, 17.0071415 ], [ 106.4055571, 17.0150056 ], [ 106.4055424, 17.0154962 ], [ 106.4055254, 17.0164539 ], [ 106.4055193, 17.0164732 ], [ 106.4046115, 17.0188198 ], [ 106.3995789, 17.0242086 ], [ 106.3950776, 17.0284666 ], [ 106.3947213, 17.028812 ], [ 106.390356, 17.0331515 ], [ 106.3886694, 17.0350563 ], [ 106.3857134, 17.0388567 ], [ 106.3845832, 17.0404674 ], [ 106.3836168, 17.0421813 ], [ 106.3825722, 17.0442675 ], [ 106.3818082, 17.045992 ], [ 106.3812101, 17.0477807 ], [ 106.3807831, 17.0496178 ], [ 106.380531, 17.0514869 ], [ 106.3804562, 17.0533715 ], [ 106.3804658, 17.0546567 ], [ 106.3805802, 17.0566491 ], [ 106.3808927, 17.0586203 ], [ 106.3814, 17.0605504 ], [ 106.3822847, 17.0633415 ], [ 106.383059, 17.0653881 ], [ 106.3840522, 17.0673379 ], [ 106.3871551, 17.0726841 ], [ 106.3882779, 17.0744078 ], [ 106.3895718, 17.0760071 ], [ 106.3897727, 17.0762089 ], [ 106.3878134, 17.0776222 ], [ 106.3849246, 17.0799858 ], [ 106.3836159, 17.0811562 ], [ 106.3824149, 17.0824368 ], [ 106.3813308, 17.0838178 ], [ 106.3807002, 17.084698 ], [ 106.3795177, 17.0848719 ], [ 106.3771544, 17.0855224 ], [ 106.3753521, 17.0861396 ], [ 106.3734893, 17.0868839 ], [ 106.3717104, 17.087811 ], [ 106.3714737, 17.0879499 ], [ 106.3681908, 17.089876 ], [ 106.3675624, 17.0902604 ], [ 106.3640078, 17.092526 ], [ 106.3639746, 17.0925471 ], [ 106.362561, 17.0935351 ], [ 106.3612378, 17.0946413 ], [ 106.3588576, 17.0968121 ], [ 106.3575281, 17.0981445 ], [ 106.3563298, 17.099596 ], [ 106.3552732, 17.1011537 ], [ 106.3543677, 17.1028039 ], [ 106.3525874, 17.1064448 ], [ 106.3518849, 17.1080577 ], [ 106.3513268, 17.109726 ], [ 106.3509175, 17.111437 ], [ 106.3501667, 17.1153238 ], [ 106.3461788, 17.1175385 ], [ 106.3446478, 17.1184811 ], [ 106.3432078, 17.1195575 ], [ 106.3418701, 17.1207588 ], [ 106.3406458, 17.1220753 ], [ 106.3395447, 17.1234965 ], [ 106.3390965, 17.124132 ], [ 106.33834, 17.1252046 ], [ 106.3372857, 17.1268673 ], [ 106.3364001, 17.1286257 ], [ 106.3356916, 17.1304627 ], [ 106.3352847, 17.1319351 ], [ 106.3339422, 17.132898 ], [ 106.332434, 17.1342282 ], [ 106.3319659, 17.1346849 ], [ 106.3305988, 17.1361599 ], [ 106.3293868, 17.1377648 ], [ 106.3283421, 17.1394833 ], [ 106.3274752, 17.141298 ], [ 106.326795, 17.1431905 ], [ 106.3263083, 17.1451418 ], [ 106.32602, 17.1471322 ], [ 106.3259331, 17.1491414 ], [ 106.3259363, 17.149595 ], [ 106.3260201, 17.1512884 ], [ 106.3261714, 17.1524084 ], [ 106.3242198, 17.1538702 ], [ 106.3229775, 17.1549351 ], [ 106.3216427, 17.1560792 ], [ 106.3204606, 17.1571783 ], [ 106.319371, 17.158369 ], [ 106.312144, 17.1669369 ], [ 106.3119627, 17.1671519 ], [ 106.3106818, 17.1686704 ], [ 106.3095931, 17.1700846 ], [ 106.3086348, 17.1715903 ], [ 106.3079361, 17.1728045 ], [ 106.3071836, 17.1742445 ], [ 106.3055775, 17.1776482 ], [ 106.3033292, 17.1812077 ], [ 106.3023328, 17.1829785 ], [ 106.3015212, 17.1848413 ], [ 106.3014339, 17.1850731 ], [ 106.3009944, 17.1861055 ], [ 106.3004207, 17.1880165 ], [ 106.2974774, 17.1889971 ], [ 106.2958267, 17.189547 ], [ 106.293983, 17.1902644 ], [ 106.2922192, 17.1911604 ], [ 106.2905525, 17.1922263 ], [ 106.2889992, 17.1934517 ], [ 106.2875747, 17.1948245 ], [ 106.2862927, 17.1963314 ], [ 106.2858254, 17.1969392 ], [ 106.2846561, 17.198634 ], [ 106.2836672, 17.20044 ], [ 106.2828693, 17.2023381 ], [ 106.2822707, 17.2043082 ], [ 106.2818779, 17.2063293 ], [ 106.281803, 17.206859 ], [ 106.2816506, 17.2083243 ], [ 106.2816065, 17.2097968 ], [ 106.2816091, 17.2101748 ], [ 106.2817103, 17.2120516 ], [ 106.2819873, 17.2139106 ], [ 106.2824375, 17.2157354 ], [ 106.2830571, 17.2175099 ], [ 106.2838405, 17.2192184 ], [ 106.2847808, 17.2208458 ], [ 106.2858698, 17.2223778 ], [ 106.287007, 17.2236956 ], [ 106.2876465, 17.2255781 ], [ 106.2885131, 17.227462 ], [ 106.2895702, 17.229246 ], [ 106.2902194, 17.2301204 ], [ 106.2899829, 17.2305292 ], [ 106.2895391, 17.2313973 ], [ 106.2894389, 17.2315932 ], [ 106.2885788, 17.2335209 ], [ 106.2879266, 17.2355286 ], [ 106.2874897, 17.2375938 ], [ 106.287264, 17.2390317 ], [ 106.2870566, 17.2409587 ], [ 106.2870367, 17.2428968 ], [ 106.2872045, 17.2448277 ], [ 106.2874936, 17.2463843 ], [ 106.2874863, 17.2463932 ], [ 106.2864962, 17.2478833 ], [ 106.286225, 17.2476443 ], [ 106.2848874, 17.2465642 ], [ 106.2834619, 17.245603 ], [ 106.2819591, 17.2447677 ], [ 106.2803901, 17.2440646 ], [ 106.2788281, 17.2434438 ], [ 106.2753622, 17.2414023 ], [ 106.2730463, 17.2396287 ], [ 106.2712593, 17.2384075 ], [ 106.2693508, 17.2373867 ], [ 106.2673431, 17.236578 ], [ 106.2652598, 17.235991 ], [ 106.2613226, 17.2351085 ], [ 106.2608101, 17.2350231 ], [ 106.2599745, 17.2344824 ], [ 106.2583164, 17.2336176 ], [ 106.2565847, 17.2329115 ], [ 106.2547947, 17.2323702 ], [ 106.252962, 17.2319984 ], [ 106.2472806, 17.2311202 ], [ 106.2454726, 17.2309244 ], [ 106.2443715, 17.2308556 ], [ 106.2442201, 17.2308467 ], [ 106.239265, 17.2305748 ], [ 106.2372107, 17.2305678 ], [ 106.2336008, 17.230741 ], [ 106.2334894, 17.2307466 ], [ 106.2334838, 17.2307469 ], [ 106.2316946, 17.2309237 ], [ 106.2299286, 17.2312604 ], [ 106.2281999, 17.2317544 ], [ 106.2265225, 17.2324016 ], [ 106.2242491, 17.2333984 ], [ 106.2225133, 17.2342621 ], [ 106.2208693, 17.2352899 ], [ 106.2193325, 17.2364719 ], [ 106.2129531, 17.2418907 ], [ 106.2037762, 17.2489976 ], [ 106.2028319, 17.2497289 ], [ 106.1990706, 17.2522163 ], [ 106.1975491, 17.2533289 ], [ 106.1963359, 17.2543071 ], [ 106.1960953, 17.2543835 ], [ 106.1942847, 17.2550566 ], [ 106.1905207, 17.2566668 ], [ 106.1888893, 17.2574539 ], [ 106.1873359, 17.2583853 ], [ 106.1859026, 17.2593355 ], [ 106.1797408, 17.2634204 ], [ 106.1778763, 17.2648194 ], [ 106.1754908, 17.266837 ], [ 106.1738189, 17.2684252 ], [ 106.172341, 17.2701952 ], [ 106.169959, 17.2734075 ], [ 106.166618, 17.2770043 ], [ 106.1622204, 17.2804648 ], [ 106.1596052, 17.2820713 ], [ 106.1591446, 17.2823629 ], [ 106.1519359, 17.2870662 ], [ 106.149359, 17.2883936 ], [ 106.1482715, 17.2889973 ], [ 106.1446868, 17.2911355 ], [ 106.1413059, 17.2930186 ], [ 106.1396358, 17.2936471 ], [ 106.1378074, 17.2944413 ], [ 106.1360672, 17.2954135 ], [ 106.1338734, 17.2967869 ], [ 106.1325144, 17.2977177 ], [ 106.1312366, 17.2987572 ], [ 106.1295157, 17.3002791 ], [ 106.1279732, 17.3017999 ], [ 106.1266042, 17.3034785 ], [ 106.1254247, 17.3052954 ], [ 106.1244487, 17.3072292 ], [ 106.1240997, 17.3080251 ], [ 106.123378, 17.3099288 ], [ 106.1228537, 17.3118961 ], [ 106.122532, 17.3139064 ], [ 106.1221739, 17.3172177 ], [ 106.1220645, 17.3188563 ], [ 106.1220663, 17.3189743 ], [ 106.121867, 17.3191596 ], [ 106.1166787, 17.3221678 ], [ 106.1151112, 17.323177 ], [ 106.1136444, 17.3243279 ], [ 106.1118204, 17.3259018 ], [ 106.1113421, 17.3263146 ], [ 106.1079285, 17.3289046 ], [ 106.1078362, 17.328975 ], [ 106.1073517, 17.3293471 ], [ 106.106227, 17.3297491 ], [ 106.1059559, 17.3298483 ], [ 106.1039427, 17.3306009 ], [ 106.1032884, 17.3308455 ], [ 106.1016815, 17.3315275 ], [ 106.1001402, 17.332347 ], [ 106.0986763, 17.3332977 ], [ 106.097602, 17.3340641 ], [ 106.0924937, 17.3376136 ], [ 106.0910733, 17.3386979 ], [ 106.0904008, 17.3392604 ], [ 106.090217, 17.3393135 ], [ 106.0884051, 17.3400342 ], [ 106.0873596, 17.3405103 ], [ 106.0825308, 17.3427095 ], [ 106.0807332, 17.3436408 ], [ 106.0790389, 17.344749 ], [ 106.0774654, 17.3460229 ], [ 106.0744508, 17.3487271 ], [ 106.0728841, 17.3502978 ], [ 106.0638353, 17.3604368 ], [ 106.0477211, 17.3785007 ], [ 106.0182772, 17.4114957 ], [ 105.947658, 17.4905672 ], [ 105.9468656, 17.4914521 ], [ 105.8687536, 17.5786132 ], [ 105.8482606, 17.6014623 ], [ 105.8467838, 17.6016781 ], [ 105.8447812, 17.6021863 ], [ 105.8428416, 17.6028983 ], [ 105.8409858, 17.6038067 ], [ 105.8392337, 17.6049017 ], [ 105.8376039, 17.6061716 ], [ 105.8361138, 17.6076028 ], [ 105.835387, 17.6084619 ], [ 105.8315628, 17.6096122 ], [ 105.8295451, 17.6103392 ], [ 105.8276168, 17.6112781 ], [ 105.8244499, 17.6130361 ], [ 105.822691, 17.6141355 ], [ 105.8210554, 17.6154112 ], [ 105.8195607, 17.6168495 ], [ 105.8169657, 17.6196197 ], [ 105.8156708, 17.6211489 ], [ 105.8145353, 17.6228001 ], [ 105.8135708, 17.6245565 ], [ 105.813247, 17.6252233 ], [ 105.8128079, 17.6252588 ], [ 105.8109733, 17.6255807 ], [ 105.8091766, 17.626072 ], [ 105.8074333, 17.6267282 ], [ 105.8059104, 17.627384 ], [ 105.8040157, 17.6283216 ], [ 105.8022304, 17.629454 ], [ 105.8005747, 17.6307684 ], [ 105.7965716, 17.634307 ], [ 105.7954235, 17.6354062 ], [ 105.7943664, 17.636593 ], [ 105.7917376, 17.6397916 ], [ 105.7916009, 17.6398328 ], [ 105.7898249, 17.6405605 ], [ 105.7888872, 17.6409984 ], [ 105.7872904, 17.6418337 ], [ 105.7857753, 17.6428093 ], [ 105.7843542, 17.6439174 ], [ 105.7830385, 17.6451488 ], [ 105.7817412, 17.6464777 ], [ 105.7802629, 17.6481731 ], [ 105.7789844, 17.6500238 ], [ 105.7779217, 17.6520064 ], [ 105.7778875, 17.6520799 ], [ 105.7764013, 17.6524533 ], [ 105.7746517, 17.6530701 ], [ 105.7729667, 17.6538464 ], [ 105.7728836, 17.6538945 ], [ 105.7718694, 17.6529735 ], [ 105.7702621, 17.6516596 ], [ 105.7685274, 17.6505193 ], [ 105.7666837, 17.649565 ], [ 105.7647511, 17.648807 ], [ 105.7627503, 17.6482534 ], [ 105.7607029, 17.6479101 ], [ 105.758631, 17.647781 ], [ 105.7562992, 17.6477569 ], [ 105.7542626, 17.6478397 ], [ 105.752245, 17.6481294 ], [ 105.7491634, 17.6487335 ], [ 105.7462848, 17.6492978 ], [ 105.7443333, 17.6497834 ], [ 105.7424403, 17.6504626 ], [ 105.7406251, 17.6513284 ], [ 105.7389061, 17.6523722 ], [ 105.7373006, 17.6535833 ], [ 105.7358248, 17.6549495 ], [ 105.7352791, 17.6555082 ], [ 105.7345263, 17.656279 ], [ 105.7331304, 17.6578685 ], [ 105.7319101, 17.6595965 ], [ 105.7308792, 17.6614438 ], [ 105.7300492, 17.6633896 ], [ 105.7294294, 17.6654122 ], [ 105.7290266, 17.6674889 ], [ 105.72725, 17.6802209 ], [ 105.7272326, 17.6803485 ], [ 105.7243281, 17.7021907 ], [ 105.7239013, 17.7023242 ], [ 105.7219446, 17.7031742 ], [ 105.7200895, 17.7042279 ], [ 105.7184692, 17.7052663 ], [ 105.717858, 17.7056579 ], [ 105.7163853, 17.7066981 ], [ 105.7150123, 17.7078668 ], [ 105.71375, 17.7091543 ], [ 105.7126089, 17.7105502 ], [ 105.7115981, 17.7120433 ], [ 105.7107259, 17.7136213 ], [ 105.7092932, 17.7165142 ], [ 105.7084885, 17.7183694 ], [ 105.7078753, 17.7202963 ], [ 105.7074598, 17.7222752 ], [ 105.7065795, 17.7278581 ], [ 105.7063897, 17.7295009 ], [ 105.7063362, 17.7311538 ], [ 105.7063841, 17.7364586 ], [ 105.7059051, 17.7368974 ], [ 105.7055398, 17.737309 ], [ 105.7050023, 17.7373919 ], [ 105.7028965, 17.7379567 ], [ 105.7008647, 17.7387474 ], [ 105.6965256, 17.7407146 ], [ 105.6949103, 17.741537 ], [ 105.6916223, 17.7434035 ], [ 105.6897307, 17.744623 ], [ 105.6879881, 17.7460472 ], [ 105.6829179, 17.7506906 ], [ 105.6817809, 17.7518188 ], [ 105.6807379, 17.7530344 ], [ 105.6778905, 17.7566351 ], [ 105.6775612, 17.7570515 ], [ 105.6760017, 17.7590237 ], [ 105.6748733, 17.7606025 ], [ 105.6739032, 17.7622832 ], [ 105.6731005, 17.7640501 ], [ 105.6695138, 17.773086 ], [ 105.6694971, 17.7731207 ], [ 105.6662079, 17.7752238 ], [ 105.6648536, 17.7761707 ], [ 105.6635821, 17.7772263 ], [ 105.6624021, 17.7783832 ], [ 105.6598028, 17.7811513 ], [ 105.6584859, 17.7827053 ], [ 105.6573338, 17.7843852 ], [ 105.6563586, 17.7861736 ], [ 105.6555704, 17.7880519 ], [ 105.6549773, 17.7900007 ], [ 105.6543651, 17.7924546 ], [ 105.6539604, 17.7945451 ], [ 105.6537802, 17.7966667 ], [ 105.6538266, 17.7987955 ], [ 105.6540286, 17.8014817 ], [ 105.6542832, 17.8034949 ], [ 105.6547405, 17.8054719 ], [ 105.6553958, 17.8073924 ], [ 105.6614246, 17.8225057 ], [ 105.6602523, 17.8237175 ], [ 105.6590333, 17.8252537 ], [ 105.6579706, 17.826902 ], [ 105.6570744, 17.8286465 ], [ 105.6551577, 17.8328757 ], [ 105.6544676, 17.8346091 ], [ 105.6543066, 17.8351576 ], [ 105.6526534, 17.8351316 ], [ 105.650604, 17.8353108 ], [ 105.6485839, 17.8356996 ], [ 105.6455404, 17.8364495 ], [ 105.643642, 17.8370184 ], [ 105.6418092, 17.8377723 ], [ 105.6400601, 17.838704 ], [ 105.6399769, 17.8387538 ], [ 105.6395783, 17.8387023 ], [ 105.6375285, 17.8386493 ], [ 105.635484, 17.8388064 ], [ 105.6334664, 17.8391721 ], [ 105.6314968, 17.8397424 ], [ 105.629596, 17.8405113 ], [ 105.6286571, 17.8409484 ], [ 105.6268353, 17.8419138 ], [ 105.6251225, 17.8430616 ], [ 105.623537, 17.8443797 ], [ 105.6220956, 17.845854 ], [ 105.6208137, 17.8474688 ], [ 105.6203389, 17.8481347 ], [ 105.6191338, 17.8500444 ], [ 105.6181516, 17.8520779 ], [ 105.6175508, 17.8535252 ], [ 105.6170082, 17.8549917 ], [ 105.6169865, 17.8550582 ], [ 105.6101076, 17.8608619 ], [ 105.6090334, 17.8618687 ], [ 105.607764, 17.8622477 ], [ 105.6057922, 17.8629508 ], [ 105.6039048, 17.8638561 ], [ 105.6021222, 17.8649538 ], [ 105.6004642, 17.8662318 ], [ 105.5989489, 17.8676761 ], [ 105.5975928, 17.8692709 ], [ 105.5946278, 17.8731524 ], [ 105.5935285, 17.8747459 ], [ 105.5925884, 17.8764382 ], [ 105.5914016, 17.8788417 ], [ 105.5892382, 17.883223 ], [ 105.5883044, 17.8854412 ], [ 105.5876438, 17.8877555 ], [ 105.586903, 17.8911022 ], [ 105.5865822, 17.8929646 ], [ 105.5864386, 17.894849 ], [ 105.5864735, 17.8967385 ], [ 105.5866866, 17.8986163 ], [ 105.5870126, 17.9006329 ], [ 105.5873866, 17.9024226 ], [ 105.5879224, 17.9041706 ], [ 105.5886156, 17.9058623 ], [ 105.5894604, 17.9074837 ], [ 105.5903753, 17.9090594 ], [ 105.5914513, 17.910718 ], [ 105.5926858, 17.9122622 ], [ 105.5941831, 17.9139562 ], [ 105.59551, 17.9153206 ], [ 105.5969605, 17.9165527 ], [ 105.5969918, 17.9165768 ], [ 105.5972219, 17.9176317 ], [ 105.5979154, 17.9196976 ], [ 105.5993887, 17.9234042 ], [ 105.6000506, 17.9248903 ], [ 105.6008311, 17.9263178 ], [ 105.6016854, 17.9277396 ], [ 105.6016273, 17.9325918 ], [ 105.6016279, 17.9331137 ], [ 105.6017543, 17.9420614 ], [ 105.6018565, 17.9438174 ], [ 105.6021125, 17.9455576 ], [ 105.6025205, 17.9472686 ], [ 105.6029688, 17.9488391 ], [ 105.6035991, 17.9506968 ], [ 105.6044084, 17.9524837 ], [ 105.6053888, 17.9541828 ], [ 105.606531, 17.9557777 ], [ 105.6069448, 17.9562994 ], [ 105.6070495, 17.9568099 ], [ 105.6075191, 17.9586504 ], [ 105.6081611, 17.960438 ], [ 105.6089699, 17.9621567 ], [ 105.609938, 17.9637909 ], [ 105.6110568, 17.9653259 ], [ 105.6123161, 17.9667478 ], [ 105.6147387, 17.9692345 ], [ 105.6163965, 17.9707549 ], [ 105.6182146, 17.9720795 ], [ 105.6211026, 17.9739445 ], [ 105.6210852, 17.9754134 ], [ 105.617283, 17.9775812 ], [ 105.615402, 17.9787981 ], [ 105.6136689, 17.9802178 ], [ 105.6085381, 17.9849246 ], [ 105.6076461, 17.9857429 ], [ 105.6070265, 17.9863844 ], [ 105.6064616, 17.9860371 ], [ 105.6046962, 17.9851775 ], [ 105.602855, 17.9844952 ], [ 105.6009557, 17.9839967 ], [ 105.5990167, 17.9836869 ], [ 105.5970567, 17.9835686 ], [ 105.5957721, 17.9835543 ], [ 105.5938277, 17.9836274 ], [ 105.5918996, 17.983889 ], [ 105.590006, 17.9843367 ], [ 105.5881649, 17.9849663 ], [ 105.5874983, 17.9852312 ], [ 105.5865225, 17.9856188 ], [ 105.5848791, 17.9863591 ], [ 105.583309, 17.9872443 ], [ 105.5818249, 17.9882673 ], [ 105.580439, 17.9894197 ], [ 105.5791625, 17.9906922 ], [ 105.5777421, 17.9922419 ], [ 105.5772799, 17.9927989 ], [ 105.5759024, 17.9931199 ], [ 105.5739771, 17.9937809 ], [ 105.572129, 17.9946342 ], [ 105.5703772, 17.9956709 ], [ 105.5687399, 17.9968803 ], [ 105.567234, 17.9982499 ], [ 105.5656966, 17.9997982 ], [ 105.5643246, 18.00133 ], [ 105.5631171, 18.0029946 ], [ 105.5620869, 18.0047744 ], [ 105.561245, 18.0066505 ], [ 105.5606001, 18.0086032 ], [ 105.5602334, 18.009941 ], [ 105.5598289, 18.0117375 ], [ 105.5595913, 18.0135637 ], [ 105.5595227, 18.015404 ], [ 105.5596236, 18.0172427 ], [ 105.5597927, 18.0183849 ], [ 105.5594192, 18.0193614 ], [ 105.558862, 18.0210362 ], [ 105.5584546, 18.0227535 ], [ 105.5582003, 18.0245001 ], [ 105.5581009, 18.0262623 ], [ 105.5580818, 18.0278276 ], [ 105.5581529, 18.0297736 ], [ 105.5584128, 18.0317035 ], [ 105.5588593, 18.033599 ], [ 105.5594879, 18.0354421 ], [ 105.5619813, 18.0417318 ], [ 105.5622742, 18.042394 ], [ 105.5617503, 18.0437028 ], [ 105.5612605, 18.0453027 ], [ 105.561072, 18.0461727 ], [ 105.5610699, 18.0461739 ], [ 105.5595414, 18.0472843 ], [ 105.5581246, 18.0485339 ], [ 105.5568319, 18.0499116 ], [ 105.5556751, 18.0514052 ], [ 105.5546643, 18.0530013 ], [ 105.5535896, 18.0548901 ], [ 105.5527572, 18.0565227 ], [ 105.5520778, 18.0582247 ], [ 105.551557, 18.0599817 ], [ 105.5512541, 18.0615031 ], [ 105.5492206, 18.0615126 ], [ 105.5478891, 18.0615188 ], [ 105.5460591, 18.0616113 ], [ 105.5388057, 18.062312 ], [ 105.5370402, 18.0625624 ], [ 105.535304, 18.0629691 ], [ 105.5336109, 18.0635288 ], [ 105.5319771, 18.064151 ], [ 105.5316133, 18.0642896 ], [ 105.5298597, 18.0650556 ], [ 105.5281873, 18.0659857 ], [ 105.5266114, 18.0670713 ], [ 105.5251465, 18.0683027 ], [ 105.523806, 18.0696683 ], [ 105.5226021, 18.0711559 ], [ 105.521546, 18.0727517 ], [ 105.5206472, 18.0744411 ], [ 105.5198071, 18.0762206 ], [ 105.5190979, 18.0779215 ], [ 105.5185484, 18.0796805 ], [ 105.5181631, 18.0814826 ], [ 105.5179453, 18.0833125 ], [ 105.5172405, 18.0930326 ], [ 105.5171974, 18.0950893 ], [ 105.5174151, 18.1022191 ], [ 105.5170662, 18.1024203 ], [ 105.5166904, 18.102664 ], [ 105.5153102, 18.1021524 ], [ 105.5134386, 18.1016582 ], [ 105.511528, 18.1013472 ], [ 105.5095962, 18.1012224 ], [ 105.5076614, 18.1012849 ], [ 105.5057418, 18.1015342 ], [ 105.5045704, 18.1017444 ], [ 105.5026358, 18.1021917 ], [ 105.5007552, 18.1028286 ], [ 105.498947, 18.1036488 ], [ 105.497229, 18.1046443 ], [ 105.4956182, 18.1058052 ], [ 105.4941304, 18.1071201 ], [ 105.4915272, 18.1096619 ], [ 105.489917, 18.1114346 ], [ 105.4885302, 18.1133869 ], [ 105.4881838, 18.1139423 ], [ 105.4881645, 18.1139731 ], [ 105.4881534, 18.1139909 ], [ 105.4863839, 18.1168273 ], [ 105.4853634, 18.1186733 ], [ 105.4845429, 18.1206166 ], [ 105.4839317, 18.1226354 ], [ 105.4828557, 18.1270091 ], [ 105.4824896, 18.1288762 ], [ 105.4823025, 18.1307696 ], [ 105.4819509, 18.1376726 ], [ 105.4819383, 18.1394201 ], [ 105.4820784, 18.141162 ], [ 105.4823699, 18.142885 ], [ 105.4828107, 18.144576 ], [ 105.4841583, 18.1489522 ], [ 105.4848121, 18.150761 ], [ 105.4856365, 18.1524986 ], [ 105.4866241, 18.1541489 ], [ 105.4883768, 18.1567818 ], [ 105.4883563, 18.1569009 ], [ 105.4870727, 18.1569093 ], [ 105.4852542, 18.1570879 ], [ 105.4834596, 18.1574318 ], [ 105.4817038, 18.1579381 ], [ 105.4800016, 18.1586025 ], [ 105.4783671, 18.1594194 ], [ 105.478167, 18.1595312 ], [ 105.4771907, 18.1600762 ], [ 105.4755692, 18.1610858 ], [ 105.4740514, 18.1622456 ], [ 105.4726512, 18.1635448 ], [ 105.4713813, 18.1649717 ], [ 105.4702534, 18.1665133 ], [ 105.4692776, 18.1681554 ], [ 105.468463, 18.1698831 ], [ 105.4668953, 18.1736664 ], [ 105.466206, 18.1756066 ], [ 105.4657199, 18.1776073 ], [ 105.4654421, 18.1796475 ], [ 105.4654185, 18.1799277 ], [ 105.4646755, 18.1801481 ], [ 105.4637852, 18.1804122 ], [ 105.4620557, 18.1810127 ], [ 105.4603884, 18.1817687 ], [ 105.4596687, 18.1821357 ], [ 105.4593742, 18.1817769 ], [ 105.4581667, 18.1805524 ], [ 105.4576441, 18.1791784 ], [ 105.4562284, 18.1752789 ], [ 105.4555232, 18.1735836 ], [ 105.4546656, 18.1719602 ], [ 105.4536628, 18.1704222 ], [ 105.4525231, 18.1689827 ], [ 105.4512562, 18.1676537 ], [ 105.4498727, 18.1664466 ], [ 105.4483844, 18.1653714 ], [ 105.4466454, 18.1642328 ], [ 105.4451629, 18.1633511 ], [ 105.44361, 18.1626003 ], [ 105.4419982, 18.1619862 ], [ 105.4403394, 18.1615133 ], [ 105.4359106, 18.1604547 ], [ 105.4338392, 18.1600736 ], [ 105.4317766, 18.1599153 ], [ 105.4315951, 18.1589969 ], [ 105.4304846, 18.1545112 ], [ 105.4298803, 18.1525205 ], [ 105.4290725, 18.1506033 ], [ 105.4278204, 18.1480167 ], [ 105.4269161, 18.1463542 ], [ 105.4258588, 18.1447847 ], [ 105.4246579, 18.1433221 ], [ 105.4233242, 18.1419795 ], [ 105.4218695, 18.1407691 ], [ 105.4203647, 18.139633 ], [ 105.4186118, 18.1384497 ], [ 105.4167437, 18.1374581 ], [ 105.4147815, 18.1366693 ], [ 105.4127468, 18.1360922 ], [ 105.4106627, 18.1357331 ], [ 105.4085522, 18.1355961 ], [ 105.4067991, 18.1355752 ], [ 105.4048212, 18.1356496 ], [ 105.4028603, 18.1359191 ], [ 105.4009357, 18.1363811 ], [ 105.3990661, 18.1370311 ], [ 105.3985255, 18.1372496 ], [ 105.3971832, 18.1377924 ], [ 105.3953317, 18.1386535 ], [ 105.3935776, 18.1396989 ], [ 105.3932102, 18.1399722 ], [ 105.3917079, 18.1398675 ], [ 105.3897253, 18.1399262 ], [ 105.3877582, 18.140181 ], [ 105.3858261, 18.1406295 ], [ 105.3839479, 18.141267 ], [ 105.3823028, 18.1419181 ], [ 105.3808164, 18.1425989 ], [ 105.3800838, 18.14232 ], [ 105.3782358, 18.1418126 ], [ 105.3763477, 18.1414845 ], [ 105.3743637, 18.1412369 ], [ 105.3722671, 18.1410865 ], [ 105.3701663, 18.1411571 ], [ 105.3680845, 18.1414477 ], [ 105.3621311, 18.1426006 ], [ 105.3620991, 18.1426068 ], [ 105.3600107, 18.1431302 ], [ 105.3579907, 18.143875 ], [ 105.3560625, 18.1448326 ], [ 105.3533534, 18.1463651 ], [ 105.3514726, 18.1475725 ], [ 105.3497384, 18.1489822 ], [ 105.3481722, 18.1505766 ], [ 105.3479482, 18.1508317 ], [ 105.3460334, 18.1530131 ], [ 105.3447866, 18.1545862 ], [ 105.3437037, 18.1562764 ], [ 105.3427957, 18.1580666 ], [ 105.3406658, 18.1628466 ], [ 105.3405952, 18.1628415 ], [ 105.3388463, 18.1628688 ], [ 105.33635, 18.1630172 ], [ 105.3348114, 18.1631086 ], [ 105.3341659, 18.1631469 ], [ 105.3322042, 18.1633611 ], [ 105.3302732, 18.1637675 ], [ 105.3283917, 18.1643622 ], [ 105.3265779, 18.1651394 ], [ 105.3248495, 18.1660916 ], [ 105.3232234, 18.1672095 ], [ 105.3217153, 18.1684822 ], [ 105.3208866, 18.1692547 ], [ 105.3195618, 18.1706127 ], [ 105.3183716, 18.1720901 ], [ 105.3173268, 18.1736737 ], [ 105.3164367, 18.1753491 ], [ 105.3158519, 18.1767578 ], [ 105.3155769, 18.1769055 ], [ 105.3140222, 18.177938 ], [ 105.3125706, 18.1791108 ], [ 105.3049969, 18.1858378 ], [ 105.3036256, 18.1871788 ], [ 105.3023891, 18.188645 ], [ 105.3012987, 18.1902229 ], [ 105.3003644, 18.191898 ], [ 105.299595, 18.1936549 ], [ 105.2989973, 18.1954774 ], [ 105.298577, 18.1973488 ], [ 105.2983236, 18.1987991 ], [ 105.2980848, 18.2006975 ], [ 105.2980285, 18.20261 ], [ 105.2981552, 18.2045192 ], [ 105.2984638, 18.2064075 ], [ 105.2989514, 18.2082576 ], [ 105.2996241, 18.2103903 ], [ 105.3001771, 18.2119228 ], [ 105.3008529, 18.2134052 ], [ 105.3019917, 18.2156554 ], [ 105.3029851, 18.2173896 ], [ 105.3027824, 18.2181992 ], [ 105.301178, 18.2178783 ], [ 105.2991692, 18.217684 ], [ 105.297151, 18.2176931 ], [ 105.295144, 18.2179056 ], [ 105.2931687, 18.2183193 ], [ 105.2912451, 18.2189299 ], [ 105.2893928, 18.2197313 ], [ 105.2876267, 18.2206037 ], [ 105.286005, 18.2215005 ], [ 105.2844733, 18.2225436 ], [ 105.2830447, 18.223724 ], [ 105.2817315, 18.2250315 ], [ 105.280545, 18.226455 ], [ 105.2794952, 18.2279822 ], [ 105.2785914, 18.2295999 ], [ 105.2771487, 18.2324889 ], [ 105.27626, 18.2345507 ], [ 105.2760179, 18.2353484 ], [ 105.2757473, 18.2353143 ], [ 105.2739248, 18.2352519 ], [ 105.2721042, 18.2353557 ], [ 105.2703007, 18.235625 ], [ 105.2685292, 18.2360573 ], [ 105.2668044, 18.2366493 ], [ 105.266163, 18.2369026 ], [ 105.2651594, 18.237299 ], [ 105.26347, 18.2380584 ], [ 105.2618581, 18.2389709 ], [ 105.2603375, 18.2400285 ], [ 105.259838, 18.2404496 ], [ 105.257618, 18.2403355 ], [ 105.2569805, 18.2403027 ], [ 105.255109, 18.2402943 ], [ 105.2532449, 18.2404608 ], [ 105.2514045, 18.2408009 ], [ 105.249604, 18.2413115 ], [ 105.247859, 18.2419882 ], [ 105.2472746, 18.2422469 ], [ 105.2463183, 18.2426704 ], [ 105.2446464, 18.2435062 ], [ 105.2430599, 18.2444945 ], [ 105.2415726, 18.2456266 ], [ 105.2401975, 18.2468925 ], [ 105.2389466, 18.2482813 ], [ 105.2378307, 18.2497809 ], [ 105.2368598, 18.251378 ], [ 105.2360422, 18.2530588 ], [ 105.235385, 18.2548086 ], [ 105.2348941, 18.2566121 ], [ 105.2344044, 18.2588121 ], [ 105.2340871, 18.2606286 ], [ 105.2339385, 18.2624666 ], [ 105.2339599, 18.2643105 ], [ 105.2341509, 18.2661446 ], [ 105.2343476, 18.2674471 ], [ 105.2308782, 18.2735502 ], [ 105.2301017, 18.2750623 ], [ 105.2285952, 18.2783307 ], [ 105.2275978, 18.2804947 ], [ 105.2270945, 18.280687 ], [ 105.2254803, 18.2814763 ], [ 105.2239434, 18.2824073 ], [ 105.2209914, 18.2843821 ], [ 105.2199435, 18.2851781 ], [ 105.2186436, 18.285466 ], [ 105.2160085, 18.2857466 ], [ 105.2143856, 18.2859871 ], [ 105.2127878, 18.2863598 ], [ 105.2102219, 18.2870705 ], [ 105.2100876, 18.2871076 ], [ 105.2082826, 18.2877011 ], [ 105.206542, 18.2884632 ], [ 105.2048816, 18.2893871 ], [ 105.2033164, 18.2904643 ], [ 105.2020156, 18.2914538 ], [ 105.2003996, 18.2928241 ], [ 105.1989375, 18.2943577 ], [ 105.197646, 18.2960374 ], [ 105.1969458, 18.2970553 ], [ 105.1899754, 18.2990468 ], [ 105.1873707, 18.2999906 ], [ 105.182692, 18.3020628 ], [ 105.1814388, 18.3026178 ], [ 105.1796585, 18.303515 ], [ 105.1779764, 18.3045848 ], [ 105.1764091, 18.3058169 ], [ 105.1749722, 18.3071988 ], [ 105.172598, 18.3097219 ], [ 105.1695416, 18.3129698 ], [ 105.1682685, 18.3143227 ], [ 105.167042, 18.315756 ], [ 105.165956, 18.3172984 ], [ 105.1650201, 18.3189362 ], [ 105.1642427, 18.320655 ], [ 105.1636307, 18.3224393 ], [ 105.1631895, 18.3242734 ], [ 105.1629231, 18.3261409 ], [ 105.1626457, 18.3290666 ], [ 105.162557, 18.3311081 ], [ 105.1626771, 18.333148 ], [ 105.1630046, 18.3351649 ], [ 105.1635363, 18.337138 ], [ 105.1666938, 18.3468501 ], [ 105.1674232, 18.3491085 ], [ 105.1672623, 18.3494249 ], [ 105.1658124, 18.3522749 ], [ 105.1649578, 18.3539548 ], [ 105.1645954, 18.3546671 ], [ 105.1630999, 18.3561877 ], [ 105.1618937, 18.3575303 ], [ 105.1608134, 18.3589762 ], [ 105.1598679, 18.3605136 ], [ 105.1590649, 18.3621299 ], [ 105.1584108, 18.3638121 ], [ 105.1579399, 18.3652064 ], [ 105.1573656, 18.3672631 ], [ 105.1573104, 18.367594 ], [ 105.1569369, 18.3676087 ], [ 105.1528592, 18.3679759 ], [ 105.1527456, 18.3679862 ], [ 105.1508739, 18.3682456 ], [ 105.1490351, 18.3686805 ], [ 105.1489912, 18.3686931 ], [ 105.1447269, 18.3699183 ], [ 105.1426644, 18.3706349 ], [ 105.1406923, 18.371572 ], [ 105.1388341, 18.3727185 ], [ 105.1371119, 18.3740608 ], [ 105.1364413, 18.3746451 ], [ 105.1352849, 18.3756524 ], [ 105.1338152, 18.3770712 ], [ 105.1324978, 18.3786324 ], [ 105.1313466, 18.3803199 ], [ 105.1303735, 18.382116 ], [ 105.1295887, 18.384002 ], [ 105.1278261, 18.3889341 ], [ 105.1273582, 18.3904248 ], [ 105.1270081, 18.3919475 ], [ 105.1269334, 18.3923421 ], [ 105.1268504, 18.3927806 ], [ 105.1255527, 18.3936138 ], [ 105.1239499, 18.3948923 ], [ 105.1224864, 18.3963281 ], [ 105.1211777, 18.3979063 ], [ 105.1210033, 18.3981669 ], [ 105.1198006, 18.3984175 ], [ 105.1180005, 18.3989737 ], [ 105.1162607, 18.3996968 ], [ 105.1113772, 18.402002 ], [ 105.1095927, 18.4029577 ], [ 105.107914, 18.4040888 ], [ 105.1063582, 18.4053837 ], [ 105.1049413, 18.4068294 ], [ 105.1036777, 18.4084108 ], [ 105.1032952, 18.4089427 ], [ 105.1027574, 18.4096903 ], [ 105.1017438, 18.4112473 ], [ 105.100879, 18.4128917 ], [ 105.1001705, 18.4146092 ], [ 105.0996245, 18.416385 ], [ 105.0993218, 18.4178383 ], [ 105.0974948, 18.4188618 ], [ 105.0957636, 18.4200892 ], [ 105.0941723, 18.4214932 ], [ 105.0927387, 18.4230578 ], [ 105.091479, 18.4247656 ], [ 105.088595, 18.4291438 ], [ 105.0874123, 18.4311938 ], [ 105.08648, 18.4333692 ], [ 105.0838933, 18.4405519 ], [ 105.0833988, 18.442126 ], [ 105.0830357, 18.4437355 ], [ 105.0825451, 18.446422 ], [ 105.082284, 18.4484121 ], [ 105.0822238, 18.4504184 ], [ 105.0823649, 18.4524206 ], [ 105.082706, 18.4543986 ], [ 105.0832437, 18.4563324 ], [ 105.0834562, 18.4569706 ], [ 105.0833647, 18.4574156 ], [ 105.0830708, 18.4592946 ], [ 105.0829567, 18.461193 ], [ 105.0830233, 18.4630936 ], [ 105.0832703, 18.4649793 ], [ 105.0836952, 18.466833 ], [ 105.0842942, 18.468638 ], [ 105.085062, 18.4703779 ], [ 105.0859916, 18.4720371 ], [ 105.0862998, 18.4725306 ], [ 105.0862919, 18.4728788 ], [ 105.0863702, 18.474375 ], [ 105.08729, 18.4845937 ], [ 105.0873495, 18.4863967 ], [ 105.0874904, 18.4881966 ], [ 105.087793, 18.4899764 ], [ 105.0882549, 18.4917216 ], [ 105.0888722, 18.4934181 ], [ 105.0896401, 18.495052 ], [ 105.0899584, 18.4956567 ], [ 105.0894721, 18.4971609 ], [ 105.0886368, 18.5002735 ], [ 105.0882559, 18.5019911 ], [ 105.0880275, 18.5037356 ], [ 105.0879533, 18.5054933 ], [ 105.0880339, 18.5072508 ], [ 105.0884223, 18.5115645 ], [ 105.0888969, 18.5144508 ], [ 105.0900672, 18.5193134 ], [ 105.0906554, 18.521299 ], [ 105.0914457, 18.5232131 ], [ 105.0924297, 18.5250353 ], [ 105.093478, 18.5267569 ], [ 105.0932159, 18.5284868 ], [ 105.0930211, 18.5303721 ], [ 105.0930056, 18.5322674 ], [ 105.0931696, 18.5341556 ], [ 105.0939844, 18.5401982 ], [ 105.094253, 18.5417349 ], [ 105.0946406, 18.5432461 ], [ 105.0952862, 18.5454089 ], [ 105.0959536, 18.5472949 ], [ 105.096806, 18.5491047 ], [ 105.097835, 18.5508204 ], [ 105.0990303, 18.5524246 ], [ 105.1003799, 18.5539015 ], [ 105.1018702, 18.5552361 ], [ 105.1034864, 18.5564151 ], [ 105.104828, 18.5572945 ], [ 105.1061774, 18.558105 ], [ 105.1063688, 18.5582003 ], [ 105.1064325, 18.558661 ], [ 105.1069115, 18.5606289 ], [ 105.107587, 18.5625383 ], [ 105.1085683, 18.5649208 ], [ 105.1094863, 18.56685 ], [ 105.1106049, 18.5686703 ], [ 105.1119112, 18.5703608 ], [ 105.1122376, 18.5707009 ], [ 105.1121858, 18.5711983 ], [ 105.1121504, 18.5728383 ], [ 105.1122494, 18.5744758 ], [ 105.1129411, 18.5812704 ], [ 105.1131945, 18.5830027 ], [ 105.1135982, 18.5847055 ], [ 105.1135861, 18.584751 ], [ 105.1131992, 18.5865173 ], [ 105.1128294, 18.5886665 ], [ 105.1125872, 18.5906819 ], [ 105.1125505, 18.5927116 ], [ 105.1127197, 18.5947345 ], [ 105.1130931, 18.5967299 ], [ 105.1136669, 18.5986771 ], [ 105.1144351, 18.6005561 ], [ 105.1153898, 18.6023476 ], [ 105.1168228, 18.604736 ], [ 105.1178715, 18.60631 ], [ 105.1190641, 18.6077779 ], [ 105.1203901, 18.6091265 ], [ 105.1262944, 18.6145894 ], [ 105.1280504, 18.6160377 ], [ 105.1373227, 18.6228369 ], [ 105.1387714, 18.6238051 ], [ 105.1398248, 18.6243833 ], [ 105.1408618, 18.6259788 ], [ 105.1421331, 18.627558 ], [ 105.1435576, 18.6290004 ], [ 105.1451209, 18.6302912 ], [ 105.1468068, 18.6314171 ], [ 105.148598, 18.6323665 ], [ 105.1504761, 18.6331297 ], [ 105.1524219, 18.6336989 ], [ 105.1543347, 18.6341546 ], [ 105.1561587, 18.6345006 ], [ 105.1580069, 18.6346759 ], [ 105.1598635, 18.6346791 ], [ 105.1617123, 18.6345102 ], [ 105.1635375, 18.6341705 ], [ 105.1653233, 18.633663 ], [ 105.1687268, 18.6325227 ], [ 105.1695847, 18.6321641 ], [ 105.1697664, 18.6331562 ], [ 105.1702546, 18.6349061 ], [ 105.1706821, 18.636207 ], [ 105.169794, 18.6374699 ], [ 105.1697147, 18.6376115 ], [ 105.1681527, 18.6376097 ], [ 105.1663446, 18.6376938 ], [ 105.1642371, 18.6379041 ], [ 105.1621636, 18.6383361 ], [ 105.1601474, 18.6389849 ], [ 105.1582112, 18.6398434 ], [ 105.1563766, 18.6409017 ], [ 105.1546642, 18.6421482 ], [ 105.1544452, 18.642326 ], [ 105.1528414, 18.6436279 ], [ 105.1513448, 18.6449731 ], [ 105.1499909, 18.6464619 ], [ 105.1487935, 18.6480792 ], [ 105.1477646, 18.6498087 ], [ 105.1461829, 18.6528005 ], [ 105.1431856, 18.6570028 ], [ 105.1421391, 18.6583385 ], [ 105.1410198, 18.6584402 ], [ 105.1392699, 18.6587579 ], [ 105.1375552, 18.6592297 ], [ 105.1340376, 18.6603682 ], [ 105.1322877, 18.6610264 ], [ 105.130607, 18.6618451 ], [ 105.1290101, 18.6628172 ], [ 105.1275109, 18.6639341 ], [ 105.1245392, 18.6663721 ], [ 105.1232137, 18.6675621 ], [ 105.1219994, 18.6688653 ], [ 105.1209059, 18.6702714 ], [ 105.1162939, 18.6767802 ], [ 105.1153091, 18.6783137 ], [ 105.1144679, 18.6799305 ], [ 105.1137774, 18.6816172 ], [ 105.1132433, 18.6833597 ], [ 105.1128843, 18.684755 ], [ 105.1124964, 18.6866312 ], [ 105.112472, 18.6868559 ], [ 105.1107375, 18.6860643 ], [ 105.1088597, 18.6854235 ], [ 105.1069276, 18.6849718 ], [ 105.1050125, 18.6846233 ], [ 105.1027756, 18.6843454 ], [ 105.1005216, 18.6843209 ], [ 105.0982792, 18.6845502 ], [ 105.094543, 18.6851466 ], [ 105.0929002, 18.68548 ], [ 105.0912911, 18.6859498 ], [ 105.0851611, 18.6880219 ], [ 105.0801315, 18.6897247 ], [ 105.0780872, 18.6899592 ], [ 105.0680843, 18.6893704 ], [ 105.0649009, 18.6891678 ], [ 105.0599284, 18.6883227 ], [ 105.0536019, 18.6872386 ], [ 105.0517648, 18.6870107 ], [ 105.0499146, 18.6869537 ], [ 105.0480669, 18.687068 ], [ 105.0462378, 18.6873526 ], [ 105.0444428, 18.6878051 ], [ 105.0426973, 18.6884216 ], [ 105.0410163, 18.6891969 ], [ 105.0391949, 18.6901415 ], [ 105.0374707, 18.6911479 ], [ 105.0358554, 18.6923213 ], [ 105.0343652, 18.6936498 ], [ 105.0330148, 18.6951204 ], [ 105.0318177, 18.6967182 ], [ 105.0307859, 18.6984274 ], [ 105.0299297, 18.7002309 ], [ 105.0292575, 18.7021108 ], [ 105.028901, 18.7032906 ], [ 105.0286094, 18.7044549 ], [ 105.0270174, 18.7050961 ], [ 105.0253337, 18.7059679 ], [ 105.02374, 18.7069953 ], [ 105.0222508, 18.7081689 ], [ 105.0208795, 18.7094783 ], [ 105.0202699, 18.7101183 ], [ 105.0163501, 18.7109163 ], [ 105.0145523, 18.71137 ], [ 105.0128043, 18.7119882 ], [ 105.011121, 18.7127657 ], [ 105.0095169, 18.7136957 ], [ 105.0080059, 18.7147703 ], [ 105.0048918, 18.7172099 ], [ 105.0038659, 18.7181057 ], [ 105.0037214, 18.7180594 ], [ 105.0019026, 18.7176587 ], [ 105.0000544, 18.7174289 ], [ 104.9987733, 18.7173299 ], [ 104.9968693, 18.7172737 ], [ 104.9949687, 18.7173989 ], [ 104.9930886, 18.7177044 ], [ 104.9915304, 18.7180344 ], [ 104.9895452, 18.7185626 ], [ 104.9876247, 18.7192917 ], [ 104.9857891, 18.720214 ], [ 104.9855645, 18.7203417 ], [ 104.9853342, 18.7202781 ], [ 104.9835525, 18.719956 ], [ 104.9817489, 18.7197963 ], [ 104.9799382, 18.7198004 ], [ 104.9785531, 18.7198663 ], [ 104.9767297, 18.720037 ], [ 104.9749296, 18.7203738 ], [ 104.9731679, 18.7208738 ], [ 104.9716291, 18.7213877 ], [ 104.9679268, 18.7225635 ], [ 104.9668371, 18.7229473 ], [ 104.9650811, 18.7222724 ], [ 104.9633846, 18.7217109 ], [ 104.961829, 18.7212651 ], [ 104.9602425, 18.7209464 ], [ 104.958996, 18.7207481 ], [ 104.957275, 18.7205503 ], [ 104.9446102, 18.719648 ], [ 104.9429498, 18.7194554 ], [ 104.9411248, 18.7194112 ], [ 104.9393034, 18.7195336 ], [ 104.9375007, 18.7198215 ], [ 104.9367043, 18.7199863 ], [ 104.9347735, 18.7204875 ], [ 104.9329022, 18.7211784 ], [ 104.931109, 18.7220524 ], [ 104.9294119, 18.7231007 ], [ 104.9278275, 18.7243127 ], [ 104.9263718, 18.7256766 ], [ 104.9257943, 18.7262746 ], [ 104.9255759, 18.7265007 ], [ 104.9242589, 18.7280081 ], [ 104.9230993, 18.7296397 ], [ 104.9221085, 18.7313789 ], [ 104.9212966, 18.7332085 ], [ 104.9209153, 18.7341986 ], [ 104.9204232, 18.7356372 ], [ 104.9200418, 18.7371091 ], [ 104.919695, 18.7386932 ], [ 104.9193794, 18.7405493 ], [ 104.9192397, 18.742427 ], [ 104.9191884, 18.7443152 ], [ 104.9188785, 18.7446601 ], [ 104.9185996, 18.7449965 ], [ 104.9183576, 18.7452884 ], [ 104.917081, 18.7470082 ], [ 104.9159956, 18.7488546 ], [ 104.9151139, 18.7508066 ], [ 104.914446, 18.7528416 ], [ 104.9139996, 18.7549363 ], [ 104.9138955, 18.7555964 ], [ 104.913673, 18.7577805 ], [ 104.9136913, 18.7599757 ], [ 104.91395, 18.7621558 ], [ 104.9143196, 18.7637486 ], [ 104.9137406, 18.7640968 ], [ 104.9088711, 18.7670256 ], [ 104.9081731, 18.7674454 ], [ 104.9068628, 18.7673091 ], [ 104.9049518, 18.7671943 ], [ 104.9031721, 18.7671667 ], [ 104.901397, 18.7672975 ], [ 104.9000244, 18.7674603 ], [ 104.8991688, 18.767052 ], [ 104.8973533, 18.766293 ], [ 104.895472, 18.765716 ], [ 104.893543, 18.7653267 ], [ 104.8924084, 18.7651553 ], [ 104.8904503, 18.7649574 ], [ 104.8884822, 18.7649529 ], [ 104.8865231, 18.765142 ], [ 104.8769593, 18.7665425 ], [ 104.8704946, 18.7613531 ], [ 104.8697088, 18.7604904 ], [ 104.8682576, 18.7591805 ], [ 104.8666854, 18.7580185 ], [ 104.8650072, 18.7570156 ], [ 104.8632392, 18.7561813 ], [ 104.8613981, 18.7555236 ], [ 104.8595016, 18.7550489 ], [ 104.8575678, 18.7547615 ], [ 104.8556152, 18.7546643 ], [ 104.8551374, 18.7546639 ], [ 104.8533411, 18.7547432 ], [ 104.8515591, 18.7549836 ], [ 104.849806, 18.755383 ], [ 104.8479384, 18.7558978 ], [ 104.8474277, 18.7560386 ], [ 104.8453576, 18.7567329 ], [ 104.8433755, 18.7576487 ], [ 104.8415051, 18.7587752 ], [ 104.8397686, 18.7600988 ], [ 104.8393929, 18.7604191 ], [ 104.8364709, 18.7629097 ], [ 104.8348724, 18.7644322 ], [ 104.8334515, 18.7661216 ], [ 104.8331508, 18.7665221 ], [ 104.8312727, 18.7665657 ], [ 104.8311261, 18.7665266 ], [ 104.8300734, 18.7662759 ], [ 104.8175351, 18.763646 ], [ 104.8153625, 18.7633137 ], [ 104.8131666, 18.7632218 ], [ 104.8058712, 18.7633177 ], [ 104.8037406, 18.7631886 ], [ 104.8018709, 18.7631629 ], [ 104.8000069, 18.7633119 ], [ 104.796901, 18.763707 ], [ 104.7967103, 18.7637322 ], [ 104.7925891, 18.7642968 ], [ 104.7906642, 18.7646573 ], [ 104.7887837, 18.7652043 ], [ 104.7869658, 18.7659326 ], [ 104.7852329, 18.7667274 ], [ 104.783315, 18.7677362 ], [ 104.7815174, 18.7689467 ], [ 104.7798614, 18.7703445 ], [ 104.7783663, 18.7719133 ], [ 104.778008, 18.7723326 ], [ 104.7725859, 18.7779062 ], [ 104.7722077, 18.778295 ], [ 104.7708442, 18.7798503 ], [ 104.7707703, 18.7799546 ], [ 104.7637451, 18.7773647 ], [ 104.7620696, 18.7768295 ], [ 104.7603535, 18.7764435 ], [ 104.7586101, 18.7762098 ], [ 104.756853, 18.7761302 ], [ 104.7560766, 18.7761292 ], [ 104.7539106, 18.776244 ], [ 104.7517698, 18.7765927 ], [ 104.7496794, 18.7771712 ], [ 104.7476639, 18.7779727 ], [ 104.7465583, 18.7784834 ], [ 104.7440596, 18.7798618 ], [ 104.7416334, 18.7814359 ], [ 104.741366, 18.7816083 ], [ 104.7405714, 18.781509 ], [ 104.7404637, 18.7814955 ], [ 104.7386459, 18.7813514 ], [ 104.7368225, 18.7813735 ], [ 104.7350088, 18.7815616 ], [ 104.7332197, 18.7819141 ], [ 104.7314702, 18.7824281 ], [ 104.7297747, 18.7830992 ], [ 104.7286391, 18.7836098 ], [ 104.7267338, 18.7845925 ], [ 104.7249445, 18.7857735 ], [ 104.723292, 18.7871393 ], [ 104.7217951, 18.788674 ], [ 104.7204711, 18.7903602 ], [ 104.7197528, 18.7913835 ], [ 104.7187517, 18.7929617 ], [ 104.7179023, 18.7946264 ], [ 104.717212, 18.7963631 ], [ 104.7166868, 18.7981567 ], [ 104.716656, 18.7982836 ], [ 104.716453, 18.798311 ], [ 104.7146735, 18.7987193 ], [ 104.7129386, 18.7992882 ], [ 104.7123409, 18.7995149 ], [ 104.7106611, 18.8002416 ], [ 104.7090548, 18.8011188 ], [ 104.7075355, 18.8021391 ], [ 104.7049866, 18.8040256 ], [ 104.7035785, 18.8051701 ], [ 104.70228, 18.8064375 ], [ 104.7011018, 18.8078174 ], [ 104.7000534, 18.8092984 ], [ 104.6991435, 18.8108683 ], [ 104.6972915, 18.8144269 ], [ 104.6956175, 18.8165906 ], [ 104.6949505, 18.8175569 ], [ 104.6934929, 18.8171415 ], [ 104.6917985, 18.8167375 ], [ 104.6900753, 18.8164825 ], [ 104.688403, 18.816309 ], [ 104.6870537, 18.816215 ], [ 104.6853812, 18.8161552 ], [ 104.6832746, 18.8161909 ], [ 104.6811834, 18.8164481 ], [ 104.6802273, 18.8166172 ], [ 104.6785943, 18.816977 ], [ 104.6700475, 18.8192386 ], [ 104.6680294, 18.8198888 ], [ 104.6660915, 18.8207491 ], [ 104.6642555, 18.8218097 ], [ 104.6625422, 18.8230587 ], [ 104.6617045, 18.8237402 ], [ 104.6601596, 18.8251368 ], [ 104.6587683, 18.8266865 ], [ 104.6580797, 18.8275389 ], [ 104.6567347, 18.829416 ], [ 104.654937, 18.8322582 ], [ 104.6541847, 18.8335523 ], [ 104.6535314, 18.834899 ], [ 104.6520136, 18.8383509 ], [ 104.6511097, 18.8404066 ], [ 104.6507557, 18.8405475 ], [ 104.6487952, 18.8415931 ], [ 104.6481443, 18.8419882 ], [ 104.6472993, 18.8425011 ], [ 104.6456431, 18.8436236 ], [ 104.6441073, 18.8449059 ], [ 104.6427073, 18.8463352 ], [ 104.6414571, 18.8478973 ], [ 104.6406782, 18.8489771 ], [ 104.6403364, 18.8495138 ], [ 104.639591, 18.8498193 ], [ 104.6386874, 18.8499015 ], [ 104.6355658, 18.8500285 ], [ 104.6351808, 18.8500443 ], [ 104.6332146, 18.8502221 ], [ 104.6312755, 18.850593 ], [ 104.6293824, 18.8511532 ], [ 104.6285752, 18.8514361 ], [ 104.6267654, 18.8521715 ], [ 104.6250359, 18.8530799 ], [ 104.6234034, 18.8541527 ], [ 104.6218833, 18.8553797 ], [ 104.6204901, 18.8567492 ], [ 104.6192324, 18.8581125 ], [ 104.618078, 18.8594821 ], [ 104.6170508, 18.8609494 ], [ 104.6166089, 18.8617191 ], [ 104.6156933, 18.8623917 ], [ 104.6150267, 18.8628813 ], [ 104.6131024, 18.8644897 ], [ 104.611845, 18.8656823 ], [ 104.6106099, 18.8669628 ], [ 104.6094935, 18.868348 ], [ 104.6085046, 18.8698269 ], [ 104.6076511, 18.8713878 ], [ 104.6069396, 18.8730184 ], [ 104.6066992, 18.8736439 ], [ 104.6061102, 18.8754458 ], [ 104.5927894, 18.8787694 ], [ 104.5902954, 18.8795684 ], [ 104.588752, 18.8801769 ], [ 104.588141, 18.8804178 ], [ 104.5866152, 18.8810943 ], [ 104.5851511, 18.8818957 ], [ 104.5838345, 18.8826895 ], [ 104.5832735, 18.8830649 ], [ 104.5820867, 18.8828368 ], [ 104.5808919, 18.8826634 ], [ 104.5788323, 18.8824725 ], [ 104.5767639, 18.8824954 ], [ 104.5747091, 18.8827319 ], [ 104.5726896, 18.8831793 ], [ 104.5707271, 18.8838328 ], [ 104.5688426, 18.8846856 ], [ 104.5681844, 18.8850255 ], [ 104.5665361, 18.8859787 ], [ 104.5649859, 18.8870844 ], [ 104.5635479, 18.8883324 ], [ 104.562235, 18.8897116 ], [ 104.5610593, 18.8912094 ], [ 104.5600313, 18.8928121 ], [ 104.559311, 18.8940624 ], [ 104.558356, 18.8959431 ], [ 104.5576043, 18.8979138 ], [ 104.5570643, 18.8999528 ], [ 104.556742, 18.9020373 ], [ 104.5565582, 18.9038579 ], [ 104.5564572, 18.9059178 ], [ 104.5564587, 18.905946 ], [ 104.5537317, 18.9103304 ], [ 104.5534536, 18.9106465 ], [ 104.5486799, 18.9160737 ], [ 104.5474607, 18.9176047 ], [ 104.546397, 18.9192476 ], [ 104.546309957682993, 18.919416159676263 ], [ 104.546196552190466, 18.968583933066402 ], [ 104.505670433937425, 19.063731637588607 ], [ 104.507290697391653, 19.085862845279909 ], [ 104.493601865288525, 19.122981708101616 ], [ 104.496568657628799, 19.159434219243099 ], [ 104.474140618163489, 19.197533095294201 ], [ 104.475223101765778, 19.213935164870396 ], [ 104.457036757246087, 19.266027962345504 ], [ 104.453580136181685, 19.325461607087725 ], [ 104.441803318074093, 19.354570071659527 ], [ 104.448707568750436, 19.376207418588262 ], [ 104.429966656952885, 19.416681027296974 ], [ 104.428033882972812, 19.490484393497173 ], [ 104.417361536362662, 19.502035338294757 ], [ 104.418682837164297, 19.52152531869536 ], [ 104.406272113774477, 19.5408968218326 ], [ 104.408589715582664, 19.559410006742723 ], [ 104.395447220504494, 19.58262795015683 ], [ 104.394222234761287, 19.666399410469594 ], [ 104.374721853590486, 19.716769537802655 ], [ 104.3757743, 19.7167081 ], [ 104.376935, 19.7172906 ], [ 104.3788677, 19.7181534 ], [ 104.3807146, 19.7188704 ], [ 104.3826233, 19.7194012 ], [ 104.3846124, 19.7198495 ], [ 104.3869586, 19.7202334 ], [ 104.3893338, 19.7203363 ], [ 104.3894062, 19.7203351 ], [ 104.3896355, 19.7205368 ], [ 104.3914158, 19.7217878 ], [ 104.3933216, 19.722838 ], [ 104.3952049, 19.723746 ], [ 104.3966136, 19.7243597 ], [ 104.3980654, 19.7248634 ], [ 104.4011902, 19.7258148 ], [ 104.4038763, 19.7264341 ], [ 104.4097053, 19.7273605 ], [ 104.4116791, 19.7275744 ], [ 104.4136643, 19.7275916 ], [ 104.4152731, 19.7275256 ], [ 104.417156, 19.7273589 ], [ 104.4190148, 19.7270153 ], [ 104.4208328, 19.7264976 ], [ 104.4225939, 19.7258107 ], [ 104.4242822, 19.7249606 ], [ 104.4258828, 19.7239548 ], [ 104.426919, 19.7232332 ], [ 104.428445, 19.7220574 ], [ 104.4298509, 19.7207402 ], [ 104.4325816, 19.7179228 ], [ 104.4327425, 19.7177549 ], [ 104.4339074, 19.7165247 ], [ 104.4359709, 19.7143456 ], [ 104.4372741, 19.7128233 ], [ 104.4384185, 19.7111782 ], [ 104.4393926, 19.7094269 ], [ 104.4401864, 19.7075868 ], [ 104.4407922, 19.7056766 ], [ 104.4409492, 19.7050791 ], [ 104.4413508, 19.7031801 ], [ 104.4415664, 19.7012512 ], [ 104.441594, 19.6993104 ], [ 104.4414334, 19.6973761 ], [ 104.4413692, 19.6968903 ], [ 104.4409726, 19.6947739 ], [ 104.4409295, 19.6946309 ], [ 104.440969, 19.6944931 ], [ 104.4411844, 19.6935224 ], [ 104.4433644, 19.6934703 ], [ 104.4461187, 19.6932131 ], [ 104.4471446, 19.6930451 ], [ 104.4490191, 19.6926451 ], [ 104.4508466, 19.6920675 ], [ 104.4526105, 19.6913176 ], [ 104.4542944, 19.6904023 ], [ 104.4558831, 19.68933 ], [ 104.4568065, 19.6886401 ], [ 104.4583007, 19.6875239 ], [ 104.4596727, 19.686401 ], [ 104.4609399, 19.685161 ], [ 104.4620922, 19.6838137 ], [ 104.4625908, 19.6831755 ], [ 104.4637112, 19.6815881 ], [ 104.4646723, 19.6798994 ], [ 104.465465, 19.6781254 ], [ 104.4660819, 19.676283 ], [ 104.466517, 19.6743893 ], [ 104.4665661, 19.6740099 ], [ 104.4667896, 19.6741348 ], [ 104.46862, 19.6749294 ], [ 104.4705204, 19.6755377 ], [ 104.472472, 19.6759537 ], [ 104.4744554, 19.676173 ], [ 104.4764507, 19.6761936 ], [ 104.476865, 19.6761772 ], [ 104.4789227, 19.675989 ], [ 104.48095, 19.6755894 ], [ 104.4829252, 19.6749828 ], [ 104.4837159, 19.6746944 ], [ 104.4841694, 19.6746618 ], [ 104.4863716, 19.6745767 ], [ 104.4869969, 19.6745427 ], [ 104.4902153, 19.6743173 ], [ 104.492044, 19.6741043 ], [ 104.4938454, 19.673724 ], [ 104.4956041, 19.6731797 ], [ 104.4965844, 19.6728261 ], [ 104.4984693, 19.6720352 ], [ 104.5002636, 19.671056 ], [ 104.5015868, 19.6702435 ], [ 104.5017704, 19.6701307 ], [ 104.5033463, 19.6690556 ], [ 104.5048126, 19.6678353 ], [ 104.5057038, 19.6670186 ], [ 104.5071787, 19.6655167 ], [ 104.5084876, 19.6638682 ], [ 104.5090183, 19.6631223 ], [ 104.5091425, 19.6629476 ], [ 104.5101984, 19.6612962 ], [ 104.5110875, 19.6595495 ], [ 104.5118015, 19.6577241 ], [ 104.5123333, 19.6558376 ], [ 104.5126502, 19.6544578 ], [ 104.5129839, 19.6526116 ], [ 104.5131432, 19.6507423 ], [ 104.5131445, 19.650708 ], [ 104.513182, 19.6506823 ], [ 104.5146929, 19.6495362 ], [ 104.5160884, 19.6482522 ], [ 104.517356, 19.6468417 ], [ 104.5191233, 19.6446771 ], [ 104.5206526, 19.6425294 ], [ 104.5215551, 19.6410665 ], [ 104.5222782, 19.6397603 ], [ 104.5238708, 19.6390203 ], [ 104.5253558, 19.6382532 ], [ 104.527666, 19.6369348 ], [ 104.5305659, 19.6353024 ], [ 104.5308544, 19.6351322 ], [ 104.5310915, 19.6353413 ], [ 104.5328091, 19.6365607 ], [ 104.5346455, 19.6375927 ], [ 104.5365801, 19.6384258 ], [ 104.5385917, 19.6390508 ], [ 104.5395613, 19.6392969 ], [ 104.5416448, 19.6397094 ], [ 104.5437604, 19.6398986 ], [ 104.5458841, 19.6398624 ], [ 104.5464204, 19.6398247 ], [ 104.548251, 19.6396109 ], [ 104.5500541, 19.6392294 ], [ 104.5518145, 19.6386837 ], [ 104.5535171, 19.6379781 ], [ 104.5551476, 19.6371189 ], [ 104.5558364, 19.6367143 ], [ 104.5571764, 19.6358229 ], [ 104.5576551, 19.6363904 ], [ 104.5593044, 19.6381474 ], [ 104.5608273, 19.6396071 ], [ 104.5624954, 19.6408983 ], [ 104.5657672, 19.6431654 ], [ 104.567339, 19.6441499 ], [ 104.5689953, 19.6449846 ], [ 104.576485, 19.6483331 ], [ 104.5781246, 19.648981 ], [ 104.5821181, 19.6503589 ], [ 104.5837233, 19.6508386 ], [ 104.585363, 19.6511822 ], [ 104.5870257, 19.6513873 ], [ 104.58889, 19.6515384 ], [ 104.5974999, 19.6530757 ], [ 104.5998402, 19.6534936 ], [ 104.6003648, 19.6535801 ], [ 104.6039176, 19.6541175 ], [ 104.6056983, 19.654453 ], [ 104.6074349, 19.6547019 ], [ 104.6091866, 19.6547976 ], [ 104.6109399, 19.6547395 ], [ 104.6126814, 19.654528 ], [ 104.6139512, 19.6543169 ], [ 104.6160116, 19.6538616 ], [ 104.6180125, 19.6531917 ], [ 104.6199317, 19.6523147 ], [ 104.6217478, 19.6512404 ], [ 104.6234406, 19.6499807 ], [ 104.6242423, 19.6493157 ], [ 104.6251608, 19.6492602 ], [ 104.6249251, 19.6502612 ], [ 104.6246747, 19.6519895 ], [ 104.624576, 19.6537331 ], [ 104.6246297, 19.6554787 ], [ 104.6247883, 19.6576047 ], [ 104.6250485, 19.659656 ], [ 104.6255191, 19.6616694 ], [ 104.6261951, 19.6636235 ], [ 104.6270693, 19.6654974 ], [ 104.6278479, 19.6669635 ], [ 104.6288053, 19.6685785 ], [ 104.62991, 19.6700966 ], [ 104.6311522, 19.6715044 ], [ 104.6325209, 19.6727896 ], [ 104.634004, 19.6739407 ], [ 104.6362177, 19.675498 ], [ 104.6379818, 19.6766063 ], [ 104.6392221, 19.6772158 ], [ 104.6394801, 19.6782228 ], [ 104.6401014, 19.6799618 ], [ 104.6405691, 19.681102 ], [ 104.6406128, 19.6812086 ], [ 104.6415021, 19.6830925 ], [ 104.6425825, 19.6848736 ], [ 104.6438423, 19.6865328 ], [ 104.6449882, 19.687889 ], [ 104.645623, 19.6885757 ], [ 104.6455023, 19.6887998 ], [ 104.6442737, 19.6909954 ], [ 104.6434691, 19.6925977 ], [ 104.6428113, 19.6942657 ], [ 104.6423056, 19.6959859 ], [ 104.6419559, 19.6977445 ], [ 104.6416818, 19.6995406 ], [ 104.6414778, 19.7015609 ], [ 104.6414796, 19.7035914 ], [ 104.6416874, 19.7056113 ], [ 104.6420989, 19.7075998 ], [ 104.6427099, 19.7095362 ], [ 104.643514, 19.7114007 ], [ 104.6445032, 19.7131741 ], [ 104.6448827, 19.71378 ], [ 104.6461171, 19.7155342 ], [ 104.6475324, 19.7171462 ], [ 104.6491121, 19.7185973 ], [ 104.6508382, 19.7198708 ], [ 104.6526907, 19.7209522 ], [ 104.6538014, 19.721523 ], [ 104.656288, 19.7225948 ], [ 104.6586124, 19.723415 ], [ 104.6589064, 19.7235078 ], [ 104.6591257, 19.7236785 ], [ 104.6608132, 19.7251699 ], [ 104.6616336, 19.725895 ], [ 104.6619818, 19.7261958 ], [ 104.6634965, 19.7274736 ], [ 104.6635826, 19.7275463 ], [ 104.663853, 19.7278576 ], [ 104.6639058, 19.7280105 ], [ 104.6645658, 19.7296765 ], [ 104.6653722, 19.7312768 ], [ 104.6663187, 19.7327984 ], [ 104.6673976, 19.7342292 ], [ 104.6682093, 19.7352109 ], [ 104.6695928, 19.7367198 ], [ 104.6711233, 19.7380793 ], [ 104.6727848, 19.7392753 ], [ 104.6745598, 19.7402951 ], [ 104.6760572, 19.7410563 ], [ 104.6778045, 19.7418416 ], [ 104.6795779, 19.7425386 ], [ 104.679667, 19.7425736 ], [ 104.6797374, 19.7427625 ], [ 104.680596, 19.7447346 ], [ 104.6816095, 19.7467578 ], [ 104.6825094, 19.7483649 ], [ 104.6835534, 19.7498824 ], [ 104.6847325, 19.7512974 ], [ 104.6860368, 19.752598 ], [ 104.6874553, 19.753773 ], [ 104.6941433, 19.7588126 ], [ 104.6954442, 19.7597145 ], [ 104.6989389, 19.7619377 ], [ 104.7009477, 19.7632155 ], [ 104.7012898, 19.7635103 ], [ 104.7061192, 19.7683588 ], [ 104.7072865, 19.769441 ], [ 104.7088238, 19.7707564 ], [ 104.7105194, 19.772057 ], [ 104.7123441, 19.7731693 ], [ 104.7142771, 19.7740805 ], [ 104.7159227, 19.7747513 ], [ 104.7173447, 19.7752691 ], [ 104.7188018, 19.7756779 ], [ 104.720646, 19.7761208 ], [ 104.7224774, 19.7764713 ], [ 104.7243335, 19.7766496 ], [ 104.7258622, 19.7767249 ], [ 104.7263507, 19.776749 ], [ 104.7284215, 19.7767439 ], [ 104.7304806, 19.7765247 ], [ 104.7323372, 19.7762292 ], [ 104.7339866, 19.775895 ], [ 104.7356021, 19.7754232 ], [ 104.7363861, 19.775158 ], [ 104.738069, 19.7745027 ], [ 104.7396859, 19.7736982 ], [ 104.7412237, 19.7727512 ], [ 104.7415058, 19.7725594 ], [ 104.7413878, 19.7738502 ], [ 104.7413992, 19.7757899 ], [ 104.7415984, 19.7777194 ], [ 104.7419836, 19.7796205 ], [ 104.7425511, 19.7814753 ], [ 104.7430888, 19.7829694 ], [ 104.7438234, 19.7847395 ], [ 104.7447241, 19.7864311 ], [ 104.7457825, 19.7880287 ], [ 104.7469889, 19.7895178 ], [ 104.7483324, 19.7908845 ], [ 104.7498005, 19.7921163 ], [ 104.7501596, 19.7923894 ], [ 104.7519088, 19.7935792 ], [ 104.7537739, 19.7945775 ], [ 104.755734, 19.7953732 ], [ 104.7577672, 19.7959575 ], [ 104.7588353, 19.7962041 ], [ 104.7608078, 19.7965564 ], [ 104.7628056, 19.7967097 ], [ 104.7648087, 19.7966623 ], [ 104.7655702, 19.796606 ], [ 104.7674206, 19.7984404 ], [ 104.7680054, 19.7990201 ], [ 104.7695964, 19.8004374 ], [ 104.7713291, 19.8016773 ], [ 104.7731839, 19.802726 ], [ 104.7751397, 19.8035713 ], [ 104.7799821, 19.8053646 ], [ 104.7825364, 19.8064408 ], [ 104.7862939, 19.8081852 ], [ 104.7869914, 19.8085089 ], [ 104.7872408, 19.8086247 ], [ 104.7883005, 19.80908 ], [ 104.7899953, 19.809751 ], [ 104.7919518, 19.810411 ], [ 104.793966, 19.8108657 ], [ 104.7960163, 19.8111104 ], [ 104.7968926, 19.8111693 ], [ 104.7988695, 19.8112042 ], [ 104.8008401, 19.8110438 ], [ 104.8027853, 19.8106895 ], [ 104.8046859, 19.810145 ], [ 104.8065236, 19.8094154 ], [ 104.8073092, 19.8090576 ], [ 104.8087914, 19.8083067 ], [ 104.8095357, 19.8078483 ], [ 104.810491, 19.8079102 ], [ 104.8123883, 19.8078529 ], [ 104.8142717, 19.807616 ], [ 104.8154317, 19.8074138 ], [ 104.8150125, 19.8085891 ], [ 104.8145519, 19.810399 ], [ 104.8142874, 19.8116875 ], [ 104.8139982, 19.8135278 ], [ 104.8138815, 19.8153869 ], [ 104.8138525, 19.8171865 ], [ 104.8139293, 19.8192891 ], [ 104.8140945, 19.8211376 ], [ 104.814412, 19.8233221 ], [ 104.8154278, 19.8283445 ], [ 104.8159241, 19.83029 ], [ 104.8165264, 19.8322371 ], [ 104.8174802, 19.8347213 ], [ 104.8195246, 19.8391422 ], [ 104.8186571, 19.8402006 ], [ 104.817605, 19.8417641 ], [ 104.8167047, 19.8434197 ], [ 104.8161499, 19.8445655 ], [ 104.8153105, 19.8465699 ], [ 104.8146936, 19.8486534 ], [ 104.8143063, 19.8507916 ], [ 104.8141533, 19.8529592 ], [ 104.8141347, 19.8541128 ], [ 104.8141899, 19.8559551 ], [ 104.8144145, 19.8577846 ], [ 104.8146817, 19.8593576 ], [ 104.8151042, 19.8612712 ], [ 104.8157119, 19.8631343 ], [ 104.816499, 19.8649289 ], [ 104.8177268, 19.8673926 ], [ 104.8188326, 19.8693322 ], [ 104.8190524, 19.8696721 ], [ 104.8197366, 19.8707301 ], [ 104.8207774, 19.8721914 ], [ 104.821945, 19.8735535 ], [ 104.8232299, 19.8748055 ], [ 104.8236385, 19.8751377 ], [ 104.8232551, 19.8757878 ], [ 104.8225511, 19.877116 ], [ 104.821577, 19.8792468 ], [ 104.8208588, 19.8814769 ], [ 104.820526, 19.8827642 ], [ 104.8204431, 19.8830851 ], [ 104.8200938, 19.8847127 ], [ 104.8198811, 19.8863637 ], [ 104.8198064, 19.8880266 ], [ 104.819805, 19.8884559 ], [ 104.8198016, 19.8894531 ], [ 104.8198, 19.8899409 ], [ 104.8198564, 19.8915088 ], [ 104.8200355, 19.8930674 ], [ 104.8203005, 19.8947787 ], [ 104.8204814, 19.8957784 ], [ 104.8207981, 19.8973059 ], [ 104.821257, 19.899098 ], [ 104.8218796, 19.9008401 ], [ 104.8226605, 19.9025172 ], [ 104.823512, 19.9041447 ], [ 104.8241463, 19.9052674 ], [ 104.8243967, 19.905679 ], [ 104.824657, 19.9063945 ], [ 104.8240114, 19.9074012 ], [ 104.8231897, 19.9089736 ], [ 104.8225106, 19.9106126 ], [ 104.8219795, 19.9123054 ], [ 104.8217762, 19.9130706 ], [ 104.8213988, 19.914794 ], [ 104.8211748, 19.9165439 ], [ 104.8211059, 19.9183068 ], [ 104.8211085, 19.9188228 ], [ 104.8211103, 19.919182 ], [ 104.8211108, 19.9192838 ], [ 104.8212262, 19.9213163 ], [ 104.8215475, 19.9233266 ], [ 104.8217778, 19.9241914 ], [ 104.8219377, 19.9254609 ], [ 104.8219669, 19.9256831 ], [ 104.8222812, 19.9279718 ], [ 104.8223159, 19.9282245 ], [ 104.8227086, 19.9302807 ], [ 104.8233142, 19.9322847 ], [ 104.8241258, 19.9342143 ], [ 104.8245978, 19.9351901 ], [ 104.8254456, 19.9367599 ], [ 104.8264298, 19.938248 ], [ 104.8275428, 19.9396424 ], [ 104.8289315, 19.9412314 ], [ 104.8297219, 19.9420844 ], [ 104.8330089, 19.9454312 ], [ 104.8344641, 19.9467731 ], [ 104.8381216, 19.9498251 ], [ 104.8384685, 19.9501081 ], [ 104.8414009, 19.9524457 ], [ 104.8435834, 19.9544195 ], [ 104.8441811, 19.9549389 ], [ 104.8446534, 19.9553332 ], [ 104.8458894, 19.9570152 ], [ 104.847231, 19.9586518 ], [ 104.848738, 19.9601375 ], [ 104.849796, 19.9610755 ], [ 104.851602, 19.9624999 ], [ 104.8535595, 19.9637075 ], [ 104.855929, 19.9649873 ], [ 104.8575169, 19.9657565 ], [ 104.8606171, 19.9670928 ], [ 104.8617607, 19.9675445 ], [ 104.8677015, 19.9696827 ], [ 104.8681856, 19.96985 ], [ 104.8710967, 19.9708143 ], [ 104.8718904, 19.9710591 ], [ 104.8746095, 19.9718361 ], [ 104.8759831, 19.9721765 ], [ 104.8782345, 19.9726506 ], [ 104.8798191, 19.9735451 ], [ 104.88073, 19.9740839 ], [ 104.8811422, 19.9743278 ], [ 104.881907, 19.9754887 ], [ 104.8830191, 19.977009 ], [ 104.8830967, 19.9771153 ], [ 104.8849206, 19.9792724 ], [ 104.8866852, 19.9810829 ], [ 104.8873365, 19.9819694 ], [ 104.8886464, 19.9838175 ], [ 104.8886259, 19.9854803 ], [ 104.8887436, 19.9871395 ], [ 104.8889576, 19.9890344 ], [ 104.8891849, 19.9905341 ], [ 104.8895905, 19.9926624 ], [ 104.8899892, 19.9943521 ], [ 104.890533, 19.9960008 ], [ 104.8910625, 19.9972347 ], [ 104.8906491, 19.99904 ], [ 104.8904008, 20.0009797 ], [ 104.8903432, 20.0029344 ], [ 104.8904767, 20.0048854 ], [ 104.8908001, 20.0068141 ], [ 104.8908911, 20.0072307 ], [ 104.8917048, 20.0099878 ], [ 104.8933561, 20.0143893 ], [ 104.8942659, 20.0164524 ], [ 104.8986667, 20.0250793 ], [ 104.8987388, 20.0252353 ], [ 104.8997452, 20.0271382 ], [ 104.9009502, 20.0289219 ], [ 104.90234, 20.0305657 ], [ 104.9038984, 20.0320507 ], [ 104.9065703, 20.0343353 ], [ 104.9067706, 20.0348891 ], [ 104.9075481, 20.0365468 ], [ 104.9084741, 20.0381265 ], [ 104.9095406, 20.0396148 ], [ 104.9122438, 20.043044 ], [ 104.9122842, 20.0430951 ], [ 104.9152344, 20.0468127 ], [ 104.9160243, 20.0478624 ], [ 104.9183785, 20.0509909 ], [ 104.9202178, 20.0531081 ], [ 104.9220195, 20.0549096 ], [ 104.9231869, 20.0559876 ], [ 104.9243426, 20.0569727 ], [ 104.9255989, 20.0579597 ], [ 104.9269299, 20.0588432 ], [ 104.9374197, 20.065218 ], [ 104.9389631, 20.0660653 ], [ 104.940575, 20.0667735 ], [ 104.9422429, 20.0673372 ], [ 104.9438006, 20.0677149 ], [ 104.9443585, 20.0686439 ], [ 104.9449785, 20.0695752 ], [ 104.9460774, 20.0710704 ], [ 104.94731, 20.0724573 ], [ 104.9486659, 20.073724 ], [ 104.9501333, 20.0748596 ], [ 104.9516997, 20.0758543 ], [ 104.9523678, 20.0762363 ], [ 104.9534678, 20.0802067 ], [ 104.9540267, 20.082545 ], [ 104.9542273, 20.0832545 ], [ 104.9538722, 20.0834106 ], [ 104.9518323, 20.084613 ], [ 104.951386, 20.084913 ], [ 104.9503552, 20.0856058 ], [ 104.9488473, 20.0867254 ], [ 104.947451, 20.0879815 ], [ 104.9461621, 20.0892555 ], [ 104.9447451, 20.0908119 ], [ 104.9434995, 20.0925086 ], [ 104.9428246, 20.0935373 ], [ 104.9420116, 20.09489 ], [ 104.9413586, 20.0960805 ], [ 104.9404327, 20.0980057 ], [ 104.9397581, 20.0999041 ], [ 104.9395293, 20.1000699 ], [ 104.9380886, 20.1013412 ], [ 104.9375927, 20.1018231 ], [ 104.9372465, 20.1021596 ], [ 104.9360679, 20.1034075 ], [ 104.9350007, 20.1047519 ], [ 104.9348609, 20.1049629 ], [ 104.9331528, 20.1053939 ], [ 104.9311845, 20.1059999 ], [ 104.9283859, 20.107022 ], [ 104.9267726, 20.1076925 ], [ 104.9252239, 20.1085012 ], [ 104.923746, 20.1093571 ], [ 104.9219361, 20.1105403 ], [ 104.9202645, 20.111912 ], [ 104.9187508, 20.1134562 ], [ 104.9183248, 20.1139407 ], [ 104.9175083, 20.114869 ], [ 104.9159131, 20.1169417 ], [ 104.9157576, 20.1171737 ], [ 104.9142441, 20.1184259 ], [ 104.9123607, 20.1202015 ], [ 104.9107309, 20.1219505 ], [ 104.9100271, 20.1227059 ], [ 104.9090964, 20.1237785 ], [ 104.9066757, 20.1267774 ], [ 104.9060295, 20.1273637 ], [ 104.9046611, 20.1288882 ], [ 104.9041273, 20.1296218 ], [ 104.9039962, 20.129575 ], [ 104.9023694, 20.1290715 ], [ 104.9007057, 20.1287082 ], [ 104.8988311, 20.1283818 ], [ 104.8964566, 20.1281133 ], [ 104.894067, 20.1281299 ], [ 104.8934376, 20.128172 ], [ 104.8884327, 20.127964 ], [ 104.887393, 20.1278532 ], [ 104.879484, 20.1267554 ], [ 104.8781518, 20.126169 ], [ 104.8759765, 20.1253587 ], [ 104.8733043, 20.1245364 ], [ 104.8718527, 20.1241487 ], [ 104.8694691, 20.1236072 ], [ 104.8674092, 20.1232513 ], [ 104.8653234, 20.1231123 ], [ 104.8630292, 20.1230796 ], [ 104.8610169, 20.1231523 ], [ 104.8590221, 20.123427 ], [ 104.8572102, 20.1237702 ], [ 104.855397, 20.1242021 ], [ 104.8526503, 20.1249932 ], [ 104.850964, 20.1255612 ], [ 104.8493349, 20.1262769 ], [ 104.8477758, 20.1271345 ], [ 104.8465925, 20.1278558 ], [ 104.8450186, 20.128921 ], [ 104.8442743, 20.1295353 ], [ 104.8426444, 20.1293418 ], [ 104.8405459, 20.1293143 ], [ 104.8384559, 20.1295068 ], [ 104.8363977, 20.1299173 ], [ 104.8343938, 20.1305412 ], [ 104.8339769, 20.1306954 ], [ 104.8333137, 20.1309407 ], [ 104.8307958, 20.1320754 ], [ 104.8299585, 20.1325247 ], [ 104.8282782, 20.1335355 ], [ 104.826705, 20.1347059 ], [ 104.825254, 20.1360247 ], [ 104.8240539, 20.1373522 ], [ 104.8232213, 20.1375771 ], [ 104.8214849, 20.1382238 ], [ 104.8198158, 20.1390284 ], [ 104.8191951, 20.1393639 ], [ 104.8184846, 20.139748 ], [ 104.8171904, 20.1405118 ], [ 104.8132073, 20.1430692 ], [ 104.8125526, 20.1434895 ], [ 104.8107272, 20.1448124 ], [ 104.8090623, 20.1463324 ], [ 104.8084009, 20.1470084 ], [ 104.8077724, 20.1476507 ], [ 104.8065076, 20.1490727 ], [ 104.8053837, 20.1506084 ], [ 104.8044109, 20.152244 ], [ 104.8035979, 20.1539646 ], [ 104.8031406, 20.1550652 ], [ 104.8025569, 20.1567439 ], [ 104.8017883, 20.1571243 ], [ 104.8002539, 20.1580639 ], [ 104.7969787, 20.1602782 ], [ 104.7964336, 20.1606342 ], [ 104.7953387, 20.1613493 ], [ 104.7940892, 20.1619064 ], [ 104.7928441, 20.1625141 ], [ 104.7910708, 20.163457 ], [ 104.7896173, 20.1643103 ], [ 104.7882408, 20.165283 ], [ 104.7869511, 20.1663681 ], [ 104.7860092, 20.1672309 ], [ 104.7848404, 20.1683937 ], [ 104.7837713, 20.1696489 ], [ 104.7833217, 20.1702746 ], [ 104.7827576, 20.1707885 ], [ 104.7816963, 20.17127 ], [ 104.780383, 20.1719888 ], [ 104.7791911, 20.1727004 ], [ 104.7791029, 20.172753 ], [ 104.7773384, 20.1739377 ], [ 104.7758995, 20.1751437 ], [ 104.7755815, 20.1752155 ], [ 104.7744044, 20.1755212 ], [ 104.7733579, 20.1758236 ], [ 104.771836, 20.1763087 ], [ 104.769991, 20.1769986 ], [ 104.7682228, 20.1778666 ], [ 104.7668428, 20.1786306 ], [ 104.7650209, 20.1797713 ], [ 104.7646925, 20.1800024 ], [ 104.7630733, 20.1799205 ], [ 104.7610793, 20.180019 ], [ 104.759465, 20.1801798 ], [ 104.7579847, 20.1803833 ], [ 104.7571676, 20.1805587 ], [ 104.7562005, 20.1803177 ], [ 104.7544194, 20.1800411 ], [ 104.752957, 20.1798811 ], [ 104.7514203, 20.1797727 ], [ 104.7498799, 20.1797828 ], [ 104.7473649, 20.1798964 ], [ 104.7412645, 20.1798272 ], [ 104.7393192, 20.1798999 ], [ 104.7379498, 20.180018 ], [ 104.7361, 20.1802649 ], [ 104.7342813, 20.1806831 ], [ 104.7325095, 20.1812691 ], [ 104.7309417, 20.1818701 ], [ 104.7309184, 20.181879 ], [ 104.7298616, 20.1823171 ], [ 104.7297581, 20.1823636 ], [ 104.7274107, 20.1818836 ], [ 104.7250164, 20.1815433 ], [ 104.7229192, 20.1813737 ], [ 104.7205278, 20.1813238 ], [ 104.7188174, 20.1813905 ], [ 104.717134, 20.1815275 ], [ 104.7154682, 20.1818061 ], [ 104.7142429, 20.1820646 ], [ 104.7120646, 20.1826542 ], [ 104.7099666, 20.1834855 ], [ 104.7079756, 20.1845479 ], [ 104.7072285, 20.1850025 ], [ 104.7067947, 20.1852663 ], [ 104.7052176, 20.1863315 ], [ 104.7047118, 20.1867482 ], [ 104.704357, 20.186811 ], [ 104.7026907, 20.1871551 ], [ 104.7008301, 20.1876335 ], [ 104.6990239, 20.1882883 ], [ 104.6977451, 20.1888227 ], [ 104.6958985, 20.189708 ], [ 104.6941522, 20.1907775 ], [ 104.693657, 20.1911168 ], [ 104.6929645, 20.1915914 ], [ 104.6907701, 20.1933332 ], [ 104.6896788, 20.1943317 ], [ 104.6882311, 20.1958003 ], [ 104.6880009, 20.1960879 ], [ 104.6845151, 20.197253 ], [ 104.6825681, 20.1978194 ], [ 104.679513, 20.1975172 ], [ 104.678082, 20.1974272 ], [ 104.6741765, 20.1973221 ], [ 104.6725187, 20.1973463 ], [ 104.6699276, 20.1974916 ], [ 104.667679, 20.1977459 ], [ 104.6654735, 20.1982526 ], [ 104.6633393, 20.1990052 ], [ 104.6620603, 20.1995394 ], [ 104.6608632, 20.2000864 ], [ 104.65881, 20.2011074 ], [ 104.6582533, 20.2013842 ], [ 104.6566266, 20.2022898 ], [ 104.6550912, 20.2033427 ], [ 104.6536603, 20.2045339 ], [ 104.6529161, 20.2052145 ], [ 104.6515808, 20.2065571 ], [ 104.6503785, 20.20802 ], [ 104.6493199, 20.20959 ], [ 104.6484146, 20.2112532 ], [ 104.6476706, 20.2129944 ], [ 104.6473572, 20.213976 ], [ 104.6471524, 20.2139931 ], [ 104.6454599, 20.214282 ], [ 104.644394, 20.2145114 ], [ 104.6432557, 20.2138285 ], [ 104.6419189, 20.2131569 ], [ 104.6399318, 20.2122501 ], [ 104.6382728, 20.211581 ], [ 104.6365607, 20.2110628 ], [ 104.6348091, 20.2106996 ], [ 104.6335426, 20.2104956 ], [ 104.6312144, 20.2102593 ], [ 104.6288745, 20.2102965 ], [ 104.6278475, 20.2103731 ], [ 104.6258408, 20.2106253 ], [ 104.6238698, 20.2110789 ], [ 104.6219547, 20.2117293 ], [ 104.6201151, 20.2125697 ], [ 104.6187351, 20.2132866 ], [ 104.6168572, 20.2143962 ], [ 104.6151113, 20.2157037 ], [ 104.6139315, 20.2166921 ], [ 104.6133249, 20.2172005 ], [ 104.6116032, 20.2188262 ], [ 104.6101249, 20.2203977 ], [ 104.6091859, 20.2211512 ], [ 104.6086267, 20.2216168 ], [ 104.6078246, 20.2223098 ], [ 104.6070534, 20.2228146 ], [ 104.6024662, 20.2258173 ], [ 104.6002427, 20.2275057 ], [ 104.5990523, 20.2285483 ], [ 104.5976164, 20.2299387 ], [ 104.5963265, 20.2314654 ], [ 104.5955268, 20.232514 ], [ 104.5943286, 20.2342717 ], [ 104.5933238, 20.2361467 ], [ 104.5925239, 20.2381178 ], [ 104.5919379, 20.2401627 ], [ 104.5916738, 20.2413119 ], [ 104.5912902, 20.2435633 ], [ 104.5912093, 20.2450469 ], [ 104.5905953, 20.2459451 ], [ 104.5896593, 20.2476488 ], [ 104.5888931, 20.2494355 ], [ 104.5887394, 20.2498482 ], [ 104.5880309, 20.2521739 ], [ 104.5876099, 20.2545684 ], [ 104.5875523, 20.2550749 ], [ 104.5874246, 20.2572147 ], [ 104.5875266, 20.2593558 ], [ 104.5878571, 20.2614737 ], [ 104.5884125, 20.2635441 ], [ 104.5891862, 20.2655431 ], [ 104.5895625, 20.2663792 ], [ 104.5896678, 20.2665798 ], [ 104.5894987, 20.2670968 ], [ 104.5890595, 20.2691434 ], [ 104.5888366, 20.2712247 ], [ 104.5888325, 20.2733179 ], [ 104.5889987, 20.2766135 ], [ 104.5890464, 20.2773141 ], [ 104.5892159, 20.2792917 ], [ 104.5893952, 20.2807514 ], [ 104.5897389, 20.2828941 ], [ 104.5901375, 20.2847877 ], [ 104.5907172, 20.2866339 ], [ 104.5910189, 20.2874537 ], [ 104.5919209, 20.289533 ], [ 104.5930524, 20.2914968 ], [ 104.5932714, 20.2918315 ], [ 104.5944222, 20.2934152 ], [ 104.5946317, 20.2936511 ], [ 104.5946403, 20.2938094 ], [ 104.5950168, 20.2960395 ], [ 104.5954205, 20.2974414 ], [ 104.5952575, 20.2989367 ], [ 104.5951291, 20.3011613 ], [ 104.5942975, 20.3055376 ], [ 104.5941207, 20.3066325 ], [ 104.5937837, 20.3091641 ], [ 104.5936088, 20.3118164 ], [ 104.5936097, 20.3131771 ], [ 104.5937314, 20.3153667 ], [ 104.5940921, 20.3175299 ], [ 104.5946874, 20.3196405 ], [ 104.5960364, 20.3235818 ], [ 104.5965507, 20.3248364 ], [ 104.5965329, 20.3249282 ], [ 104.5963672, 20.3260326 ], [ 104.596187, 20.3277176 ], [ 104.59615, 20.3294118 ], [ 104.5961766, 20.3307036 ], [ 104.5962742, 20.3323073 ], [ 104.5965002, 20.3338979 ], [ 104.5967438, 20.3352272 ], [ 104.5970178, 20.3373113 ], [ 104.5965667, 20.338011 ], [ 104.5956334, 20.3398502 ], [ 104.5952265, 20.3407664 ], [ 104.5944674, 20.3427547 ], [ 104.5939239, 20.3448123 ], [ 104.5936021, 20.346916 ], [ 104.5934837, 20.3481133 ], [ 104.5934637, 20.3483268 ], [ 104.593342, 20.3497086 ], [ 104.5932649, 20.351483 ], [ 104.5933455, 20.3532572 ], [ 104.593489, 20.3548506 ], [ 104.593505, 20.3550205 ], [ 104.5937627, 20.3576318 ], [ 104.5938006, 20.359359 ], [ 104.5939266, 20.3612035 ], [ 104.594139, 20.3630516 ], [ 104.5944498, 20.3649477 ], [ 104.5949411, 20.3668052 ], [ 104.5956084, 20.3686069 ], [ 104.5959842, 20.369489 ], [ 104.5968745, 20.3713155 ], [ 104.5979456, 20.3730422 ], [ 104.5984463, 20.3737647 ], [ 104.5999331, 20.3756561 ], [ 104.6016362, 20.3773553 ], [ 104.6057765, 20.3810164 ], [ 104.6074995, 20.3823789 ], [ 104.6083687, 20.3829918 ], [ 104.6101445, 20.3841094 ], [ 104.6120277, 20.3850347 ], [ 104.6223143, 20.3894354 ], [ 104.6224664, 20.3894997 ], [ 104.6269822, 20.3913877 ], [ 104.6280136, 20.3921333 ], [ 104.6325095, 20.3955884 ], [ 104.633348, 20.3961989 ], [ 104.6357871, 20.3978797 ], [ 104.6377256, 20.3990592 ], [ 104.6397852, 20.4000115 ], [ 104.6499038, 20.4040101 ], [ 104.6580004, 20.4079327 ], [ 104.6592751, 20.4089544 ], [ 104.6612024, 20.4104989 ], [ 104.6632165, 20.4134505 ], [ 104.664163, 20.4147257 ], [ 104.6657271, 20.4166669 ], [ 104.6669937, 20.4180939 ], [ 104.6683906, 20.4193936 ], [ 104.6699049, 20.4205543 ], [ 104.6712624, 20.4214027 ], [ 104.6706458, 20.4221993 ], [ 104.6696399, 20.4237871 ], [ 104.6687875, 20.4254624 ], [ 104.6680449, 20.4271089 ], [ 104.6675469, 20.4280853 ], [ 104.666051, 20.4289047 ], [ 104.6644396, 20.4298977 ], [ 104.6643856, 20.4299309 ], [ 104.6629283, 20.4309181 ], [ 104.6615911, 20.4319125 ], [ 104.660664, 20.4326773 ], [ 104.6591064, 20.4331158 ], [ 104.6582801, 20.4333679 ], [ 104.657282, 20.433696 ], [ 104.6568095, 20.4338512 ], [ 104.6549958, 20.4345463 ], [ 104.653258, 20.435414 ], [ 104.6516126, 20.4364462 ], [ 104.6500751, 20.4376332 ], [ 104.64866, 20.4389637 ], [ 104.6473806, 20.4404252 ], [ 104.646249, 20.4420039 ], [ 104.6452759, 20.443685 ], [ 104.6449219, 20.4443714 ], [ 104.6442268, 20.4458676 ], [ 104.6436574, 20.447416 ], [ 104.6434788, 20.4479713 ], [ 104.643324, 20.4478968 ], [ 104.639983, 20.4462896 ], [ 104.6376051, 20.4453283 ], [ 104.6364569, 20.4449478 ], [ 104.6364611, 20.4449231 ], [ 104.6366811, 20.4431399 ], [ 104.6367401, 20.4413441 ], [ 104.6366378, 20.4395502 ], [ 104.6364626, 20.4383662 ], [ 104.6363441, 20.4356911 ], [ 104.6361184, 20.4334531 ], [ 104.6356427, 20.4312546 ], [ 104.6351825, 20.4295874 ], [ 104.6346343, 20.4278978 ], [ 104.6339384, 20.4262635 ], [ 104.6331001, 20.4246975 ], [ 104.6315868, 20.4221489 ], [ 104.6308882, 20.4205775 ], [ 104.6302344, 20.4192428 ], [ 104.6294834, 20.4179604 ], [ 104.6276746, 20.4151195 ], [ 104.6266097, 20.4136064 ], [ 104.6254096, 20.4121982 ], [ 104.6239215, 20.4106074 ], [ 104.6226497, 20.4093636 ], [ 104.6212724, 20.4082377 ], [ 104.6198004, 20.4072387 ], [ 104.617188, 20.4056305 ], [ 104.6154607, 20.4046812 ], [ 104.613079, 20.4035212 ], [ 104.6087253, 20.4010907 ], [ 104.606821, 20.4001564 ], [ 104.6050253, 20.3993907 ], [ 104.603477, 20.398805 ], [ 104.6020187, 20.3983213 ], [ 104.5996757, 20.3976989 ], [ 104.5967037, 20.3970996 ], [ 104.5955004, 20.396895 ], [ 104.5904523, 20.3961942 ], [ 104.5895017, 20.3960853 ], [ 104.5845715, 20.3956399 ], [ 104.5820584, 20.3955715 ], [ 104.5775575, 20.3957322 ], [ 104.5753519, 20.3959337 ], [ 104.5716756, 20.3964761 ], [ 104.5698048, 20.396844 ], [ 104.5679951, 20.3973831 ], [ 104.5673961, 20.3973455 ], [ 104.5671277, 20.3973305 ], [ 104.5671172, 20.39733 ], [ 104.5632128, 20.3960342 ], [ 104.5623836, 20.39538 ], [ 104.5606412, 20.3941501 ], [ 104.5592872, 20.3932988 ], [ 104.5576307, 20.3923642 ], [ 104.555893, 20.3915911 ], [ 104.5540897, 20.3909866 ], [ 104.5521925, 20.3904495 ], [ 104.5504572, 20.3900408 ], [ 104.5486924, 20.3897883 ], [ 104.5464473, 20.3895686 ], [ 104.5448128, 20.389476 ], [ 104.5432656, 20.3894518 ], [ 104.5429699, 20.3887735 ], [ 104.5421822, 20.3873117 ], [ 104.5399987, 20.3836338 ], [ 104.5387875, 20.3818256 ], [ 104.5372999, 20.3798467 ], [ 104.5370688, 20.3795393 ], [ 104.5363501, 20.3786385 ], [ 104.5357954, 20.3779829 ], [ 104.5338816, 20.376013 ], [ 104.53175, 20.374101 ], [ 104.5303925, 20.3729869 ], [ 104.5289424, 20.3719961 ], [ 104.5274111, 20.3711364 ], [ 104.5258102, 20.3704144 ], [ 104.5243786, 20.3698429 ], [ 104.5223445, 20.3689944 ], [ 104.5217114, 20.368743 ], [ 104.519679, 20.3679754 ], [ 104.5186895, 20.367631 ], [ 104.5183227, 20.367514 ], [ 104.5173558, 20.3672055 ], [ 104.5156543, 20.3667442 ], [ 104.5139188, 20.3664346 ], [ 104.5121628, 20.3662789 ], [ 104.5102435, 20.3661938 ], [ 104.5099015, 20.3661816 ], [ 104.507764, 20.3661234 ], [ 104.5059127, 20.3658547 ], [ 104.5053013, 20.3657419 ], [ 104.5052381, 20.3656711 ], [ 104.5038581, 20.3642695 ], [ 104.502347, 20.3630101 ], [ 104.5007195, 20.3619053 ], [ 104.497649, 20.3600346 ], [ 104.4961827, 20.3592235 ], [ 104.4946536, 20.3585379 ], [ 104.4930725, 20.3579828 ], [ 104.4911745, 20.3574044 ], [ 104.489944, 20.3563609 ], [ 104.487926, 20.3548011 ], [ 104.4877597, 20.3546725 ], [ 104.4859279, 20.3532566 ], [ 104.4851488, 20.3526545 ], [ 104.4836982, 20.3516327 ], [ 104.4821627, 20.3507435 ], [ 104.4805544, 20.3499939 ], [ 104.4780993, 20.3489796 ], [ 104.4764984, 20.3483967 ], [ 104.4748537, 20.3479522 ], [ 104.4731771, 20.3476493 ], [ 104.4706434, 20.3473022 ], [ 104.4688493, 20.3471383 ], [ 104.4670478, 20.3471365 ], [ 104.4622834, 20.3473466 ], [ 104.4605098, 20.3475042 ], [ 104.4587572, 20.3478189 ], [ 104.4570395, 20.3482882 ], [ 104.4553704, 20.3489084 ], [ 104.4511935, 20.3506759 ], [ 104.4487281, 20.3519266 ], [ 104.444837, 20.3542519 ], [ 104.4433697, 20.3552187 ], [ 104.4419929, 20.3563106 ], [ 104.4409258, 20.3573215 ], [ 104.4404122, 20.3572358 ], [ 104.4387536, 20.3570995 ], [ 104.4368486, 20.3570225 ], [ 104.4344425, 20.3570702 ], [ 104.4320594, 20.3574065 ], [ 104.4307805, 20.3576663 ], [ 104.4284238, 20.3580969 ], [ 104.4262135, 20.3586383 ], [ 104.4251482, 20.358284 ], [ 104.4232303, 20.3578497 ], [ 104.421279, 20.3576058 ], [ 104.420498, 20.357547 ], [ 104.4185022, 20.3574967 ], [ 104.4165113, 20.3576456 ], [ 104.4145452, 20.3579922 ], [ 104.4126234, 20.3585332 ], [ 104.4107652, 20.359263 ], [ 104.410047, 20.3595873 ], [ 104.4092877, 20.3599302 ], [ 104.407137, 20.3610633 ], [ 104.4051397, 20.362449 ], [ 104.4038574, 20.3634594 ], [ 104.4033052, 20.3638944 ], [ 104.4027326, 20.364363 ], [ 104.3994766, 20.3671295 ], [ 104.3975934, 20.3687296 ], [ 104.3964197, 20.3698102 ], [ 104.395336, 20.370981 ], [ 104.3932378, 20.3734373 ], [ 104.392796, 20.373973 ], [ 104.392665, 20.3741376 ], [ 104.391613, 20.3754603 ], [ 104.3900402, 20.3774377 ], [ 104.3889171, 20.378998 ], [ 104.3879491, 20.380659 ], [ 104.3867836, 20.3828999 ], [ 104.3859734, 20.3846614 ], [ 104.3853375, 20.3864932 ], [ 104.3847377, 20.3885357 ], [ 104.3843124, 20.3902657 ], [ 104.3840427, 20.3920268 ], [ 104.3839308, 20.3938048 ], [ 104.3839097, 20.3949574 ], [ 104.3839448, 20.3959476 ], [ 104.3837342, 20.3977728 ], [ 104.3836535, 20.3980956 ], [ 104.3832303, 20.4003182 ], [ 104.3830608, 20.4025743 ], [ 104.3830345, 20.4040035 ], [ 104.3831693, 20.4067183 ], [ 104.3835035, 20.4095469 ], [ 104.3841101, 20.4148473 ], [ 104.3843428, 20.4163629 ], [ 104.3844403, 20.4168681 ], [ 104.3847446, 20.4184449 ], [ 104.3848026, 20.4186888 ], [ 104.3837565, 20.4193617 ], [ 104.3822134, 20.4205844 ], [ 104.3809213, 20.4217161 ], [ 104.3797886, 20.4228183 ], [ 104.37933, 20.4227375 ], [ 104.3772317, 20.4225921 ], [ 104.3766451, 20.4225824 ], [ 104.3747272, 20.4226428 ], [ 104.372824, 20.4228866 ], [ 104.3709528, 20.4233118 ], [ 104.369131, 20.4239142 ], [ 104.3682691, 20.4242459 ], [ 104.3666468, 20.4249542 ], [ 104.3650935, 20.4258032 ], [ 104.3636213, 20.4267862 ], [ 104.3622418, 20.4278955 ], [ 104.3609658, 20.4291224 ], [ 104.3603175, 20.4298035 ], [ 104.3590941, 20.4312155 ], [ 104.3580076, 20.4327354 ], [ 104.3570678, 20.4343502 ], [ 104.3562828, 20.4360455 ], [ 104.3556594, 20.4378068 ], [ 104.355203, 20.4396185 ], [ 104.3549177, 20.4414649 ], [ 104.3548586, 20.4420173 ], [ 104.3547451, 20.4441532 ], [ 104.3548604, 20.4462891 ], [ 104.3552031, 20.4484004 ], [ 104.3557693, 20.450463 ], [ 104.3560935, 20.4514367 ], [ 104.3567423, 20.4531034 ], [ 104.3561929, 20.4538629 ], [ 104.3552973, 20.4553607 ], [ 104.3545356, 20.4569308 ], [ 104.3539138, 20.4585614 ], [ 104.3536548, 20.4593411 ], [ 104.3531833, 20.4609948 ], [ 104.3528557, 20.4626829 ], [ 104.3526743, 20.4643929 ], [ 104.3526049, 20.4654985 ], [ 104.3525705, 20.4671949 ], [ 104.3525971, 20.4683943 ], [ 104.3527905, 20.4707605 ], [ 104.3532629, 20.473087 ], [ 104.3535829, 20.4742913 ], [ 104.354236, 20.4763105 ], [ 104.3550993, 20.4782492 ], [ 104.3561632, 20.4800856 ], [ 104.3574158, 20.4817988 ], [ 104.3589222, 20.4836451 ], [ 104.3600424, 20.4849056 ], [ 104.3633055, 20.4882795 ], [ 104.36371, 20.488686 ], [ 104.3648629, 20.4898116 ], [ 104.3651759, 20.4900865 ], [ 104.3651995, 20.4907339 ], [ 104.3655199, 20.4929071 ], [ 104.3658787, 20.4946652 ], [ 104.3663519, 20.4965238 ], [ 104.3670008, 20.4983284 ], [ 104.3678197, 20.5000626 ], [ 104.3688008, 20.5017104 ], [ 104.3699353, 20.5032567 ], [ 104.3712127, 20.5046871 ], [ 104.3726212, 20.5059887 ], [ 104.3741479, 20.5071494 ], [ 104.3757787, 20.5081585 ], [ 104.3774987, 20.5090067 ], [ 104.3792921, 20.5096864 ], [ 104.3811423, 20.5101911 ], [ 104.3830323, 20.5105163 ], [ 104.3849448, 20.510659 ], [ 104.3868621, 20.5106178 ], [ 104.3887667, 20.5103932 ], [ 104.390641, 20.5099872 ], [ 104.3924679, 20.5094036 ], [ 104.3931146, 20.5091262 ], [ 104.393129, 20.5091303 ], [ 104.3966342, 20.5100177 ], [ 104.3990136, 20.5104688 ], [ 104.4006727, 20.5106803 ], [ 104.4028757, 20.5108382 ], [ 104.4046849, 20.5108677 ], [ 104.4061746, 20.5108365 ], [ 104.4079866, 20.5107309 ], [ 104.4083092, 20.5110933 ], [ 104.4096384, 20.5123374 ], [ 104.410409, 20.5129955 ], [ 104.4119009, 20.5141524 ], [ 104.4134953, 20.5151635 ], [ 104.4151779, 20.5160198 ], [ 104.4166204, 20.5165898 ], [ 104.4169947, 20.5173872 ], [ 104.4178323, 20.518841 ], [ 104.4186882, 20.5201921 ], [ 104.4198477, 20.5218338 ], [ 104.4211662, 20.5233509 ], [ 104.4226303, 20.5247279 ], [ 104.4242253, 20.5259511 ], [ 104.4250465, 20.5265177 ], [ 104.4266962, 20.5275414 ], [ 104.4284375, 20.5284004 ], [ 104.4302539, 20.5290865 ], [ 104.4321282, 20.5295933 ], [ 104.4328103, 20.5297426 ], [ 104.4347752, 20.5300711 ], [ 104.4367631, 20.5302025 ], [ 104.4378879, 20.5302207 ], [ 104.4399871, 20.5301443 ], [ 104.440465, 20.5300763 ], [ 104.4411626, 20.5303422 ], [ 104.4424808, 20.5307928 ], [ 104.4440862, 20.5312798 ], [ 104.4448574, 20.5314969 ], [ 104.450432, 20.5329469 ], [ 104.4505064, 20.5329661 ], [ 104.4541582, 20.533901 ], [ 104.4544944, 20.533984 ], [ 104.4567836, 20.534528 ], [ 104.4585204, 20.5348604 ], [ 104.4602798, 20.5350381 ], [ 104.4605282, 20.5350521 ], [ 104.4608486, 20.5354093 ], [ 104.462355, 20.5369184 ], [ 104.4632126, 20.5376114 ], [ 104.4637727, 20.5390535 ], [ 104.4647304, 20.5409149 ], [ 104.4656795, 20.5425439 ], [ 104.4666506, 20.544051 ], [ 104.4677527, 20.5454651 ], [ 104.4699088, 20.5479894 ], [ 104.4713288, 20.5494878 ], [ 104.4726416, 20.5506139 ], [ 104.4732588, 20.5518146 ], [ 104.4742752, 20.5534032 ], [ 104.4747047, 20.5540095 ], [ 104.4758184, 20.5554396 ], [ 104.4770571, 20.556763 ], [ 104.4784105, 20.5579689 ], [ 104.4795678, 20.5589095 ], [ 104.4815319, 20.5603177 ], [ 104.4846523, 20.5622808 ], [ 104.4861518, 20.5631361 ], [ 104.4877195, 20.5638589 ], [ 104.4893436, 20.5644439 ], [ 104.4909004, 20.5649298 ], [ 104.4931583, 20.5654927 ], [ 104.4954663, 20.5657895 ], [ 104.4971765, 20.5659089 ], [ 104.4998191, 20.5659184 ], [ 104.4999877, 20.5659078 ], [ 104.5014962, 20.5670152 ], [ 104.5024526, 20.5675869 ], [ 104.5025249, 20.5680068 ], [ 104.5028554, 20.5695567 ], [ 104.5033076, 20.5710756 ], [ 104.5055865, 20.5777509 ], [ 104.5062375, 20.5794115 ], [ 104.5070338, 20.5810075 ], [ 104.5078872, 20.5825425 ], [ 104.5091084, 20.584471 ], [ 104.5105414, 20.5862478 ], [ 104.5112613, 20.5870429 ], [ 104.5126362, 20.5884203 ], [ 104.5130357, 20.5887493 ], [ 104.5130925, 20.5892021 ], [ 104.5134023, 20.5910512 ], [ 104.5138877, 20.5932084 ], [ 104.5146082, 20.5952989 ], [ 104.5155552, 20.5972971 ], [ 104.5163134, 20.5986921 ], [ 104.5171189, 20.6000446 ], [ 104.5180284, 20.6013295 ], [ 104.5184589, 20.6018896 ], [ 104.5195586, 20.6032003 ], [ 104.5196599, 20.603311 ], [ 104.5197514, 20.60356 ], [ 104.5205968, 20.6055277 ], [ 104.5214472, 20.6072469 ], [ 104.5215483, 20.6074484 ], [ 104.5220685, 20.6084709 ], [ 104.522962, 20.6100464 ], [ 104.5239945, 20.6115345 ], [ 104.5251573, 20.6129232 ], [ 104.5264409, 20.614201 ], [ 104.5271634, 20.6148578 ], [ 104.5288506, 20.6162316 ], [ 104.530677, 20.617414 ], [ 104.5326633, 20.6185516 ], [ 104.5342545, 20.6193706 ], [ 104.5359126, 20.6200442 ], [ 104.5405327, 20.6216842 ], [ 104.5421738, 20.6221477 ], [ 104.5427782, 20.6227259 ], [ 104.5442214, 20.6238718 ], [ 104.545764, 20.6248799 ], [ 104.5473928, 20.6257418 ], [ 104.5486063, 20.626314 ], [ 104.5500401, 20.626923 ], [ 104.5515169, 20.6274186 ], [ 104.5535131, 20.628003 ], [ 104.5552717, 20.6284324 ], [ 104.557062, 20.6287011 ], [ 104.5586252, 20.6288638 ], [ 104.5604765, 20.6289701 ], [ 104.565443, 20.6290245 ], [ 104.567421, 20.6289482 ], [ 104.5693818, 20.6286768 ], [ 104.5707596, 20.628416 ], [ 104.5716277, 20.6288821 ], [ 104.5734352, 20.6296353 ], [ 104.5745051, 20.6300208 ], [ 104.5766141, 20.6306519 ], [ 104.5787796, 20.6310474 ], [ 104.5809755, 20.6312025 ], [ 104.5828837, 20.631232 ], [ 104.5839874, 20.6312186 ], [ 104.58482, 20.6311855 ], [ 104.5865384, 20.6310428 ], [ 104.5882382, 20.6307526 ], [ 104.5892001, 20.6305015 ], [ 104.5906154, 20.6305228 ], [ 104.5916313, 20.6304432 ], [ 104.5927158, 20.6316758 ], [ 104.5932895, 20.6321961 ], [ 104.5935492, 20.6326075 ], [ 104.5947016, 20.6341002 ], [ 104.5959895, 20.6354776 ], [ 104.5970002, 20.6364612 ], [ 104.5985816, 20.637846 ], [ 104.6002995, 20.6390572 ], [ 104.6013889, 20.6397425 ], [ 104.6026818, 20.6404899 ], [ 104.6040268, 20.6411388 ], [ 104.6057755, 20.6419033 ], [ 104.6065252, 20.6422131 ], [ 104.6083726, 20.642933 ], [ 104.6095226, 20.6432874 ], [ 104.6097729, 20.6455121 ], [ 104.6100578, 20.6473064 ], [ 104.6105044, 20.6490675 ], [ 104.611109, 20.6507808 ], [ 104.6118602, 20.6526364 ], [ 104.6120785, 20.6531547 ], [ 104.6128091, 20.6548229 ], [ 104.6124634, 20.6548654 ], [ 104.6115037, 20.6548507 ], [ 104.6113989, 20.6548417 ], [ 104.6098178, 20.6544055 ], [ 104.608095, 20.6540111 ], [ 104.6063442, 20.6537704 ], [ 104.6048534, 20.6536322 ], [ 104.6023747, 20.6535568 ], [ 104.6004154, 20.6536188 ], [ 104.5987113, 20.6537458 ], [ 104.5970242, 20.6540177 ], [ 104.5953537, 20.6543608 ], [ 104.5930861, 20.6549672 ], [ 104.5909051, 20.6558351 ], [ 104.590522, 20.6560142 ], [ 104.5904309, 20.6560136 ], [ 104.5883906, 20.6562088 ], [ 104.5879844, 20.6562688 ], [ 104.5872577, 20.6563763 ], [ 104.5852883, 20.6567695 ], [ 104.5833683, 20.6573582 ], [ 104.5815171, 20.6581365 ], [ 104.5797532, 20.6590966 ], [ 104.5780945, 20.6602287 ], [ 104.5772014, 20.6609064 ], [ 104.5754359, 20.6624154 ], [ 104.5738572, 20.6641189 ], [ 104.5729569, 20.6652113 ], [ 104.5724999, 20.6658193 ], [ 104.5717858, 20.6663371 ], [ 104.5704475, 20.6675016 ], [ 104.5692177, 20.66878 ], [ 104.568106, 20.6701624 ], [ 104.5673035, 20.6712563 ], [ 104.5661137, 20.6730782 ], [ 104.5651289, 20.6750186 ], [ 104.5643607, 20.6770545 ], [ 104.5639979, 20.6782014 ], [ 104.5634116, 20.6805347 ], [ 104.5631097, 20.6829215 ], [ 104.5630431, 20.6839346 ], [ 104.5630011, 20.6854554 ], [ 104.5630194, 20.6872074 ], [ 104.5631266, 20.689077 ], [ 104.5633992, 20.6916858 ], [ 104.5634094, 20.6917631 ], [ 104.5618569, 20.6928248 ], [ 104.5561029, 20.6967154 ], [ 104.5544225, 20.6979855 ], [ 104.552885, 20.6994253 ], [ 104.5524773, 20.6998495 ], [ 104.5501296, 20.7006913 ], [ 104.5496993, 20.7008512 ], [ 104.5492441, 20.7010263 ], [ 104.5464754, 20.7003994 ], [ 104.5447372, 20.7000901 ], [ 104.5440512, 20.6981706 ], [ 104.5431447, 20.696284 ], [ 104.542046, 20.6945025 ], [ 104.5407671, 20.6928455 ], [ 104.5388003, 20.6905558 ], [ 104.5376537, 20.6893292 ], [ 104.5364083, 20.6882031 ], [ 104.5347678, 20.6868404 ], [ 104.5332168, 20.6856744 ], [ 104.5315601, 20.6846642 ], [ 104.5298133, 20.6838193 ], [ 104.5279929, 20.6831476 ], [ 104.5270677, 20.6828564 ], [ 104.5250266, 20.6823304 ], [ 104.5229415, 20.6820222 ], [ 104.5211818, 20.6818562 ], [ 104.5196203, 20.6817703 ], [ 104.5189954, 20.6817604 ], [ 104.5186408, 20.6817548 ], [ 104.5166537, 20.6818222 ], [ 104.5146832, 20.6820866 ], [ 104.5127487, 20.6825453 ], [ 104.5108692, 20.6831938 ], [ 104.5090635, 20.6840257 ], [ 104.5073492, 20.6850328 ], [ 104.5057434, 20.6862051 ], [ 104.5052963, 20.6865669 ], [ 104.5038608, 20.6878476 ], [ 104.5025549, 20.6892603 ], [ 104.5013908, 20.6907919 ], [ 104.5009952, 20.6914318 ], [ 104.5005884, 20.6915849 ], [ 104.4993068, 20.6919024 ], [ 104.4963146, 20.6924093 ], [ 104.4946472, 20.6927655 ], [ 104.4930162, 20.6932624 ], [ 104.4914334, 20.6938964 ], [ 104.4909748, 20.6941032 ], [ 104.4898008, 20.6946326 ], [ 104.4892597, 20.6948767 ], [ 104.4889197, 20.6950339 ], [ 104.4859071, 20.6964612 ], [ 104.4843524, 20.6972834 ], [ 104.4828759, 20.6982389 ], [ 104.4814891, 20.6993205 ], [ 104.4806935, 20.6999993 ], [ 104.4791618, 20.7014526 ], [ 104.4777918, 20.7030594 ], [ 104.4765989, 20.7048015 ], [ 104.4757916, 20.7061254 ], [ 104.4749777, 20.7075958 ], [ 104.4745635, 20.7085196 ], [ 104.474419, 20.7086853 ], [ 104.4733493, 20.7100234 ], [ 104.472398, 20.7114481 ], [ 104.4715721, 20.712949 ], [ 104.4708353, 20.7144354 ], [ 104.4701644, 20.715942 ], [ 104.4696199, 20.7174988 ], [ 104.4687085, 20.7204955 ], [ 104.46794, 20.7220995 ], [ 104.4669038, 20.7247226 ], [ 104.4664624, 20.7261214 ], [ 104.4659459, 20.7281084 ], [ 104.4656358, 20.7301378 ], [ 104.4655354, 20.7321884 ], [ 104.4655407, 20.7343816 ], [ 104.4655004, 20.73662 ], [ 104.4655075, 20.7376198 ], [ 104.4656486, 20.7420241 ], [ 104.4656692, 20.7422842 ], [ 104.4652537, 20.7429218 ], [ 104.4641284, 20.7448827 ], [ 104.4632317, 20.746958 ], [ 104.4624591, 20.749066 ], [ 104.461821, 20.7511532 ], [ 104.4605794, 20.7561806 ], [ 104.4605362, 20.7564011 ], [ 104.459729, 20.7568239 ], [ 104.4579554, 20.7580093 ], [ 104.4571113, 20.7586411 ], [ 104.4555914, 20.7599004 ], [ 104.4543397, 20.7611653 ], [ 104.4539276, 20.7612168 ], [ 104.4509304, 20.7617218 ], [ 104.449004, 20.762145 ], [ 104.4462761, 20.762887 ], [ 104.4458017, 20.7630161 ], [ 104.4438676, 20.7636498 ], [ 104.442008, 20.7644767 ], [ 104.440242, 20.7654884 ], [ 104.4390524, 20.7662528 ], [ 104.4376182, 20.767266 ], [ 104.4362785, 20.768401 ], [ 104.4350434, 20.7696492 ], [ 104.4343436, 20.7704215 ], [ 104.4332954, 20.7716781 ], [ 104.4323534, 20.7730161 ], [ 104.4315239, 20.7744267 ], [ 104.4308647, 20.7756606 ], [ 104.4305518, 20.7763372 ], [ 104.4288991, 20.7759211 ], [ 104.427386, 20.7756201 ], [ 104.4256059, 20.7753486 ], [ 104.4238086, 20.7752383 ], [ 104.4227802, 20.7752216 ], [ 104.4205102, 20.7753138 ], [ 104.4182653, 20.7756629 ], [ 104.4160744, 20.7762643 ], [ 104.4134619, 20.7771438 ], [ 104.4132803, 20.7772059 ], [ 104.4122791, 20.7775537 ], [ 104.4115078, 20.7778215 ], [ 104.4096599, 20.7785683 ], [ 104.4078954, 20.7794953 ], [ 104.4073258, 20.7798318 ], [ 104.4057275, 20.7808823 ], [ 104.4042367, 20.7820807 ], [ 104.4028673, 20.783416 ], [ 104.4028317, 20.7834542 ], [ 104.402312, 20.7840123 ], [ 104.4019385, 20.7844556 ], [ 104.4017579, 20.7845354 ], [ 104.3999396, 20.7855785 ], [ 104.3982404, 20.7868063 ], [ 104.396679, 20.7882052 ], [ 104.395631, 20.7892482 ], [ 104.3943222, 20.7906839 ], [ 104.3931588, 20.7922398 ], [ 104.391939, 20.7940482 ], [ 104.3912222, 20.7949239 ], [ 104.3901616, 20.7963435 ], [ 104.3893975, 20.7975815 ], [ 104.3876732, 20.7984625 ], [ 104.3858956, 20.7996234 ], [ 104.3842511, 20.8009662 ], [ 104.384001, 20.8011936 ], [ 104.3830594, 20.8020492 ], [ 104.3824808, 20.8026419 ], [ 104.3823557, 20.8025947 ], [ 104.3804386, 20.8020819 ], [ 104.3784801, 20.8017616 ], [ 104.3764995, 20.8016369 ], [ 104.3745163, 20.8017092 ], [ 104.37255, 20.8019777 ], [ 104.3719846, 20.8020837 ], [ 104.3698538, 20.8026056 ], [ 104.367793, 20.8033577 ], [ 104.3658269, 20.804331 ], [ 104.3641211, 20.8052955 ], [ 104.3624519, 20.8061709 ], [ 104.3618609, 20.8063911 ], [ 104.3616777, 20.8064604 ], [ 104.3606415, 20.8068582 ], [ 104.3588551, 20.8076461 ], [ 104.3571541, 20.8086044 ], [ 104.3555546, 20.809724 ], [ 104.3540718, 20.8109942 ], [ 104.35272, 20.812403 ], [ 104.351969, 20.8132663 ], [ 104.3509283, 20.8145685 ], [ 104.3499996, 20.8159529 ], [ 104.3491894, 20.8174098 ], [ 104.348477, 20.8188269 ], [ 104.3477676, 20.8204047 ], [ 104.3476236, 20.8208169 ], [ 104.3460659, 20.8228614 ], [ 104.3443803, 20.8239218 ], [ 104.3430404, 20.8248427 ], [ 104.3407527, 20.8265561 ], [ 104.3405994, 20.8266169 ], [ 104.3398252, 20.826924 ], [ 104.338473, 20.8275191 ], [ 104.3371685, 20.8282125 ], [ 104.3352365, 20.8293327 ], [ 104.3333941, 20.8305412 ], [ 104.3316959, 20.831945 ], [ 104.3301624, 20.8335271 ], [ 104.3297579, 20.8340487 ], [ 104.3286592, 20.8346138 ], [ 104.326906, 20.8357622 ], [ 104.3257649, 20.8366939 ], [ 104.3245446, 20.8368611 ], [ 104.3225911, 20.8373322 ], [ 104.3218519, 20.8375503 ], [ 104.32019, 20.8381212 ], [ 104.3185846, 20.8388357 ], [ 104.3170482, 20.8396883 ], [ 104.3155925, 20.8406725 ], [ 104.3144992, 20.8414839 ], [ 104.313034, 20.8426829 ], [ 104.3116887, 20.8440151 ], [ 104.3099376, 20.8459216 ], [ 104.3088058, 20.8472682 ], [ 104.3077967, 20.848709 ], [ 104.3069181, 20.8502329 ], [ 104.3065622, 20.8509182 ], [ 104.3057833, 20.8526055 ], [ 104.3051643, 20.8543578 ], [ 104.3047106, 20.85616 ], [ 104.3044262, 20.8579966 ], [ 104.3043668, 20.8585487 ], [ 104.304252, 20.8606611 ], [ 104.3043611, 20.8627739 ], [ 104.3046927, 20.8648634 ], [ 104.3052431, 20.8669061 ], [ 104.3060063, 20.8688792 ], [ 104.3069736, 20.8707607 ], [ 104.3073534, 20.8714122 ], [ 104.3089018, 20.8736915 ], [ 104.3102538, 20.8754132 ], [ 104.3091231, 20.8758585 ], [ 104.3085299, 20.8761252 ], [ 104.306808, 20.8770017 ], [ 104.3051788, 20.8780402 ], [ 104.3036573, 20.8792312 ], [ 104.3022578, 20.8805633 ], [ 104.3009935, 20.8820243 ], [ 104.299876, 20.8836005 ], [ 104.2989158, 20.8852772 ], [ 104.2987874, 20.885562 ], [ 104.2977002, 20.8864412 ], [ 104.2963681, 20.8877411 ], [ 104.2954032, 20.888876 ], [ 104.2948574, 20.8891213 ], [ 104.294423, 20.8893495 ], [ 104.2943564, 20.8893562 ], [ 104.2933702, 20.8894553 ], [ 104.2914053, 20.8897521 ], [ 104.2894794, 20.8902425 ], [ 104.2883453, 20.8905921 ], [ 104.2864403, 20.8912869 ], [ 104.2846153, 20.8921711 ], [ 104.2828893, 20.8932355 ], [ 104.28128, 20.8944693 ], [ 104.2804829, 20.8951472 ], [ 104.2790305, 20.8965127 ], [ 104.2783315, 20.8973154 ], [ 104.2775186, 20.8961802 ], [ 104.2770401, 20.895573 ], [ 104.2758855, 20.894234 ], [ 104.2754039, 20.8937663 ], [ 104.275213, 20.8932932 ], [ 104.2743866, 20.8915043 ], [ 104.2733882, 20.8898054 ], [ 104.2722274, 20.888213 ], [ 104.2709156, 20.8867426 ], [ 104.2697618, 20.885571 ], [ 104.2681785, 20.884127 ], [ 104.2664499, 20.8828606 ], [ 104.2645956, 20.8817864 ], [ 104.2626371, 20.8809168 ], [ 104.2620045, 20.8806756 ], [ 104.2602587, 20.8801003 ], [ 104.2584674, 20.8796878 ], [ 104.2566458, 20.8794415 ], [ 104.2548093, 20.8793634 ], [ 104.2529734, 20.8794543 ], [ 104.252473, 20.8795022 ], [ 104.2523701, 20.879512 ], [ 104.2505177, 20.8797763 ], [ 104.2486981, 20.8802125 ], [ 104.2469272, 20.8808169 ], [ 104.2452206, 20.8815841 ], [ 104.2444072, 20.8820456 ], [ 104.2430005, 20.882203 ], [ 104.2412122, 20.8825707 ], [ 104.2394649, 20.8830998 ], [ 104.2377732, 20.8837861 ], [ 104.236151, 20.8846238 ], [ 104.234612, 20.8856059 ], [ 104.2341648, 20.8859209 ], [ 104.2326426, 20.887107 ], [ 104.2312418, 20.8884343 ], [ 104.2299754, 20.8898904 ], [ 104.2288552, 20.8914618 ], [ 104.2281481, 20.8926888 ], [ 104.2271463, 20.8934399 ], [ 104.225802, 20.8945231 ], [ 104.224484, 20.8956841 ], [ 104.2232731, 20.8969562 ], [ 104.2217693, 20.8986817 ], [ 104.2203389, 20.9005309 ], [ 104.219134, 20.9025345 ], [ 104.2179843, 20.9047273 ], [ 104.2158218, 20.9087012 ], [ 104.2150349, 20.910316 ], [ 104.2143961, 20.9119948 ], [ 104.2139105, 20.9137243 ], [ 104.2136967, 20.9146423 ], [ 104.2133502, 20.9165403 ], [ 104.2131882, 20.9184629 ], [ 104.2131942, 20.9189479 ], [ 104.2131759, 20.9189476 ], [ 104.211377, 20.9190827 ], [ 104.2095975, 20.9193793 ], [ 104.207852, 20.9198351 ], [ 104.2068656, 20.9201408 ], [ 104.2051496, 20.9207597 ], [ 104.2034971, 20.9215324 ], [ 104.2019219, 20.9224524 ], [ 104.2004371, 20.9235122 ], [ 104.1996903, 20.9240984 ], [ 104.1979891, 20.9255972 ], [ 104.1971814, 20.9264904 ], [ 104.1959697, 20.9264448 ], [ 104.1945994, 20.9264403 ], [ 104.1938558, 20.9264633 ], [ 104.1926858, 20.9264995 ], [ 104.1907234, 20.9266572 ], [ 104.188786, 20.927007 ], [ 104.1868924, 20.9275457 ], [ 104.185856, 20.9278965 ], [ 104.1841087, 20.9285809 ], [ 104.1824332, 20.929426 ], [ 104.1808443, 20.9304244 ], [ 104.1793559, 20.9315674 ], [ 104.1786081, 20.9321996 ], [ 104.1771411, 20.9335719 ], [ 104.1758192, 20.9350845 ], [ 104.1757325, 20.9352066 ], [ 104.1749999, 20.9352369 ], [ 104.1724743, 20.9355028 ], [ 104.1720603, 20.9355732 ], [ 104.1712087, 20.9355827 ], [ 104.1708009, 20.9355915 ], [ 104.1660912, 20.9357402 ], [ 104.1648754, 20.9358157 ], [ 104.1570269, 20.9365436 ], [ 104.1537993, 20.9355527 ], [ 104.1533228, 20.9352168 ], [ 104.1515643, 20.9341094 ], [ 104.1497004, 20.9331905 ], [ 104.1444501, 20.930933 ], [ 104.1424419, 20.9301941 ], [ 104.1403664, 20.929674 ], [ 104.1388036, 20.9293702 ], [ 104.137025, 20.9291068 ], [ 104.13523, 20.9290042 ], [ 104.133433, 20.9290632 ], [ 104.1305359, 20.929289 ], [ 104.1286682, 20.9295234 ], [ 104.1266709, 20.9298702 ], [ 104.1262583, 20.9299419 ], [ 104.1243614, 20.9303671 ], [ 104.12435065125473, 20.930370634798834 ], [ 104.125133386839053, 20.933847091915144 ], [ 104.11712477469284, 20.941765924439348 ], [ 104.120556902685692, 20.980162102524442 ], [ 104.106363956945287, 21.051449697164831 ], [ 104.067560266187982, 21.175768393337115 ], [ 104.027837774225858, 21.393360257506814 ], [ 104.009768337456336, 21.41930449425471 ], [ 104.007914341349789, 21.467850084316726 ], [ 103.995775880152181, 21.493159290762698 ], [ 103.997578502398397, 21.514367340304684 ], [ 103.981499683936946, 21.564147167481632 ], [ 103.985566913469412, 21.580221755032426 ], [ 103.970711246065605, 21.608712527689637 ], [ 103.96425778978282, 21.667287094362344 ], [ 103.969317209816992, 21.680175226626648 ], [ 103.964554890809495, 21.70198133632034 ], [ 103.977792804760384, 21.718725232360054 ], [ 103.979207474231913, 21.734308534432785 ], [ 103.957827663689017, 21.757701116354145 ], [ 103.9627746625779, 21.774092053910643 ], [ 103.948364423654894, 21.784757909159591 ], [ 103.951373202698562, 21.821201728810845 ], [ 103.923208012282501, 21.868460678138781 ], [ 103.925144935933645, 21.925283089116284 ], [ 103.909145861379429, 21.942307128496804 ], [ 103.887474918163889, 22.03142258433806 ], [ 103.876666867427033, 22.139655127226057 ], [ 103.885417583217347, 22.176928497255837 ], [ 103.868826626202505, 22.215736388597247 ], [ 103.863964961728428, 22.268347280536211 ], [ 103.838660725971508, 22.311517421016809 ], [ 103.837493004336153, 22.364872007080557 ], [ 103.825631616025973, 22.405502328070899 ], [ 103.810096062458342, 22.424493201589645 ], [ 103.81216859109503, 22.448846212785618 ], [ 103.804109128038434, 22.456955890793132 ], [ 103.811772390212042, 22.510281876403898 ], [ 103.783942959923863, 22.531414384474342 ], [ 103.783798265042066, 22.56636525903691 ], [ 103.770304539913909, 22.579137415729555 ], [ 103.763214737712914, 22.636892879190871 ], [ 103.743821728749083, 22.683183629825777 ], [ 103.733438234946576, 22.733464222006479 ], [ 103.734270613690228, 22.742872714700407 ], [ 103.7418921, 22.7353631 ], [ 103.7502303, 22.7279352 ], [ 103.7516494, 22.7265383 ], [ 103.7529225, 22.7250073 ], [ 103.7553672, 22.7217502 ], [ 103.7564329, 22.7201804 ], [ 103.7573451, 22.7185167 ], [ 103.7575763, 22.718043 ], [ 103.760792, 22.711454 ], [ 103.7611699, 22.711505 ], [ 103.7630597, 22.7115797 ], [ 103.7649482, 22.7114756 ], [ 103.7656514, 22.7113695 ], [ 103.7663786, 22.7112996 ], [ 103.7684647, 22.7109872 ], [ 103.7705062, 22.7104569 ], [ 103.7707659, 22.7103746 ], [ 103.7724711, 22.7097477 ], [ 103.7741122, 22.7089687 ], [ 103.7763574, 22.7077751 ], [ 103.7780309, 22.706778 ], [ 103.7795995, 22.7056228 ], [ 103.7810482, 22.7043205 ], [ 103.7823634, 22.7028834 ], [ 103.7896179, 22.6941367 ], [ 103.7899658, 22.6937552 ], [ 103.7947652, 22.6884917 ], [ 103.8045276, 22.6777855 ], [ 103.8175218, 22.663535 ], [ 103.820895, 22.6598358 ], [ 103.8217154, 22.6588769 ], [ 103.8270658, 22.6522091 ], [ 103.8272, 22.6520419 ], [ 103.8284722, 22.650266 ], [ 103.8295431, 22.6483619 ], [ 103.8327685, 22.641814 ], [ 103.8332093, 22.6408564 ], [ 103.8363888, 22.6334395 ], [ 103.8373673, 22.6318393 ], [ 103.8375064, 22.6317621 ], [ 103.8384164, 22.6312251 ], [ 103.8416998, 22.629169 ], [ 103.8449071, 22.6271606 ], [ 103.8465709, 22.6259971 ], [ 103.8481081, 22.624671 ], [ 103.8486998, 22.6241057 ], [ 103.8518988, 22.6210495 ], [ 103.8534351, 22.6194069 ], [ 103.8547773, 22.6176021 ], [ 103.8572855, 22.6138003 ], [ 103.8584477, 22.6117947 ], [ 103.8589359, 22.6108271 ], [ 103.8596412, 22.610465 ], [ 103.8614485, 22.6095371 ], [ 103.8634196, 22.6085253 ], [ 103.8645648, 22.6078891 ], [ 103.8658994, 22.6070895 ], [ 103.8682853, 22.6054122 ], [ 103.8733289, 22.6012856 ], [ 103.8746546, 22.6000987 ], [ 103.8758695, 22.5987987 ], [ 103.8797609, 22.5942444 ], [ 103.8811998, 22.5923413 ], [ 103.8821635, 22.5908948 ], [ 103.8825186, 22.5909486 ], [ 103.8843768, 22.5911421 ], [ 103.8862449, 22.5911613 ], [ 103.8881067, 22.5910062 ], [ 103.8893905, 22.5907771 ], [ 103.8893912, 22.5907809 ], [ 103.8914735, 22.5904109 ], [ 103.8932817, 22.5900023 ], [ 103.8950443, 22.5894281 ], [ 103.8967462, 22.5886931 ], [ 103.8983727, 22.5878037 ], [ 103.8999099, 22.5867676 ], [ 103.900805, 22.5861019 ], [ 103.9027213, 22.5846768 ], [ 103.9042365, 22.5834301 ], [ 103.9056223, 22.5820409 ], [ 103.9161646, 22.5703806 ], [ 103.922829, 22.5642655 ], [ 103.9331189, 22.5582776 ], [ 103.935188, 22.5571744 ], [ 103.9369331, 22.5561266 ], [ 103.9385627, 22.5549068 ], [ 103.9400598, 22.5535278 ], [ 103.9401199, 22.5534665 ], [ 103.9417634, 22.5517883 ], [ 103.9430109, 22.5503889 ], [ 103.9441219, 22.5488789 ], [ 103.9450866, 22.5472715 ], [ 103.9454142, 22.5465876 ], [ 103.9460632, 22.5465066 ], [ 103.9479331, 22.5461824 ], [ 103.9497639, 22.5456823 ], [ 103.9515391, 22.545011 ], [ 103.9532426, 22.5441744 ], [ 103.9548592, 22.5431801 ], [ 103.958833, 22.540468 ], [ 103.9605715, 22.5391363 ], [ 103.962154, 22.5376225 ], [ 103.9670493, 22.5323973 ], [ 103.9688839, 22.5323952 ], [ 103.9707969, 22.5322085 ], [ 103.9714724, 22.5320762 ], [ 103.971532, 22.5321461 ], [ 103.9725757, 22.5332792 ], [ 103.9737036, 22.5343286 ], [ 103.9750784, 22.5355123 ], [ 103.9768048, 22.5368421 ], [ 103.9786655, 22.5379761 ], [ 103.9806386, 22.5389009 ], [ 103.9814966, 22.5392474 ], [ 103.9833984, 22.5399032 ], [ 103.9833976, 22.5400353 ], [ 103.9835871, 22.5420358 ], [ 103.9839764, 22.5440072 ], [ 103.9845615, 22.5459296 ], [ 103.98548, 22.5484796 ], [ 103.9862447, 22.5503118 ], [ 103.9871873, 22.5520591 ], [ 103.988478, 22.5541912 ], [ 103.9881866, 22.5560354 ], [ 103.9881264, 22.5566083 ], [ 103.9879938, 22.557708 ], [ 103.9878507, 22.5599585 ], [ 103.9878404, 22.5614065 ], [ 103.9878321, 22.5625557 ], [ 103.9878303, 22.5628134 ], [ 103.9878622, 22.5636632 ], [ 103.987217, 22.564505 ], [ 103.9860824, 22.566379 ], [ 103.9851596, 22.5683658 ], [ 103.9848709, 22.5690886 ], [ 103.9842612, 22.5708493 ], [ 103.9838179, 22.5726591 ], [ 103.9835449, 22.5745023 ], [ 103.9834447, 22.5763629 ], [ 103.9834409, 22.5768898 ], [ 103.9835211, 22.5788289 ], [ 103.9837889, 22.5807511 ], [ 103.9842417, 22.5826383 ], [ 103.9848752, 22.5844727 ], [ 103.9856837, 22.5862371 ], [ 103.9866593, 22.5879149 ], [ 103.9877929, 22.5894901 ], [ 103.9884252, 22.5902844 ], [ 103.9897639, 22.5918018 ], [ 103.9912491, 22.5931761 ], [ 103.9917255, 22.5935349 ], [ 103.9918436, 22.594623 ], [ 103.992222, 22.5971881 ], [ 103.9925471, 22.5988821 ], [ 103.9930169, 22.6005418 ], [ 103.993628, 22.6021548 ], [ 103.9942845, 22.603685 ], [ 103.9946446, 22.6044763 ], [ 103.9966241, 22.6085873 ], [ 103.9979438, 22.6109154 ], [ 104.0014606, 22.6162521 ], [ 104.0019168, 22.6170406 ], [ 104.0022989, 22.6176738 ], [ 104.0031677, 22.619055 ], [ 104.0036208, 22.6197287 ], [ 104.003629, 22.6197607 ], [ 104.0033765, 22.6209572 ], [ 104.003106, 22.6225584 ], [ 104.0029663, 22.6241762 ], [ 104.0029229, 22.625129 ], [ 104.0029092, 22.6265695 ], [ 104.0029381, 22.6276588 ], [ 104.0030712, 22.6294915 ], [ 104.0033719, 22.6313042 ], [ 104.0038377, 22.6330816 ], [ 104.0061773, 22.6405854 ], [ 104.0063562, 22.6418514 ], [ 104.0066769, 22.643317 ], [ 104.0091929, 22.6530506 ], [ 104.0092632, 22.6538326 ], [ 104.0095841, 22.6560283 ], [ 104.0104216, 22.6601462 ], [ 104.0109723, 22.6622569 ], [ 104.0122912, 22.6663776 ], [ 104.0123788, 22.6666447 ], [ 104.0134729, 22.6699045 ], [ 104.0138632, 22.6710674 ], [ 104.0125939, 22.6728103 ], [ 104.0114202, 22.6746196 ], [ 104.0104481, 22.6765447 ], [ 104.0096652, 22.6783281 ], [ 104.0092018, 22.6794795 ], [ 104.0087109, 22.6808177 ], [ 104.0080852, 22.6828521 ], [ 104.0076793, 22.6849415 ], [ 104.0074978, 22.6870622 ], [ 104.0075426, 22.6891902 ], [ 104.0078133, 22.6913014 ], [ 104.0080914, 22.692823 ], [ 104.0084664, 22.6944753 ], [ 104.0089798, 22.69609 ], [ 104.0130856, 22.7073289 ], [ 104.013286, 22.7078268 ], [ 104.0133851, 22.7099582 ], [ 104.0137117, 22.7120709 ], [ 104.0142621, 22.7141368 ], [ 104.0150297, 22.716132 ], [ 104.0164622, 22.7193331 ], [ 104.0186263, 22.7247111 ], [ 104.0187302, 22.7249641 ], [ 104.0211367, 22.7307159 ], [ 104.0214716, 22.7315164 ], [ 104.0215454, 22.7316905 ], [ 104.0219035, 22.7325241 ], [ 104.0252985, 22.7404268 ], [ 104.0263542, 22.7425326 ], [ 104.0276501, 22.7444997 ], [ 104.0314291, 22.7495599 ], [ 104.0327246, 22.7511225 ], [ 104.0382577, 22.757146 ], [ 104.038541, 22.7574482 ], [ 104.0512978, 22.770771 ], [ 104.0516535, 22.7711423 ], [ 104.0536401, 22.772955 ], [ 104.0593681, 22.7775154 ], [ 104.0605603, 22.7783946 ], [ 104.0634814, 22.7803858 ], [ 104.0637212, 22.7805467 ], [ 104.0664237, 22.7823323 ], [ 104.0672466, 22.7828477 ], [ 104.0702766, 22.7846448 ], [ 104.0706184, 22.7848657 ], [ 104.070833, 22.7853029 ], [ 104.0762661, 22.7956268 ], [ 104.0782458, 22.7993887 ], [ 104.0795287, 22.8018265 ], [ 104.0805297, 22.8035208 ], [ 104.0850345, 22.8103538 ], [ 104.0862772, 22.8120395 ], [ 104.0876893, 22.813586 ], [ 104.0892554, 22.8149764 ], [ 104.0945429, 22.819197 ], [ 104.1002742, 22.8244762 ], [ 104.1017558, 22.8258409 ], [ 104.1029763, 22.8268778 ], [ 104.1042757, 22.8278138 ], [ 104.105045, 22.8283224 ], [ 104.1082227, 22.830423 ], [ 104.1098179, 22.8313742 ], [ 104.1114945, 22.8321733 ], [ 104.1132379, 22.8328134 ], [ 104.1148859, 22.833333 ], [ 104.116632, 22.8337979 ], [ 104.1184129, 22.8341034 ], [ 104.1206862, 22.8343883 ], [ 104.1225256, 22.834533 ], [ 104.1243706, 22.8345076 ], [ 104.1262054, 22.8343123 ], [ 104.1287767, 22.8339179 ], [ 104.130694, 22.833527 ], [ 104.1325639, 22.8329506 ], [ 104.1343685, 22.8321942 ], [ 104.1376076, 22.8306462 ], [ 104.1382295, 22.8303103 ], [ 104.1426557, 22.8327722 ], [ 104.1441056, 22.8338178 ], [ 104.1443782, 22.8341483 ], [ 104.1455835, 22.8354824 ], [ 104.1469036, 22.8367028 ], [ 104.1485008, 22.8380514 ], [ 104.1500043, 22.8392035 ], [ 104.1516101, 22.8402082 ], [ 104.1533038, 22.8410565 ], [ 104.1546647, 22.8416593 ], [ 104.1565865, 22.8423948 ], [ 104.1585737, 22.8429289 ], [ 104.1606052, 22.843256 ], [ 104.1626596, 22.8433726 ], [ 104.1645861, 22.8433827 ], [ 104.1665776, 22.8432938 ], [ 104.1685503, 22.8430071 ], [ 104.1704801, 22.8425265 ], [ 104.1711337, 22.8429721 ], [ 104.1724901, 22.8437491 ], [ 104.1751243, 22.8451242 ], [ 104.1776962, 22.8462448 ], [ 104.1803692, 22.8471925 ], [ 104.1817384, 22.8476233 ], [ 104.1836926, 22.8481619 ], [ 104.1846687, 22.8484386 ], [ 104.1867816, 22.8491859 ], [ 104.1877002, 22.8494861 ], [ 104.194081, 22.8514016 ], [ 104.1948139, 22.8516431 ], [ 104.1961514, 22.8522802 ], [ 104.1979563, 22.852936 ], [ 104.2037162, 22.8547206 ], [ 104.2043386, 22.8549024 ], [ 104.2071292, 22.8556688 ], [ 104.208959, 22.8560801 ], [ 104.2108192, 22.8563183 ], [ 104.2126936, 22.8563811 ], [ 104.2145657, 22.8562681 ], [ 104.2164189, 22.8559802 ], [ 104.218237, 22.85552 ], [ 104.2195918, 22.8551086 ], [ 104.2196156, 22.8551 ], [ 104.2199456, 22.8553427 ], [ 104.2214538, 22.8562587 ], [ 104.2230369, 22.8570382 ], [ 104.2252336, 22.8580019 ], [ 104.2274092, 22.8588094 ], [ 104.233052, 22.8605384 ], [ 104.2352723, 22.8610821 ], [ 104.2375401, 22.8613688 ], [ 104.2393903, 22.861496 ], [ 104.2396638, 22.8615148 ], [ 104.2412694, 22.8615609 ], [ 104.2415832, 22.8615447 ], [ 104.2424437, 22.8621208 ], [ 104.2439206, 22.8630197 ], [ 104.2454696, 22.8637877 ], [ 104.2470792, 22.864419 ], [ 104.2487373, 22.864909 ], [ 104.2501302, 22.8652559 ], [ 104.2523232, 22.8656737 ], [ 104.2545492, 22.8658444 ], [ 104.2567804, 22.865766 ], [ 104.2589104, 22.8655717 ], [ 104.2607337, 22.8653203 ], [ 104.2625263, 22.8649024 ], [ 104.2642728, 22.8643214 ], [ 104.2659585, 22.8635824 ], [ 104.2691093, 22.8620244 ], [ 104.2705958, 22.8612893 ], [ 104.272297, 22.8603424 ], [ 104.273898, 22.8592345 ], [ 104.2753838, 22.8579762 ], [ 104.2790156, 22.8545835 ], [ 104.2817082, 22.8520681 ], [ 104.2848781, 22.8491067 ], [ 104.2862639, 22.8476764 ], [ 104.2875006, 22.8461154 ], [ 104.2885759, 22.844439 ], [ 104.2894792, 22.8426641 ], [ 104.2902014, 22.8408081 ], [ 104.2907355, 22.8388895 ], [ 104.2910762, 22.8369273 ], [ 104.29122, 22.8349409 ], [ 104.2911655, 22.8329501 ], [ 104.2909133, 22.8309746 ], [ 104.2904659, 22.8290339 ], [ 104.2898276, 22.8271474 ], [ 104.288843, 22.8246534 ], [ 104.28734, 22.8182048 ], [ 104.2857063, 22.8111951 ], [ 104.2847116, 22.8069273 ], [ 104.2839035, 22.8042951 ], [ 104.2794315, 22.7926535 ], [ 104.2777454, 22.7878248 ], [ 104.2754038, 22.7810103 ], [ 104.2749845, 22.7792398 ], [ 104.2749451, 22.7787513 ], [ 104.2749166, 22.7771734 ], [ 104.2749153, 22.7770975 ], [ 104.2749132, 22.7769827 ], [ 104.2751171, 22.7757706 ], [ 104.2809545, 22.7692398 ], [ 104.2820643, 22.7678829 ], [ 104.283051, 22.7664341 ], [ 104.2847186, 22.7637387 ], [ 104.2855017, 22.7623525 ], [ 104.2861644, 22.7609248 ], [ 104.2861716, 22.7609219 ], [ 104.2883936, 22.7599033 ], [ 104.2892978, 22.759461 ], [ 104.2944376, 22.7567841 ], [ 104.295125, 22.7564088 ], [ 104.2988072, 22.7543038 ], [ 104.2993986, 22.753952 ], [ 104.3022713, 22.752176 ], [ 104.3040755, 22.751267 ], [ 104.3050584, 22.751525 ], [ 104.3056258, 22.7516651 ], [ 104.3087391, 22.7523857 ], [ 104.3106397, 22.7527299 ], [ 104.3125647, 22.7528891 ], [ 104.3147116, 22.7529626 ], [ 104.3169923, 22.7529105 ], [ 104.3192789, 22.7527274 ], [ 104.3210542, 22.7525049 ], [ 104.3228025, 22.7521247 ], [ 104.3249526, 22.7515553 ], [ 104.3270858, 22.7508602 ], [ 104.3291276, 22.7499306 ], [ 104.3295709, 22.7496979 ], [ 104.3304919, 22.7492147 ], [ 104.3315547, 22.7486571 ], [ 104.3327221, 22.7479937 ], [ 104.3341684, 22.7471064 ], [ 104.3380302, 22.7447374 ], [ 104.3408319, 22.7430187 ], [ 104.3475532, 22.7388955 ], [ 104.3491145, 22.7378332 ], [ 104.3505686, 22.7366282 ], [ 104.3519026, 22.7352915 ], [ 104.3531046, 22.733835 ], [ 104.3541639, 22.7322715 ], [ 104.355071, 22.7306152 ], [ 104.3562325, 22.7282336 ], [ 104.356904, 22.7268785 ], [ 104.3577885, 22.7248084 ], [ 104.3584347, 22.7226519 ], [ 104.3589648, 22.7204362 ], [ 104.3593703, 22.7181729 ], [ 104.3594585, 22.7167594 ], [ 104.3616453, 22.7131095 ], [ 104.3647748, 22.7133251 ], [ 104.3655271, 22.7144478 ], [ 104.3667665, 22.7160865 ], [ 104.3681218, 22.7176951 ], [ 104.3696385, 22.7191524 ], [ 104.3712999, 22.7204424 ], [ 104.3730876, 22.7215508 ], [ 104.3752092, 22.7227164 ], [ 104.3769602, 22.7235701 ], [ 104.3787858, 22.7242494 ], [ 104.3806689, 22.7247479 ], [ 104.3825916, 22.7250609 ], [ 104.3841012, 22.7252317 ], [ 104.38748, 22.7319664 ], [ 104.3883416, 22.7337698 ], [ 104.3894118, 22.7357224 ], [ 104.3906923, 22.7375439 ], [ 104.3919325, 22.7391143 ], [ 104.3932253, 22.7405954 ], [ 104.3946573, 22.7419424 ], [ 104.3962146, 22.7431424 ], [ 104.3978822, 22.7441836 ], [ 104.3996439, 22.7450561 ], [ 104.4004224, 22.745395 ], [ 104.4009712, 22.7460846 ], [ 104.4035267, 22.7488852 ], [ 104.4053275, 22.750626 ], [ 104.4086166, 22.7534292 ], [ 104.4102047, 22.7546509 ], [ 104.4119071, 22.7557075 ], [ 104.4167375, 22.7583801 ], [ 104.4175098, 22.7587856 ], [ 104.4245376, 22.7622828 ], [ 104.4261307, 22.7629907 ], [ 104.4277795, 22.7635572 ], [ 104.4346525, 22.7655885 ], [ 104.4474213, 22.770583 ], [ 104.4506598, 22.7719027 ], [ 104.4508474, 22.7719781 ], [ 104.4556173, 22.773866 ], [ 104.4557978, 22.7739822 ], [ 104.461171, 22.7789488 ], [ 104.462078, 22.779738 ], [ 104.4715137, 22.7874618 ], [ 104.471918, 22.7877841 ], [ 104.4764279, 22.7912851 ], [ 104.4765414, 22.7916673 ], [ 104.4770342, 22.7930545 ], [ 104.4777246, 22.7947481 ], [ 104.4785667, 22.7963715 ], [ 104.4795537, 22.7979112 ], [ 104.4806772, 22.7993543 ], [ 104.4819278, 22.8006888 ], [ 104.4832951, 22.8019034 ], [ 104.484536, 22.8029081 ], [ 104.4861681, 22.8040983 ], [ 104.4879118, 22.8051177 ], [ 104.4897495, 22.8059561 ], [ 104.4916624, 22.8066048 ], [ 104.493631, 22.8070573 ], [ 104.4956351, 22.8073089 ], [ 104.4960788, 22.807342 ], [ 104.4997654, 22.8105803 ], [ 104.5013675, 22.8122123 ], [ 104.5031526, 22.8147138 ], [ 104.5031738, 22.8148757 ], [ 104.5035084, 22.816738 ], [ 104.5040175, 22.8185604 ], [ 104.5046965, 22.8203265 ], [ 104.5067355, 22.8249621 ], [ 104.5075568, 22.8266172 ], [ 104.5085273, 22.8281894 ], [ 104.5096387, 22.8296654 ], [ 104.5108816, 22.8310325 ], [ 104.5122454, 22.8322791 ], [ 104.5165494, 22.8358628 ], [ 104.516841, 22.8361792 ], [ 104.5171555, 22.8367984 ], [ 104.5173512, 22.8371736 ], [ 104.5177636, 22.8379446 ], [ 104.5189004, 22.8398159 ], [ 104.520235, 22.8415517 ], [ 104.5217514, 22.8431312 ], [ 104.5222478, 22.8435946 ], [ 104.5237575, 22.8448704 ], [ 104.5243075, 22.8452489 ], [ 104.524359, 22.8453381 ], [ 104.5254579, 22.8468833 ], [ 104.5261391, 22.847671 ], [ 104.5268325, 22.8495018 ], [ 104.5277457, 22.8513259 ], [ 104.5288399, 22.8530475 ], [ 104.5301038, 22.8546487 ], [ 104.5315243, 22.8561128 ], [ 104.5330864, 22.8574247 ], [ 104.5347741, 22.8585705 ], [ 104.536431, 22.859576 ], [ 104.5377388, 22.8603042 ], [ 104.5390975, 22.8609325 ], [ 104.5429935, 22.8625601 ], [ 104.5447417, 22.8631966 ], [ 104.5489709, 22.8645172 ], [ 104.5507719, 22.8649888 ], [ 104.552609, 22.8652909 ], [ 104.5576907, 22.8658852 ], [ 104.5587919, 22.8669473 ], [ 104.5602821, 22.86826 ], [ 104.5617184, 22.8694122 ], [ 104.5632545, 22.8704274 ], [ 104.5648774, 22.8712971 ], [ 104.5665735, 22.8720138 ], [ 104.5683283, 22.8725715 ], [ 104.5700702, 22.873038 ], [ 104.5720531, 22.8734626 ], [ 104.5740689, 22.8736842 ], [ 104.5760967, 22.8737006 ], [ 104.5781158, 22.8735116 ], [ 104.5801594, 22.8732151 ], [ 104.5806916, 22.8731378 ], [ 104.5817494, 22.8729843 ], [ 104.5839314, 22.8733252 ], [ 104.5846059, 22.8734189 ], [ 104.5870879, 22.8737205 ], [ 104.5889978, 22.8738602 ], [ 104.5909122, 22.8738166 ], [ 104.5928137, 22.8735902 ], [ 104.5946849, 22.8731829 ], [ 104.5965085, 22.8725985 ], [ 104.5982678, 22.8718424 ], [ 104.5999468, 22.8709215 ], [ 104.60153, 22.8698443 ], [ 104.603003, 22.8686206 ], [ 104.6043521, 22.8672616 ], [ 104.6055651, 22.8657799 ], [ 104.6072758, 22.8634731 ], [ 104.6080772, 22.8623086 ], [ 104.6084781, 22.8616796 ], [ 104.608671, 22.8618594 ], [ 104.6089171, 22.8621357 ], [ 104.6103904, 22.8634892 ], [ 104.6119915, 22.8646888 ], [ 104.6137044, 22.8657224 ], [ 104.615512, 22.8665797 ], [ 104.6173962, 22.8672521 ], [ 104.6193382, 22.8677329 ], [ 104.6213185, 22.8680173 ], [ 104.6233172, 22.8681024 ], [ 104.6253145, 22.8679875 ], [ 104.6272904, 22.8676735 ], [ 104.6292249, 22.8671638 ], [ 104.6310989, 22.8664633 ], [ 104.6328935, 22.8655791 ], [ 104.6345908, 22.86452 ], [ 104.6361738, 22.8632967 ], [ 104.6376266, 22.8619213 ], [ 104.6389348, 22.8604076 ], [ 104.6400852, 22.8587709 ], [ 104.6408849, 22.85735 ], [ 104.6418965, 22.8573718 ], [ 104.6440571, 22.8573016 ], [ 104.6461974, 22.8569986 ], [ 104.6554152, 22.8551808 ], [ 104.6570535, 22.8547853 ], [ 104.6592942, 22.8541434 ], [ 104.6613038, 22.8534502 ], [ 104.6632284, 22.8525476 ], [ 104.6643678, 22.8519374 ], [ 104.6660522, 22.8509259 ], [ 104.6676293, 22.8497539 ], [ 104.6690837, 22.8484328 ], [ 104.6701498, 22.8473643 ], [ 104.6703716, 22.847142 ], [ 104.6712787, 22.8461704 ], [ 104.6721753, 22.8451436 ], [ 104.6761945, 22.8418434 ], [ 104.6930639, 22.8463078 ], [ 104.6937859, 22.8464846 ], [ 104.6957669, 22.8469308 ], [ 104.6977072, 22.8472684 ], [ 104.6996713, 22.8474136 ], [ 104.7011761, 22.8474505 ], [ 104.702773, 22.8474068 ], [ 104.702617, 22.8483818 ], [ 104.7025039, 22.8504651 ], [ 104.7025032, 22.8508055 ], [ 104.7025767, 22.8525598 ], [ 104.7028038, 22.8543008 ], [ 104.7031826, 22.8560153 ], [ 104.7032555, 22.8562878 ], [ 104.7038219, 22.8580675 ], [ 104.7045518, 22.8597866 ], [ 104.7054389, 22.8614301 ], [ 104.7064754, 22.8629836 ], [ 104.7076523, 22.8644338 ], [ 104.7089594, 22.8657678 ], [ 104.7103851, 22.8669741 ], [ 104.7119172, 22.8680421 ], [ 104.7127169, 22.8685458 ], [ 104.7127613, 22.8685771 ], [ 104.7141981, 22.8701054 ], [ 104.7153762, 22.8712593 ], [ 104.7166454, 22.8723122 ], [ 104.717997, 22.8732569 ], [ 104.7210402, 22.8752024 ], [ 104.723369, 22.8764817 ], [ 104.7263033, 22.8778483 ], [ 104.7280278, 22.8785557 ], [ 104.7298108, 22.8790994 ], [ 104.7316366, 22.8794748 ], [ 104.7334894, 22.8796786 ], [ 104.7353531, 22.879709 ], [ 104.7396119, 22.8795799 ], [ 104.7412367, 22.8794643 ], [ 104.7428148, 22.8792872 ], [ 104.743038, 22.8797817 ], [ 104.7467629, 22.8901971 ], [ 104.7478895, 22.8933473 ], [ 104.7479948, 22.893642 ], [ 104.748403, 22.8961659 ], [ 104.7488155, 22.899004 ], [ 104.7491411, 22.9007162 ], [ 104.7496145, 22.9023936 ], [ 104.7502322, 22.9040233 ], [ 104.7509895, 22.9055932 ], [ 104.7545039, 22.9121342 ], [ 104.755424, 22.9136764 ], [ 104.7564787, 22.9151298 ], [ 104.7576596, 22.9164828 ], [ 104.7589571, 22.9177244 ], [ 104.7637954, 22.9219549 ], [ 104.765513, 22.9232987 ], [ 104.7673666, 22.9244476 ], [ 104.7693343, 22.9253878 ], [ 104.7713927, 22.9261081 ], [ 104.7737444, 22.9267897 ], [ 104.7757745, 22.927265 ], [ 104.7778431, 22.9275263 ], [ 104.7799276, 22.9275708 ], [ 104.7818193, 22.9274136 ], [ 104.7830437, 22.9283325 ], [ 104.7848748, 22.9294232 ], [ 104.785974, 22.9300008 ], [ 104.7962881, 22.9363301 ], [ 104.7985916, 22.9378762 ], [ 104.8005517, 22.9390357 ], [ 104.802631, 22.9399649 ], [ 104.8110744, 22.9431747 ], [ 104.8133152, 22.943879 ], [ 104.8156231, 22.9443157 ], [ 104.822013, 22.9451398 ], [ 104.8231623, 22.9452544 ], [ 104.8261005, 22.9454619 ], [ 104.826972, 22.9454692 ], [ 104.828898, 22.9474664 ], [ 104.8303185, 22.9488024 ], [ 104.8318624, 22.9499938 ], [ 104.8340664, 22.9515291 ], [ 104.837097, 22.9537613 ], [ 104.8382414, 22.9546042 ], [ 104.8397329, 22.9556027 ], [ 104.8413078, 22.9564635 ], [ 104.8438649, 22.9577154 ], [ 104.8437072, 22.9589231 ], [ 104.8426168, 22.959197 ], [ 104.840758, 22.9598646 ], [ 104.8389741, 22.9607124 ], [ 104.8372825, 22.9617319 ], [ 104.8366126, 22.9621822 ], [ 104.8353699, 22.9630177 ], [ 104.8337776, 22.9642072 ], [ 104.8328822, 22.9650265 ], [ 104.8325668, 22.9650934 ], [ 104.830706, 22.9656828 ], [ 104.8289115, 22.9664508 ], [ 104.8272004, 22.9673901 ], [ 104.825589, 22.9684916 ], [ 104.8240927, 22.969745 ], [ 104.8233974, 22.9703877 ], [ 104.822077, 22.9717289 ], [ 104.8208885, 22.9731882 ], [ 104.8198424, 22.9747527 ], [ 104.818948, 22.9764087 ], [ 104.8182133, 22.9781414 ], [ 104.8176446, 22.9799355 ], [ 104.8172471, 22.9817751 ], [ 104.817084, 22.9827502 ], [ 104.8168977, 22.9838632 ], [ 104.8166605, 22.9859452 ], [ 104.8166531, 22.9868066 ], [ 104.8164036, 22.9870511 ], [ 104.8152004, 22.9884725 ], [ 104.8141346, 22.9899996 ], [ 104.8132155, 22.9916192 ], [ 104.812451, 22.9933172 ], [ 104.8118478, 22.9950791 ], [ 104.8113698, 22.9967209 ], [ 104.8110515, 22.9979607 ], [ 104.8109843, 22.9982622 ], [ 104.8098683, 23.0032721 ], [ 104.809451, 23.0060577 ], [ 104.8089279, 23.0127298 ], [ 104.8077869, 23.0192328 ], [ 104.8073372, 23.0198887 ], [ 104.8066582, 23.0207572 ], [ 104.8060764, 23.0215012 ], [ 104.8055182, 23.0221544 ], [ 104.8041508, 23.0237543 ], [ 104.8030433, 23.0251749 ], [ 104.8020682, 23.0266893 ], [ 104.8012333, 23.0282854 ], [ 104.8005453, 23.0299501 ], [ 104.7996598, 23.0324 ], [ 104.7990574, 23.0343826 ], [ 104.7986633, 23.0364169 ], [ 104.7984818, 23.038481 ], [ 104.7985148, 23.0405529 ], [ 104.7991753, 23.0502819 ], [ 104.7987518, 23.0509118 ], [ 104.7973313, 23.0533907 ], [ 104.7964906, 23.055136 ], [ 104.7955612, 23.0570654 ], [ 104.7948341, 23.0587735 ], [ 104.7942685, 23.0605418 ], [ 104.7938692, 23.0623549 ], [ 104.7934244, 23.0649414 ], [ 104.7931922, 23.0668208 ], [ 104.7931388, 23.0687138 ], [ 104.7932646, 23.0706033 ], [ 104.7934663, 23.0723669 ], [ 104.7937005, 23.0744159 ], [ 104.7938339, 23.0751934 ], [ 104.7936574, 23.0754445 ], [ 104.790196, 23.080237 ], [ 104.7893321, 23.0815372 ], [ 104.7881879, 23.0834142 ], [ 104.7866782, 23.0858908 ], [ 104.7854738, 23.0881901 ], [ 104.7841455, 23.091184 ], [ 104.7834592, 23.0929528 ], [ 104.7829436, 23.0947787 ], [ 104.7810189, 23.1030821 ], [ 104.7806139, 23.1054888 ], [ 104.7797186, 23.1139297 ], [ 104.779607, 23.1160098 ], [ 104.7796014, 23.1198526 ], [ 104.7794772, 23.122198 ], [ 104.7794764, 23.124299 ], [ 104.7796961, 23.1263884 ], [ 104.7801337, 23.1284432 ], [ 104.780719, 23.1306225 ], [ 104.7813318, 23.1325206 ], [ 104.7821305, 23.1343483 ], [ 104.7831074, 23.1360873 ], [ 104.7842526, 23.1377203 ], [ 104.7855548, 23.1392312 ], [ 104.787001, 23.1406048 ], [ 104.7885768, 23.1418276 ], [ 104.7902666, 23.1428873 ], [ 104.7920535, 23.1437735 ], [ 104.7939198, 23.1444772 ], [ 104.7958469, 23.1449916 ], [ 104.7978157, 23.1453114 ], [ 104.7998065, 23.1454336 ], [ 104.8017996, 23.1453569 ], [ 104.8037752, 23.145082 ], [ 104.8075579, 23.1443618 ], [ 104.8127735, 23.143895 ], [ 104.8138297, 23.1437721 ], [ 104.8177209, 23.1432141 ], [ 104.8196167, 23.1428481 ], [ 104.8214683, 23.142301 ], [ 104.8232586, 23.1415779 ], [ 104.8255989, 23.1404984 ], [ 104.8258406, 23.1406764 ], [ 104.826691, 23.1412398 ], [ 104.8282644, 23.1421814 ], [ 104.8299173, 23.1429749 ], [ 104.831636, 23.1436136 ], [ 104.833406, 23.1440923 ], [ 104.8352124, 23.1444069 ], [ 104.8378867, 23.1447472 ], [ 104.8380716, 23.1447699 ], [ 104.8425693, 23.1452997 ], [ 104.8477355, 23.1464716 ], [ 104.8486013, 23.1467448 ], [ 104.8505538, 23.1471525 ], [ 104.8525373, 23.1473637 ], [ 104.8545319, 23.1473763 ], [ 104.8565179, 23.1471901 ], [ 104.8584754, 23.1468071 ], [ 104.8596988, 23.146438 ], [ 104.8603559, 23.1486827 ], [ 104.8604494, 23.1498782 ], [ 104.8607546, 23.1537811 ], [ 104.8609073, 23.1557349 ], [ 104.8603138, 23.1604049 ], [ 104.8602365, 23.1611141 ], [ 104.8600135, 23.1635648 ], [ 104.8599594, 23.1664391 ], [ 104.8600318, 23.1678008 ], [ 104.8602228, 23.169692 ], [ 104.8605925, 23.1715566 ], [ 104.8611376, 23.1733777 ], [ 104.8618531, 23.1751388 ], [ 104.8627325, 23.176824 ], [ 104.8637679, 23.1784181 ], [ 104.8649439, 23.1800529 ], [ 104.8665162, 23.1819746 ], [ 104.8669809, 23.1824756 ], [ 104.8741637, 23.1902187 ], [ 104.875469, 23.1915026 ], [ 104.8768862, 23.1926618 ], [ 104.8791296, 23.1943313 ], [ 104.8805735, 23.1953109 ], [ 104.8820972, 23.1961609 ], [ 104.8838628, 23.1970472 ], [ 104.8859431, 23.1979478 ], [ 104.888112, 23.1986071 ], [ 104.8903415, 23.1990168 ], [ 104.8930644, 23.199359 ], [ 104.8955452, 23.1995151 ], [ 104.8986854, 23.1995172 ], [ 104.8990281, 23.1995511 ], [ 104.89956, 23.1998573 ], [ 104.9014011, 23.2007941 ], [ 104.9033289, 23.201536 ], [ 104.905323, 23.2020751 ], [ 104.907362, 23.2024056 ], [ 104.9080279, 23.2024785 ], [ 104.9094317, 23.2026321 ], [ 104.9114324, 23.2027498 ], [ 104.9134348, 23.2026668 ], [ 104.9154188, 23.2023838 ], [ 104.9173646, 23.2019037 ], [ 104.9194088, 23.2012891 ], [ 104.9210847, 23.2007029 ], [ 104.922702, 23.1999704 ], [ 104.924248, 23.1990974 ], [ 104.9257105, 23.1980907 ], [ 104.9270776, 23.1970573 ], [ 104.9286329, 23.1957525 ], [ 104.9300478, 23.1942968 ], [ 104.931308, 23.1927051 ], [ 104.9324002, 23.1909939 ], [ 104.9327543, 23.1902909 ], [ 104.9343537, 23.1891967 ], [ 104.9344332, 23.1891294 ], [ 104.9348845, 23.1890192 ], [ 104.9356591, 23.1887465 ], [ 104.9354004, 23.1902081 ], [ 104.935249, 23.1912117 ], [ 104.9350646, 23.1926866 ], [ 104.9349148, 23.1947364 ], [ 104.9349761, 23.1967907 ], [ 104.9350905, 23.1981959 ], [ 104.935141, 23.1988163 ], [ 104.9353583, 23.2005473 ], [ 104.9357256, 23.2022528 ], [ 104.9362401, 23.2039198 ], [ 104.9377477, 23.2081412 ], [ 104.9384719, 23.2099001 ], [ 104.93936, 23.2115823 ], [ 104.9404038, 23.2131725 ], [ 104.941594, 23.2146563 ], [ 104.9429198, 23.2160203 ], [ 104.9443692, 23.2172523 ], [ 104.9463562, 23.2187846 ], [ 104.947917, 23.2198739 ], [ 104.9497569, 23.2210318 ], [ 104.9519047, 23.2222064 ], [ 104.9542968, 23.2233303 ], [ 104.9548617, 23.2235851 ], [ 104.9582475, 23.2250496 ], [ 104.9592443, 23.2254494 ], [ 104.9601644, 23.22579 ], [ 104.9619343, 23.2263532 ], [ 104.9637489, 23.2267498 ], [ 104.9655924, 23.2269763 ], [ 104.9702968, 23.2273337 ], [ 104.9712962, 23.2273846 ], [ 104.9716492, 23.2273937 ], [ 104.9740063, 23.2274745 ], [ 104.9742559, 23.2275054 ], [ 104.9755141, 23.2276211 ], [ 104.9770562, 23.2277138 ], [ 104.9785532, 23.2277476 ], [ 104.980924, 23.2277124 ], [ 104.9838466, 23.2274538 ], [ 104.9839102, 23.2274434 ], [ 104.9841193, 23.2277884 ], [ 104.9852288, 23.2292848 ], [ 104.9858043, 23.2299898 ], [ 104.9870653, 23.2313938 ], [ 104.9884531, 23.2326727 ], [ 104.9899552, 23.2338151 ], [ 104.9915583, 23.2348108 ], [ 104.992555, 23.2353665 ], [ 104.9943393, 23.236248 ], [ 104.9962023, 23.2369477 ], [ 104.9981257, 23.2374588 ], [ 105.0000903, 23.2377763 ], [ 105.0016795, 23.2379525 ], [ 105.0033556, 23.2380673 ], [ 105.0050354, 23.2380411 ], [ 105.0061257, 23.2379782 ], [ 105.008533, 23.2376922 ], [ 105.0099792, 23.2374307 ], [ 105.0102346, 23.2374543 ], [ 105.0103395, 23.2374778 ], [ 105.0104067, 23.2375839 ], [ 105.0110625, 23.2385223 ], [ 105.0124968, 23.2403406 ], [ 105.0141318, 23.241981 ], [ 105.0181816, 23.2455988 ], [ 105.0192973, 23.246525 ], [ 105.0227752, 23.2492053 ], [ 105.0247379, 23.2505401 ], [ 105.0260663, 23.2513325 ], [ 105.0266459, 23.2516373 ], [ 105.0268807, 23.2522271 ], [ 105.0276552, 23.25377 ], [ 105.0283076, 23.2549408 ], [ 105.0292831, 23.2565153 ], [ 105.0304, 23.2579927 ], [ 105.0316489, 23.2593605 ], [ 105.0348858, 23.2625916 ], [ 105.0366385, 23.2641472 ], [ 105.0385611, 23.2654871 ], [ 105.0398905, 23.2663022 ], [ 105.0412172, 23.2670477 ], [ 105.0415201, 23.2671888 ], [ 105.0417243, 23.2674611 ], [ 105.0429505, 23.2689426 ], [ 105.0443133, 23.2702994 ], [ 105.0458001, 23.271519 ], [ 105.0473972, 23.2725902 ], [ 105.0490898, 23.2735031 ], [ 105.050993, 23.2744143 ], [ 105.0528493, 23.2751908 ], [ 105.0580939, 23.2770807 ], [ 105.0589441, 23.2776052 ], [ 105.0606492, 23.2794973 ], [ 105.0627229, 23.2814896 ], [ 105.0646139, 23.2830613 ], [ 105.0654817, 23.2837431 ], [ 105.0674855, 23.2852296 ], [ 105.0693959, 23.2864842 ], [ 105.0702033, 23.2869507 ], [ 105.0718133, 23.2877859 ], [ 105.0734923, 23.2884719 ], [ 105.0752266, 23.2890029 ], [ 105.0766798, 23.2893767 ], [ 105.0783699, 23.2897344 ], [ 105.0800847, 23.2899449 ], [ 105.0822321, 23.2901148 ], [ 105.0843763, 23.2901691 ], [ 105.0865141, 23.2899934 ], [ 105.0874732, 23.2898625 ], [ 105.0894881, 23.2894814 ], [ 105.0906185, 23.2892069 ], [ 105.092761, 23.2885577 ], [ 105.0948175, 23.2876731 ], [ 105.0967623, 23.2865642 ], [ 105.0994792, 23.2848066 ], [ 105.101098, 23.2836409 ], [ 105.1025925, 23.2823198 ], [ 105.1040531, 23.2808928 ], [ 105.1055926, 23.2792066 ], [ 105.1082206, 23.2759754 ], [ 105.1082761, 23.2759483 ], [ 105.1100501, 23.274969 ], [ 105.1117159, 23.2738153 ], [ 105.1117699, 23.2737737 ], [ 105.1131808, 23.2748354 ], [ 105.1148408, 23.2758483 ], [ 105.1165913, 23.2766952 ], [ 105.1184158, 23.2773681 ], [ 105.1202969, 23.2778606 ], [ 105.1222171, 23.2781681 ], [ 105.124158, 23.2782876 ], [ 105.1248639, 23.2782967 ], [ 105.1259566, 23.2782624 ], [ 105.1279231, 23.2795291 ], [ 105.1299199, 23.2806588 ], [ 105.1320331, 23.2815524 ], [ 105.1383893, 23.28382 ], [ 105.1393905, 23.2841477 ], [ 105.1419118, 23.2849001 ], [ 105.1436374, 23.2865396 ], [ 105.1439647, 23.2869491 ], [ 105.1457074, 23.2906259 ], [ 105.1467565, 23.2925572 ], [ 105.149515, 23.2970305 ], [ 105.1507784, 23.2988462 ], [ 105.1522346, 23.3005113 ], [ 105.1538658, 23.3020054 ], [ 105.1579126, 23.3053199 ], [ 105.1594691, 23.3064735 ], [ 105.16113, 23.3074711 ], [ 105.1628796, 23.3083033 ], [ 105.1647016, 23.3089623 ], [ 105.1665787, 23.3094419 ], [ 105.1684934, 23.3097376 ], [ 105.1699035, 23.3098859 ], [ 105.17166, 23.3099928 ], [ 105.1734192, 23.3099449 ], [ 105.1749745, 23.3098339 ], [ 105.1767622, 23.3096251 ], [ 105.1785239, 23.3092564 ], [ 105.1802453, 23.3087309 ], [ 105.1845046, 23.3072179 ], [ 105.1862368, 23.3065096 ], [ 105.1878953, 23.3056426 ], [ 105.1894654, 23.3046244 ], [ 105.1909335, 23.3034638 ], [ 105.191919, 23.3025223 ], [ 105.1931939, 23.3024996 ], [ 105.19454, 23.3024108 ], [ 105.1963394, 23.30221 ], [ 105.1981132, 23.3018473 ], [ 105.199847, 23.3013256 ], [ 105.2015265, 23.3006493 ], [ 105.2031379, 23.2998238 ], [ 105.2040137, 23.2993239 ], [ 105.2056145, 23.2983067 ], [ 105.2071116, 23.2971424 ], [ 105.2080819, 23.2963111 ], [ 105.2087925, 23.2957022 ], [ 105.2103047, 23.2942628 ], [ 105.2116587, 23.2926736 ], [ 105.2119376, 23.2923093 ], [ 105.2120474, 23.2922795 ], [ 105.2127306, 23.2920171 ], [ 105.212759, 23.2921694 ], [ 105.2132564, 23.2939272 ], [ 105.2139121, 23.2956323 ], [ 105.2147206, 23.2972704 ], [ 105.2155333, 23.2987434 ], [ 105.2164886, 23.300302 ], [ 105.2175822, 23.3017668 ], [ 105.218805, 23.3031256 ], [ 105.2201468, 23.3043671 ], [ 105.2212186, 23.3052715 ], [ 105.2226981, 23.3064062 ], [ 105.2242767, 23.3073982 ], [ 105.2259409, 23.3082388 ], [ 105.2276762, 23.3089209 ], [ 105.2277314, 23.3089368 ], [ 105.2276994, 23.3107379 ], [ 105.2278634, 23.3127294 ], [ 105.2282254, 23.3146947 ], [ 105.2287817, 23.3166139 ], [ 105.2290132, 23.3172852 ], [ 105.2297245, 23.319066 ], [ 105.2306031, 23.3207704 ], [ 105.2311998, 23.3216975 ], [ 105.2310742, 23.3218741 ], [ 105.2306869, 23.3224815 ], [ 105.2297685, 23.3240799 ], [ 105.2290011, 23.325756 ], [ 105.2283914, 23.3274957 ], [ 105.2279444, 23.3292841 ], [ 105.227664, 23.3311061 ], [ 105.2275525, 23.3329461 ], [ 105.2275462, 23.3333833 ], [ 105.227616, 23.335366 ], [ 105.2278819, 23.337332 ], [ 105.2283413, 23.3392619 ], [ 105.2289896, 23.3411369 ], [ 105.2298205, 23.3429384 ], [ 105.2308258, 23.3446487 ], [ 105.2312889, 23.345354 ], [ 105.2313953, 23.3455143 ], [ 105.234824, 23.3506283 ], [ 105.2355906, 23.3516943 ], [ 105.2383782, 23.3553138 ], [ 105.2395167, 23.3566643 ], [ 105.24077, 23.357909 ], [ 105.2421282, 23.3590384 ], [ 105.2430645, 23.3597494 ], [ 105.2446258, 23.3608224 ], [ 105.2462817, 23.3617428 ], [ 105.2480173, 23.3625024 ], [ 105.2498169, 23.3630944 ], [ 105.2511368, 23.3634603 ], [ 105.2532062, 23.3639175 ], [ 105.2553123, 23.3641531 ], [ 105.2572038, 23.3642637 ], [ 105.2597652, 23.3642492 ], [ 105.2640287, 23.3639513 ], [ 105.2660037, 23.3637141 ], [ 105.2660947, 23.3636938 ], [ 105.2662248, 23.3643033 ], [ 105.2667901, 23.3661011 ], [ 105.267522, 23.3678376 ], [ 105.2684142, 23.3694976 ], [ 105.2688099, 23.3701573 ], [ 105.2698413, 23.3717083 ], [ 105.2710126, 23.3731566 ], [ 105.2723135, 23.3744896 ], [ 105.2737328, 23.3756959 ], [ 105.2752581, 23.3767648 ], [ 105.2761615, 23.3773371 ], [ 105.2776565, 23.3781936 ], [ 105.2779322, 23.3796803 ], [ 105.2784795, 23.3815707 ], [ 105.27921, 23.3833981 ], [ 105.2801165, 23.3851449 ], [ 105.280611, 23.3859929 ], [ 105.2815757, 23.3874898 ], [ 105.2826697, 23.3888949 ], [ 105.2838844, 23.3901972 ], [ 105.2867817, 23.3930386 ], [ 105.2888523, 23.3948093 ], [ 105.2920889, 23.3972158 ], [ 105.2930723, 23.3980409 ], [ 105.2944501, 23.3990987 ], [ 105.2959146, 23.4000329 ], [ 105.296148, 23.4001679 ], [ 105.2978769, 23.4010587 ], [ 105.2996842, 23.4017773 ], [ 105.3005466, 23.4020264 ], [ 105.3030651, 23.4047323 ], [ 105.3041149, 23.4057794 ], [ 105.3064215, 23.4079157 ], [ 105.3076128, 23.4089353 ], [ 105.3088803, 23.4098584 ], [ 105.3097746, 23.4104575 ], [ 105.3114049, 23.4114406 ], [ 105.3131213, 23.4122642 ], [ 105.3149081, 23.4129209 ], [ 105.3167494, 23.4134047 ], [ 105.3186283, 23.4137113 ], [ 105.3191055, 23.413766 ], [ 105.3211452, 23.4138947 ], [ 105.3216496, 23.4139007 ], [ 105.3239838, 23.4137919 ], [ 105.3262894, 23.4134117 ], [ 105.3271151, 23.4132254 ], [ 105.3288547, 23.4127495 ], [ 105.3305443, 23.4121189 ], [ 105.3321703, 23.4113386 ], [ 105.3337193, 23.4104151 ], [ 105.3345233, 23.4098852 ], [ 105.3360653, 23.4087598 ], [ 105.3374929, 23.4074925 ], [ 105.3387933, 23.4060949 ], [ 105.3394274, 23.4053445 ], [ 105.3398177, 23.4048827 ], [ 105.3411162, 23.4031671 ], [ 105.3422007, 23.4015616 ], [ 105.3430788, 23.4001366 ], [ 105.3438346, 23.3986432 ], [ 105.3442839, 23.3976549 ], [ 105.3456957, 23.396447 ], [ 105.3475173, 23.3950974 ], [ 105.3481614, 23.3946201 ], [ 105.3498558, 23.3934549 ], [ 105.3502529, 23.3931746 ], [ 105.3515334, 23.3922474 ], [ 105.3518473, 23.3920201 ], [ 105.3519476, 23.3919471 ], [ 105.3539044, 23.390512 ], [ 105.3550914, 23.3895703 ], [ 105.3559737, 23.388814 ], [ 105.3574826, 23.3875311 ], [ 105.3590989, 23.3859935 ], [ 105.3605136, 23.3844887 ], [ 105.3622061, 23.382429 ], [ 105.3629347, 23.381411 ], [ 105.3636195, 23.3804702 ], [ 105.3644831, 23.3791813 ], [ 105.3652442, 23.3778295 ], [ 105.3661991, 23.3759681 ], [ 105.3673399, 23.3732762 ], [ 105.3677362, 23.3721104 ], [ 105.3682979, 23.3701284 ], [ 105.3686527, 23.3680992 ], [ 105.3687479, 23.3673201 ], [ 105.3688814, 23.3656478 ], [ 105.3688742, 23.3639702 ], [ 105.3687442, 23.3611596 ], [ 105.3686773, 23.3602063 ], [ 105.36853, 23.358644 ], [ 105.3684591, 23.3580032 ], [ 105.3681063, 23.3552229 ], [ 105.3683438, 23.3544156 ], [ 105.3691904, 23.3534026 ], [ 105.3713995, 23.351052 ], [ 105.3714801, 23.3509657 ], [ 105.3734214, 23.3488754 ], [ 105.374368, 23.3477791 ], [ 105.3756897, 23.3461313 ], [ 105.3759362, 23.3458176 ], [ 105.3785754, 23.3423893 ], [ 105.3801557, 23.3403616 ], [ 105.3807026, 23.3396256 ], [ 105.3815401, 23.3384429 ], [ 105.382346, 23.337211 ], [ 105.3840874, 23.3343225 ], [ 105.3859817, 23.332986 ], [ 105.387059, 23.3323152 ], [ 105.3876587, 23.3323222 ], [ 105.389672, 23.3322442 ], [ 105.3916673, 23.331964 ], [ 105.3936242, 23.3314845 ], [ 105.395523, 23.3308105 ], [ 105.3973443, 23.3299488 ], [ 105.3990696, 23.3289083 ], [ 105.3991561, 23.32885 ], [ 105.3999351, 23.3283241 ], [ 105.4013205, 23.3272991 ], [ 105.4026124, 23.3261587 ], [ 105.4038015, 23.3249112 ], [ 105.4077656, 23.3203762 ], [ 105.4080765, 23.3200118 ], [ 105.4114904, 23.3159121 ], [ 105.4119983, 23.3165312 ], [ 105.4133751, 23.3180446 ], [ 105.4148993, 23.3194094 ], [ 105.416555, 23.3206113 ], [ 105.4183248, 23.3216378 ], [ 105.4201903, 23.3224782 ], [ 105.4221318, 23.3231235 ], [ 105.4228769, 23.3233295 ], [ 105.4246505, 23.3237341 ], [ 105.4264536, 23.3239757 ], [ 105.4282712, 23.3240526 ], [ 105.4350026, 23.3240308 ], [ 105.4365182, 23.3239684 ], [ 105.4380248, 23.3237912 ], [ 105.4392026, 23.3236072 ], [ 105.4410395, 23.3232313 ], [ 105.4428331, 23.322685 ], [ 105.4439066, 23.3223022 ], [ 105.4456452, 23.3215885 ], [ 105.4473092, 23.3207147 ], [ 105.4488838, 23.3196886 ], [ 105.4510414, 23.3181334 ], [ 105.4524253, 23.31704 ], [ 105.4537075, 23.3158289 ], [ 105.454878, 23.3145096 ], [ 105.4563608, 23.312682 ], [ 105.4567884, 23.312155 ], [ 105.4569413, 23.3119666 ], [ 105.4581152, 23.3103632 ], [ 105.4591242, 23.3086512 ], [ 105.4605568, 23.3059185 ], [ 105.4616458, 23.3038411 ], [ 105.4625592, 23.3018375 ], [ 105.4632469, 23.2997455 ], [ 105.4636966, 23.298072 ], [ 105.4640802, 23.2963422 ], [ 105.4643091, 23.2945853 ], [ 105.4643671, 23.2939069 ], [ 105.466087, 23.2909951 ], [ 105.4666406, 23.2905716 ], [ 105.4676648, 23.2897881 ], [ 105.4679212, 23.289592 ], [ 105.4695233, 23.2882271 ], [ 105.4720927, 23.2857936 ], [ 105.4731077, 23.2847601 ], [ 105.4749098, 23.2827869 ], [ 105.4758898, 23.2816285 ], [ 105.4767791, 23.2803991 ], [ 105.4802734, 23.2751615 ], [ 105.4804679, 23.2748644 ], [ 105.4840578, 23.2692708 ], [ 105.4867423, 23.2655524 ], [ 105.4883572, 23.264127 ], [ 105.4902897, 23.2624214 ], [ 105.4921136, 23.261043 ], [ 105.4944497, 23.2597496 ], [ 105.4959118, 23.2589763 ], [ 105.4973383, 23.2581448 ], [ 105.4986913, 23.2571985 ], [ 105.4999617, 23.2561437 ], [ 105.5010226, 23.2551862 ], [ 105.502107, 23.2541303 ], [ 105.5031085, 23.2529954 ], [ 105.5044646, 23.2513361 ], [ 105.5057503, 23.2495752 ], [ 105.5068367, 23.2476848 ], [ 105.5082065, 23.2449683 ], [ 105.5091596, 23.2427558 ], [ 105.5098398, 23.2404448 ], [ 105.510244, 23.2386868 ], [ 105.5105737, 23.2368744 ], [ 105.5107352, 23.2350394 ], [ 105.5107272, 23.2331973 ], [ 105.5106529, 23.231725 ], [ 105.5106509, 23.2316857 ], [ 105.5106495, 23.231659 ], [ 105.5104988, 23.2300431 ], [ 105.5103446, 23.2291669 ], [ 105.5108603, 23.228361 ], [ 105.5125306, 23.2254632 ], [ 105.5151506, 23.2209176 ], [ 105.5159112, 23.2194632 ], [ 105.5165499, 23.2179515 ], [ 105.5170435, 23.216635 ], [ 105.5171407, 23.2163373 ], [ 105.5186815, 23.2156302 ], [ 105.5210203, 23.214557 ], [ 105.5256178, 23.2124471 ], [ 105.5282942, 23.2133717 ], [ 105.5296646, 23.2138451 ], [ 105.5318233, 23.2144575 ], [ 105.5340369, 23.2148243 ], [ 105.5359789, 23.215035 ], [ 105.5379187, 23.2151505 ], [ 105.5389208, 23.2151614 ], [ 105.5404222, 23.2151213 ], [ 105.5419164, 23.2149687 ], [ 105.5431683, 23.2147931 ], [ 105.5448599, 23.2144812 ], [ 105.5465183, 23.214025 ], [ 105.5481314, 23.2134281 ], [ 105.5496873, 23.2126947 ], [ 105.5509238, 23.2120455 ], [ 105.5525644, 23.2110819 ], [ 105.5541061, 23.2099668 ], [ 105.5555348, 23.2087102 ], [ 105.5561849, 23.2080811 ], [ 105.5578035, 23.2075488 ], [ 105.55946, 23.2068327 ], [ 105.5610453, 23.2059703 ], [ 105.5617606, 23.2055382 ], [ 105.5635415, 23.2043268 ], [ 105.5651818, 23.202931 ], [ 105.5666626, 23.2013669 ], [ 105.5679665, 23.1996526 ], [ 105.5690786, 23.197808 ], [ 105.5693312, 23.197333 ], [ 105.571483, 23.1932858 ], [ 105.5716379, 23.1929943 ], [ 105.5735285, 23.1894387 ], [ 105.5742831, 23.1878558 ], [ 105.5745875, 23.1870399 ], [ 105.5754777, 23.1863448 ], [ 105.5767435, 23.1851668 ], [ 105.5779497, 23.1839428 ], [ 105.578859, 23.1829559 ], [ 105.5795937, 23.1821028 ], [ 105.5800197, 23.1815913 ], [ 105.5818569, 23.1793086 ], [ 105.5828649, 23.1779411 ], [ 105.5837532, 23.1764929 ], [ 105.5847092, 23.1747747 ], [ 105.5857014, 23.1733057 ], [ 105.5861466, 23.1726164 ], [ 105.5866745, 23.1717611 ], [ 105.5875672, 23.1701539 ], [ 105.5883085, 23.1684715 ], [ 105.5888922, 23.1667282 ], [ 105.5889112, 23.1666614 ], [ 105.5895454, 23.1644255 ], [ 105.5899709, 23.1626055 ], [ 105.5902247, 23.1607536 ], [ 105.5906566, 23.1559368 ], [ 105.5907349, 23.1544041 ], [ 105.5907566, 23.1526917 ], [ 105.5906691, 23.1505528 ], [ 105.5903536, 23.1484356 ], [ 105.5898135, 23.1463641 ], [ 105.5893387, 23.1448746 ], [ 105.5886161, 23.1429544 ], [ 105.5877006, 23.1411182 ], [ 105.5866018, 23.1393855 ], [ 105.5853312, 23.1377745 ], [ 105.5839023, 23.1363021 ], [ 105.5816, 23.1341613 ], [ 105.5815508, 23.132932 ], [ 105.5812382, 23.1308185 ], [ 105.5810593, 23.1299372 ], [ 105.5806134, 23.1281616 ], [ 105.5802384, 23.1270935 ], [ 105.5803791, 23.1266752 ], [ 105.5815213, 23.1232791 ], [ 105.5817144, 23.122708 ], [ 105.5821002, 23.1219141 ], [ 105.5824254, 23.1212106 ], [ 105.5832862, 23.1192495 ], [ 105.5844445, 23.1166104 ], [ 105.585372, 23.1140291 ], [ 105.5856378, 23.113092 ], [ 105.5860762, 23.111795 ], [ 105.5867043, 23.109492 ], [ 105.5867174, 23.1094295 ], [ 105.586784, 23.1092652 ], [ 105.5871914, 23.1081225 ], [ 105.5879905, 23.1060754 ], [ 105.5885726, 23.1043581 ], [ 105.5889967, 23.1025952 ], [ 105.5891357, 23.1018754 ], [ 105.5893952, 23.1001134 ], [ 105.5894969, 23.0983352 ], [ 105.5895075, 23.0974938 ], [ 105.5894818, 23.0970232 ], [ 105.5930941, 23.0975774 ], [ 105.5959129, 23.0978076 ], [ 105.6011601, 23.0978638 ], [ 105.60343, 23.097759 ], [ 105.6056733, 23.0973974 ], [ 105.6069491, 23.0971166 ], [ 105.6088574, 23.0965964 ], [ 105.610705, 23.0958903 ], [ 105.6124738, 23.0950052 ], [ 105.6142001, 23.0940317 ], [ 105.6152588, 23.0950345 ], [ 105.6165713, 23.0961737 ], [ 105.6179777, 23.0971946 ], [ 105.6194674, 23.0980895 ], [ 105.621679, 23.0992906 ], [ 105.623133, 23.1000056 ], [ 105.6246402, 23.1006006 ], [ 105.6281239, 23.1018151 ], [ 105.6300498, 23.1023798 ], [ 105.6320227, 23.1027487 ], [ 105.6340226, 23.1029181 ], [ 105.6402223, 23.1031306 ], [ 105.6419102, 23.1031171 ], [ 105.6435909, 23.1029615 ], [ 105.6466175, 23.1025517 ], [ 105.6483127, 23.1022473 ], [ 105.6499755, 23.1017982 ], [ 105.6515935, 23.1012077 ], [ 105.6536715, 23.1003462 ], [ 105.6554261, 23.0995168 ], [ 105.657092, 23.0985213 ], [ 105.6586537, 23.097369 ], [ 105.6600962, 23.0960708 ], [ 105.6607244, 23.0953842 ], [ 105.6611775, 23.0953191 ], [ 105.6634735, 23.0948507 ], [ 105.665699, 23.094117 ], [ 105.671132, 23.0919653 ], [ 105.6734271, 23.0908832 ], [ 105.6763089, 23.0892937 ], [ 105.6776165, 23.088506 ], [ 105.6788602, 23.0876208 ], [ 105.6831833, 23.0842882 ], [ 105.6888444, 23.0837555 ], [ 105.6917042, 23.0837528 ], [ 105.6928196, 23.0850918 ], [ 105.6932865, 23.0855969 ], [ 105.6948527, 23.0871159 ], [ 105.696575, 23.0884552 ], [ 105.6984329, 23.089599 ], [ 105.7004044, 23.0905336 ], [ 105.700875, 23.090726 ], [ 105.7028799, 23.0914239 ], [ 105.7049474, 23.0919054 ], [ 105.7070543, 23.0921651 ], [ 105.7091769, 23.0922 ], [ 105.7112912, 23.0920097 ], [ 105.7116972, 23.0919513 ], [ 105.7135083, 23.0916049 ], [ 105.7152797, 23.0910932 ], [ 105.7169966, 23.0904205 ], [ 105.7186441, 23.0895926 ], [ 105.7202084, 23.0886165 ], [ 105.7216762, 23.0875004 ], [ 105.7225632, 23.086759 ], [ 105.7240569, 23.0853754 ], [ 105.7242294, 23.0851795 ], [ 105.7246644, 23.0851035 ], [ 105.7264368, 23.0847104 ], [ 105.7281662, 23.0841582 ], [ 105.7298383, 23.0834515 ], [ 105.7314396, 23.0825961 ], [ 105.7329566, 23.081599 ], [ 105.7332972, 23.0813523 ], [ 105.7349025, 23.0800584 ], [ 105.736366, 23.078606 ], [ 105.7376722, 23.0770108 ], [ 105.7388073, 23.0752895 ], [ 105.739759, 23.0734605 ], [ 105.7405175, 23.0715432 ], [ 105.7407276, 23.0709199 ], [ 105.7411234, 23.0695962 ], [ 105.7419828, 23.0663131 ], [ 105.7424644, 23.0644729 ], [ 105.7425675, 23.0640789 ], [ 105.7428942, 23.0637501 ], [ 105.744035, 23.0625004 ], [ 105.7450661, 23.0611586 ], [ 105.7455194, 23.0604522 ], [ 105.7504122, 23.0599088 ], [ 105.7505681, 23.0598909 ], [ 105.7534764, 23.0595448 ], [ 105.7551618, 23.0592708 ], [ 105.7568177, 23.0588541 ], [ 105.7582411, 23.0584305 ], [ 105.7599968, 23.0578178 ], [ 105.7616881, 23.0570446 ], [ 105.7633002, 23.0561178 ], [ 105.7648193, 23.0550452 ], [ 105.7662322, 23.0538361 ], [ 105.7675267, 23.0525011 ], [ 105.7680743, 23.0518811 ], [ 105.7693172, 23.0503239 ], [ 105.770399, 23.0486508 ], [ 105.7709932, 23.0474934 ], [ 105.7720313, 23.0471491 ], [ 105.7729565, 23.0468167 ], [ 105.781776, 23.0434017 ], [ 105.7830991, 23.0428338 ], [ 105.785774, 23.0415698 ], [ 105.7859567, 23.0414835 ], [ 105.7877366, 23.0405289 ], [ 105.7893689, 23.0395443 ], [ 105.7908898, 23.0385293 ], [ 105.7923118, 23.0373795 ], [ 105.7936227, 23.0361047 ], [ 105.7948118, 23.0347155 ], [ 105.796457, 23.0326052 ], [ 105.7976987, 23.0308201 ], [ 105.7987394, 23.0289107 ], [ 105.8012495, 23.0236423 ], [ 105.8032771, 23.0202349 ], [ 105.8039438, 23.0191143 ], [ 105.8040965, 23.0189892 ], [ 105.8051952, 23.0180184 ], [ 105.8055587, 23.0176727 ], [ 105.8071298, 23.018429 ], [ 105.8089179, 23.0190884 ], [ 105.8107606, 23.0195747 ], [ 105.8126413, 23.0198834 ], [ 105.8145428, 23.0200116 ], [ 105.8220829, 23.02016 ], [ 105.8240399, 23.0201027 ], [ 105.8259818, 23.0198543 ], [ 105.8278901, 23.0194173 ], [ 105.8297466, 23.0187957 ], [ 105.8315334, 23.0179957 ], [ 105.8332334, 23.0170247 ], [ 105.8348304, 23.0158923 ], [ 105.836309, 23.0146091 ], [ 105.837655, 23.0131874 ], [ 105.8388556, 23.011641 ], [ 105.839444, 23.0107072 ], [ 105.8400997, 23.0102989 ], [ 105.8414122, 23.0094075 ], [ 105.8436201, 23.0077763 ], [ 105.8456539, 23.0060528 ], [ 105.8459528, 23.0057632 ], [ 105.8459788, 23.0057666 ], [ 105.8479213, 23.0058312 ], [ 105.8498609, 23.005707 ], [ 105.8517793, 23.005395 ], [ 105.8536584, 23.0048984 ], [ 105.8554803, 23.0042217 ], [ 105.857228, 23.0033713 ], [ 105.8588849, 23.0023553 ], [ 105.8604354, 23.0011833 ], [ 105.8657312, 22.9967598 ], [ 105.8671697, 22.9954335 ], [ 105.8684718, 22.993973 ], [ 105.8696249, 22.9923922 ], [ 105.870618, 22.9907063 ], [ 105.8714416, 22.9889315 ], [ 105.8720879, 22.9870846 ], [ 105.8725506, 22.9851835 ], [ 105.8728253, 22.9832462 ], [ 105.8729094, 22.9812914 ], [ 105.8728021, 22.9793377 ], [ 105.8725044, 22.9774038 ], [ 105.8720192, 22.9755083 ], [ 105.871351, 22.9736692 ], [ 105.8707655, 22.9724456 ], [ 105.8708027, 22.9723559 ], [ 105.8710527, 22.9716424 ], [ 105.8728458, 22.966525 ], [ 105.8755054, 22.9591412 ], [ 105.8771319, 22.960261 ], [ 105.8789011, 22.961232 ], [ 105.8807591, 22.9620198 ], [ 105.8826871, 22.9626163 ], [ 105.8846654, 22.9630155 ], [ 105.8858157, 22.9631288 ], [ 105.8860336, 22.9633041 ], [ 105.8867073, 22.9637823 ], [ 105.8886028, 22.9649741 ], [ 105.8892856, 22.9653518 ], [ 105.8908164, 22.966115 ], [ 105.8924068, 22.9667446 ], [ 105.8940452, 22.967236 ], [ 105.8951296, 22.9675113 ], [ 105.8970018, 22.9678924 ], [ 105.8989019, 22.9680932 ], [ 105.8995335, 22.9680993 ], [ 105.9017073, 22.9701964 ], [ 105.9030025, 22.9713421 ], [ 105.9043919, 22.9723716 ], [ 105.9051874, 22.9729094 ], [ 105.9068541, 22.9739214 ], [ 105.9086115, 22.9747664 ], [ 105.9104428, 22.9754362 ], [ 105.9123306, 22.9759244 ], [ 105.914257, 22.9762266 ], [ 105.9162036, 22.9763396 ], [ 105.916776, 22.9763449 ], [ 105.9186056, 22.9762781 ], [ 105.9204214, 22.9760442 ], [ 105.9212816, 22.9758931 ], [ 105.9233272, 22.9754219 ], [ 105.9253121, 22.9747389 ], [ 105.9272146, 22.9738517 ], [ 105.9278831, 22.9734497 ], [ 105.9285783, 22.9733619 ], [ 105.9294385, 22.9732108 ], [ 105.9316104, 22.972703 ], [ 105.9337124, 22.9719565 ], [ 105.9357181, 22.9709806 ], [ 105.9364667, 22.9705632 ], [ 105.9381396, 22.9695191 ], [ 105.9397016, 22.9683153 ], [ 105.9411375, 22.9669635 ], [ 105.9414856, 22.9665641 ], [ 105.9424356, 22.9673808 ], [ 105.9439698, 22.9684669 ], [ 105.9455992, 22.9694042 ], [ 105.9473093, 22.9701844 ], [ 105.9490852, 22.9708006 ], [ 105.9500028, 22.9710714 ], [ 105.951801, 22.9715127 ], [ 105.9536323, 22.9717859 ], [ 105.9554809, 22.9718885 ], [ 105.9581713, 22.9719131 ], [ 105.9595734, 22.9718767 ], [ 105.9642497, 22.9715911 ], [ 105.9657959, 22.9714362 ], [ 105.9697669, 22.9708818 ], [ 105.9712889, 22.9706089 ], [ 105.9776054, 22.9692226 ], [ 105.9792646, 22.9687831 ], [ 105.9804397, 22.9684171 ], [ 105.9808925, 22.9701669 ], [ 105.9814282, 22.9719065 ], [ 105.9821199, 22.9735902 ], [ 105.9833479, 22.976231 ], [ 105.9827176, 22.9778452 ], [ 105.9813765, 22.9807923 ], [ 105.9805302, 22.9829858 ], [ 105.9801343, 22.9842242 ], [ 105.9796229, 22.9861498 ], [ 105.9793056, 22.9881167 ], [ 105.9791856, 22.9901055 ], [ 105.979168, 22.9917909 ], [ 105.9792589, 22.9939156 ], [ 105.9795749, 22.9960186 ], [ 105.9797572, 22.9969073 ], [ 105.9802744, 22.9989011 ], [ 105.980994, 23.0008311 ], [ 105.9819083, 23.0026769 ], [ 105.9830075, 23.0044188 ], [ 105.9842801, 23.0060384 ], [ 105.9857126, 23.0075186 ], [ 105.9872896, 23.0088436 ], [ 105.9877647, 23.0092027 ], [ 105.9892329, 23.0102128 ], [ 105.9907851, 23.0110882 ], [ 105.992409, 23.011822 ], [ 105.9940919, 23.0124084 ], [ 105.9958202, 23.0128426 ], [ 105.9976358, 23.0132136 ], [ 105.9996834, 23.0135226 ], [ 106.0017519, 23.0136182 ], [ 106.0065543, 23.0135913 ], [ 106.007728, 23.0135502 ], [ 106.0103995, 23.0133781 ], [ 106.0118703, 23.0132286 ], [ 106.012152, 23.0131894 ], [ 106.0148332, 23.0128163 ], [ 106.0155453, 23.0127041 ], [ 106.0157009, 23.0126767 ], [ 106.0161864, 23.0125911 ], [ 106.0162433, 23.0125876 ], [ 106.0170184, 23.0125827 ], [ 106.0170495, 23.0125934 ], [ 106.0189075, 23.0133184 ], [ 106.0207004, 23.0139219 ], [ 106.0225422, 23.0143534 ], [ 106.0244167, 23.0146089 ], [ 106.0260658, 23.0146763 ], [ 106.0326853, 23.0151088 ], [ 106.0340129, 23.0151513 ], [ 106.036364, 23.0151485 ], [ 106.0381745, 23.0150642 ], [ 106.0386279, 23.0150016 ], [ 106.0394891, 23.0153583 ], [ 106.0413947, 23.0159333 ], [ 106.043348, 23.016316 ], [ 106.0453297, 23.0165027 ], [ 106.0473202, 23.0164915 ], [ 106.0483261, 23.0164357 ], [ 106.0506737, 23.0161656 ], [ 106.0529731, 23.0156206 ], [ 106.0545957, 23.0151331 ], [ 106.0569545, 23.0145267 ], [ 106.0588775, 23.0139276 ], [ 106.0589612, 23.0138919 ], [ 106.0613271, 23.0150499 ], [ 106.0639196, 23.0165496 ], [ 106.0660325, 23.0176105 ], [ 106.0697381, 23.0192042 ], [ 106.0718109, 23.019963 ], [ 106.0734487, 23.020462 ], [ 106.0741957, 23.0206739 ], [ 106.0749935, 23.0208835 ], [ 106.0768772, 23.0212825 ], [ 106.0787905, 23.0214986 ], [ 106.0806761, 23.02162 ], [ 106.0825393, 23.0216529 ], [ 106.0843975, 23.0215123 ], [ 106.0855561, 23.0213701 ], [ 106.0876149, 23.0210074 ], [ 106.0896246, 23.0204317 ], [ 106.0915632, 23.0196494 ], [ 106.0934095, 23.018669 ], [ 106.0951435, 23.0175012 ], [ 106.0965845, 23.0164171 ], [ 106.0970804, 23.0159999 ], [ 106.0983783, 23.0156766 ], [ 106.1004057, 23.0149314 ], [ 106.1023408, 23.013972 ], [ 106.1026546, 23.0137947 ], [ 106.1031534, 23.0135127 ], [ 106.1049395, 23.0123741 ], [ 106.106167, 23.0113946 ], [ 106.1080615, 23.0113869 ], [ 106.1100956, 23.0111696 ], [ 106.1109507, 23.0110337 ], [ 106.1154914, 23.0105385 ], [ 106.1167149, 23.0103421 ], [ 106.1171177, 23.0107024 ], [ 106.1186993, 23.0118596 ], [ 106.1201054, 23.0127862 ], [ 106.1202742, 23.0128962 ], [ 106.1220847, 23.0140633 ], [ 106.1238004, 23.0150527 ], [ 106.1256056, 23.0158675 ], [ 106.1274825, 23.0164997 ], [ 106.1294128, 23.0169432 ], [ 106.1299432, 23.0170377 ], [ 106.1317615, 23.0172763 ], [ 106.133594, 23.0173473 ], [ 106.1345473, 23.0173405 ], [ 106.1347958, 23.0173372 ], [ 106.1427391, 23.0171818 ], [ 106.1449369, 23.0170173 ], [ 106.1471032, 23.0166121 ], [ 106.1492118, 23.0159709 ], [ 106.1505846, 23.0154693 ], [ 106.1524022, 23.0147015 ], [ 106.1541353, 23.0137584 ], [ 106.1550116, 23.0131627 ], [ 106.1561785, 23.0132451 ], [ 106.1583358, 23.0131642 ], [ 106.1604719, 23.0128512 ], [ 106.1625618, 23.0123098 ], [ 106.1632409, 23.0120941 ], [ 106.1640236, 23.0118699 ], [ 106.1659544, 23.0112085 ], [ 106.1678077, 23.0103538 ], [ 106.1695643, 23.0093146 ], [ 106.1712058, 23.0081019 ], [ 106.1726665, 23.0067723 ], [ 106.1733357, 23.0072128 ], [ 106.1752069, 23.0081794 ], [ 106.1771695, 23.0089439 ], [ 106.17799936908807, 23.009170101706548 ], [ 106.179181518923727, 23.008001106260384 ] ], [ [ 106.1108225, 19.9220186 ], [ 106.1111701, 19.9226066 ], [ 106.1120019, 19.9238978 ], [ 106.1129303, 19.9251213 ], [ 106.1134403, 19.9257424 ], [ 106.1125757, 19.9256882 ], [ 106.1105974, 19.9257603 ], [ 106.1086359, 19.9260277 ], [ 106.1067105, 19.9264876 ], [ 106.1065761, 19.9265342 ], [ 106.1059082, 19.9265842 ], [ 106.1058653, 19.9265707 ], [ 106.1058389, 19.9265291 ], [ 106.1038446, 19.9233914 ], [ 106.1028069, 19.9216489 ], [ 106.102139, 19.9199555 ], [ 106.1016741, 19.9187072 ], [ 106.1010372, 19.9171908 ], [ 106.1002778, 19.9157319 ], [ 106.0995563, 19.9145866 ], [ 106.0998439, 19.9147733 ], [ 106.1010513, 19.915498 ], [ 106.1032242, 19.9167003 ], [ 106.1077336, 19.9194747 ], [ 106.1107353, 19.9218519 ], [ 106.1108225, 19.9220186 ] ] ] } }
]
}
