{
"type": "FeatureCollection",
"name": "2026-09-02",
"crs": { "type": "name", "properties": { "name": "urn:ogc:def:crs:OGC:1.3:CRS84" } },
"features": [
{ "type": "Feature", "properties": { }, "geometry": { "type": "MultiPolygon", "coordinates": [ [ [ [ 102.677309651150139, 21.69505685403464 ], [ 102.784298344619017, 21.676911898410804 ], [ 102.7828551, 21.6735313 ], [ 102.7821472, 21.6720454 ], [ 102.7813194, 21.6706228 ], [ 102.7803775, 21.6692731 ], [ 102.7772354, 21.6651437 ], [ 102.7757707, 21.6634288 ], [ 102.7741224, 21.6618897 ], [ 102.7723112, 21.660546 ], [ 102.7691144, 21.6584429 ], [ 102.7674393, 21.6574541 ], [ 102.7658765, 21.6567261 ], [ 102.7654082, 21.6560156 ], [ 102.7641415, 21.6544592 ], [ 102.7627253, 21.6530376 ], [ 102.7581387, 21.6488738 ], [ 102.7565339, 21.647562 ], [ 102.7548019, 21.6464233 ], [ 102.7529613, 21.64547 ], [ 102.7490332, 21.6436872 ], [ 102.7468055, 21.6428324 ], [ 102.7444919, 21.642249 ], [ 102.7392058, 21.6412471 ], [ 102.7383763, 21.64109 ], [ 102.7362817, 21.6408069 ], [ 102.7341689, 21.6407464 ], [ 102.7320615, 21.6409092 ], [ 102.7299831, 21.6412935 ], [ 102.7279568, 21.641895 ], [ 102.7260054, 21.642707 ], [ 102.7219766, 21.6446391 ], [ 102.7216312, 21.6448188 ], [ 102.7110526, 21.6445671 ], [ 102.703269, 21.6433375 ], [ 102.7022898, 21.6431827 ], [ 102.7000418, 21.6429567 ], [ 102.6977826, 21.6429856 ], [ 102.6967572, 21.6430568 ], [ 102.6947865, 21.6414151 ], [ 102.6931814, 21.6402091 ], [ 102.6914635, 21.6391701 ], [ 102.6896501, 21.6383086 ], [ 102.6877594, 21.6376332 ], [ 102.6858105, 21.6371508 ], [ 102.6832272, 21.6366474 ], [ 102.6818556, 21.6363802 ], [ 102.6800279, 21.6361109 ], [ 102.6781832, 21.6360115 ], [ 102.6763372, 21.6360827 ], [ 102.6745056, 21.6363239 ], [ 102.6727041, 21.6367331 ], [ 102.6709481, 21.6373068 ], [ 102.6692524, 21.6380401 ], [ 102.6659548, 21.6396508 ], [ 102.66430361517169, 21.640559895519971 ], [ 102.677309651150139, 21.69505685403464 ] ] ], [ [ [ 103.407743594283261, 21.57117748833187 ], [ 103.421297116887203, 21.581230475895168 ], [ 103.425445758653083, 21.623020921504871 ], [ 103.431675278449475, 21.628188389720691 ], [ 104.240708693264082, 21.485574236264178 ], [ 104.250684127667597, 21.490664719584121 ], [ 104.260306022245103, 21.518802021687716 ], [ 104.259337143871164, 21.541426285375511 ], [ 104.300727780061095, 21.536905426597563 ], [ 105.094450586067197, 21.391412458464391 ], [ 105.070558010729059, 21.278427460208157 ], [ 105.059033559580129, 21.256084258753557 ], [ 105.058339600738591, 21.219063047745298 ], [ 105.023584147131757, 21.058114022675557 ], [ 105.009431040073338, 21.036601728546678 ], [ 105.003454226011556, 20.979407735467966 ], [ 104.987742141745258, 20.925275185781611 ], [ 104.987503754616853, 20.8828362857946 ], [ 104.976635086537854, 20.863831507283528 ], [ 104.966576177293419, 20.795532739030467 ], [ 104.93865436434875, 20.726404830258186 ], [ 104.938108995229058, 20.663005688302313 ], [ 104.927839670824525, 20.651762553677894 ], [ 104.929264687174296, 20.634862800358089 ], [ 104.91814875971599, 20.612987826974244 ], [ 104.918465181310339, 20.557951174217528 ], [ 104.909383821266559, 20.527163848671876 ], [ 104.887526079134844, 20.492552489212439 ], [ 104.884601061221431, 20.399764260720858 ], [ 104.869435668062948, 20.366776693341553 ], [ 104.873248476677446, 20.34607615085725 ], [ 104.838727099226972, 20.229869838297287 ], [ 104.836922606526983, 20.191060039915818 ], [ 104.822065370222148, 20.17135699057431 ], [ 104.82304849468602, 20.137641459131853 ], [ 104.8214849, 20.1382238 ], [ 104.8198158, 20.1390284 ], [ 104.8191951, 20.1393639 ], [ 104.8184846, 20.139748 ], [ 104.8171904, 20.1405118 ], [ 104.8132073, 20.1430692 ], [ 104.8125526, 20.1434895 ], [ 104.8107272, 20.1448124 ], [ 104.8090623, 20.1463324 ], [ 104.8084009, 20.1470084 ], [ 104.8077724, 20.1476507 ], [ 104.8065076, 20.1490727 ], [ 104.8053837, 20.1506084 ], [ 104.8044109, 20.152244 ], [ 104.8035979, 20.1539646 ], [ 104.8031406, 20.1550652 ], [ 104.8025569, 20.1567439 ], [ 104.8017883, 20.1571243 ], [ 104.8002539, 20.1580639 ], [ 104.7969787, 20.1602782 ], [ 104.7964336, 20.1606342 ], [ 104.7953387, 20.1613493 ], [ 104.7940892, 20.1619064 ], [ 104.7928441, 20.1625141 ], [ 104.7910708, 20.163457 ], [ 104.7896173, 20.1643103 ], [ 104.7882408, 20.165283 ], [ 104.7869511, 20.1663681 ], [ 104.7860092, 20.1672309 ], [ 104.7848404, 20.1683937 ], [ 104.7837713, 20.1696489 ], [ 104.7833217, 20.1702746 ], [ 104.7827576, 20.1707885 ], [ 104.7816963, 20.17127 ], [ 104.780383, 20.1719888 ], [ 104.7791911, 20.1727004 ], [ 104.7791029, 20.172753 ], [ 104.7773384, 20.1739377 ], [ 104.7758995, 20.1751437 ], [ 104.7755815, 20.1752155 ], [ 104.7744044, 20.1755212 ], [ 104.7733579, 20.1758236 ], [ 104.771836, 20.1763087 ], [ 104.769991, 20.1769986 ], [ 104.7682228, 20.1778666 ], [ 104.7668428, 20.1786306 ], [ 104.7650209, 20.1797713 ], [ 104.7646925, 20.1800024 ], [ 104.7630733, 20.1799205 ], [ 104.7610793, 20.180019 ], [ 104.759465, 20.1801798 ], [ 104.7579847, 20.1803833 ], [ 104.7571676, 20.1805587 ], [ 104.7562005, 20.1803177 ], [ 104.7544194, 20.1800411 ], [ 104.752957, 20.1798811 ], [ 104.7514203, 20.1797727 ], [ 104.7498799, 20.1797828 ], [ 104.7473649, 20.1798964 ], [ 104.7412645, 20.1798272 ], [ 104.7393192, 20.1798999 ], [ 104.7379498, 20.180018 ], [ 104.7361, 20.1802649 ], [ 104.7342813, 20.1806831 ], [ 104.7325095, 20.1812691 ], [ 104.7309417, 20.1818701 ], [ 104.7309184, 20.181879 ], [ 104.7298616, 20.1823171 ], [ 104.7297581, 20.1823636 ], [ 104.7274107, 20.1818836 ], [ 104.7250164, 20.1815433 ], [ 104.7229192, 20.1813737 ], [ 104.7205278, 20.1813238 ], [ 104.7188174, 20.1813905 ], [ 104.717134, 20.1815275 ], [ 104.7154682, 20.1818061 ], [ 104.7142429, 20.1820646 ], [ 104.7120646, 20.1826542 ], [ 104.7099666, 20.1834855 ], [ 104.7079756, 20.1845479 ], [ 104.7072285, 20.1850025 ], [ 104.7067947, 20.1852663 ], [ 104.7052176, 20.1863315 ], [ 104.7047118, 20.1867482 ], [ 104.704357, 20.186811 ], [ 104.7026907, 20.1871551 ], [ 104.7008301, 20.1876335 ], [ 104.6990239, 20.1882883 ], [ 104.6977451, 20.1888227 ], [ 104.6958985, 20.189708 ], [ 104.6941522, 20.1907775 ], [ 104.693657, 20.1911168 ], [ 104.6929645, 20.1915914 ], [ 104.6907701, 20.1933332 ], [ 104.6896788, 20.1943317 ], [ 104.6882311, 20.1958003 ], [ 104.6880009, 20.1960879 ], [ 104.6845151, 20.197253 ], [ 104.6825681, 20.1978194 ], [ 104.679513, 20.1975172 ], [ 104.678082, 20.1974272 ], [ 104.6741765, 20.1973221 ], [ 104.6725187, 20.1973463 ], [ 104.6699276, 20.1974916 ], [ 104.667679, 20.1977459 ], [ 104.6654735, 20.1982526 ], [ 104.6633393, 20.1990052 ], [ 104.6620603, 20.1995394 ], [ 104.6608632, 20.2000864 ], [ 104.65881, 20.2011074 ], [ 104.6582533, 20.2013842 ], [ 104.6566266, 20.2022898 ], [ 104.6550912, 20.2033427 ], [ 104.6536603, 20.2045339 ], [ 104.6529161, 20.2052145 ], [ 104.6515808, 20.2065571 ], [ 104.6503785, 20.20802 ], [ 104.6493199, 20.20959 ], [ 104.6484146, 20.2112532 ], [ 104.6476706, 20.2129944 ], [ 104.6473572, 20.213976 ], [ 104.6471524, 20.2139931 ], [ 104.6454599, 20.214282 ], [ 104.644394, 20.2145114 ], [ 104.6432557, 20.2138285 ], [ 104.6419189, 20.2131569 ], [ 104.6399318, 20.2122501 ], [ 104.6382728, 20.211581 ], [ 104.6365607, 20.2110628 ], [ 104.6348091, 20.2106996 ], [ 104.6335426, 20.2104956 ], [ 104.6312144, 20.2102593 ], [ 104.6288745, 20.2102965 ], [ 104.6278475, 20.2103731 ], [ 104.6258408, 20.2106253 ], [ 104.6238698, 20.2110789 ], [ 104.6219547, 20.2117293 ], [ 104.6201151, 20.2125697 ], [ 104.6187351, 20.2132866 ], [ 104.6168572, 20.2143962 ], [ 104.6151113, 20.2157037 ], [ 104.6139315, 20.2166921 ], [ 104.6133249, 20.2172005 ], [ 104.6116032, 20.2188262 ], [ 104.6101249, 20.2203977 ], [ 104.6091859, 20.2211512 ], [ 104.6086267, 20.2216168 ], [ 104.6078246, 20.2223098 ], [ 104.6070534, 20.2228146 ], [ 104.6024662, 20.2258173 ], [ 104.6002427, 20.2275057 ], [ 104.5990523, 20.2285483 ], [ 104.5976164, 20.2299387 ], [ 104.5963265, 20.2314654 ], [ 104.5955268, 20.232514 ], [ 104.5943286, 20.2342717 ], [ 104.5933238, 20.2361467 ], [ 104.5925239, 20.2381178 ], [ 104.5919379, 20.2401627 ], [ 104.5916738, 20.2413119 ], [ 104.5912902, 20.2435633 ], [ 104.5912093, 20.2450469 ], [ 104.5905953, 20.2459451 ], [ 104.5896593, 20.2476488 ], [ 104.5888931, 20.2494355 ], [ 104.5887394, 20.2498482 ], [ 104.5880309, 20.2521739 ], [ 104.5876099, 20.2545684 ], [ 104.5875523, 20.2550749 ], [ 104.5874246, 20.2572147 ], [ 104.5875266, 20.2593558 ], [ 104.5878571, 20.2614737 ], [ 104.5884125, 20.2635441 ], [ 104.5891862, 20.2655431 ], [ 104.5895625, 20.2663792 ], [ 104.5896678, 20.2665798 ], [ 104.5894987, 20.2670968 ], [ 104.5890595, 20.2691434 ], [ 104.5888366, 20.2712247 ], [ 104.5888325, 20.2733179 ], [ 104.5889987, 20.2766135 ], [ 104.5890464, 20.2773141 ], [ 104.5892159, 20.2792917 ], [ 104.5893952, 20.2807514 ], [ 104.5897389, 20.2828941 ], [ 104.5901375, 20.2847877 ], [ 104.5907172, 20.2866339 ], [ 104.5910189, 20.2874537 ], [ 104.5919209, 20.289533 ], [ 104.5930524, 20.2914968 ], [ 104.5932714, 20.2918315 ], [ 104.5944222, 20.2934152 ], [ 104.5946317, 20.2936511 ], [ 104.5946403, 20.2938094 ], [ 104.5950168, 20.2960395 ], [ 104.5954205, 20.2974414 ], [ 104.5952575, 20.2989367 ], [ 104.5951291, 20.3011613 ], [ 104.5942975, 20.3055376 ], [ 104.5941207, 20.3066325 ], [ 104.5937837, 20.3091641 ], [ 104.5936088, 20.3118164 ], [ 104.5936097, 20.3131771 ], [ 104.5937314, 20.3153667 ], [ 104.5940921, 20.3175299 ], [ 104.5946874, 20.3196405 ], [ 104.5960364, 20.3235818 ], [ 104.5965507, 20.3248364 ], [ 104.5965329, 20.3249282 ], [ 104.5963672, 20.3260326 ], [ 104.596187, 20.3277176 ], [ 104.59615, 20.3294118 ], [ 104.5961766, 20.3307036 ], [ 104.5962742, 20.3323073 ], [ 104.5965002, 20.3338979 ], [ 104.5967438, 20.3352272 ], [ 104.5970178, 20.3373113 ], [ 104.5965667, 20.338011 ], [ 104.5956334, 20.3398502 ], [ 104.5952265, 20.3407664 ], [ 104.5944674, 20.3427547 ], [ 104.5939239, 20.3448123 ], [ 104.5936021, 20.346916 ], [ 104.5934837, 20.3481133 ], [ 104.5934637, 20.3483268 ], [ 104.593342, 20.3497086 ], [ 104.5932649, 20.351483 ], [ 104.5933455, 20.3532572 ], [ 104.593489, 20.3548506 ], [ 104.593505, 20.3550205 ], [ 104.5937627, 20.3576318 ], [ 104.5938006, 20.359359 ], [ 104.5939266, 20.3612035 ], [ 104.594139, 20.3630516 ], [ 104.5944498, 20.3649477 ], [ 104.5949411, 20.3668052 ], [ 104.5956084, 20.3686069 ], [ 104.5959842, 20.369489 ], [ 104.5968745, 20.3713155 ], [ 104.5979456, 20.3730422 ], [ 104.5984463, 20.3737647 ], [ 104.5999331, 20.3756561 ], [ 104.6016362, 20.3773553 ], [ 104.6057765, 20.3810164 ], [ 104.6074995, 20.3823789 ], [ 104.6083687, 20.3829918 ], [ 104.6101445, 20.3841094 ], [ 104.6120277, 20.3850347 ], [ 104.6223143, 20.3894354 ], [ 104.6224664, 20.3894997 ], [ 104.6269822, 20.3913877 ], [ 104.6280136, 20.3921333 ], [ 104.6325095, 20.3955884 ], [ 104.633348, 20.3961989 ], [ 104.6357871, 20.3978797 ], [ 104.6377256, 20.3990592 ], [ 104.6397852, 20.4000115 ], [ 104.6499038, 20.4040101 ], [ 104.6580004, 20.4079327 ], [ 104.6592751, 20.4089544 ], [ 104.6612024, 20.4104989 ], [ 104.6632165, 20.4134505 ], [ 104.664163, 20.4147257 ], [ 104.6657271, 20.4166669 ], [ 104.6669937, 20.4180939 ], [ 104.6683906, 20.4193936 ], [ 104.6699049, 20.4205543 ], [ 104.6712624, 20.4214027 ], [ 104.6706458, 20.4221993 ], [ 104.6696399, 20.4237871 ], [ 104.6687875, 20.4254624 ], [ 104.6680449, 20.4271089 ], [ 104.6675469, 20.4280853 ], [ 104.666051, 20.4289047 ], [ 104.6644396, 20.4298977 ], [ 104.6643856, 20.4299309 ], [ 104.6629283, 20.4309181 ], [ 104.6615911, 20.4319125 ], [ 104.660664, 20.4326773 ], [ 104.6591064, 20.4331158 ], [ 104.6582801, 20.4333679 ], [ 104.657282, 20.433696 ], [ 104.6568095, 20.4338512 ], [ 104.6549958, 20.4345463 ], [ 104.653258, 20.435414 ], [ 104.6516126, 20.4364462 ], [ 104.6500751, 20.4376332 ], [ 104.64866, 20.4389637 ], [ 104.6473806, 20.4404252 ], [ 104.646249, 20.4420039 ], [ 104.6452759, 20.443685 ], [ 104.6449219, 20.4443714 ], [ 104.6442268, 20.4458676 ], [ 104.6436574, 20.447416 ], [ 104.6434788, 20.4479713 ], [ 104.643324, 20.4478968 ], [ 104.639983, 20.4462896 ], [ 104.6376051, 20.4453283 ], [ 104.6364569, 20.4449478 ], [ 104.6364611, 20.4449231 ], [ 104.6366811, 20.4431399 ], [ 104.6367401, 20.4413441 ], [ 104.6366378, 20.4395502 ], [ 104.6364626, 20.4383662 ], [ 104.6363441, 20.4356911 ], [ 104.6361184, 20.4334531 ], [ 104.6356427, 20.4312546 ], [ 104.6351825, 20.4295874 ], [ 104.6346343, 20.4278978 ], [ 104.6339384, 20.4262635 ], [ 104.6331001, 20.4246975 ], [ 104.6315868, 20.4221489 ], [ 104.6308882, 20.4205775 ], [ 104.6302344, 20.4192428 ], [ 104.6294834, 20.4179604 ], [ 104.6276746, 20.4151195 ], [ 104.6266097, 20.4136064 ], [ 104.6254096, 20.4121982 ], [ 104.6239215, 20.4106074 ], [ 104.6226497, 20.4093636 ], [ 104.6212724, 20.4082377 ], [ 104.6198004, 20.4072387 ], [ 104.617188, 20.4056305 ], [ 104.6154607, 20.4046812 ], [ 104.613079, 20.4035212 ], [ 104.6087253, 20.4010907 ], [ 104.606821, 20.4001564 ], [ 104.6050253, 20.3993907 ], [ 104.603477, 20.398805 ], [ 104.6020187, 20.3983213 ], [ 104.5996757, 20.3976989 ], [ 104.5967037, 20.3970996 ], [ 104.5955004, 20.396895 ], [ 104.5904523, 20.3961942 ], [ 104.5895017, 20.3960853 ], [ 104.5845715, 20.3956399 ], [ 104.5820584, 20.3955715 ], [ 104.5775575, 20.3957322 ], [ 104.5753519, 20.3959337 ], [ 104.5716756, 20.3964761 ], [ 104.5698048, 20.396844 ], [ 104.5679951, 20.3973831 ], [ 104.5673961, 20.3973455 ], [ 104.5671277, 20.3973305 ], [ 104.5671172, 20.39733 ], [ 104.5632128, 20.3960342 ], [ 104.5623836, 20.39538 ], [ 104.5606412, 20.3941501 ], [ 104.5592872, 20.3932988 ], [ 104.5576307, 20.3923642 ], [ 104.555893, 20.3915911 ], [ 104.5540897, 20.3909866 ], [ 104.5521925, 20.3904495 ], [ 104.5504572, 20.3900408 ], [ 104.5486924, 20.3897883 ], [ 104.5464473, 20.3895686 ], [ 104.5448128, 20.389476 ], [ 104.5432656, 20.3894518 ], [ 104.5429699, 20.3887735 ], [ 104.5421822, 20.3873117 ], [ 104.5399987, 20.3836338 ], [ 104.5387875, 20.3818256 ], [ 104.5372999, 20.3798467 ], [ 104.5370688, 20.3795393 ], [ 104.5363501, 20.3786385 ], [ 104.5357954, 20.3779829 ], [ 104.5338816, 20.376013 ], [ 104.53175, 20.374101 ], [ 104.5303925, 20.3729869 ], [ 104.5289424, 20.3719961 ], [ 104.5274111, 20.3711364 ], [ 104.5258102, 20.3704144 ], [ 104.5243786, 20.3698429 ], [ 104.5223445, 20.3689944 ], [ 104.5217114, 20.368743 ], [ 104.519679, 20.3679754 ], [ 104.5186895, 20.367631 ], [ 104.5183227, 20.367514 ], [ 104.5173558, 20.3672055 ], [ 104.5156543, 20.3667442 ], [ 104.5139188, 20.3664346 ], [ 104.5121628, 20.3662789 ], [ 104.5102435, 20.3661938 ], [ 104.5099015, 20.3661816 ], [ 104.507764, 20.3661234 ], [ 104.5059127, 20.3658547 ], [ 104.5053013, 20.3657419 ], [ 104.5052381, 20.3656711 ], [ 104.5038581, 20.3642695 ], [ 104.502347, 20.3630101 ], [ 104.5007195, 20.3619053 ], [ 104.497649, 20.3600346 ], [ 104.4961827, 20.3592235 ], [ 104.4946536, 20.3585379 ], [ 104.4930725, 20.3579828 ], [ 104.4911745, 20.3574044 ], [ 104.489944, 20.3563609 ], [ 104.487926, 20.3548011 ], [ 104.4877597, 20.3546725 ], [ 104.4859279, 20.3532566 ], [ 104.4851488, 20.3526545 ], [ 104.4836982, 20.3516327 ], [ 104.4821627, 20.3507435 ], [ 104.4805544, 20.3499939 ], [ 104.4780993, 20.3489796 ], [ 104.4764984, 20.3483967 ], [ 104.4748537, 20.3479522 ], [ 104.4731771, 20.3476493 ], [ 104.4706434, 20.3473022 ], [ 104.4688493, 20.3471383 ], [ 104.4670478, 20.3471365 ], [ 104.4622834, 20.3473466 ], [ 104.4605098, 20.3475042 ], [ 104.4587572, 20.3478189 ], [ 104.4570395, 20.3482882 ], [ 104.4553704, 20.3489084 ], [ 104.4511935, 20.3506759 ], [ 104.4487281, 20.3519266 ], [ 104.444837, 20.3542519 ], [ 104.4433697, 20.3552187 ], [ 104.4419929, 20.3563106 ], [ 104.4409258, 20.3573215 ], [ 104.4404122, 20.3572358 ], [ 104.4387536, 20.3570995 ], [ 104.4368486, 20.3570225 ], [ 104.4344425, 20.3570702 ], [ 104.4320594, 20.3574065 ], [ 104.4307805, 20.3576663 ], [ 104.4284238, 20.3580969 ], [ 104.4262135, 20.3586383 ], [ 104.4251482, 20.358284 ], [ 104.4232303, 20.3578497 ], [ 104.421279, 20.3576058 ], [ 104.420498, 20.357547 ], [ 104.4185022, 20.3574967 ], [ 104.4165113, 20.3576456 ], [ 104.4145452, 20.3579922 ], [ 104.4126234, 20.3585332 ], [ 104.4107652, 20.359263 ], [ 104.410047, 20.3595873 ], [ 104.4092877, 20.3599302 ], [ 104.407137, 20.3610633 ], [ 104.4051397, 20.362449 ], [ 104.4038574, 20.3634594 ], [ 104.4033052, 20.3638944 ], [ 104.4027326, 20.364363 ], [ 104.3994766, 20.3671295 ], [ 104.3975934, 20.3687296 ], [ 104.3964197, 20.3698102 ], [ 104.395336, 20.370981 ], [ 104.3932378, 20.3734373 ], [ 104.392796, 20.373973 ], [ 104.392665, 20.3741376 ], [ 104.391613, 20.3754603 ], [ 104.3900402, 20.3774377 ], [ 104.3889171, 20.378998 ], [ 104.3879491, 20.380659 ], [ 104.3867836, 20.3828999 ], [ 104.3859734, 20.3846614 ], [ 104.3853375, 20.3864932 ], [ 104.3847377, 20.3885357 ], [ 104.3843124, 20.3902657 ], [ 104.3840427, 20.3920268 ], [ 104.3839308, 20.3938048 ], [ 104.3839097, 20.3949574 ], [ 104.3839448, 20.3959476 ], [ 104.3837342, 20.3977728 ], [ 104.3836535, 20.3980956 ], [ 104.3832303, 20.4003182 ], [ 104.3830608, 20.4025743 ], [ 104.3830345, 20.4040035 ], [ 104.3831693, 20.4067183 ], [ 104.3835035, 20.4095469 ], [ 104.3841101, 20.4148473 ], [ 104.3843428, 20.4163629 ], [ 104.3844403, 20.4168681 ], [ 104.3847446, 20.4184449 ], [ 104.3848026, 20.4186888 ], [ 104.3837565, 20.4193617 ], [ 104.3822134, 20.4205844 ], [ 104.3809213, 20.4217161 ], [ 104.3797886, 20.4228183 ], [ 104.37933, 20.4227375 ], [ 104.3772317, 20.4225921 ], [ 104.3766451, 20.4225824 ], [ 104.3747272, 20.4226428 ], [ 104.372824, 20.4228866 ], [ 104.3709528, 20.4233118 ], [ 104.369131, 20.4239142 ], [ 104.3682691, 20.4242459 ], [ 104.3666468, 20.4249542 ], [ 104.3650935, 20.4258032 ], [ 104.3636213, 20.4267862 ], [ 104.3622418, 20.4278955 ], [ 104.3609658, 20.4291224 ], [ 104.3603175, 20.4298035 ], [ 104.3590941, 20.4312155 ], [ 104.3580076, 20.4327354 ], [ 104.3570678, 20.4343502 ], [ 104.3562828, 20.4360455 ], [ 104.3556594, 20.4378068 ], [ 104.355203, 20.4396185 ], [ 104.3549177, 20.4414649 ], [ 104.3548586, 20.4420173 ], [ 104.3547451, 20.4441532 ], [ 104.3548604, 20.4462891 ], [ 104.3552031, 20.4484004 ], [ 104.3557693, 20.450463 ], [ 104.3560935, 20.4514367 ], [ 104.3567423, 20.4531034 ], [ 104.3561929, 20.4538629 ], [ 104.3552973, 20.4553607 ], [ 104.3545356, 20.4569308 ], [ 104.3539138, 20.4585614 ], [ 104.3536548, 20.4593411 ], [ 104.3531833, 20.4609948 ], [ 104.3528557, 20.4626829 ], [ 104.3526743, 20.4643929 ], [ 104.3526049, 20.4654985 ], [ 104.3525705, 20.4671949 ], [ 104.3525971, 20.4683943 ], [ 104.3527905, 20.4707605 ], [ 104.3532629, 20.473087 ], [ 104.3535829, 20.4742913 ], [ 104.354236, 20.4763105 ], [ 104.3550993, 20.4782492 ], [ 104.3561632, 20.4800856 ], [ 104.3574158, 20.4817988 ], [ 104.3589222, 20.4836451 ], [ 104.3600424, 20.4849056 ], [ 104.3633055, 20.4882795 ], [ 104.36371, 20.488686 ], [ 104.3648629, 20.4898116 ], [ 104.3651759, 20.4900865 ], [ 104.3651995, 20.4907339 ], [ 104.3655199, 20.4929071 ], [ 104.3658787, 20.4946652 ], [ 104.3663519, 20.4965238 ], [ 104.3670008, 20.4983284 ], [ 104.3678197, 20.5000626 ], [ 104.3688008, 20.5017104 ], [ 104.3699353, 20.5032567 ], [ 104.3712127, 20.5046871 ], [ 104.3726212, 20.5059887 ], [ 104.3741479, 20.5071494 ], [ 104.3757787, 20.5081585 ], [ 104.3774987, 20.5090067 ], [ 104.3792921, 20.5096864 ], [ 104.3811423, 20.5101911 ], [ 104.3830323, 20.5105163 ], [ 104.3849448, 20.510659 ], [ 104.3868621, 20.5106178 ], [ 104.3887667, 20.5103932 ], [ 104.390641, 20.5099872 ], [ 104.3924679, 20.5094036 ], [ 104.3931146, 20.5091262 ], [ 104.393129, 20.5091303 ], [ 104.3966342, 20.5100177 ], [ 104.3990136, 20.5104688 ], [ 104.4006727, 20.5106803 ], [ 104.4028757, 20.5108382 ], [ 104.4046849, 20.5108677 ], [ 104.4061746, 20.5108365 ], [ 104.4079866, 20.5107309 ], [ 104.4083092, 20.5110933 ], [ 104.4096384, 20.5123374 ], [ 104.410409, 20.5129955 ], [ 104.4119009, 20.5141524 ], [ 104.4134953, 20.5151635 ], [ 104.4151779, 20.5160198 ], [ 104.4166204, 20.5165898 ], [ 104.4169947, 20.5173872 ], [ 104.4178323, 20.518841 ], [ 104.4186882, 20.5201921 ], [ 104.4198477, 20.5218338 ], [ 104.4211662, 20.5233509 ], [ 104.4226303, 20.5247279 ], [ 104.4242253, 20.5259511 ], [ 104.4250465, 20.5265177 ], [ 104.4266962, 20.5275414 ], [ 104.4284375, 20.5284004 ], [ 104.4302539, 20.5290865 ], [ 104.4321282, 20.5295933 ], [ 104.4328103, 20.5297426 ], [ 104.4347752, 20.5300711 ], [ 104.4367631, 20.5302025 ], [ 104.4378879, 20.5302207 ], [ 104.4399871, 20.5301443 ], [ 104.440465, 20.5300763 ], [ 104.4411626, 20.5303422 ], [ 104.4424808, 20.5307928 ], [ 104.4440862, 20.5312798 ], [ 104.4448574, 20.5314969 ], [ 104.450432, 20.5329469 ], [ 104.4505064, 20.5329661 ], [ 104.4541582, 20.533901 ], [ 104.4544944, 20.533984 ], [ 104.4567836, 20.534528 ], [ 104.4585204, 20.5348604 ], [ 104.4602798, 20.5350381 ], [ 104.4605282, 20.5350521 ], [ 104.4608486, 20.5354093 ], [ 104.462355, 20.5369184 ], [ 104.4632126, 20.5376114 ], [ 104.4637727, 20.5390535 ], [ 104.4647304, 20.5409149 ], [ 104.4656795, 20.5425439 ], [ 104.4666506, 20.544051 ], [ 104.4677527, 20.5454651 ], [ 104.4699088, 20.5479894 ], [ 104.4713288, 20.5494878 ], [ 104.4726416, 20.5506139 ], [ 104.4732588, 20.5518146 ], [ 104.4742752, 20.5534032 ], [ 104.4747047, 20.5540095 ], [ 104.4758184, 20.5554396 ], [ 104.4770571, 20.556763 ], [ 104.4784105, 20.5579689 ], [ 104.4795678, 20.5589095 ], [ 104.4815319, 20.5603177 ], [ 104.4846523, 20.5622808 ], [ 104.4861518, 20.5631361 ], [ 104.4877195, 20.5638589 ], [ 104.4893436, 20.5644439 ], [ 104.4909004, 20.5649298 ], [ 104.4931583, 20.5654927 ], [ 104.4954663, 20.5657895 ], [ 104.4971765, 20.5659089 ], [ 104.4998191, 20.5659184 ], [ 104.4999877, 20.5659078 ], [ 104.5014962, 20.5670152 ], [ 104.5024526, 20.5675869 ], [ 104.5025249, 20.5680068 ], [ 104.5028554, 20.5695567 ], [ 104.5033076, 20.5710756 ], [ 104.5055865, 20.5777509 ], [ 104.5062375, 20.5794115 ], [ 104.5070338, 20.5810075 ], [ 104.5078872, 20.5825425 ], [ 104.5091084, 20.584471 ], [ 104.5105414, 20.5862478 ], [ 104.5112613, 20.5870429 ], [ 104.5126362, 20.5884203 ], [ 104.5130357, 20.5887493 ], [ 104.5130925, 20.5892021 ], [ 104.5134023, 20.5910512 ], [ 104.5138877, 20.5932084 ], [ 104.5146082, 20.5952989 ], [ 104.5155552, 20.5972971 ], [ 104.5163134, 20.5986921 ], [ 104.5171189, 20.6000446 ], [ 104.5180284, 20.6013295 ], [ 104.5184589, 20.6018896 ], [ 104.5195586, 20.6032003 ], [ 104.5196599, 20.603311 ], [ 104.5197514, 20.60356 ], [ 104.5205968, 20.6055277 ], [ 104.5214472, 20.6072469 ], [ 104.5215483, 20.6074484 ], [ 104.5220685, 20.6084709 ], [ 104.522962, 20.6100464 ], [ 104.5239945, 20.6115345 ], [ 104.5251573, 20.6129232 ], [ 104.5264409, 20.614201 ], [ 104.5271634, 20.6148578 ], [ 104.5288506, 20.6162316 ], [ 104.530677, 20.617414 ], [ 104.5326633, 20.6185516 ], [ 104.5342545, 20.6193706 ], [ 104.5359126, 20.6200442 ], [ 104.5405327, 20.6216842 ], [ 104.5421738, 20.6221477 ], [ 104.5427782, 20.6227259 ], [ 104.5442214, 20.6238718 ], [ 104.545764, 20.6248799 ], [ 104.5473928, 20.6257418 ], [ 104.5486063, 20.626314 ], [ 104.5500401, 20.626923 ], [ 104.5515169, 20.6274186 ], [ 104.5535131, 20.628003 ], [ 104.5552717, 20.6284324 ], [ 104.557062, 20.6287011 ], [ 104.5586252, 20.6288638 ], [ 104.5604765, 20.6289701 ], [ 104.565443, 20.6290245 ], [ 104.567421, 20.6289482 ], [ 104.5693818, 20.6286768 ], [ 104.5707596, 20.628416 ], [ 104.5716277, 20.6288821 ], [ 104.5734352, 20.6296353 ], [ 104.5745051, 20.6300208 ], [ 104.5766141, 20.6306519 ], [ 104.5787796, 20.6310474 ], [ 104.5809755, 20.6312025 ], [ 104.5828837, 20.631232 ], [ 104.5839874, 20.6312186 ], [ 104.58482, 20.6311855 ], [ 104.5865384, 20.6310428 ], [ 104.5882382, 20.6307526 ], [ 104.5892001, 20.6305015 ], [ 104.5906154, 20.6305228 ], [ 104.5916313, 20.6304432 ], [ 104.5927158, 20.6316758 ], [ 104.5932895, 20.6321961 ], [ 104.5935492, 20.6326075 ], [ 104.5947016, 20.6341002 ], [ 104.5959895, 20.6354776 ], [ 104.5970002, 20.6364612 ], [ 104.5985816, 20.637846 ], [ 104.6002995, 20.6390572 ], [ 104.6013889, 20.6397425 ], [ 104.6026818, 20.6404899 ], [ 104.6040268, 20.6411388 ], [ 104.6057755, 20.6419033 ], [ 104.6065252, 20.6422131 ], [ 104.6083726, 20.642933 ], [ 104.6095226, 20.6432874 ], [ 104.6097729, 20.6455121 ], [ 104.6100578, 20.6473064 ], [ 104.6105044, 20.6490675 ], [ 104.611109, 20.6507808 ], [ 104.6118602, 20.6526364 ], [ 104.6120785, 20.6531547 ], [ 104.6128091, 20.6548229 ], [ 104.6124634, 20.6548654 ], [ 104.6115037, 20.6548507 ], [ 104.6113989, 20.6548417 ], [ 104.6098178, 20.6544055 ], [ 104.608095, 20.6540111 ], [ 104.6063442, 20.6537704 ], [ 104.6048534, 20.6536322 ], [ 104.6023747, 20.6535568 ], [ 104.6004154, 20.6536188 ], [ 104.5987113, 20.6537458 ], [ 104.5970242, 20.6540177 ], [ 104.5953537, 20.6543608 ], [ 104.5930861, 20.6549672 ], [ 104.5909051, 20.6558351 ], [ 104.590522, 20.6560142 ], [ 104.5904309, 20.6560136 ], [ 104.5883906, 20.6562088 ], [ 104.5879844, 20.6562688 ], [ 104.5872577, 20.6563763 ], [ 104.5852883, 20.6567695 ], [ 104.5833683, 20.6573582 ], [ 104.5815171, 20.6581365 ], [ 104.5797532, 20.6590966 ], [ 104.5780945, 20.6602287 ], [ 104.5772014, 20.6609064 ], [ 104.5754359, 20.6624154 ], [ 104.5738572, 20.6641189 ], [ 104.5729569, 20.6652113 ], [ 104.5724999, 20.6658193 ], [ 104.5717858, 20.6663371 ], [ 104.5704475, 20.6675016 ], [ 104.5692177, 20.66878 ], [ 104.568106, 20.6701624 ], [ 104.5673035, 20.6712563 ], [ 104.5661137, 20.6730782 ], [ 104.5651289, 20.6750186 ], [ 104.5643607, 20.6770545 ], [ 104.5639979, 20.6782014 ], [ 104.5634116, 20.6805347 ], [ 104.5631097, 20.6829215 ], [ 104.5630431, 20.6839346 ], [ 104.5630011, 20.6854554 ], [ 104.5630194, 20.6872074 ], [ 104.5631266, 20.689077 ], [ 104.5633992, 20.6916858 ], [ 104.5634094, 20.6917631 ], [ 104.5618569, 20.6928248 ], [ 104.5561029, 20.6967154 ], [ 104.5544225, 20.6979855 ], [ 104.552885, 20.6994253 ], [ 104.5524773, 20.6998495 ], [ 104.5501296, 20.7006913 ], [ 104.5496993, 20.7008512 ], [ 104.5492441, 20.7010263 ], [ 104.5464754, 20.7003994 ], [ 104.5447372, 20.7000901 ], [ 104.5440512, 20.6981706 ], [ 104.5431447, 20.696284 ], [ 104.542046, 20.6945025 ], [ 104.5407671, 20.6928455 ], [ 104.5388003, 20.6905558 ], [ 104.5376537, 20.6893292 ], [ 104.5364083, 20.6882031 ], [ 104.5347678, 20.6868404 ], [ 104.5332168, 20.6856744 ], [ 104.5315601, 20.6846642 ], [ 104.5298133, 20.6838193 ], [ 104.5279929, 20.6831476 ], [ 104.5270677, 20.6828564 ], [ 104.5250266, 20.6823304 ], [ 104.5229415, 20.6820222 ], [ 104.5211818, 20.6818562 ], [ 104.5196203, 20.6817703 ], [ 104.5189954, 20.6817604 ], [ 104.5186408, 20.6817548 ], [ 104.5166537, 20.6818222 ], [ 104.5146832, 20.6820866 ], [ 104.5127487, 20.6825453 ], [ 104.5108692, 20.6831938 ], [ 104.5090635, 20.6840257 ], [ 104.5073492, 20.6850328 ], [ 104.5057434, 20.6862051 ], [ 104.5052963, 20.6865669 ], [ 104.5038608, 20.6878476 ], [ 104.5025549, 20.6892603 ], [ 104.5013908, 20.6907919 ], [ 104.5009952, 20.6914318 ], [ 104.5005884, 20.6915849 ], [ 104.4993068, 20.6919024 ], [ 104.4963146, 20.6924093 ], [ 104.4946472, 20.6927655 ], [ 104.4930162, 20.6932624 ], [ 104.4914334, 20.6938964 ], [ 104.4909748, 20.6941032 ], [ 104.4898008, 20.6946326 ], [ 104.4892597, 20.6948767 ], [ 104.4889197, 20.6950339 ], [ 104.4859071, 20.6964612 ], [ 104.4843524, 20.6972834 ], [ 104.4828759, 20.6982389 ], [ 104.4814891, 20.6993205 ], [ 104.4806935, 20.6999993 ], [ 104.4791618, 20.7014526 ], [ 104.4777918, 20.7030594 ], [ 104.4765989, 20.7048015 ], [ 104.4757916, 20.7061254 ], [ 104.4749777, 20.7075958 ], [ 104.4745635, 20.7085196 ], [ 104.474419, 20.7086853 ], [ 104.4733493, 20.7100234 ], [ 104.472398, 20.7114481 ], [ 104.4715721, 20.712949 ], [ 104.4708353, 20.7144354 ], [ 104.4701644, 20.715942 ], [ 104.4696199, 20.7174988 ], [ 104.4687085, 20.7204955 ], [ 104.46794, 20.7220995 ], [ 104.4669038, 20.7247226 ], [ 104.4664624, 20.7261214 ], [ 104.4659459, 20.7281084 ], [ 104.4656358, 20.7301378 ], [ 104.4655354, 20.7321884 ], [ 104.4655407, 20.7343816 ], [ 104.4655004, 20.73662 ], [ 104.4655075, 20.7376198 ], [ 104.4656486, 20.7420241 ], [ 104.4656692, 20.7422842 ], [ 104.4652537, 20.7429218 ], [ 104.4641284, 20.7448827 ], [ 104.4632317, 20.746958 ], [ 104.4624591, 20.749066 ], [ 104.461821, 20.7511532 ], [ 104.4605794, 20.7561806 ], [ 104.4605362, 20.7564011 ], [ 104.459729, 20.7568239 ], [ 104.4579554, 20.7580093 ], [ 104.4571113, 20.7586411 ], [ 104.4555914, 20.7599004 ], [ 104.4543397, 20.7611653 ], [ 104.4539276, 20.7612168 ], [ 104.4509304, 20.7617218 ], [ 104.449004, 20.762145 ], [ 104.4462761, 20.762887 ], [ 104.4458017, 20.7630161 ], [ 104.4438676, 20.7636498 ], [ 104.442008, 20.7644767 ], [ 104.440242, 20.7654884 ], [ 104.4390524, 20.7662528 ], [ 104.4376182, 20.767266 ], [ 104.4362785, 20.768401 ], [ 104.4350434, 20.7696492 ], [ 104.4343436, 20.7704215 ], [ 104.4332954, 20.7716781 ], [ 104.4323534, 20.7730161 ], [ 104.4315239, 20.7744267 ], [ 104.4308647, 20.7756606 ], [ 104.4305518, 20.7763372 ], [ 104.4288991, 20.7759211 ], [ 104.427386, 20.7756201 ], [ 104.4256059, 20.7753486 ], [ 104.4238086, 20.7752383 ], [ 104.4227802, 20.7752216 ], [ 104.4205102, 20.7753138 ], [ 104.4182653, 20.7756629 ], [ 104.4160744, 20.7762643 ], [ 104.4134619, 20.7771438 ], [ 104.4132803, 20.7772059 ], [ 104.4122791, 20.7775537 ], [ 104.4115078, 20.7778215 ], [ 104.4096599, 20.7785683 ], [ 104.4078954, 20.7794953 ], [ 104.4073258, 20.7798318 ], [ 104.4057275, 20.7808823 ], [ 104.4042367, 20.7820807 ], [ 104.4028673, 20.783416 ], [ 104.4028317, 20.7834542 ], [ 104.402312, 20.7840123 ], [ 104.4019385, 20.7844556 ], [ 104.4017579, 20.7845354 ], [ 104.3999396, 20.7855785 ], [ 104.3982404, 20.7868063 ], [ 104.396679, 20.7882052 ], [ 104.395631, 20.7892482 ], [ 104.3943222, 20.7906839 ], [ 104.3931588, 20.7922398 ], [ 104.391939, 20.7940482 ], [ 104.3912222, 20.7949239 ], [ 104.3901616, 20.7963435 ], [ 104.3893975, 20.7975815 ], [ 104.3876732, 20.7984625 ], [ 104.3858956, 20.7996234 ], [ 104.3842511, 20.8009662 ], [ 104.384001, 20.8011936 ], [ 104.3830594, 20.8020492 ], [ 104.3824808, 20.8026419 ], [ 104.3823557, 20.8025947 ], [ 104.3804386, 20.8020819 ], [ 104.3784801, 20.8017616 ], [ 104.3764995, 20.8016369 ], [ 104.3745163, 20.8017092 ], [ 104.37255, 20.8019777 ], [ 104.3719846, 20.8020837 ], [ 104.3698538, 20.8026056 ], [ 104.367793, 20.8033577 ], [ 104.3658269, 20.804331 ], [ 104.3641211, 20.8052955 ], [ 104.3624519, 20.8061709 ], [ 104.3618609, 20.8063911 ], [ 104.3616777, 20.8064604 ], [ 104.3606415, 20.8068582 ], [ 104.3588551, 20.8076461 ], [ 104.3571541, 20.8086044 ], [ 104.3555546, 20.809724 ], [ 104.3540718, 20.8109942 ], [ 104.35272, 20.812403 ], [ 104.351969, 20.8132663 ], [ 104.3509283, 20.8145685 ], [ 104.3499996, 20.8159529 ], [ 104.3491894, 20.8174098 ], [ 104.348477, 20.8188269 ], [ 104.3477676, 20.8204047 ], [ 104.3476236, 20.8208169 ], [ 104.3460659, 20.8228614 ], [ 104.3443803, 20.8239218 ], [ 104.3430404, 20.8248427 ], [ 104.3407527, 20.8265561 ], [ 104.3405994, 20.8266169 ], [ 104.3398252, 20.826924 ], [ 104.338473, 20.8275191 ], [ 104.3371685, 20.8282125 ], [ 104.3352365, 20.8293327 ], [ 104.3333941, 20.8305412 ], [ 104.3316959, 20.831945 ], [ 104.3301624, 20.8335271 ], [ 104.3297579, 20.8340487 ], [ 104.3286592, 20.8346138 ], [ 104.326906, 20.8357622 ], [ 104.3257649, 20.8366939 ], [ 104.3245446, 20.8368611 ], [ 104.3225911, 20.8373322 ], [ 104.3218519, 20.8375503 ], [ 104.32019, 20.8381212 ], [ 104.3185846, 20.8388357 ], [ 104.3170482, 20.8396883 ], [ 104.3155925, 20.8406725 ], [ 104.3144992, 20.8414839 ], [ 104.313034, 20.8426829 ], [ 104.3116887, 20.8440151 ], [ 104.3099376, 20.8459216 ], [ 104.3088058, 20.8472682 ], [ 104.3077967, 20.848709 ], [ 104.3069181, 20.8502329 ], [ 104.3065622, 20.8509182 ], [ 104.3057833, 20.8526055 ], [ 104.3051643, 20.8543578 ], [ 104.3047106, 20.85616 ], [ 104.3044262, 20.8579966 ], [ 104.3043668, 20.8585487 ], [ 104.304252, 20.8606611 ], [ 104.3043611, 20.8627739 ], [ 104.3046927, 20.8648634 ], [ 104.3052431, 20.8669061 ], [ 104.3060063, 20.8688792 ], [ 104.3069736, 20.8707607 ], [ 104.3073534, 20.8714122 ], [ 104.3089018, 20.8736915 ], [ 104.3102538, 20.8754132 ], [ 104.3091231, 20.8758585 ], [ 104.3085299, 20.8761252 ], [ 104.306808, 20.8770017 ], [ 104.3051788, 20.8780402 ], [ 104.3036573, 20.8792312 ], [ 104.3022578, 20.8805633 ], [ 104.3009935, 20.8820243 ], [ 104.299876, 20.8836005 ], [ 104.2989158, 20.8852772 ], [ 104.2987874, 20.885562 ], [ 104.2977002, 20.8864412 ], [ 104.2963681, 20.8877411 ], [ 104.2954032, 20.888876 ], [ 104.2948574, 20.8891213 ], [ 104.294423, 20.8893495 ], [ 104.2943564, 20.8893562 ], [ 104.2933702, 20.8894553 ], [ 104.2914053, 20.8897521 ], [ 104.2894794, 20.8902425 ], [ 104.2883453, 20.8905921 ], [ 104.2864403, 20.8912869 ], [ 104.2846153, 20.8921711 ], [ 104.2828893, 20.8932355 ], [ 104.28128, 20.8944693 ], [ 104.2804829, 20.8951472 ], [ 104.2790305, 20.8965127 ], [ 104.2783315, 20.8973154 ], [ 104.2775186, 20.8961802 ], [ 104.2770401, 20.895573 ], [ 104.2758855, 20.894234 ], [ 104.2754039, 20.8937663 ], [ 104.275213, 20.8932932 ], [ 104.2743866, 20.8915043 ], [ 104.2733882, 20.8898054 ], [ 104.2722274, 20.888213 ], [ 104.2709156, 20.8867426 ], [ 104.2697618, 20.885571 ], [ 104.2681785, 20.884127 ], [ 104.2664499, 20.8828606 ], [ 104.2645956, 20.8817864 ], [ 104.2626371, 20.8809168 ], [ 104.2620045, 20.8806756 ], [ 104.2602587, 20.8801003 ], [ 104.2584674, 20.8796878 ], [ 104.2566458, 20.8794415 ], [ 104.2548093, 20.8793634 ], [ 104.2529734, 20.8794543 ], [ 104.252473, 20.8795022 ], [ 104.2523701, 20.879512 ], [ 104.2505177, 20.8797763 ], [ 104.2486981, 20.8802125 ], [ 104.2469272, 20.8808169 ], [ 104.2452206, 20.8815841 ], [ 104.2444072, 20.8820456 ], [ 104.2430005, 20.882203 ], [ 104.2412122, 20.8825707 ], [ 104.2394649, 20.8830998 ], [ 104.2377732, 20.8837861 ], [ 104.236151, 20.8846238 ], [ 104.234612, 20.8856059 ], [ 104.2341648, 20.8859209 ], [ 104.2326426, 20.887107 ], [ 104.2312418, 20.8884343 ], [ 104.2299754, 20.8898904 ], [ 104.2288552, 20.8914618 ], [ 104.2281481, 20.8926888 ], [ 104.2271463, 20.8934399 ], [ 104.225802, 20.8945231 ], [ 104.224484, 20.8956841 ], [ 104.2232731, 20.8969562 ], [ 104.2217693, 20.8986817 ], [ 104.2203389, 20.9005309 ], [ 104.219134, 20.9025345 ], [ 104.2179843, 20.9047273 ], [ 104.2158218, 20.9087012 ], [ 104.2150349, 20.910316 ], [ 104.2143961, 20.9119948 ], [ 104.2139105, 20.9137243 ], [ 104.2136967, 20.9146423 ], [ 104.2133502, 20.9165403 ], [ 104.2131882, 20.9184629 ], [ 104.2131942, 20.9189479 ], [ 104.2131759, 20.9189476 ], [ 104.211377, 20.9190827 ], [ 104.2095975, 20.9193793 ], [ 104.207852, 20.9198351 ], [ 104.2068656, 20.9201408 ], [ 104.2051496, 20.9207597 ], [ 104.2034971, 20.9215324 ], [ 104.2019219, 20.9224524 ], [ 104.2004371, 20.9235122 ], [ 104.1996903, 20.9240984 ], [ 104.1979891, 20.9255972 ], [ 104.1971814, 20.9264904 ], [ 104.1959697, 20.9264448 ], [ 104.1945994, 20.9264403 ], [ 104.1938558, 20.9264633 ], [ 104.1926858, 20.9264995 ], [ 104.1907234, 20.9266572 ], [ 104.188786, 20.927007 ], [ 104.1868924, 20.9275457 ], [ 104.185856, 20.9278965 ], [ 104.1841087, 20.9285809 ], [ 104.1824332, 20.929426 ], [ 104.1808443, 20.9304244 ], [ 104.1793559, 20.9315674 ], [ 104.1786081, 20.9321996 ], [ 104.1771411, 20.9335719 ], [ 104.1758192, 20.9350845 ], [ 104.1757325, 20.9352066 ], [ 104.1749999, 20.9352369 ], [ 104.1724743, 20.9355028 ], [ 104.1720603, 20.9355732 ], [ 104.1712087, 20.9355827 ], [ 104.1708009, 20.9355915 ], [ 104.1660912, 20.9357402 ], [ 104.1648754, 20.9358157 ], [ 104.1570269, 20.9365436 ], [ 104.1537993, 20.9355527 ], [ 104.1533228, 20.9352168 ], [ 104.1515643, 20.9341094 ], [ 104.1497004, 20.9331905 ], [ 104.1444501, 20.930933 ], [ 104.1424419, 20.9301941 ], [ 104.1403664, 20.929674 ], [ 104.1388036, 20.9293702 ], [ 104.137025, 20.9291068 ], [ 104.13523, 20.9290042 ], [ 104.133433, 20.9290632 ], [ 104.1305359, 20.929289 ], [ 104.1286682, 20.9295234 ], [ 104.1266709, 20.9298702 ], [ 104.1262583, 20.9299419 ], [ 104.1243614, 20.9303671 ], [ 104.1225147, 20.9309744 ], [ 104.1207357, 20.9317582 ], [ 104.1190412, 20.932711 ], [ 104.1178994, 20.9334282 ], [ 104.1164116, 20.9344595 ], [ 104.1150231, 20.9356211 ], [ 104.1137454, 20.9369035 ], [ 104.1130437, 20.9376746 ], [ 104.1119223, 20.9390209 ], [ 104.1109231, 20.9404602 ], [ 104.1100536, 20.9419815 ], [ 104.1093207, 20.943573 ], [ 104.1085341, 20.9454989 ], [ 104.1077778, 20.9472649 ], [ 104.1076192, 20.947646 ], [ 104.1066394, 20.9500711 ], [ 104.1057644, 20.9527762 ], [ 104.1057135, 20.9529825 ], [ 104.1056069, 20.9528492 ], [ 104.104076, 20.9513117 ], [ 104.1034499, 20.9507477 ], [ 104.1018793, 20.9494708 ], [ 104.1001877, 20.9483592 ], [ 104.0983924, 20.9474242 ], [ 104.097032, 20.9468011 ], [ 104.0956271, 20.9462211 ], [ 104.0941823, 20.9457496 ], [ 104.0905598, 20.9447178 ], [ 104.0901877, 20.9443983 ], [ 104.0885361, 20.9432469 ], [ 104.086777, 20.9422674 ], [ 104.0849284, 20.9414698 ], [ 104.0845391, 20.9413246 ], [ 104.0827389, 20.9407485 ], [ 104.0808923, 20.9403449 ], [ 104.0790158, 20.9401174 ], [ 104.0771263, 20.9400681 ], [ 104.0758108, 20.9401583 ], [ 104.0756907, 20.9400576 ], [ 104.0748365, 20.9394779 ], [ 104.0748293, 20.9394151 ], [ 104.0746982, 20.9386293 ], [ 104.0743444, 20.936954 ], [ 104.0738486, 20.9353151 ], [ 104.0735241, 20.9343877 ], [ 104.072447, 20.931875 ], [ 104.0712916, 20.9296194 ], [ 104.0703807, 20.9280258 ], [ 104.0690505, 20.9259284 ], [ 104.0676922, 20.9240395 ], [ 104.0668064, 20.9229477 ], [ 104.0668356, 20.9225734 ], [ 104.0668582, 20.9203041 ], [ 104.0668879, 20.9188414 ], [ 104.066877, 20.9176602 ], [ 104.0668126, 20.916 ], [ 104.0666501, 20.9141163 ], [ 104.0663104, 20.9122563 ], [ 104.066085, 20.9112845 ], [ 104.0654941, 20.9092386 ], [ 104.064689, 20.9072671 ], [ 104.0636788, 20.9053924 ], [ 104.0624751, 20.9036358 ], [ 104.0614722, 20.9023275 ], [ 104.0602043, 20.9008315 ], [ 104.0587961, 20.899467 ], [ 104.0540283, 20.8952802 ], [ 104.0530145, 20.8944472 ], [ 104.051663, 20.8934091 ], [ 104.0500788, 20.8923095 ], [ 104.0483959, 20.8913675 ], [ 104.0466302, 20.890592 ], [ 104.044798, 20.8899902 ], [ 104.0442618, 20.8898423 ], [ 104.0429058, 20.8895446 ], [ 104.0428326, 20.8894731 ], [ 104.0413388, 20.8881528 ], [ 104.039721, 20.8869878 ], [ 104.0379953, 20.8859896 ], [ 104.0368796, 20.8854165 ], [ 104.0349769, 20.8845614 ], [ 104.0329954, 20.8839092 ], [ 104.0309568, 20.8834669 ], [ 104.0288833, 20.8832393 ], [ 104.0277083, 20.8831721 ], [ 104.0250522, 20.8831969 ], [ 104.0246382, 20.8832283 ], [ 104.024072, 20.8832713 ], [ 104.0220926, 20.8835212 ], [ 104.020148, 20.883967 ], [ 104.0187676, 20.8843569 ], [ 104.0168211, 20.8850165 ], [ 104.0149525, 20.8858723 ], [ 104.0145477, 20.8860835 ], [ 104.0109269, 20.8861661 ], [ 104.0097676, 20.8862262 ], [ 104.0068019, 20.8864666 ], [ 104.0057712, 20.8864479 ], [ 104.0037825, 20.8857758 ], [ 104.00141, 20.8852833 ], [ 103.9988687, 20.8849146 ], [ 103.9970141, 20.8847333 ], [ 103.9951506, 20.8847253 ], [ 103.9932945, 20.8848908 ], [ 103.9921345, 20.885049 ], [ 103.9888211, 20.885501 ], [ 103.9867065, 20.8859064 ], [ 103.9846478, 20.8865367 ], [ 103.9838082, 20.8868441 ], [ 103.9818317, 20.8876909 ], [ 103.9799574, 20.888745 ], [ 103.9782156, 20.8899882 ], [ 103.9709122, 20.8841271 ], [ 103.9687637, 20.8826233 ], [ 103.9671179, 20.8816254 ], [ 103.9651524, 20.8805786 ], [ 103.9630828, 20.8797569 ], [ 103.9619145, 20.8793668 ], [ 103.9598272, 20.8787933 ], [ 103.9576902, 20.8784488 ], [ 103.9555285, 20.8783373 ], [ 103.9552161, 20.8783381 ], [ 103.9510326, 20.8767416 ], [ 103.9493577, 20.8761857 ], [ 103.9476404, 20.8757797 ], [ 103.9473787, 20.8757299 ], [ 103.9460225, 20.8754723 ], [ 103.9436293, 20.8751659 ], [ 103.9412166, 20.8751498 ], [ 103.9405787, 20.8751841 ], [ 103.938573, 20.8753938 ], [ 103.9365985, 20.8758044 ], [ 103.9346754, 20.8764118 ], [ 103.9328233, 20.8772097 ], [ 103.931061, 20.8781901 ], [ 103.9294063, 20.879343 ], [ 103.9287088, 20.8798832 ], [ 103.9273642, 20.8810229 ], [ 103.9261251, 20.8822765 ], [ 103.9254208, 20.8831274 ], [ 103.9239994, 20.8827459 ], [ 103.922454, 20.8823961 ], [ 103.9208858, 20.8821697 ], [ 103.9187337, 20.8819456 ], [ 103.9168443, 20.8818388 ], [ 103.9149533, 20.8819111 ], [ 103.9131856, 20.8820627 ], [ 103.9112103, 20.8823319 ], [ 103.9092716, 20.8827963 ], [ 103.9039952, 20.8843421 ], [ 103.9021871, 20.8846419 ], [ 103.9018737, 20.8846964 ], [ 103.8986899, 20.8852764 ], [ 103.8967461, 20.8841138 ], [ 103.8950919, 20.8832271 ], [ 103.8944538, 20.8829227 ], [ 103.893923, 20.8819194 ], [ 103.8929014, 20.8803596 ], [ 103.8917389, 20.8789018 ], [ 103.8904458, 20.8775585 ], [ 103.8890331, 20.8763415 ], [ 103.8883098, 20.8757749 ], [ 103.8864954, 20.874509 ], [ 103.8856092, 20.873961 ], [ 103.8851335, 20.8729945 ], [ 103.8840619, 20.8712797 ], [ 103.8828226, 20.8696819 ], [ 103.8820572, 20.8687919 ], [ 103.8805848, 20.8672537 ], [ 103.8789572, 20.8658807 ], [ 103.8764194, 20.8639615 ], [ 103.8731526, 20.8613518 ], [ 103.871315, 20.8598098 ], [ 103.8698983, 20.8587249 ], [ 103.869669, 20.8585798 ], [ 103.8675025, 20.8556864 ], [ 103.8674589, 20.8555743 ], [ 103.8666848, 20.8538351 ], [ 103.8657488, 20.8521774 ], [ 103.8646595, 20.8506162 ], [ 103.8634266, 20.8491656 ], [ 103.8620615, 20.8478388 ], [ 103.8605764, 20.8466478 ], [ 103.8589847, 20.8456034 ], [ 103.8582587, 20.845175 ], [ 103.8563752, 20.8441945 ], [ 103.8543983, 20.8434192 ], [ 103.8523504, 20.8428578 ], [ 103.8502545, 20.8425168 ], [ 103.849379, 20.8424217 ], [ 103.8492232, 20.8424048 ], [ 103.8473023, 20.8422897 ], [ 103.8453793, 20.8423597 ], [ 103.8434719, 20.8426142 ], [ 103.8395852, 20.8433246 ], [ 103.8372765, 20.8438902 ], [ 103.8364411, 20.8441484 ], [ 103.8344655, 20.8447587 ], [ 103.831818, 20.8457878 ], [ 103.8291942, 20.8470288 ], [ 103.8282293, 20.8475587 ], [ 103.8275299, 20.8458777 ], [ 103.8266317, 20.8441931 ], [ 103.825577, 20.8426017 ], [ 103.8243754, 20.8411182 ], [ 103.8230378, 20.8397561 ], [ 103.8217945, 20.8387109 ], [ 103.8220425, 20.8375085 ], [ 103.8223693, 20.8353163 ], [ 103.8224514, 20.8331013 ], [ 103.822288, 20.8308909 ], [ 103.8221619, 20.8299206 ], [ 103.8217747, 20.8278234 ], [ 103.8211664, 20.8257794 ], [ 103.8203439, 20.8238118 ], [ 103.8193166, 20.8219429 ], [ 103.8183457, 20.8203803 ], [ 103.81733, 20.8188985 ], [ 103.8149033, 20.8156786 ], [ 103.813237, 20.8133522 ], [ 103.8121625, 20.8119823 ], [ 103.810973, 20.810711 ], [ 103.8096294, 20.8093949 ], [ 103.8079228, 20.8079031 ], [ 103.8045337, 20.8052637 ], [ 103.8025053, 20.8033108 ], [ 103.8019749, 20.8028183 ], [ 103.7991871, 20.8003222 ], [ 103.7970714, 20.7986895 ], [ 103.7971056, 20.7982101 ], [ 103.7970926, 20.797639 ], [ 103.7972861, 20.797398 ], [ 103.7990819, 20.7953596 ], [ 103.8001134, 20.7943345 ], [ 103.8014212, 20.7929022 ], [ 103.8025842, 20.79135 ], [ 103.8035912, 20.7896924 ], [ 103.804433, 20.7879451 ], [ 103.8047427, 20.7872135 ], [ 103.8055106, 20.7850659 ], [ 103.806029, 20.7828449 ], [ 103.8061409, 20.7822017 ], [ 103.8063856, 20.7802049 ], [ 103.8064285, 20.7781937 ], [ 103.8064004, 20.7772252 ], [ 103.8062828, 20.7755638 ], [ 103.8060274, 20.773918 ], [ 103.8055415, 20.7714657 ], [ 103.8053958, 20.7707916 ], [ 103.8047402, 20.7679928 ], [ 103.8045562, 20.7668054 ], [ 103.8045118, 20.7665318 ], [ 103.8043863, 20.7657901 ], [ 103.8059065, 20.7639763 ], [ 103.806411, 20.7632945 ], [ 103.8074603, 20.7617269 ], [ 103.8083572, 20.7600674 ], [ 103.8086648, 20.7594279 ], [ 103.8093917, 20.7577176 ], [ 103.8099566, 20.7559472 ], [ 103.8103548, 20.754132 ], [ 103.8105829, 20.7522878 ], [ 103.8106387, 20.7504303 ], [ 103.8105219, 20.7485756 ], [ 103.8102335, 20.7467398 ], [ 103.8101006, 20.7460919 ], [ 103.8096487, 20.7443097 ], [ 103.8090352, 20.7425766 ], [ 103.808265, 20.7409071 ], [ 103.8073448, 20.7393154 ], [ 103.8070612, 20.7388731 ], [ 103.8067735, 20.7384246 ], [ 103.8055208, 20.7366847 ], [ 103.8040891, 20.735089 ], [ 103.8024948, 20.7336557 ], [ 103.8003285, 20.7319087 ], [ 103.7984611, 20.7305721 ], [ 103.7964528, 20.7294584 ], [ 103.7946593, 20.7285945 ], [ 103.7933064, 20.7280033 ], [ 103.7919137, 20.7275136 ], [ 103.7906487, 20.7271206 ], [ 103.789063, 20.7267267 ], [ 103.7875969, 20.7255199 ], [ 103.7872353, 20.7252292 ], [ 103.7821788, 20.7212601 ], [ 103.7803521, 20.719984 ], [ 103.7783947, 20.7189191 ], [ 103.7772797, 20.7183907 ], [ 103.7753227, 20.7175871 ], [ 103.7732918, 20.7169947 ], [ 103.7712097, 20.7166201 ], [ 103.7690996, 20.7164676 ], [ 103.7681695, 20.7164497 ], [ 103.7663716, 20.716496 ], [ 103.764585, 20.7167036 ], [ 103.7632256, 20.7169872 ], [ 103.7625911, 20.7166624 ], [ 103.7601272, 20.7156032 ], [ 103.758329, 20.7149693 ], [ 103.7562627, 20.7143638 ], [ 103.7546083, 20.7140672 ], [ 103.7549529, 20.7121818 ], [ 103.7551112, 20.7100693 ], [ 103.7551273, 20.709332 ], [ 103.7550902, 20.7076012 ], [ 103.7549035, 20.70588 ], [ 103.7545686, 20.7041814 ], [ 103.7544787, 20.7038106 ], [ 103.7546059, 20.7036813 ], [ 103.75589, 20.7020755 ], [ 103.7564455, 20.7013025 ], [ 103.7575022, 20.6996701 ], [ 103.7583954, 20.6979428 ], [ 103.7590284, 20.6965574 ], [ 103.7623781, 20.6892258 ], [ 103.7625091, 20.6889389 ], [ 103.7633734, 20.6867008 ], [ 103.7636362, 20.6858761 ], [ 103.7641293, 20.6840269 ], [ 103.7644435, 20.6821391 ], [ 103.7645758, 20.6802299 ], [ 103.764525, 20.6783168 ], [ 103.7645192, 20.678239 ], [ 103.7644869, 20.6778073 ], [ 103.7642771, 20.6760489 ], [ 103.7639125, 20.674316 ], [ 103.7633961, 20.6726221 ], [ 103.7627319, 20.6709805 ], [ 103.761925, 20.6694042 ], [ 103.7615006, 20.6686584 ], [ 103.7605401, 20.6671344 ], [ 103.7594463, 20.6657031 ], [ 103.7582281, 20.6643759 ], [ 103.7568955, 20.6631638 ], [ 103.7556624, 20.6621397 ], [ 103.7544606, 20.6611372 ], [ 103.7486882, 20.6553468 ], [ 103.7472575, 20.6540442 ], [ 103.7457076, 20.6528859 ], [ 103.744053, 20.6518828 ], [ 103.7425531, 20.65107 ], [ 103.7406376, 20.6501599 ], [ 103.7386366, 20.6494577 ], [ 103.7365725, 20.6489714 ], [ 103.7319884, 20.648145 ], [ 103.731568, 20.6480738 ], [ 103.7265915, 20.6472858 ], [ 103.7247443, 20.6470807 ], [ 103.722886, 20.647048 ], [ 103.7209755, 20.6471032 ], [ 103.7188635, 20.6472766 ], [ 103.7167818, 20.6476724 ], [ 103.7146805, 20.6481886 ], [ 103.7145269, 20.6481316 ], [ 103.7123389, 20.6474436 ], [ 103.7109688, 20.6470657 ], [ 103.7060436, 20.6458939 ], [ 103.7024341, 20.6449801 ], [ 103.7002809, 20.6445591 ], [ 103.6964251, 20.6440228 ], [ 103.6962749, 20.6440025 ], [ 103.6929516, 20.6435659 ], [ 103.6893853, 20.6429551 ], [ 103.6876321, 20.6427341 ], [ 103.684651, 20.6424914 ], [ 103.6827011, 20.6424281 ], [ 103.6807542, 20.6425551 ], [ 103.678829, 20.6428712 ], [ 103.6776485, 20.6431247 ], [ 103.6757986, 20.6436156 ], [ 103.674004, 20.6442811 ], [ 103.6722812, 20.6451152 ], [ 103.6706461, 20.64611 ], [ 103.6696521, 20.646782 ], [ 103.6682398, 20.6478302 ], [ 103.6665819, 20.6491776 ], [ 103.6625763, 20.6521544 ], [ 103.6618526, 20.6526923 ], [ 103.6603447, 20.6539315 ], [ 103.6589648, 20.6553118 ], [ 103.6580614, 20.6563083 ], [ 103.6567761, 20.6578794 ], [ 103.6556567, 20.6595728 ], [ 103.6547146, 20.6613709 ], [ 103.6539597, 20.6632552 ], [ 103.6536457, 20.6641711 ], [ 103.6531347, 20.6659168 ], [ 103.6527844, 20.6677018 ], [ 103.6525977, 20.6695111 ], [ 103.6525823, 20.6708121 ], [ 103.6522112, 20.671957 ], [ 103.6515168, 20.6745712 ], [ 103.6511045, 20.6765033 ], [ 103.6510113, 20.6773362 ], [ 103.6508886, 20.67735 ], [ 103.6490844, 20.6777231 ], [ 103.6473222, 20.6782607 ], [ 103.6456169, 20.6789582 ], [ 103.643983, 20.6798096 ], [ 103.6424345, 20.6808078 ], [ 103.6405439, 20.6821536 ], [ 103.6401917, 20.6824223 ], [ 103.639565, 20.6826172 ], [ 103.63838, 20.6830549 ], [ 103.6366034, 20.6838104 ], [ 103.6349079, 20.6847338 ], [ 103.6333094, 20.6858162 ], [ 103.6318226, 20.6870478 ], [ 103.6304616, 20.688417 ], [ 103.6292389, 20.689911 ], [ 103.6280272, 20.6915467 ], [ 103.6268728, 20.6932885 ], [ 103.6259064, 20.6951412 ], [ 103.6243619, 20.6985221 ], [ 103.6236845, 20.7002022 ], [ 103.6229582, 20.7022692 ], [ 103.6228909, 20.7024608 ], [ 103.6209213, 20.706274 ], [ 103.6196132, 20.7068709 ], [ 103.6184084, 20.7069314 ], [ 103.6165686, 20.7071966 ], [ 103.6147613, 20.7076314 ], [ 103.6130022, 20.7082322 ], [ 103.6113065, 20.7089936 ], [ 103.6101671, 20.7095703 ], [ 103.6079596, 20.7108717 ], [ 103.6059453, 20.7122402 ], [ 103.6040124, 20.7123751 ], [ 103.6020286, 20.7127163 ], [ 103.6000892, 20.7132552 ], [ 103.5982138, 20.7139863 ], [ 103.5964214, 20.7149022 ], [ 103.5947301, 20.7159936 ], [ 103.593157, 20.7172495 ], [ 103.5917182, 20.7186572 ], [ 103.5914672, 20.7189288 ], [ 103.5901451, 20.7205167 ], [ 103.5889938, 20.7222325 ], [ 103.5880258, 20.724058 ], [ 103.5872512, 20.7259736 ], [ 103.5871683, 20.7262608 ], [ 103.5849047, 20.7262491 ], [ 103.5834111, 20.7262972 ], [ 103.5785864, 20.7266334 ], [ 103.5757795, 20.726829 ], [ 103.5752806, 20.72687 ], [ 103.5700014, 20.7273709 ], [ 103.5692648, 20.7274546 ], [ 103.5670369, 20.7277497 ], [ 103.5659831, 20.7269309 ], [ 103.5644171, 20.7258302 ], [ 103.562753, 20.7248842 ], [ 103.5610061, 20.7241016 ], [ 103.5591924, 20.7234897 ], [ 103.5573285, 20.7230539 ], [ 103.5554315, 20.7227983 ], [ 103.5535187, 20.7227252 ], [ 103.5516077, 20.7228354 ], [ 103.549716, 20.7231277 ], [ 103.5478609, 20.7235995 ], [ 103.5460594, 20.7242465 ], [ 103.544328, 20.7250627 ], [ 103.5426826, 20.7260407 ], [ 103.5411382, 20.7271716 ], [ 103.5401732, 20.7279518 ], [ 103.5381696, 20.7295717 ], [ 103.5375913, 20.7299363 ], [ 103.5367523, 20.7304953 ], [ 103.5338423, 20.7325419 ], [ 103.5328679, 20.7331792 ], [ 103.5320393, 20.7328741 ], [ 103.5300236, 20.7322503 ], [ 103.5279533, 20.7318425 ], [ 103.5226807, 20.7310901 ], [ 103.5206929, 20.730907 ], [ 103.5186968, 20.7309231 ], [ 103.5163426, 20.7310597 ], [ 103.5141131, 20.7313151 ], [ 103.5119263, 20.7318188 ], [ 103.5098097, 20.7325642 ], [ 103.5072731, 20.7336209 ], [ 103.5015004, 20.7355769 ], [ 103.4998491, 20.7362192 ], [ 103.4982612, 20.7370052 ], [ 103.496635, 20.7379019 ], [ 103.4956796, 20.7384288 ], [ 103.4938632, 20.7395615 ], [ 103.4921783, 20.7408818 ], [ 103.4906441, 20.7423746 ], [ 103.4892783, 20.7440228 ], [ 103.4876607, 20.7462025 ], [ 103.4867526, 20.7475352 ], [ 103.4859549, 20.7489366 ], [ 103.4835966, 20.7534983 ], [ 103.482771, 20.7553113 ], [ 103.4821299, 20.7571975 ], [ 103.4807443, 20.7620555 ], [ 103.4804108, 20.7633997 ], [ 103.4799429, 20.7656103 ], [ 103.4797459, 20.7658915 ], [ 103.4778834, 20.7663318 ], [ 103.4768627, 20.7666288 ], [ 103.4750503, 20.7672519 ], [ 103.4733058, 20.7680455 ], [ 103.4716453, 20.7690024 ], [ 103.470084, 20.7701139 ], [ 103.4686363, 20.7713698 ], [ 103.4673154, 20.7727584 ], [ 103.4661335, 20.7742671 ], [ 103.4651014, 20.775882 ], [ 103.4642287, 20.7775883 ], [ 103.4638725, 20.7783756 ], [ 103.4633293, 20.7797005 ], [ 103.4627521, 20.7812659 ], [ 103.4623508, 20.7816658 ], [ 103.461069, 20.7832317 ], [ 103.459952, 20.784919 ], [ 103.4590113, 20.7867107 ], [ 103.4582564, 20.7885882 ], [ 103.4577129, 20.7901663 ], [ 103.4572956, 20.791616 ], [ 103.4567824, 20.7904112 ], [ 103.455969, 20.7888836 ], [ 103.4549762, 20.787199 ], [ 103.4540266, 20.7857373 ], [ 103.4529533, 20.7843638 ], [ 103.4517645, 20.783089 ], [ 103.4498906, 20.7812474 ], [ 103.4485313, 20.7800283 ], [ 103.4470664, 20.7789384 ], [ 103.4455083, 20.7779865 ], [ 103.4445811, 20.7774767 ], [ 103.4441989, 20.7772665 ], [ 103.4424669, 20.77642 ], [ 103.4406614, 20.7757443 ], [ 103.4387992, 20.7752455 ], [ 103.4368977, 20.7749283 ], [ 103.4349744, 20.7747957 ], [ 103.4339427, 20.7747744 ], [ 103.4319001, 20.7748366 ], [ 103.4298746, 20.775107 ], [ 103.4278871, 20.7755826 ], [ 103.4271694, 20.7758342 ], [ 103.4263212, 20.775655 ], [ 103.4244116, 20.775338 ], [ 103.4224307, 20.7751099 ], [ 103.4207618, 20.775085 ], [ 103.4204734, 20.7747381 ], [ 103.4191411, 20.7732871 ], [ 103.4176724, 20.7719742 ], [ 103.4160817, 20.7708121 ], [ 103.4130324, 20.7688071 ], [ 103.4106359, 20.7674577 ], [ 103.4072822, 20.7658623 ], [ 103.4053264, 20.7650558 ], [ 103.4032962, 20.7644604 ], [ 103.4012146, 20.7640828 ], [ 103.3991046, 20.7639272 ], [ 103.3988601, 20.7639221 ], [ 103.3980764, 20.7639058 ], [ 103.3959554, 20.7639741 ], [ 103.3938536, 20.7642667 ], [ 103.3917946, 20.7647805 ], [ 103.3898016, 20.7655095 ], [ 103.3889916, 20.7659076 ], [ 103.3877679, 20.7657812 ], [ 103.3857811, 20.7657742 ], [ 103.3839254, 20.7658599 ], [ 103.3837089, 20.76587 ], [ 103.3817685, 20.7660552 ], [ 103.3798555, 20.7664284 ], [ 103.3767409, 20.7671953 ], [ 103.3752714, 20.7676173 ], [ 103.3740825, 20.7680085 ], [ 103.3721974, 20.7687363 ], [ 103.3703954, 20.7696505 ], [ 103.3686948, 20.7707419 ], [ 103.367113, 20.7719994 ], [ 103.3656662, 20.77341 ], [ 103.3649096, 20.7742262 ], [ 103.3635792, 20.7758199 ], [ 103.3624211, 20.777543 ], [ 103.3617448, 20.7788173 ], [ 103.3609374, 20.7796342 ], [ 103.3600418, 20.7806022 ], [ 103.3591236, 20.7816627 ], [ 103.3568408, 20.7842995 ], [ 103.3564915, 20.784703 ], [ 103.354726, 20.7842071 ], [ 103.3527349, 20.7838598 ], [ 103.350719, 20.7837151 ], [ 103.3494165, 20.7836877 ], [ 103.3492505, 20.7836842 ], [ 103.3473848, 20.7837314 ], [ 103.3455317, 20.7839524 ], [ 103.3437072, 20.7843452 ], [ 103.3419273, 20.7849062 ], [ 103.3401421, 20.785562 ], [ 103.3380598, 20.7864642 ], [ 103.336093, 20.7875964 ], [ 103.3342671, 20.7889442 ], [ 103.3325698, 20.7903526 ], [ 103.3293877, 20.7928174 ], [ 103.3290022, 20.7930507 ], [ 103.3280744, 20.7931222 ], [ 103.3270393, 20.7932389 ], [ 103.3252246, 20.7935285 ], [ 103.3234441, 20.7939834 ], [ 103.3217128, 20.7945998 ], [ 103.3200455, 20.7953726 ], [ 103.3182535, 20.7963054 ], [ 103.3163597, 20.7974277 ], [ 103.3146007, 20.7987515 ], [ 103.3131003, 20.8000157 ], [ 103.3114537, 20.8010984 ], [ 103.3100218, 20.8014152 ], [ 103.3083795, 20.8017528 ], [ 103.3083105, 20.8017346 ], [ 103.3067351, 20.8013506 ], [ 103.3058182, 20.801127 ], [ 103.3040582, 20.8007807 ], [ 103.3022742, 20.8005934 ], [ 103.3004807, 20.8005668 ], [ 103.2986919, 20.800701 ], [ 103.2969224, 20.8009949 ], [ 103.2951436, 20.801373 ], [ 103.2924548, 20.8021445 ], [ 103.28814, 20.8037167 ], [ 103.2859097, 20.8046867 ], [ 103.2838192, 20.8057515 ], [ 103.2819755, 20.8068179 ], [ 103.2802556, 20.8080744 ], [ 103.2786791, 20.8095066 ], [ 103.2774698, 20.8107289 ], [ 103.2774157, 20.8107895 ], [ 103.2755519, 20.8094847 ], [ 103.2750786, 20.8091633 ], [ 103.2733366, 20.8080166 ], [ 103.2717388, 20.8070682 ], [ 103.2700599, 20.8062721 ], [ 103.2683143, 20.8056353 ], [ 103.2664115, 20.8050397 ], [ 103.2645944, 20.8045634 ], [ 103.2627407, 20.8042596 ], [ 103.2608666, 20.8041311 ], [ 103.2593023, 20.8040975 ], [ 103.2567388, 20.8040425 ], [ 103.2547234, 20.8041009 ], [ 103.2527241, 20.8043619 ], [ 103.2507612, 20.804823 ], [ 103.2488547, 20.8054792 ], [ 103.2472164, 20.8061373 ], [ 103.245491, 20.8069275 ], [ 103.2438483, 20.8078776 ], [ 103.2423029, 20.8089791 ], [ 103.240869, 20.8102221 ], [ 103.2395593, 20.8115955 ], [ 103.2391103, 20.8121134 ], [ 103.2371706, 20.8130628 ], [ 103.2352969, 20.8141081 ], [ 103.2347455, 20.8144985 ], [ 103.2339682, 20.8145628 ], [ 103.2334613, 20.8146047 ], [ 103.2314439, 20.8148756 ], [ 103.2294645, 20.8153502 ], [ 103.2275435, 20.8160235 ], [ 103.225701, 20.8168885 ], [ 103.2239559, 20.8179364 ], [ 103.2227563, 20.8187425 ], [ 103.2211887, 20.819911 ], [ 103.2197428, 20.8212269 ], [ 103.2184322, 20.8226778 ], [ 103.2167598, 20.8247218 ], [ 103.2156304, 20.8262439 ], [ 103.2156076, 20.8262817 ], [ 103.2143842, 20.8269948 ], [ 103.2127818, 20.8281551 ], [ 103.2113018, 20.829468 ], [ 103.2099588, 20.8309207 ], [ 103.209503, 20.8314655 ], [ 103.2083432, 20.8329955 ], [ 103.2073353, 20.8346296 ], [ 103.2064889, 20.8363528 ], [ 103.2058115, 20.8381492 ], [ 103.2053095, 20.8400024 ], [ 103.2049875, 20.8418951 ], [ 103.2048485, 20.8438099 ], [ 103.2048112, 20.8453345 ], [ 103.2048053, 20.8458795 ], [ 103.2048204, 20.8512879 ], [ 103.2049144, 20.8531695 ], [ 103.205185, 20.8550338 ], [ 103.2060902, 20.8597094 ], [ 103.2061704, 20.8601374 ], [ 103.2064354, 20.8629721 ], [ 103.206691, 20.8647956 ], [ 103.206952, 20.8661879 ], [ 103.2074372, 20.8681968 ], [ 103.2078659, 20.8694073 ], [ 103.2074876, 20.869938 ], [ 103.206794, 20.8711851 ], [ 103.2044465, 20.8725242 ], [ 103.2027787, 20.8735883 ], [ 103.2012241, 20.8748119 ], [ 103.1997981, 20.8761832 ], [ 103.1985145, 20.8776886 ], [ 103.1973859, 20.8793135 ], [ 103.1969316, 20.880042 ], [ 103.1967825, 20.880281 ], [ 103.1953378, 20.8825976 ], [ 103.194443, 20.8842004 ], [ 103.1922592, 20.8836764 ], [ 103.1903069, 20.8833095 ], [ 103.1883279, 20.883138 ], [ 103.1863416, 20.8831637 ], [ 103.1843677, 20.8833863 ], [ 103.1824255, 20.8838036 ], [ 103.1805344, 20.8844115 ], [ 103.1767548, 20.8858372 ], [ 103.1750542, 20.8865703 ], [ 103.1734287, 20.8874576 ], [ 103.1718923, 20.8884914 ], [ 103.1704581, 20.8896629 ], [ 103.1692178, 20.8907755 ], [ 103.1678109, 20.8898298 ], [ 103.1659517, 20.8888462 ], [ 103.1639996, 20.8880633 ], [ 103.161976, 20.8874898 ], [ 103.1558589, 20.8860989 ], [ 103.1542134, 20.8857965 ], [ 103.1525485, 20.8856327 ], [ 103.1508757, 20.8856086 ], [ 103.1459909, 20.8857427 ], [ 103.1457808, 20.8857486 ], [ 103.1438102, 20.8859013 ], [ 103.1418642, 20.8862479 ], [ 103.1348702, 20.8878535 ], [ 103.134851, 20.8878581 ], [ 103.1344307, 20.8872043 ], [ 103.1332066, 20.8856592 ], [ 103.1318364, 20.8842421 ], [ 103.1303333, 20.8829667 ], [ 103.128238, 20.8813594 ], [ 103.1279748, 20.8811575 ], [ 103.1262378, 20.8799645 ], [ 103.1243849, 20.8789609 ], [ 103.1224367, 20.8781578 ], [ 103.1204149, 20.8775641 ], [ 103.1183418, 20.8771865 ], [ 103.1162404, 20.8770291 ], [ 103.1146366, 20.8769937 ], [ 103.1126706, 20.877047 ], [ 103.1107194, 20.8772932 ], [ 103.1088017, 20.8777298 ], [ 103.1069362, 20.8783527 ], [ 103.1051409, 20.8791557 ], [ 103.1034332, 20.8801313 ], [ 103.099628, 20.8825606 ], [ 103.0981503, 20.8836008 ], [ 103.0967725, 20.8847702 ], [ 103.0955059, 20.8860592 ], [ 103.0943608, 20.8874572 ], [ 103.0921467, 20.8904244 ], [ 103.0910884, 20.8919924 ], [ 103.0901829, 20.8936533 ], [ 103.0894384, 20.8953924 ], [ 103.0888615, 20.897194 ], [ 103.0884574, 20.8990421 ], [ 103.0882297, 20.9009201 ], [ 103.0881805, 20.9028112 ], [ 103.0883102, 20.9046985 ], [ 103.0886898, 20.9079587 ], [ 103.0884924, 20.9081879 ], [ 103.0868316, 20.9104132 ], [ 103.0857616, 20.9119999 ], [ 103.0848482, 20.9136817 ], [ 103.0840997, 20.915443 ], [ 103.083523, 20.9172678 ], [ 103.083517, 20.9172957 ], [ 103.0821487, 20.9180232 ], [ 103.0772603, 20.9209306 ], [ 103.0755212, 20.9220921 ], [ 103.0739129, 20.9234289 ], [ 103.0724531, 20.9249263 ], [ 103.0694235, 20.9283777 ], [ 103.068018, 20.9301762 ], [ 103.0668267, 20.9321232 ], [ 103.0658649, 20.9341933 ], [ 103.0632939, 20.9406709 ], [ 103.0626899, 20.9424261 ], [ 103.0622513, 20.9442298 ], [ 103.0619817, 20.9460663 ], [ 103.0618836, 20.9479199 ], [ 103.0619578, 20.9497747 ], [ 103.0627218, 20.9585972 ], [ 103.0627498, 20.961037 ], [ 103.0612396, 20.9625827 ], [ 103.0603809, 20.9635194 ], [ 103.0548675, 20.9699308 ], [ 103.0535363, 20.9716617 ], [ 103.0524017, 20.9735274 ], [ 103.0498741, 20.9782461 ], [ 103.049071, 20.9799295 ], [ 103.0484282, 20.9816805 ], [ 103.0479514, 20.9834837 ], [ 103.0479467, 20.9835117 ], [ 103.046088, 20.9851763 ], [ 103.0448741, 20.9863598 ], [ 103.0437648, 20.9876419 ], [ 103.0427681, 20.9890133 ], [ 103.0391512, 20.9944613 ], [ 103.0381916, 20.9960644 ], [ 103.0373859, 20.9977501 ], [ 103.0367409, 20.9995036 ], [ 103.0362624, 21.0013097 ], [ 103.0359545, 21.0031525 ], [ 103.0358199, 21.005016 ], [ 103.0357735, 21.006845 ], [ 103.0349057, 21.00895 ], [ 103.0318225, 21.0150669 ], [ 103.0253872, 21.0226047 ], [ 103.0243016, 21.0239961 ], [ 103.0233429, 21.0254779 ], [ 103.0225186, 21.0270384 ], [ 103.021835, 21.0286654 ], [ 103.0195593, 21.034831 ], [ 103.0174554, 21.0404115 ], [ 103.017094, 21.0405043 ], [ 103.0150448, 21.041278 ], [ 103.0108845, 21.043115 ], [ 103.0104139, 21.0428746 ], [ 103.0085755, 21.042154 ], [ 103.006675, 21.0416182 ], [ 103.0047309, 21.0412724 ], [ 103.0043523, 21.0412242 ], [ 103.0023286, 21.0409667 ], [ 103.0002225, 21.0408111 ], [ 102.9981119, 21.0408784 ], [ 102.9960201, 21.0411679 ], [ 102.9939704, 21.0416763 ], [ 102.9919858, 21.042398 ], [ 102.9900884, 21.043325 ], [ 102.9892638, 21.0437833 ], [ 102.9880655, 21.0442253 ], [ 102.9843108, 21.0445622 ], [ 102.983997, 21.0445905 ], [ 102.98205, 21.0448626 ], [ 102.9801391, 21.0453246 ], [ 102.9782829, 21.045972 ], [ 102.9764991, 21.0467985 ], [ 102.9747718, 21.0477045 ], [ 102.9746471, 21.0477699 ], [ 102.9722411, 21.0477153 ], [ 102.9703222, 21.0477638 ], [ 102.9684169, 21.0479961 ], [ 102.9665426, 21.0484099 ], [ 102.9647166, 21.0490015 ], [ 102.9629557, 21.0497654 ], [ 102.9605155, 21.0509663 ], [ 102.9586992, 21.0519807 ], [ 102.9569982, 21.0531783 ], [ 102.9554308, 21.0545461 ], [ 102.952136, 21.0577379 ], [ 102.9507387, 21.0592378 ], [ 102.9465957, 21.0641692 ], [ 102.9464568, 21.0643364 ], [ 102.9434163, 21.0680364 ], [ 102.9422863, 21.0695522 ], [ 102.9413045, 21.071168 ], [ 102.9404796, 21.0728693 ], [ 102.9398191, 21.0746409 ], [ 102.9393288, 21.0764669 ], [ 102.9390132, 21.0783311 ], [ 102.938875, 21.0802167 ], [ 102.9387645, 21.084486 ], [ 102.9388081, 21.0864204 ], [ 102.9390383, 21.0883414 ], [ 102.9394531, 21.0902313 ], [ 102.9400486, 21.0920722 ], [ 102.9408192, 21.093847 ], [ 102.9417577, 21.0955389 ], [ 102.9428552, 21.0971323 ], [ 102.9434793, 21.0978733 ], [ 102.9414703, 21.1019581 ], [ 102.940146, 21.103319 ], [ 102.9364275, 21.105444 ], [ 102.9328534, 21.106761 ], [ 102.9310606, 21.1075226 ], [ 102.9293504, 21.1084551 ], [ 102.9277391, 21.1095494 ], [ 102.9262418, 21.1107954 ], [ 102.9248728, 21.112181 ], [ 102.9226666, 21.1146432 ], [ 102.9214008, 21.1162077 ], [ 102.9202986, 21.1178914 ], [ 102.9193712, 21.1196773 ], [ 102.9186279, 21.1215474 ], [ 102.9180763, 21.1234828 ], [ 102.9177221, 21.1254637 ], [ 102.9175686, 21.1274703 ], [ 102.9175164, 21.1294792 ], [ 102.9175689, 21.1315358 ], [ 102.9178322, 21.1335761 ], [ 102.9183038, 21.1355785 ], [ 102.918798, 21.1370019 ], [ 102.9174216, 21.1370689 ], [ 102.9154258, 21.1373697 ], [ 102.9134705, 21.1378701 ], [ 102.9115755, 21.1385651 ], [ 102.9097603, 21.1394474 ], [ 102.9080432, 21.1405083 ], [ 102.9064418, 21.1417368 ], [ 102.9049724, 21.1431205 ], [ 102.9037649, 21.1443784 ], [ 102.9025089, 21.1446424 ], [ 102.9006619, 21.1451238 ], [ 102.8988692, 21.145779 ], [ 102.8971471, 21.1466022 ], [ 102.8955113, 21.1475857 ], [ 102.8922402, 21.1497716 ], [ 102.8906457, 21.1509558 ], [ 102.8891765, 21.1522922 ], [ 102.887847, 21.1537678 ], [ 102.8866705, 21.155368 ], [ 102.8856585, 21.157077 ], [ 102.884821, 21.158878 ], [ 102.8831032, 21.1631097 ], [ 102.8824994, 21.1648147 ], [ 102.882052, 21.1665673 ], [ 102.8817649, 21.1683531 ], [ 102.8816402, 21.1701576 ], [ 102.8816791, 21.171966 ], [ 102.8818812, 21.1737635 ], [ 102.8828006, 21.1795634 ], [ 102.8832168, 21.1815383 ], [ 102.8833758, 21.182037 ], [ 102.8831918, 21.1826195 ], [ 102.8827954, 21.1844655 ], [ 102.8825747, 21.1863406 ], [ 102.8825319, 21.1882283 ], [ 102.8826615, 21.1935073 ], [ 102.8827945, 21.1953701 ], [ 102.8831006, 21.1972123 ], [ 102.8835772, 21.199018 ], [ 102.8842202, 21.2007714 ], [ 102.8850239, 21.2024572 ], [ 102.8877985, 21.207639 ], [ 102.8873758, 21.2108993 ], [ 102.8872239, 21.2127185 ], [ 102.8872385, 21.214544 ], [ 102.8874412, 21.2183175 ], [ 102.8868365, 21.2188518 ], [ 102.885497, 21.2202932 ], [ 102.884768, 21.2211595 ], [ 102.8821794, 21.2242354 ], [ 102.8805764, 21.2264262 ], [ 102.8775778, 21.2311693 ], [ 102.8747288, 21.2318994 ], [ 102.873726, 21.2321845 ], [ 102.8674174, 21.2341567 ], [ 102.8645131, 21.2350646 ], [ 102.8640014, 21.2352245 ], [ 102.8628069, 21.2356397 ], [ 102.8588231, 21.2371672 ], [ 102.8573519, 21.2367359 ], [ 102.8552098, 21.2346254 ], [ 102.8537046, 21.2332849 ], [ 102.8520721, 21.2321027 ], [ 102.8503288, 21.2310908 ], [ 102.8484926, 21.2302595 ], [ 102.8465821, 21.2296173 ], [ 102.8436565, 21.2287954 ], [ 102.8420585, 21.2284165 ], [ 102.8404348, 21.22817 ], [ 102.8387963, 21.2280575 ], [ 102.8311541, 21.2278476 ], [ 102.82998, 21.2278499 ], [ 102.8284415, 21.227898 ], [ 102.8283989, 21.2278993 ], [ 102.8268977, 21.2279495 ], [ 102.8263502, 21.2279662 ], [ 102.8244854, 21.228023 ], [ 102.8237577, 21.2278053 ], [ 102.8218137, 21.2274282 ], [ 102.819842, 21.2272451 ], [ 102.8178618, 21.227258 ], [ 102.8158927, 21.2274666 ], [ 102.8139538, 21.2278689 ], [ 102.8120641, 21.2284609 ], [ 102.8102423, 21.229237 ], [ 102.8085062, 21.2301893 ], [ 102.8068728, 21.2313087 ], [ 102.805358, 21.2325842 ], [ 102.8039768, 21.2340031 ], [ 102.8027427, 21.2355517 ], [ 102.8016678, 21.2372148 ], [ 102.8007626, 21.238976 ], [ 102.800036, 21.2408181 ], [ 102.7996919, 21.2420301 ], [ 102.7975955, 21.2435888 ], [ 102.7949794, 21.245838 ], [ 102.7936563, 21.2470845 ], [ 102.7924519, 21.2484459 ], [ 102.7909358, 21.2503252 ], [ 102.7895675, 21.2522421 ], [ 102.788434, 21.2543066 ], [ 102.7876657, 21.2559252 ], [ 102.7869913, 21.2575211 ], [ 102.7864575, 21.2591693 ], [ 102.7860684, 21.2608576 ], [ 102.7858268, 21.2625731 ], [ 102.7857179, 21.2636973 ], [ 102.7856247, 21.2655963 ], [ 102.7857123, 21.2674956 ], [ 102.7859798, 21.2693779 ], [ 102.7864249, 21.2712264 ], [ 102.7870435, 21.2730242 ], [ 102.7878299, 21.2747551 ], [ 102.7885557, 21.2761698 ], [ 102.7895719, 21.2779252 ], [ 102.7907606, 21.2795685 ], [ 102.7921096, 21.2810831 ], [ 102.793605, 21.2824532 ], [ 102.7949895, 21.2835981 ], [ 102.7964081, 21.2846687 ], [ 102.7979161, 21.2856091 ], [ 102.8021059, 21.2879702 ], [ 102.803203, 21.2885444 ], [ 102.811478, 21.2925545 ], [ 102.8205117, 21.2982251 ], [ 102.8207882, 21.2988183 ], [ 102.8217679, 21.3004804 ], [ 102.8229032, 21.3020403 ], [ 102.8257333, 21.3055587 ], [ 102.8270382, 21.307027 ], [ 102.8284809, 21.3083603 ], [ 102.8300473, 21.3095456 ], [ 102.8317225, 21.3105715 ], [ 102.8334903, 21.3114281 ], [ 102.8353136, 21.3120998 ], [ 102.8361639, 21.3129135 ], [ 102.8377294, 21.3141384 ], [ 102.8414128, 21.316736 ], [ 102.8429716, 21.3177307 ], [ 102.8446157, 21.3185772 ], [ 102.8463309, 21.3192682 ], [ 102.8481027, 21.3197979 ], [ 102.8499157, 21.3201616 ], [ 102.8517546, 21.3203564 ], [ 102.8575845, 21.3207023 ], [ 102.8631413, 21.3216682 ], [ 102.8644801, 21.3218546 ], [ 102.8706275, 21.3224994 ], [ 102.8707261, 21.3225057 ], [ 102.8694952, 21.3255002 ], [ 102.8688415, 21.3273414 ], [ 102.8683707, 21.3292377 ], [ 102.868087, 21.3311708 ], [ 102.8679934, 21.3331224 ], [ 102.8680906, 21.3350738 ], [ 102.8685142, 21.3393536 ], [ 102.8687421, 21.3409751 ], [ 102.8691018, 21.3425725 ], [ 102.869591, 21.3441351 ], [ 102.8718112, 21.350326 ], [ 102.8724205, 21.3555946 ], [ 102.8728238, 21.3578947 ], [ 102.8734924, 21.3601322 ], [ 102.8749091, 21.3640276 ], [ 102.8752785, 21.3654668 ], [ 102.8756288, 21.3687455 ], [ 102.8754135, 21.3769465 ], [ 102.8747388, 21.3807074 ], [ 102.8744874, 21.3826545 ], [ 102.8744281, 21.3846168 ], [ 102.8745614, 21.3865755 ], [ 102.8748862, 21.3885116 ], [ 102.8753992, 21.3904066 ], [ 102.8760956, 21.3922422 ], [ 102.8769686, 21.3940007 ], [ 102.8795297, 21.3985805 ], [ 102.880499, 21.4001409 ], [ 102.8816074, 21.4016059 ], [ 102.8828455, 21.402963 ], [ 102.8842029, 21.4042007 ], [ 102.8856682, 21.4053087 ], [ 102.8889458, 21.4075582 ], [ 102.8892356, 21.4079513 ], [ 102.8876672, 21.4076513 ], [ 102.8812444, 21.4067788 ], [ 102.876635, 21.4060299 ], [ 102.8742903, 21.4056491 ], [ 102.8723485, 21.4054304 ], [ 102.8703945, 21.4054023 ], [ 102.8684472, 21.405565 ], [ 102.866525, 21.4059169 ], [ 102.8646463, 21.4064548 ], [ 102.8628291, 21.4071734 ], [ 102.8610907, 21.4080659 ], [ 102.8594478, 21.4091239 ], [ 102.8579158, 21.4103371 ], [ 102.8565096, 21.411694 ], [ 102.8552426, 21.4131817 ], [ 102.8529162, 21.4162003 ], [ 102.8517969, 21.4178101 ], [ 102.8508405, 21.4195218 ], [ 102.8500564, 21.4213189 ], [ 102.849452, 21.4231841 ], [ 102.8490332, 21.4250996 ], [ 102.8488039, 21.4270468 ], [ 102.8487664, 21.4290072 ], [ 102.8489211, 21.4309618 ], [ 102.8492664, 21.4328919 ], [ 102.8498821, 21.4355689 ], [ 102.8503681, 21.4373156 ], [ 102.8510104, 21.4390111 ], [ 102.8518036, 21.4406415 ], [ 102.8527411, 21.4421934 ], [ 102.8538154, 21.443654 ], [ 102.8555119, 21.4457541 ], [ 102.8555252, 21.4459673 ], [ 102.8557425, 21.4479115 ], [ 102.8561489, 21.4498252 ], [ 102.8567402, 21.4516901 ], [ 102.8575109, 21.4534882 ], [ 102.8582655, 21.4550351 ], [ 102.8593424, 21.4569643 ], [ 102.8606255, 21.458763 ], [ 102.8620992, 21.4604092 ], [ 102.863379, 21.4616889 ], [ 102.8646573, 21.4628608 ], [ 102.8660324, 21.4639175 ], [ 102.8674938, 21.4648512 ], [ 102.8683292, 21.4653352 ], [ 102.8678568, 21.4667154 ], [ 102.8666599, 21.4694674 ], [ 102.8659556, 21.471337 ], [ 102.8654414, 21.4732676 ], [ 102.8651223, 21.4752399 ], [ 102.8650016, 21.4772341 ], [ 102.8650805, 21.4792304 ], [ 102.8653581, 21.4812089 ], [ 102.8658317, 21.4831498 ], [ 102.8664967, 21.4850338 ], [ 102.8673463, 21.4868421 ], [ 102.868372, 21.4885565 ], [ 102.8695637, 21.4901601 ], [ 102.8709094, 21.4916368 ], [ 102.8723957, 21.4929718 ], [ 102.8740078, 21.4941519 ], [ 102.8755899, 21.4951928 ], [ 102.8773539, 21.4962282 ], [ 102.8792145, 21.497078 ], [ 102.8811521, 21.4977333 ], [ 102.8831464, 21.4981873 ], [ 102.8851768, 21.4984352 ], [ 102.8872218, 21.4984745 ], [ 102.8918949, 21.4983251 ], [ 102.8920327, 21.5017258 ], [ 102.8921961, 21.5035917 ], [ 102.8925333, 21.5054341 ], [ 102.8930414, 21.5072369 ], [ 102.8937159, 21.5089842 ], [ 102.8954766, 21.5129779 ], [ 102.8963542, 21.5147305 ], [ 102.8973992, 21.5163889 ], [ 102.8986016, 21.5179369 ], [ 102.8999496, 21.5193599 ], [ 102.9055515, 21.5247204 ], [ 102.9072858, 21.5262001 ], [ 102.9091772, 21.5274728 ], [ 102.9199341, 21.533852 ], [ 102.9203985, 21.5341297 ], [ 102.921921, 21.5362744 ], [ 102.9221071, 21.5365364 ], [ 102.9239247, 21.5391659 ], [ 102.9256066, 21.5412785 ], [ 102.9275632, 21.5434215 ], [ 102.9293319, 21.5457044 ], [ 102.9303582, 21.5470291 ], [ 102.93167, 21.5485567 ], [ 102.9331288, 21.5499447 ], [ 102.9354996, 21.5519832 ], [ 102.9362857, 21.5526592 ], [ 102.936286, 21.5543676 ], [ 102.9364721, 21.5562873 ], [ 102.9368423, 21.5581802 ], [ 102.937393, 21.5600286 ], [ 102.9381193, 21.5618154 ], [ 102.9390143, 21.5635239 ], [ 102.9400696, 21.5651382 ], [ 102.9426604, 21.5687122 ], [ 102.9440444, 21.5704162 ], [ 102.9456069, 21.5719582 ], [ 102.9479621, 21.5740403 ], [ 102.9487813, 21.5756707 ], [ 102.9498711, 21.5775723 ], [ 102.9511624, 21.5793432 ], [ 102.9526398, 21.5809622 ], [ 102.9544719, 21.5827612 ], [ 102.9558298, 21.5839781 ], [ 102.9572929, 21.5850662 ], [ 102.958849, 21.5860166 ], [ 102.9617628, 21.5876185 ], [ 102.9637121, 21.5905026 ], [ 102.9643067, 21.5913355 ], [ 102.9676168, 21.5957302 ], [ 102.9680843, 21.596291 ], [ 102.9673691, 21.597244 ], [ 102.9659689, 21.599382 ], [ 102.9654101, 21.6003673 ], [ 102.9644651, 21.6022604 ], [ 102.9637254, 21.6042428 ], [ 102.9631992, 21.6062923 ], [ 102.9628925, 21.6083858 ], [ 102.9627077, 21.6103774 ], [ 102.9626223, 21.6121592 ], [ 102.962696, 21.6139414 ], [ 102.9629281, 21.61571 ], [ 102.9637401, 21.6202989 ], [ 102.9637298, 21.6206967 ], [ 102.9636479, 21.6213371 ], [ 102.9629559, 21.6243684 ], [ 102.9619981, 21.6280367 ], [ 102.9619566, 21.6281984 ], [ 102.9613623, 21.6305549 ], [ 102.960941, 21.6327253 ], [ 102.9607618, 21.6349289 ], [ 102.9607328, 21.6360508 ], [ 102.9607742, 21.6379539 ], [ 102.9609964, 21.6398444 ], [ 102.9611354, 21.6404895 ], [ 102.9605982, 21.6415414 ], [ 102.9600328, 21.6427759 ], [ 102.959297, 21.6446189 ], [ 102.9589364, 21.6456709 ], [ 102.958435753782766, 21.647378725705554 ], [ 103.407743594283261, 21.57117748833187 ] ] ], [ [ [ 104.726568295738986, 19.761702648180922 ], [ 104.728802152756131, 19.725859940009443 ], [ 104.708803886894287, 19.702094546750399 ], [ 104.7149037814861, 19.64372513992053 ], [ 104.698322443418434, 19.613690195112852 ], [ 104.705034085223005, 19.572485356412098 ], [ 104.694908471344903, 19.558944314144448 ], [ 104.6857225518185, 19.464472607011253 ], [ 104.665819427992147, 19.41314019903232 ], [ 104.672983230566402, 19.393334084914567 ], [ 104.660174830987913, 19.35159688297243 ], [ 104.654081949749227, 19.28861046762033 ], [ 104.627495387458254, 19.164275145037273 ], [ 104.608180961272907, 19.12600439770355 ], [ 104.60796989086424, 19.082551064029705 ], [ 104.580026447624249, 19.026319052731822 ], [ 104.580510644820961, 18.978567297343879 ], [ 104.55846938129811, 18.942282376866068 ], [ 104.55844206675819, 18.900017486672397 ], [ 104.557537679036813, 18.898165355822091 ], [ 104.5570643, 18.8999528 ], [ 104.556742, 18.9020373 ], [ 104.5565582, 18.9038579 ], [ 104.5564572, 18.9059178 ], [ 104.5564587, 18.905946 ], [ 104.5537317, 18.9103304 ], [ 104.5534536, 18.9106465 ], [ 104.5486799, 18.9160737 ], [ 104.5474607, 18.9176047 ], [ 104.546397, 18.9192476 ], [ 104.545499, 18.9209866 ], [ 104.5447752, 18.922805 ], [ 104.5442327, 18.9246855 ], [ 104.54387, 18.9262211 ], [ 104.5435004, 18.928247 ], [ 104.5434557, 18.9288228 ], [ 104.535346, 18.93649 ], [ 104.5339847, 18.9377768 ], [ 104.5299819, 18.9415606 ], [ 104.5286839, 18.942908 ], [ 104.5275175, 18.9443708 ], [ 104.5264929, 18.9459362 ], [ 104.525619, 18.9475905 ], [ 104.5249036, 18.9493192 ], [ 104.5243528, 18.9511072 ], [ 104.5238695, 18.952984 ], [ 104.5236412, 18.9539741 ], [ 104.5230959, 18.9566473 ], [ 104.522772, 18.9588615 ], [ 104.5226974, 18.961098 ], [ 104.5227179, 18.9620037 ], [ 104.5222319, 18.961905 ], [ 104.5200774, 18.9615884 ], [ 104.5179012, 18.961508 ], [ 104.5157291, 18.9616646 ], [ 104.5137295, 18.9619188 ], [ 104.5123064, 18.9621521 ], [ 104.5108039, 18.9624544 ], [ 104.5100457, 18.9625246 ], [ 104.5077459, 18.9628733 ], [ 104.5055021, 18.9634866 ], [ 104.5043513, 18.9638744 ], [ 104.5042378, 18.9639126 ], [ 104.5025734, 18.9645565 ], [ 104.5009731, 18.9653463 ], [ 104.4994496, 18.9662755 ], [ 104.498015, 18.9673369 ], [ 104.4964212, 18.9686299 ], [ 104.4951277, 18.9697754 ], [ 104.4939378, 18.9710282 ], [ 104.4928606, 18.9723791 ], [ 104.491904, 18.9738179 ], [ 104.4908084, 18.975631 ], [ 104.4895624, 18.9780511 ], [ 104.488786, 18.9798505 ], [ 104.4882254, 18.9789687 ], [ 104.4871062, 18.9775202 ], [ 104.4858592, 18.9761801 ], [ 104.4844948, 18.9749597 ], [ 104.4830247, 18.9738691 ], [ 104.4820659, 18.9732237 ], [ 104.4803268, 18.9721772 ], [ 104.4784906, 18.9713124 ], [ 104.4765763, 18.9706381 ], [ 104.4746034, 18.9701613 ], [ 104.4725924, 18.9698869 ], [ 104.4705639, 18.9698178 ], [ 104.4685389, 18.9699546 ], [ 104.4665382, 18.9702959 ], [ 104.4633321, 18.971012 ], [ 104.4602125, 18.9693906 ], [ 104.4585899, 18.9686375 ], [ 104.4569065, 18.9680323 ], [ 104.4551758, 18.9675799 ], [ 104.4534116, 18.9672841 ], [ 104.451335, 18.9670307 ], [ 104.449502, 18.9668921 ], [ 104.447664, 18.9669224 ], [ 104.4458366, 18.9671213 ], [ 104.4445895, 18.9673154 ], [ 104.4421022, 18.9678668 ], [ 104.4407506, 18.9682582 ], [ 104.4388938, 18.9688962 ], [ 104.4371085, 18.9697132 ], [ 104.4354119, 18.9707014 ], [ 104.4345792, 18.9712428 ], [ 104.4328563, 18.9724985 ], [ 104.4312769, 18.9739304 ], [ 104.4304952, 18.974719 ], [ 104.4286246, 18.9768991 ], [ 104.4273465, 18.9786256 ], [ 104.4272056, 18.9788184 ], [ 104.4256994, 18.9809047 ], [ 104.4237388, 18.982035 ], [ 104.4220286, 18.9831407 ], [ 104.4204396, 18.9844145 ], [ 104.4189884, 18.9858434 ], [ 104.4188821, 18.9859719 ], [ 104.4175482, 18.9863664 ], [ 104.4157956, 18.9870706 ], [ 104.4143428, 18.9877356 ], [ 104.4128596, 18.9884907 ], [ 104.4104928, 18.9898224 ], [ 104.4091801, 18.990629 ], [ 104.4079335, 18.9915344 ], [ 104.4071855, 18.9921229 ], [ 104.4058076, 18.9933123 ], [ 104.4045435, 18.9946222 ], [ 104.4034038, 18.9960415 ], [ 104.4023979, 18.9975585 ], [ 104.4021269, 18.9980106 ], [ 104.4012847, 18.9995681 ], [ 104.4005836, 19.0011939 ], [ 104.4003745, 19.0017446 ], [ 104.3997318, 19.0037491 ], [ 104.3993035, 19.0058101 ], [ 104.3990941, 19.0079047 ], [ 104.399106, 19.0100097 ], [ 104.3991451, 19.0106794 ], [ 104.3992138, 19.0115375 ], [ 104.3993741, 19.0131135 ], [ 104.3995087, 19.0138936 ], [ 104.3992218, 19.01425 ], [ 104.3943908, 19.0179394 ], [ 104.3937312, 19.0184655 ], [ 104.3930244, 19.0190541 ], [ 104.3925696, 19.0194446 ], [ 104.3919044, 19.0200332 ], [ 104.3905419, 19.0213595 ], [ 104.3893115, 19.0228092 ], [ 104.3882243, 19.0243691 ], [ 104.3875573, 19.0254304 ], [ 104.38666, 19.0270138 ], [ 104.384934, 19.0304111 ], [ 104.3846788, 19.030932 ], [ 104.384284, 19.0317683 ], [ 104.3835999, 19.0334009 ], [ 104.3830629, 19.0350875 ], [ 104.3828562, 19.0358522 ], [ 104.3824503, 19.0376949 ], [ 104.3822199, 19.0395677 ], [ 104.382167, 19.0414538 ], [ 104.3821706, 19.0415076 ], [ 104.3797932, 19.0418693 ], [ 104.3797936, 19.0418717 ], [ 104.3785513, 19.0420428 ], [ 104.376458, 19.0425658 ], [ 104.3744331, 19.0433112 ], [ 104.3725004, 19.0442704 ], [ 104.372085, 19.0445053 ], [ 104.370337, 19.045617 ], [ 104.3690487, 19.0466378 ], [ 104.3656982, 19.0490158 ], [ 104.3640204, 19.0503473 ], [ 104.3624946, 19.0518505 ], [ 104.3608574, 19.0536462 ], [ 104.353278, 19.0523092 ], [ 104.351142, 19.0520499 ], [ 104.3489906, 19.0520216 ], [ 104.3468485, 19.0522246 ], [ 104.3447406, 19.0526566 ], [ 104.3426913, 19.0533124 ], [ 104.3409225, 19.0539854 ], [ 104.3360918, 19.0558235 ], [ 104.3299233, 19.0581707 ], [ 104.3274636, 19.0593027 ], [ 104.3267098, 19.0597136 ], [ 104.322138, 19.0622061 ], [ 104.3138872, 19.0664616 ], [ 104.3133385, 19.0667555 ], [ 104.3109784, 19.0680673 ], [ 104.3105347, 19.068246 ], [ 104.3093805, 19.068512 ], [ 104.3068209, 19.069102 ], [ 104.3050195, 19.069607 ], [ 104.3034953, 19.0701123 ], [ 104.3014197, 19.0709315 ], [ 104.2994484, 19.0719768 ], [ 104.2976057, 19.0732352 ], [ 104.2956746, 19.0747185 ], [ 104.2938473, 19.076307 ], [ 104.2922253, 19.0781045 ], [ 104.2918377, 19.0785902 ], [ 104.2890734, 19.082055 ], [ 104.2880439, 19.0834679 ], [ 104.2871418, 19.0849652 ], [ 104.2862395, 19.0866226 ], [ 104.2853305, 19.0885245 ], [ 104.2846268, 19.0905115 ], [ 104.2841362, 19.0925615 ], [ 104.283864, 19.0946517 ], [ 104.2838363, 19.0958033 ], [ 104.2834265, 19.0980755 ], [ 104.2822264, 19.0984938 ], [ 104.2778773, 19.1000096 ], [ 104.2755014, 19.1008378 ], [ 104.2746223, 19.1008513 ], [ 104.2744667, 19.1008351 ], [ 104.2654144, 19.0979338 ], [ 104.2643632, 19.0976283 ], [ 104.2631424, 19.0973096 ], [ 104.2589379, 19.0962116 ], [ 104.256832, 19.0957811 ], [ 104.2546921, 19.095579 ], [ 104.2525428, 19.0956078 ], [ 104.2520208, 19.0956429 ], [ 104.2444201, 19.096154 ], [ 104.2440883, 19.0960907 ], [ 104.2409252, 19.0946559 ], [ 104.2389409, 19.0938804 ], [ 104.2368854, 19.0933204 ], [ 104.234782, 19.0929822 ], [ 104.233435, 19.0928387 ], [ 104.2315283, 19.0927273 ], [ 104.2296197, 19.0927983 ], [ 104.2277266, 19.093051 ], [ 104.2258662, 19.0934831 ], [ 104.2240555, 19.0940907 ], [ 104.2213552, 19.0951428 ], [ 104.2208597, 19.0953436 ], [ 104.2162081, 19.0973007 ], [ 104.2134994, 19.0982246 ], [ 104.2108444, 19.0993497 ], [ 104.2088463, 19.1003723 ], [ 104.2068417, 19.1011512 ], [ 104.2052364, 19.1018575 ], [ 104.2036992, 19.1027017 ], [ 104.2022418, 19.1036773 ], [ 104.2008755, 19.1047768 ], [ 104.199341, 19.1061267 ], [ 104.197811, 19.1076253 ], [ 104.1964501, 19.109279 ], [ 104.1952738, 19.1110686 ], [ 104.1920896, 19.1165293 ], [ 104.1911207, 19.1184137 ], [ 104.1903566, 19.1203901 ], [ 104.1898059, 19.1224362 ], [ 104.1894747, 19.1245291 ], [ 104.1893668, 19.1266452 ], [ 104.1894835, 19.1287609 ], [ 104.1895817, 19.1296661 ], [ 104.1898869, 19.1315954 ], [ 104.1903789, 19.1334857 ], [ 104.1910529, 19.135319 ], [ 104.1919026, 19.1370779 ], [ 104.1952803, 19.1432772 ], [ 104.194856, 19.1433793 ], [ 104.1927397, 19.1441488 ], [ 104.1907233, 19.1451514 ], [ 104.1887818, 19.1462572 ], [ 104.1869466, 19.1474396 ], [ 104.1852512, 19.1488149 ], [ 104.1837158, 19.1503669 ], [ 104.1823587, 19.152077 ], [ 104.1811274, 19.1538156 ], [ 104.1800718, 19.155473 ], [ 104.179184, 19.1572261 ], [ 104.1784726, 19.1590578 ], [ 104.1774903, 19.1620087 ], [ 104.177076, 19.1634257 ], [ 104.1748071, 19.1724046 ], [ 104.1707261, 19.1782777 ], [ 104.1704819, 19.1786625 ], [ 104.1687892, 19.1786291 ], [ 104.1671991, 19.178661 ], [ 104.1659895, 19.1787334 ], [ 104.1530696, 19.1795064 ], [ 104.152206, 19.1795769 ], [ 104.1522031, 19.1795772 ], [ 104.1518615, 19.1796155 ], [ 104.1458626, 19.1803405 ], [ 104.1443029, 19.1805918 ], [ 104.1402081, 19.1814188 ], [ 104.1250427, 19.1844819 ], [ 104.1233635, 19.1848974 ], [ 104.1217265, 19.1854564 ], [ 104.1203656, 19.1859879 ], [ 104.1187198, 19.1867176 ], [ 104.1171464, 19.1875924 ], [ 104.115658, 19.1886051 ], [ 104.1142666, 19.1897475 ], [ 104.1129837, 19.1910105 ], [ 104.1118195, 19.1923837 ], [ 104.1113783, 19.1929543 ], [ 104.109996, 19.1947419 ], [ 104.1098617, 19.1949339 ], [ 104.1079921, 19.1944201 ], [ 104.1071577, 19.1942395 ], [ 104.1053569, 19.1939351 ], [ 104.1035359, 19.1937962 ], [ 104.1017097, 19.193824 ], [ 104.0998938, 19.1940182 ], [ 104.0985003, 19.194232 ], [ 104.0966797, 19.1945986 ], [ 104.0949009, 19.1951324 ], [ 104.0931794, 19.195829 ], [ 104.0915299, 19.1966822 ], [ 104.0899666, 19.1976847 ], [ 104.0885031, 19.1988279 ], [ 104.0871519, 19.200102 ], [ 104.0858936, 19.201404 ], [ 104.0857483, 19.2015544 ], [ 104.0846026, 19.2028479 ], [ 104.0835729, 19.2042354 ], [ 104.0826667, 19.2057066 ], [ 104.0818909, 19.2072506 ], [ 104.0814432, 19.2082468 ], [ 104.0804743, 19.2100351 ], [ 104.0776397, 19.215053 ], [ 104.0757667, 19.2158866 ], [ 104.0743589, 19.2165131 ], [ 104.0727885, 19.2172963 ], [ 104.0712929, 19.218214 ], [ 104.0649837, 19.2224773 ], [ 104.0632838, 19.223763 ], [ 104.0630103, 19.22402 ], [ 104.0622536, 19.2238949 ], [ 104.0601427, 19.2237723 ], [ 104.0579827, 19.2237612 ], [ 104.0558699, 19.2238622 ], [ 104.0537796, 19.2241857 ], [ 104.0527173, 19.2244676 ], [ 104.0514685, 19.2241648 ], [ 104.040527, 19.2215117 ], [ 104.0400102, 19.2213936 ], [ 104.0255548, 19.2182917 ], [ 104.0240356, 19.2180266 ], [ 104.0214504, 19.2176774 ], [ 104.0165192, 19.2164104 ], [ 104.0143102, 19.2150747 ], [ 104.0124749, 19.2140916 ], [ 104.0101511, 19.2129985 ], [ 104.0083709, 19.2122636 ], [ 104.0065284, 19.2117033 ], [ 104.0046405, 19.2113229 ], [ 104.003164, 19.2110987 ], [ 104.0013848, 19.2109094 ], [ 103.9995959, 19.21088 ], [ 103.9978114, 19.2110106 ], [ 103.9960458, 19.2113001 ], [ 103.9947937, 19.2115634 ], [ 103.9929743, 19.2120362 ], [ 103.9917785, 19.2124078 ], [ 103.9902126, 19.2129668 ], [ 103.9886985, 19.2136539 ], [ 103.9872467, 19.2144645 ], [ 103.9857712, 19.2153707 ], [ 103.9842096, 19.2164345 ], [ 103.9827553, 19.217641 ], [ 103.9814214, 19.2189793 ], [ 103.9802198, 19.2204376 ], [ 103.9791611, 19.2220027 ], [ 103.9784135, 19.2233704 ], [ 103.9744724, 19.2251852 ], [ 103.9712625, 19.2254721 ], [ 103.9691985, 19.2257657 ], [ 103.9671763, 19.2262726 ], [ 103.9652178, 19.2269872 ], [ 103.9627722, 19.228027 ], [ 103.9614557, 19.2285868 ], [ 103.9593983, 19.2296048 ], [ 103.9521498, 19.233725 ], [ 103.9502704, 19.2347932 ], [ 103.9488378, 19.2356897 ], [ 103.947486, 19.2367039 ], [ 103.9462247, 19.2378286 ], [ 103.941019, 19.242881 ], [ 103.9402371, 19.2436836 ], [ 103.9349848, 19.2493863 ], [ 103.9312899, 19.253398 ], [ 103.9275068, 19.2564125 ], [ 103.9225548, 19.2602033 ], [ 103.922062, 19.260593 ], [ 103.9190978, 19.2630135 ], [ 103.9162425, 19.2653452 ], [ 103.9132565, 19.2677835 ], [ 103.9122204, 19.2686907 ], [ 103.9093275, 19.2714054 ], [ 103.9079042, 19.2728856 ], [ 103.9066402, 19.2745039 ], [ 103.9049964, 19.2768471 ], [ 103.9001607, 19.2837403 ], [ 103.8992059, 19.2852647 ], [ 103.8981872, 19.2846282 ], [ 103.8964884, 19.2837792 ], [ 103.8948504, 19.2830556 ], [ 103.8932872, 19.2824421 ], [ 103.891678, 19.2819619 ], [ 103.8900342, 19.2816184 ], [ 103.8881447, 19.2813057 ], [ 103.8863513, 19.2810915 ], [ 103.8845458, 19.2810401 ], [ 103.8827432, 19.2811517 ], [ 103.8809579, 19.2814255 ], [ 103.8792046, 19.2818592 ], [ 103.8774976, 19.2824493 ], [ 103.8745836, 19.2836065 ], [ 103.8728064, 19.2844148 ], [ 103.8711166, 19.2853925 ], [ 103.86953, 19.2865303 ], [ 103.8681339, 19.2877543 ], [ 103.8675074, 19.2879761 ], [ 103.8656989, 19.288828 ], [ 103.8644075, 19.2895172 ], [ 103.8629733, 19.2903611 ], [ 103.8616141, 19.2913213 ], [ 103.8603396, 19.2923912 ], [ 103.8594207, 19.2932301 ], [ 103.8579778, 19.2946899 ], [ 103.8566922, 19.29629 ], [ 103.8555774, 19.2980133 ], [ 103.854645, 19.2998418 ], [ 103.853905, 19.3017563 ], [ 103.853365, 19.3037365 ], [ 103.8530309, 19.3057616 ], [ 103.8529434, 19.3065383 ], [ 103.8528464, 19.3073993 ], [ 103.8527251, 19.3092191 ], [ 103.8526608, 19.3122861 ], [ 103.8526962, 19.3139665 ], [ 103.8530014, 19.318796 ], [ 103.8530346, 19.3193229 ], [ 103.8531914, 19.3208597 ], [ 103.8534663, 19.3223799 ], [ 103.8536722, 19.3233114 ], [ 103.8541747, 19.3251599 ], [ 103.8548518, 19.3269518 ], [ 103.8556971, 19.3286706 ], [ 103.8567031, 19.3303008 ], [ 103.856871, 19.3305458 ], [ 103.8573269, 19.3312105 ], [ 103.8584509, 19.332696 ], [ 103.8597083, 19.3340705 ], [ 103.861088, 19.335322 ], [ 103.8637472, 19.3375172 ], [ 103.8684952, 19.3414364 ], [ 103.8695808, 19.3423325 ], [ 103.8717051, 19.3438637 ], [ 103.8784407, 19.3480776 ], [ 103.8799359, 19.3490131 ], [ 103.8817456, 19.350019 ], [ 103.8836497, 19.3508323 ], [ 103.8856277, 19.3514445 ], [ 103.8876583, 19.3518489 ], [ 103.8899052, 19.3521765 ], [ 103.8917485, 19.3523585 ], [ 103.8936008, 19.3523693 ], [ 103.8972099, 19.352223 ], [ 103.8990035, 19.3520692 ], [ 103.8992155, 19.3520316 ], [ 103.89989, 19.3531482 ], [ 103.9011524, 19.3548156 ], [ 103.9018856, 19.3556855 ], [ 103.9032778, 19.3571759 ], [ 103.9048144, 19.3585167 ], [ 103.9064796, 19.359694 ], [ 103.9082561, 19.3606957 ], [ 103.9097433, 19.361437 ], [ 103.9116857, 19.36228 ], [ 103.9137064, 19.3629129 ], [ 103.9157827, 19.3633286 ], [ 103.9176698, 19.3636034 ], [ 103.9208395, 19.3641835 ], [ 103.9212895, 19.364305 ], [ 103.9221823, 19.3647124 ], [ 103.9229842, 19.3651945 ], [ 103.9286664, 19.3692517 ], [ 103.9314923, 19.3717579 ], [ 103.9328436, 19.3728551 ], [ 103.9342852, 19.3738307 ], [ 103.9357505, 19.3747319 ], [ 103.9363176, 19.3750429 ], [ 103.9363428, 19.3750863 ], [ 103.9366294, 19.3755413 ], [ 103.9362475, 19.3764261 ], [ 103.9362213, 19.3764961 ], [ 103.936047, 19.3769623 ], [ 103.9354084, 19.3789932 ], [ 103.9349893, 19.3810805 ], [ 103.9347944, 19.3832005 ], [ 103.9348261, 19.3853292 ], [ 103.9350838, 19.3874424 ], [ 103.9351848, 19.388015 ], [ 103.9355863, 19.3898065 ], [ 103.9361504, 19.3915535 ], [ 103.9368724, 19.3932415 ], [ 103.9377461, 19.3948561 ], [ 103.9387641, 19.3963839 ], [ 103.939918, 19.3978118 ], [ 103.9411979, 19.3991279 ], [ 103.9419351, 19.3998194 ], [ 103.9431917, 19.4009037 ], [ 103.9516212, 19.4075877 ], [ 103.9530183, 19.4086005 ], [ 103.9544975, 19.4094891 ], [ 103.9560477, 19.4102469 ], [ 103.9562939, 19.4103419 ], [ 103.9563249, 19.4103967 ], [ 103.9574701, 19.4120217 ], [ 103.9587711, 19.413525 ], [ 103.9602148, 19.4148917 ], [ 103.9617871, 19.4161083 ], [ 103.9634725, 19.4171628 ], [ 103.9640669, 19.4174948 ], [ 103.9658421, 19.418374 ], [ 103.9676956, 19.4190732 ], [ 103.9696091, 19.4195857 ], [ 103.971564, 19.4199063 ], [ 103.9730635, 19.4200765 ], [ 103.9742002, 19.4201728 ], [ 103.9767951, 19.4203182 ], [ 103.9772391, 19.4207315 ], [ 103.9787206, 19.421872 ], [ 103.9793505, 19.4223116 ], [ 103.9811028, 19.4234045 ], [ 103.9829584, 19.4243108 ], [ 103.9848976, 19.425021 ], [ 103.9868996, 19.4255274 ], [ 103.9882496, 19.4257956 ], [ 103.9882589, 19.4257974 ], [ 103.9900284, 19.4260696 ], [ 103.9918151, 19.4261824 ], [ 103.9939561, 19.4262216 ], [ 103.9956023, 19.426184 ], [ 103.9981984, 19.4260175 ], [ 103.999446, 19.4258981 ], [ 104.0014051, 19.4256485 ], [ 104.0028657, 19.4254072 ], [ 104.0028845, 19.4254026 ], [ 104.0033408, 19.4263267 ], [ 104.0045108, 19.4281619 ], [ 104.0058733, 19.4298591 ], [ 104.0074122, 19.4313982 ], [ 104.0078182, 19.4317623 ], [ 104.0091691, 19.4328712 ], [ 104.0106117, 19.433858 ], [ 104.0121349, 19.434715 ], [ 104.0137271, 19.4354358 ], [ 104.014659, 19.4358095 ], [ 104.016373, 19.436408 ], [ 104.0181341, 19.4368486 ], [ 104.0199279, 19.4371278 ], [ 104.0217397, 19.4372431 ], [ 104.0232422, 19.4372704 ], [ 104.0239793, 19.437252 ], [ 104.0242317, 19.4373989 ], [ 104.0265001, 19.4385816 ], [ 104.0282936, 19.4394068 ], [ 104.0301597, 19.4400512 ], [ 104.0305727, 19.4401713 ], [ 104.0329361, 19.4411049 ], [ 104.0341561, 19.4416582 ], [ 104.0362702, 19.4431095 ], [ 104.0364651, 19.4432433 ], [ 104.0383762, 19.4444037 ], [ 104.040405, 19.4453436 ], [ 104.0425259, 19.4460511 ], [ 104.0430866, 19.4462039 ], [ 104.0446623, 19.4465487 ], [ 104.0446083, 19.4466756 ], [ 104.0439951, 19.448673 ], [ 104.0435936, 19.4507234 ], [ 104.0434082, 19.4528046 ], [ 104.0434409, 19.4548937 ], [ 104.0436914, 19.4569681 ], [ 104.044157, 19.4590049 ], [ 104.0443615, 19.4597243 ], [ 104.0450313, 19.4616874 ], [ 104.0459008, 19.4635704 ], [ 104.0469607, 19.4653533 ], [ 104.0481996, 19.4670169 ], [ 104.049604, 19.4685432 ], [ 104.051159, 19.4699158 ], [ 104.0528478, 19.47112 ], [ 104.0530583, 19.4712542 ], [ 104.0539311, 19.4718105 ], [ 104.055635, 19.4727824 ], [ 104.0574258, 19.4735826 ], [ 104.0585792, 19.4739675 ], [ 104.0586785, 19.4740589 ], [ 104.0594254, 19.4747126 ], [ 104.059526, 19.4747963 ], [ 104.0600464, 19.4754517 ], [ 104.0612249, 19.4768065 ], [ 104.0625202, 19.4780501 ], [ 104.063915, 19.4792739 ], [ 104.0639195, 19.4792999 ], [ 104.0641248, 19.4810982 ], [ 104.0643946, 19.4828041 ], [ 104.0648105, 19.4844803 ], [ 104.0651523, 19.4856408 ], [ 104.0659094, 19.4877623 ], [ 104.0669003, 19.4897853 ], [ 104.0676405, 19.491103 ], [ 104.068386, 19.4923255 ], [ 104.070252, 19.4951525 ], [ 104.0710057, 19.4962171 ], [ 104.0721265, 19.4976956 ], [ 104.0739059, 19.5002284 ], [ 104.0751162, 19.5017823 ], [ 104.0761865, 19.5030251 ], [ 104.0775985, 19.5045045 ], [ 104.0791542, 19.5058319 ], [ 104.0809996, 19.5072501 ], [ 104.0826414, 19.5083862 ], [ 104.0843882, 19.5093529 ], [ 104.0862227, 19.5101406 ], [ 104.0873779, 19.5105051 ], [ 104.0872936, 19.5106033 ], [ 104.0861351, 19.5120876 ], [ 104.0851214, 19.5136743 ], [ 104.0844978, 19.5147598 ], [ 104.0836211, 19.5164716 ], [ 104.0829128, 19.5182596 ], [ 104.0823795, 19.5201075 ], [ 104.0820262, 19.521998 ], [ 104.0818562, 19.5239136 ], [ 104.0818709, 19.5258368 ], [ 104.0820702, 19.5277497 ], [ 104.0824524, 19.5296345 ], [ 104.0830138, 19.531474 ], [ 104.0837493, 19.533251 ], [ 104.0846521, 19.5349492 ], [ 104.0857139, 19.5365527 ], [ 104.0865088, 19.5375337 ], [ 104.086102, 19.5382268 ], [ 104.0852583, 19.5400692 ], [ 104.0846055, 19.5419876 ], [ 104.0843701, 19.5428145 ], [ 104.0839211, 19.5447534 ], [ 104.0835655, 19.5467324 ], [ 104.0833539, 19.5482357 ], [ 104.0832569, 19.5497507 ], [ 104.0832057, 19.5517237 ], [ 104.0832094, 19.5528867 ], [ 104.0832586, 19.5544146 ], [ 104.0832537, 19.5567421 ], [ 104.0832426, 19.5578777 ], [ 104.0832419, 19.5581503 ], [ 104.0832499, 19.5602051 ], [ 104.0832956, 19.5608885 ], [ 104.082336, 19.5613067 ], [ 104.0757676, 19.5645806 ], [ 104.0741186, 19.5655023 ], [ 104.0725638, 19.5665753 ], [ 104.0711173, 19.5677903 ], [ 104.0697919, 19.5691364 ], [ 104.0685993, 19.5706015 ], [ 104.0675503, 19.5721725 ], [ 104.0663831, 19.5741133 ], [ 104.0604619, 19.5810562 ], [ 104.0589146, 19.5831281 ], [ 104.0545532, 19.5898323 ], [ 104.0535574, 19.5915425 ], [ 104.0527356, 19.5933428 ], [ 104.0525857, 19.5937815 ], [ 104.0512986, 19.5945619 ], [ 104.0497538, 19.5955999 ], [ 104.0483121, 19.596777 ], [ 104.0469862, 19.598083 ], [ 104.0457873, 19.5995067 ], [ 104.044726, 19.6010356 ], [ 104.0438114, 19.6026565 ], [ 104.0437598, 19.6027588 ], [ 104.0421143, 19.6060245 ], [ 104.041371, 19.6076831 ], [ 104.0407814, 19.6094022 ], [ 104.0403503, 19.6111678 ], [ 104.0396259, 19.6148542 ], [ 104.0393584, 19.6166373 ], [ 104.0392525, 19.6184372 ], [ 104.0393091, 19.6202393 ], [ 104.0395278, 19.622029 ], [ 104.0399068, 19.6237917 ], [ 104.0420222, 19.631845 ], [ 104.0426108, 19.6337096 ], [ 104.0433787, 19.6355079 ], [ 104.0437084, 19.6361095 ], [ 104.0435948, 19.636227 ], [ 104.0423262, 19.6376715 ], [ 104.0412021, 19.6392311 ], [ 104.040233, 19.6408915 ], [ 104.0394277, 19.6426372 ], [ 104.0387938, 19.6444521 ], [ 104.0383371, 19.6463196 ], [ 104.0380618, 19.6482223 ], [ 104.0379704, 19.6501426 ], [ 104.0380638, 19.6520628 ], [ 104.0383334, 19.6548421 ], [ 104.0386119, 19.6567501 ], [ 104.0390728, 19.6586224 ], [ 104.0397119, 19.6604416 ], [ 104.0405232, 19.6621909 ], [ 104.0414991, 19.6638539 ], [ 104.0426307, 19.6654151 ], [ 104.0465452, 19.6703017 ], [ 104.0497828, 19.6756994 ], [ 104.0499788, 19.6770199 ], [ 104.0498759, 19.6780356 ], [ 104.049582, 19.6809361 ], [ 104.0495133, 19.6816129 ], [ 104.0494115, 19.6835397 ], [ 104.0494958, 19.6854674 ], [ 104.0497655, 19.6873779 ], [ 104.050218, 19.6892536 ], [ 104.0508492, 19.691077 ], [ 104.0516531, 19.692831 ], [ 104.0526224, 19.6944994 ], [ 104.0537478, 19.6960667 ], [ 104.0550191, 19.6975182 ], [ 104.0564243, 19.6988404 ], [ 104.0579504, 19.7000211 ], [ 104.0595832, 19.7010492 ], [ 104.0613074, 19.7019152 ], [ 104.0631071, 19.702611 ], [ 104.0649655, 19.7031302 ], [ 104.0668652, 19.7034679 ], [ 104.0687886, 19.7036209 ], [ 104.0707178, 19.7035879 ], [ 104.0726349, 19.7033691 ], [ 104.074522, 19.7029666 ], [ 104.0763614, 19.7023841 ], [ 104.0777092, 19.7018846 ], [ 104.0790933, 19.7013119 ], [ 104.0804307, 19.7006371 ], [ 104.0807728, 19.7004481 ], [ 104.0858955, 19.6976173 ], [ 104.0873091, 19.696758 ], [ 104.0886468, 19.6957849 ], [ 104.0898995, 19.6947045 ], [ 104.0958041, 19.6891702 ], [ 104.0972473, 19.6876689 ], [ 104.099285, 19.6853152 ], [ 104.0995627, 19.6850768 ], [ 104.1003617, 19.6843905 ], [ 104.1006433, 19.6841797 ], [ 104.1009325, 19.684071 ], [ 104.1096496, 19.6812518 ], [ 104.1107622, 19.6811025 ], [ 104.112092, 19.6811261 ], [ 104.1147517, 19.6812497 ], [ 104.1159735, 19.6815421 ], [ 104.118357, 19.681817 ], [ 104.1271298, 19.6822985 ], [ 104.1311572, 19.6825196 ], [ 104.1320643, 19.6825694 ], [ 104.1329367, 19.6828193 ], [ 104.1329963, 19.6828363 ], [ 104.1354322, 19.6835259 ], [ 104.135403, 19.6850207 ], [ 104.1354686, 19.6870764 ], [ 104.135745, 19.6891146 ], [ 104.1369865, 19.6957038 ], [ 104.1373858, 19.6974089 ], [ 104.1379327, 19.6990724 ], [ 104.138623, 19.7006818 ], [ 104.1403538, 19.7042741 ], [ 104.1413288, 19.7060595 ], [ 104.1424803, 19.7077367 ], [ 104.1437961, 19.7092881 ], [ 104.1452627, 19.7106979 ], [ 104.1465718, 19.711834 ], [ 104.1481663, 19.7130821 ], [ 104.1498787, 19.7141625 ], [ 104.1516917, 19.7150642 ], [ 104.1520876, 19.7152367 ], [ 104.1529356, 19.7156062 ], [ 104.1549719, 19.7163644 ], [ 104.1570783, 19.7168973 ], [ 104.1583265, 19.7171418 ], [ 104.1603651, 19.7174331 ], [ 104.1624228, 19.7175132 ], [ 104.1644779, 19.7173813 ], [ 104.1665084, 19.7170388 ], [ 104.1684931, 19.7164893 ], [ 104.1704106, 19.7157387 ], [ 104.1715167, 19.7152386 ], [ 104.1735692, 19.7141633 ], [ 104.1742954, 19.7136681 ], [ 104.1747491, 19.7138048 ], [ 104.1765869, 19.7141753 ], [ 104.1793195, 19.714594 ], [ 104.1795907, 19.7146336 ], [ 104.1856822, 19.7154817 ], [ 104.1880923, 19.7156698 ], [ 104.1911453, 19.7157229 ], [ 104.19228, 19.7156997 ], [ 104.1934528, 19.7168524 ], [ 104.1954019, 19.7185357 ], [ 104.1962762, 19.7191974 ], [ 104.1964046, 19.7192947 ], [ 104.1981389, 19.7204699 ], [ 104.1999865, 19.7214572 ], [ 104.2013835, 19.7221121 ], [ 104.2035164, 19.7229662 ], [ 104.205267, 19.723553 ], [ 104.2067229, 19.7239803 ], [ 104.208207, 19.7242961 ], [ 104.210525, 19.7246979 ], [ 104.2177573, 19.7261773 ], [ 104.2184746, 19.7263105 ], [ 104.2303791, 19.7282964 ], [ 104.2324776, 19.7285334 ], [ 104.2345893, 19.7285479 ], [ 104.235765, 19.7284938 ], [ 104.2376011, 19.7283242 ], [ 104.2394138, 19.7279862 ], [ 104.2411876, 19.7274828 ], [ 104.2429076, 19.7268181 ], [ 104.244559, 19.7259978 ], [ 104.2452714, 19.725602 ], [ 104.2455222, 19.7254478 ], [ 104.2492219, 19.7250467 ], [ 104.2527738, 19.7246617 ], [ 104.2550477, 19.7242816 ], [ 104.2552356, 19.7242389 ], [ 104.2552467, 19.7242416 ], [ 104.2559488, 19.7243834 ], [ 104.2588642, 19.7247519 ], [ 104.2593922, 19.7247795 ], [ 104.2614792, 19.7247796 ], [ 104.2635549, 19.7245621 ], [ 104.2640851, 19.7244784 ], [ 104.2658383, 19.7241206 ], [ 104.2675525, 19.7236076 ], [ 104.269214, 19.7229434 ], [ 104.269609, 19.7227646 ], [ 104.2711896, 19.7219629 ], [ 104.272693, 19.7210244 ], [ 104.2741075, 19.7199566 ], [ 104.2754218, 19.7187677 ], [ 104.2763995, 19.7178012 ], [ 104.2772374, 19.716921 ], [ 104.2774115, 19.7167266 ], [ 104.2826219, 19.715888 ], [ 104.2831646, 19.7157929 ], [ 104.285111, 19.7154244 ], [ 104.2908568, 19.7171428 ], [ 104.2917432, 19.7173859 ], [ 104.2934968, 19.7178237 ], [ 104.2954989, 19.7182163 ], [ 104.2975305, 19.7184029 ], [ 104.2990955, 19.7184664 ], [ 104.3018666, 19.7183865 ], [ 104.3034749, 19.7182281 ], [ 104.3041087, 19.7181554 ], [ 104.3053647, 19.7179911 ], [ 104.3074189, 19.7176124 ], [ 104.3094224, 19.7170215 ], [ 104.3113534, 19.7162249 ], [ 104.3121831, 19.7158307 ], [ 104.313774, 19.714985 ], [ 104.3152823, 19.7139996 ], [ 104.3166958, 19.7128824 ], [ 104.3174568, 19.7122231 ], [ 104.3179027, 19.7119085 ], [ 104.3234294, 19.7084829 ], [ 104.3265235, 19.7065785 ], [ 104.3286141, 19.705308 ], [ 104.3297657, 19.7045442 ], [ 104.3319578, 19.70618 ], [ 104.3343005, 19.7076862 ], [ 104.3369044, 19.7091145 ], [ 104.338469, 19.709886 ], [ 104.3422861, 19.7115653 ], [ 104.3443825, 19.7123507 ], [ 104.3465535, 19.7128969 ], [ 104.3478641, 19.7131496 ], [ 104.3500584, 19.7134478 ], [ 104.3511528, 19.7135352 ], [ 104.3528197, 19.7135986 ], [ 104.3544861, 19.7135228 ], [ 104.354923, 19.7134662 ], [ 104.3550638, 19.7135522 ], [ 104.3565589, 19.7143618 ], [ 104.3577596, 19.7149607 ], [ 104.3583876, 19.7152481 ], [ 104.3604964, 19.7160723 ], [ 104.3626849, 19.7166528 ], [ 104.364925, 19.7169823 ], [ 104.3658734, 19.7170673 ], [ 104.3673459, 19.7171447 ], [ 104.3688202, 19.7171133 ], [ 104.3725264, 19.7168977 ], [ 104.3757743, 19.7167081 ], [ 104.376935, 19.7172906 ], [ 104.3788677, 19.7181534 ], [ 104.3807146, 19.7188704 ], [ 104.3826233, 19.7194012 ], [ 104.3846124, 19.7198495 ], [ 104.3869586, 19.7202334 ], [ 104.3893338, 19.7203363 ], [ 104.3894062, 19.7203351 ], [ 104.3896355, 19.7205368 ], [ 104.3914158, 19.7217878 ], [ 104.3933216, 19.722838 ], [ 104.3952049, 19.723746 ], [ 104.3966136, 19.7243597 ], [ 104.3980654, 19.7248634 ], [ 104.4011902, 19.7258148 ], [ 104.4038763, 19.7264341 ], [ 104.4097053, 19.7273605 ], [ 104.4116791, 19.7275744 ], [ 104.4136643, 19.7275916 ], [ 104.4152731, 19.7275256 ], [ 104.417156, 19.7273589 ], [ 104.4190148, 19.7270153 ], [ 104.4208328, 19.7264976 ], [ 104.4225939, 19.7258107 ], [ 104.4242822, 19.7249606 ], [ 104.4258828, 19.7239548 ], [ 104.426919, 19.7232332 ], [ 104.428445, 19.7220574 ], [ 104.4298509, 19.7207402 ], [ 104.4325816, 19.7179228 ], [ 104.4327425, 19.7177549 ], [ 104.4339074, 19.7165247 ], [ 104.4359709, 19.7143456 ], [ 104.4372741, 19.7128233 ], [ 104.4384185, 19.7111782 ], [ 104.4393926, 19.7094269 ], [ 104.4401864, 19.7075868 ], [ 104.4407922, 19.7056766 ], [ 104.4409492, 19.7050791 ], [ 104.4413508, 19.7031801 ], [ 104.4415664, 19.7012512 ], [ 104.441594, 19.6993104 ], [ 104.4414334, 19.6973761 ], [ 104.4413692, 19.6968903 ], [ 104.4409726, 19.6947739 ], [ 104.4409295, 19.6946309 ], [ 104.440969, 19.6944931 ], [ 104.4411844, 19.6935224 ], [ 104.4433644, 19.6934703 ], [ 104.4461187, 19.6932131 ], [ 104.4471446, 19.6930451 ], [ 104.4490191, 19.6926451 ], [ 104.4508466, 19.6920675 ], [ 104.4526105, 19.6913176 ], [ 104.4542944, 19.6904023 ], [ 104.4558831, 19.68933 ], [ 104.4568065, 19.6886401 ], [ 104.4583007, 19.6875239 ], [ 104.4596727, 19.686401 ], [ 104.4609399, 19.685161 ], [ 104.4620922, 19.6838137 ], [ 104.4625908, 19.6831755 ], [ 104.4637112, 19.6815881 ], [ 104.4646723, 19.6798994 ], [ 104.465465, 19.6781254 ], [ 104.4660819, 19.676283 ], [ 104.466517, 19.6743893 ], [ 104.4665661, 19.6740099 ], [ 104.4667896, 19.6741348 ], [ 104.46862, 19.6749294 ], [ 104.4705204, 19.6755377 ], [ 104.472472, 19.6759537 ], [ 104.4744554, 19.676173 ], [ 104.4764507, 19.6761936 ], [ 104.476865, 19.6761772 ], [ 104.4789227, 19.675989 ], [ 104.48095, 19.6755894 ], [ 104.4829252, 19.6749828 ], [ 104.4837159, 19.6746944 ], [ 104.4841694, 19.6746618 ], [ 104.4863716, 19.6745767 ], [ 104.4869969, 19.6745427 ], [ 104.4902153, 19.6743173 ], [ 104.492044, 19.6741043 ], [ 104.4938454, 19.673724 ], [ 104.4956041, 19.6731797 ], [ 104.4965844, 19.6728261 ], [ 104.4984693, 19.6720352 ], [ 104.5002636, 19.671056 ], [ 104.5015868, 19.6702435 ], [ 104.5017704, 19.6701307 ], [ 104.5033463, 19.6690556 ], [ 104.5048126, 19.6678353 ], [ 104.5057038, 19.6670186 ], [ 104.5071787, 19.6655167 ], [ 104.5084876, 19.6638682 ], [ 104.5090183, 19.6631223 ], [ 104.5091425, 19.6629476 ], [ 104.5101984, 19.6612962 ], [ 104.5110875, 19.6595495 ], [ 104.5118015, 19.6577241 ], [ 104.5123333, 19.6558376 ], [ 104.5126502, 19.6544578 ], [ 104.5129839, 19.6526116 ], [ 104.5131432, 19.6507423 ], [ 104.5131445, 19.650708 ], [ 104.513182, 19.6506823 ], [ 104.5146929, 19.6495362 ], [ 104.5160884, 19.6482522 ], [ 104.517356, 19.6468417 ], [ 104.5191233, 19.6446771 ], [ 104.5206526, 19.6425294 ], [ 104.5215551, 19.6410665 ], [ 104.5222782, 19.6397603 ], [ 104.5238708, 19.6390203 ], [ 104.5253558, 19.6382532 ], [ 104.527666, 19.6369348 ], [ 104.5305659, 19.6353024 ], [ 104.5308544, 19.6351322 ], [ 104.5310915, 19.6353413 ], [ 104.5328091, 19.6365607 ], [ 104.5346455, 19.6375927 ], [ 104.5365801, 19.6384258 ], [ 104.5385917, 19.6390508 ], [ 104.5395613, 19.6392969 ], [ 104.5416448, 19.6397094 ], [ 104.5437604, 19.6398986 ], [ 104.5458841, 19.6398624 ], [ 104.5464204, 19.6398247 ], [ 104.548251, 19.6396109 ], [ 104.5500541, 19.6392294 ], [ 104.5518145, 19.6386837 ], [ 104.5535171, 19.6379781 ], [ 104.5551476, 19.6371189 ], [ 104.5558364, 19.6367143 ], [ 104.5571764, 19.6358229 ], [ 104.5576551, 19.6363904 ], [ 104.5593044, 19.6381474 ], [ 104.5608273, 19.6396071 ], [ 104.5624954, 19.6408983 ], [ 104.5657672, 19.6431654 ], [ 104.567339, 19.6441499 ], [ 104.5689953, 19.6449846 ], [ 104.576485, 19.6483331 ], [ 104.5781246, 19.648981 ], [ 104.5821181, 19.6503589 ], [ 104.5837233, 19.6508386 ], [ 104.585363, 19.6511822 ], [ 104.5870257, 19.6513873 ], [ 104.58889, 19.6515384 ], [ 104.5974999, 19.6530757 ], [ 104.5998402, 19.6534936 ], [ 104.6003648, 19.6535801 ], [ 104.6039176, 19.6541175 ], [ 104.6056983, 19.654453 ], [ 104.6074349, 19.6547019 ], [ 104.6091866, 19.6547976 ], [ 104.6109399, 19.6547395 ], [ 104.6126814, 19.654528 ], [ 104.6139512, 19.6543169 ], [ 104.6160116, 19.6538616 ], [ 104.6180125, 19.6531917 ], [ 104.6199317, 19.6523147 ], [ 104.6217478, 19.6512404 ], [ 104.6234406, 19.6499807 ], [ 104.6242423, 19.6493157 ], [ 104.6251608, 19.6492602 ], [ 104.6249251, 19.6502612 ], [ 104.6246747, 19.6519895 ], [ 104.624576, 19.6537331 ], [ 104.6246297, 19.6554787 ], [ 104.6247883, 19.6576047 ], [ 104.6250485, 19.659656 ], [ 104.6255191, 19.6616694 ], [ 104.6261951, 19.6636235 ], [ 104.6270693, 19.6654974 ], [ 104.6278479, 19.6669635 ], [ 104.6288053, 19.6685785 ], [ 104.62991, 19.6700966 ], [ 104.6311522, 19.6715044 ], [ 104.6325209, 19.6727896 ], [ 104.634004, 19.6739407 ], [ 104.6362177, 19.675498 ], [ 104.6379818, 19.6766063 ], [ 104.6392221, 19.6772158 ], [ 104.6394801, 19.6782228 ], [ 104.6401014, 19.6799618 ], [ 104.6405691, 19.681102 ], [ 104.6406128, 19.6812086 ], [ 104.6415021, 19.6830925 ], [ 104.6425825, 19.6848736 ], [ 104.6438423, 19.6865328 ], [ 104.6449882, 19.687889 ], [ 104.645623, 19.6885757 ], [ 104.6455023, 19.6887998 ], [ 104.6442737, 19.6909954 ], [ 104.6434691, 19.6925977 ], [ 104.6428113, 19.6942657 ], [ 104.6423056, 19.6959859 ], [ 104.6419559, 19.6977445 ], [ 104.6416818, 19.6995406 ], [ 104.6414778, 19.7015609 ], [ 104.6414796, 19.7035914 ], [ 104.6416874, 19.7056113 ], [ 104.6420989, 19.7075998 ], [ 104.6427099, 19.7095362 ], [ 104.643514, 19.7114007 ], [ 104.6445032, 19.7131741 ], [ 104.6448827, 19.71378 ], [ 104.6461171, 19.7155342 ], [ 104.6475324, 19.7171462 ], [ 104.6491121, 19.7185973 ], [ 104.6508382, 19.7198708 ], [ 104.6526907, 19.7209522 ], [ 104.6538014, 19.721523 ], [ 104.656288, 19.7225948 ], [ 104.6586124, 19.723415 ], [ 104.6589064, 19.7235078 ], [ 104.6591257, 19.7236785 ], [ 104.6608132, 19.7251699 ], [ 104.6616336, 19.725895 ], [ 104.6619818, 19.7261958 ], [ 104.6634965, 19.7274736 ], [ 104.6635826, 19.7275463 ], [ 104.663853, 19.7278576 ], [ 104.6639058, 19.7280105 ], [ 104.6645658, 19.7296765 ], [ 104.6653722, 19.7312768 ], [ 104.6663187, 19.7327984 ], [ 104.6673976, 19.7342292 ], [ 104.6682093, 19.7352109 ], [ 104.6695928, 19.7367198 ], [ 104.6711233, 19.7380793 ], [ 104.6727848, 19.7392753 ], [ 104.6745598, 19.7402951 ], [ 104.6760572, 19.7410563 ], [ 104.6778045, 19.7418416 ], [ 104.6795779, 19.7425386 ], [ 104.679667, 19.7425736 ], [ 104.6797374, 19.7427625 ], [ 104.680596, 19.7447346 ], [ 104.6816095, 19.7467578 ], [ 104.6825094, 19.7483649 ], [ 104.6835534, 19.7498824 ], [ 104.6847325, 19.7512974 ], [ 104.6860368, 19.752598 ], [ 104.6874553, 19.753773 ], [ 104.6941433, 19.7588126 ], [ 104.6954442, 19.7597145 ], [ 104.6989389, 19.7619377 ], [ 104.7009477, 19.7632155 ], [ 104.7012898, 19.7635103 ], [ 104.7061192, 19.7683588 ], [ 104.7072865, 19.769441 ], [ 104.7088238, 19.7707564 ], [ 104.7105194, 19.772057 ], [ 104.7123441, 19.7731693 ], [ 104.7142771, 19.7740805 ], [ 104.7159227, 19.7747513 ], [ 104.7173447, 19.7752691 ], [ 104.7188018, 19.7756779 ], [ 104.720646, 19.7761208 ], [ 104.7224774, 19.7764713 ], [ 104.7243335, 19.7766496 ], [ 104.7258622, 19.7767249 ], [ 104.7263507, 19.776749 ], [ 104.7284215, 19.7767439 ], [ 104.7304806, 19.7765247 ], [ 104.7323372, 19.7762292 ], [ 104.7339866, 19.775895 ], [ 104.7356021, 19.7754232 ], [ 104.7363861, 19.775158 ], [ 104.737830921114721, 19.774595404910286 ], [ 104.726568295738986, 19.761702648180922 ] ] ] ] } }
]
}
