{
"type": "FeatureCollection",
"name": "2026-09-05",
"crs": { "type": "name", "properties": { "name": "urn:ogc:def:crs:OGC:1.3:CRS84" } },
"features": [
{ "type": "Feature", "properties": { }, "geometry": { "type": "MultiPolygon", "coordinates": [ [ [ [ 106.884195634277546, 11.575021759972564 ], [ 106.906174995537143, 11.661632941408307 ], [ 106.99323523131747, 12.132360424115234 ], [ 106.9973929, 12.1357849 ], [ 106.9990031, 12.1369808 ], [ 107.0007249, 12.1380094 ], [ 107.0025411, 12.1388604 ], [ 107.0122084, 12.1428118 ], [ 107.0161084, 12.1444059 ], [ 107.0298087, 12.1500057 ], [ 107.029823, 12.1500115 ], [ 107.0323169, 12.1559815 ], [ 107.0333809, 12.1581501 ], [ 107.0357314, 12.1622883 ], [ 107.0367853, 12.1639481 ], [ 107.0379971, 12.1654963 ], [ 107.0421779, 12.1703286 ], [ 107.0422254, 12.1703836 ], [ 107.0424374, 12.1706287 ], [ 107.0437515, 12.1720092 ], [ 107.045191, 12.1732583 ], [ 107.0467428, 12.1743647 ], [ 107.0485495, 12.1755271 ], [ 107.0484543, 12.1763599 ], [ 107.0484174, 12.1782435 ], [ 107.0485578, 12.1801223 ], [ 107.0489093, 12.1829953 ], [ 107.0492954, 12.1851578 ], [ 107.0499164, 12.1872649 ], [ 107.0507646, 12.1892912 ], [ 107.0532932, 12.194507 ], [ 107.0540331, 12.1958918 ], [ 107.0548792, 12.1972143 ], [ 107.0565095, 12.1995546 ], [ 107.0576235, 12.2010071 ], [ 107.0588656, 12.2023517 ], [ 107.0602254, 12.2035771 ], [ 107.0616915, 12.204673 ], [ 107.0632517, 12.2056303 ], [ 107.0648929, 12.206441 ], [ 107.0666014, 12.2070982 ], [ 107.0676936, 12.2074619 ], [ 107.069731, 12.2080227 ], [ 107.0718163, 12.2083654 ], [ 107.073926, 12.2084861 ], [ 107.0747114, 12.2084895 ], [ 107.0751986, 12.2084917 ], [ 107.0772798, 12.2083925 ], [ 107.0776469, 12.2083363 ], [ 107.0778541, 12.2089845 ], [ 107.0792945, 12.2131186 ], [ 107.0801132, 12.2151147 ], [ 107.0811422, 12.2170109 ], [ 107.0823694, 12.2187853 ], [ 107.0841825, 12.2211261 ], [ 107.0855141, 12.222675 ], [ 107.0869967, 12.2240799 ], [ 107.0935363, 12.2296715 ], [ 107.0940512, 12.2300971 ], [ 107.0984693, 12.2336263 ], [ 107.1002182, 12.2350233 ], [ 107.1090646, 12.2420899 ], [ 107.1108542, 12.243365 ], [ 107.1127551, 12.2444261 ], [ 107.1200696, 12.252021 ], [ 107.1217398, 12.2550391 ], [ 107.1230894, 12.257478 ], [ 107.1241049, 12.2593129 ], [ 107.1251723, 12.2612415 ], [ 107.125951, 12.2633247 ], [ 107.1263668, 12.2644375 ], [ 107.1264258, 12.2645932 ], [ 107.1266968, 12.2653005 ], [ 107.1281347, 12.2690524 ], [ 107.1291877, 12.2718003 ], [ 107.1302143, 12.2744795 ], [ 107.1302322, 12.274526 ], [ 107.1320366, 12.2791999 ], [ 107.1328512, 12.2810312 ], [ 107.1338451, 12.2827717 ], [ 107.1350081, 12.284404 ], [ 107.1363287, 12.2859117 ], [ 107.1377263, 12.2873547 ], [ 107.1390464, 12.2887176 ], [ 107.1404495, 12.2901661 ], [ 107.1404575, 12.2901744 ], [ 107.140458, 12.2901748 ], [ 107.1404836, 12.2902013 ], [ 107.1404849, 12.2902 ], [ 107.1419802, 12.2915977 ], [ 107.1436428, 12.2928548 ], [ 107.1454272, 12.293932 ], [ 107.1473139, 12.2948177 ], [ 107.1492827, 12.2955022 ], [ 107.1555133, 12.2973106 ], [ 107.1578625, 12.2978415 ], [ 107.1579959, 12.2978633 ], [ 107.1606687, 12.2982988 ], [ 107.1645882, 12.2992796 ], [ 107.1657061, 12.2995592 ], [ 107.1659054, 12.299609 ], [ 107.1682605, 12.3005302 ], [ 107.1684133, 12.3007672 ], [ 107.1695559, 12.3025393 ], [ 107.1708704, 12.3043476 ], [ 107.1739564, 12.3081287 ], [ 107.1752526, 12.3095684 ], [ 107.1766819, 12.3108759 ], [ 107.178231, 12.3120391 ], [ 107.1798853, 12.3130469 ], [ 107.1827066, 12.3145834 ], [ 107.1846176, 12.3154964 ], [ 107.1866145, 12.3162023 ], [ 107.1886748, 12.316693 ], [ 107.1926851, 12.3174263 ], [ 107.1930282, 12.317486 ], [ 107.1996499, 12.318578 ], [ 107.2030556, 12.3191394 ], [ 107.2049214, 12.3193576 ], [ 107.2067995, 12.3193998 ], [ 107.2110096, 12.3192965 ], [ 107.2129536, 12.3191538 ], [ 107.2148745, 12.3188225 ], [ 107.217248, 12.3182929 ], [ 107.2195605, 12.3176286 ], [ 107.2224112, 12.3166205 ], [ 107.222691, 12.3165215 ], [ 107.224097, 12.3171957 ], [ 107.2314725, 12.3223512 ], [ 107.2323131, 12.3229389 ], [ 107.2338577, 12.3240185 ], [ 107.2350405, 12.3247847 ], [ 107.2395855, 12.3275064 ], [ 107.2406031, 12.3281157 ], [ 107.2427849, 12.3294222 ], [ 107.2432073, 12.3296752 ], [ 107.2457407, 12.3311923 ], [ 107.2461471, 12.3314356 ], [ 107.2498663, 12.3356342 ], [ 107.2506797, 12.3366766 ], [ 107.2522357, 12.3384454 ], [ 107.2532654, 12.3394854 ], [ 107.2548216, 12.3409 ], [ 107.2565178, 12.3421434 ], [ 107.2583351, 12.3432018 ], [ 107.2594694, 12.3437848 ], [ 107.261431, 12.3446631 ], [ 107.2634754, 12.3453259 ], [ 107.2655792, 12.3457655 ], [ 107.2674232, 12.3460484 ], [ 107.2695607, 12.3462597 ], [ 107.2717086, 12.3462404 ], [ 107.2738421, 12.345991 ], [ 107.2759365, 12.3455141 ], [ 107.2769486, 12.3452257 ], [ 107.2776492, 12.3457155 ], [ 107.2797715, 12.3468469 ], [ 107.2812344, 12.3475171 ], [ 107.2828955, 12.3481897 ], [ 107.2869261, 12.3496153 ], [ 107.2883657, 12.3500642 ], [ 107.2912229, 12.3508382 ], [ 107.2922981, 12.3510978 ], [ 107.301513, 12.3530545 ], [ 107.3034298, 12.3533652 ], [ 107.3053677, 12.3534885 ], [ 107.3073084, 12.3534232 ], [ 107.3092336, 12.3531701 ], [ 107.3111252, 12.3527315 ], [ 107.3129654, 12.3521116 ], [ 107.3147368, 12.3513161 ], [ 107.3164226, 12.3503525 ], [ 107.318894, 12.3487761 ], [ 107.3194275, 12.3484358 ], [ 107.3209536, 12.3473589 ], [ 107.3223725, 12.3461443 ], [ 107.3231907, 12.3452995 ], [ 107.3276714, 12.3463627 ], [ 107.3287748, 12.3468855 ], [ 107.3304213, 12.3474952 ], [ 107.3321149, 12.3479582 ], [ 107.3338427, 12.3482709 ], [ 107.33883, 12.3489489 ], [ 107.3405017, 12.3491763 ], [ 107.3424536, 12.3493449 ], [ 107.3444127, 12.3493217 ], [ 107.3463602, 12.3491069 ], [ 107.3494816, 12.3486069 ], [ 107.3511699, 12.3482613 ], [ 107.3528223, 12.3477716 ], [ 107.3544263, 12.3471414 ], [ 107.3559702, 12.3463755 ], [ 107.3578108, 12.3453613 ], [ 107.3597347, 12.3443013 ], [ 107.3614561, 12.3432358 ], [ 107.363061, 12.3420018 ], [ 107.3648236, 12.3404986 ], [ 107.367526, 12.3384985 ], [ 107.3683705, 12.3378378 ], [ 107.3706374, 12.335964 ], [ 107.3759082, 12.3316071 ], [ 107.3761681, 12.3313885 ], [ 107.3771418, 12.3305554 ], [ 107.3820216, 12.3263801 ], [ 107.3831061, 12.3253806 ], [ 107.3841141, 12.3243039 ], [ 107.3888302, 12.318878 ], [ 107.3903384, 12.3171427 ], [ 107.3914718, 12.3157119 ], [ 107.3924699, 12.3141836 ], [ 107.3933246, 12.3125708 ], [ 107.3955279, 12.3079105 ], [ 107.3962526, 12.3061696 ], [ 107.3964798, 12.3055419 ], [ 107.3977572, 12.3020137 ], [ 107.3982702, 12.3005968 ], [ 107.4003953, 12.2960462 ], [ 107.4012659, 12.2938529 ], [ 107.4018722, 12.2915724 ], [ 107.4027296, 12.2873599 ], [ 107.40455, 12.2839467 ], [ 107.4048637, 12.2833585 ], [ 107.4076956, 12.2798595 ], [ 107.4100892, 12.2775913 ], [ 107.4148177, 12.2744905 ], [ 107.4196742, 12.2716955 ], [ 107.420065, 12.2717762 ], [ 107.4204018, 12.2759761 ], [ 107.4205239, 12.2774997 ], [ 107.4210487, 12.2846439 ], [ 107.4211613, 12.2857526 ], [ 107.421894, 12.2913983 ], [ 107.422243, 12.2933351 ], [ 107.4227807, 12.2952282 ], [ 107.4235018, 12.2970593 ], [ 107.4243993, 12.2988106 ], [ 107.4254646, 12.3004653 ], [ 107.4266874, 12.3020073 ], [ 107.4280559, 12.3034216 ], [ 107.4305607, 12.3057676 ], [ 107.4307107, 12.305908 ], [ 107.4320466, 12.3070521 ], [ 107.4334778, 12.3080744 ], [ 107.4349933, 12.308967 ], [ 107.435655, 12.3093184 ], [ 107.4379564, 12.3105411 ], [ 107.4399903, 12.3114796 ], [ 107.4445521, 12.313282 ], [ 107.4461257, 12.3138291 ], [ 107.4477393, 12.3142433 ], [ 107.4499209, 12.3147075 ], [ 107.4499966, 12.3153572 ], [ 107.4504197, 12.3172934 ], [ 107.4510323, 12.3191782 ], [ 107.4518284, 12.3209931 ], [ 107.4528002, 12.3227204 ], [ 107.4539383, 12.3243429 ], [ 107.4552313, 12.3258449 ], [ 107.4566666, 12.3272115 ], [ 107.4582302, 12.3284294 ], [ 107.4599066, 12.3294865 ], [ 107.4616794, 12.3303725 ], [ 107.4913194, 12.343393 ], [ 107.4921332, 12.3437293 ], [ 107.4942247, 12.3445403 ], [ 107.4953425, 12.3453898 ], [ 107.496655, 12.3467704 ], [ 107.4979193, 12.3482338 ], [ 107.4995512, 12.3499132 ], [ 107.5034115, 12.3534462 ], [ 107.504899, 12.3546809 ], [ 107.5064988, 12.3557663 ], [ 107.513049, 12.3597621 ], [ 107.5136348, 12.3601059 ], [ 107.5219869, 12.3648194 ], [ 107.5229494, 12.3653286 ], [ 107.5251201, 12.3664023 ], [ 107.5248635, 12.3682139 ], [ 107.5247862, 12.3702771 ], [ 107.5249221, 12.3723372 ], [ 107.5252697, 12.3743724 ], [ 107.5258252, 12.3763609 ], [ 107.5271693, 12.3803624 ], [ 107.5278686, 12.3821539 ], [ 107.5287367, 12.3838699 ], [ 107.5297656, 12.3854946 ], [ 107.5302482, 12.3861155 ], [ 107.5268211, 12.3988964 ], [ 107.5263419, 12.4012324 ], [ 107.5261442, 12.4036089 ], [ 107.5258567, 12.4159067 ], [ 107.5259214, 12.418048 ], [ 107.5262147, 12.4201701 ], [ 107.5267334, 12.4222486 ], [ 107.5274714, 12.4242598 ], [ 107.5279421, 12.4253569 ], [ 107.5308357, 12.4321005 ], [ 107.5317137, 12.4338941 ], [ 107.5327662, 12.4355911 ], [ 107.5352388, 12.439166 ], [ 107.5367246, 12.4419769 ], [ 107.5374009, 12.4432563 ], [ 107.5387485, 12.4458057 ], [ 107.5405487, 12.4492714 ], [ 107.5421337, 12.4524737 ], [ 107.5421408, 12.452488 ], [ 107.5437475, 12.4557343 ], [ 107.5438729, 12.4559875 ], [ 107.5443995, 12.4570514 ], [ 107.5445708, 12.4611673 ], [ 107.5441436, 12.4692703 ], [ 107.5441159, 12.4702802 ], [ 107.5441114, 12.4723793 ], [ 107.5442301, 12.474598 ], [ 107.5445941, 12.4767897 ], [ 107.5447955, 12.4776897 ], [ 107.5453541, 12.4796916 ], [ 107.5461175, 12.4816246 ], [ 107.5470773, 12.483468 ], [ 107.5482232, 12.4852018 ], [ 107.5495429, 12.4868074 ], [ 107.551022, 12.4882673 ], [ 107.5526447, 12.4895658 ], [ 107.5537612, 12.4903678 ], [ 107.5539996, 12.4905209 ], [ 107.5531814, 12.4917005 ], [ 107.5523167, 12.4932136 ], [ 107.5515869, 12.4947962 ], [ 107.550627, 12.4971418 ], [ 107.5499521, 12.4987905 ], [ 107.5492217, 12.5009053 ], [ 107.5490515, 12.5015049 ], [ 107.5485393, 12.5033095 ], [ 107.5474809, 12.5070386 ], [ 107.5453034, 12.5125741 ], [ 107.5447611, 12.5141402 ], [ 107.5443504, 12.5157459 ], [ 107.544074, 12.5173801 ], [ 107.5437294, 12.5200985 ], [ 107.5435822, 12.5219315 ], [ 107.5436041, 12.5237703 ], [ 107.5437947, 12.5255992 ], [ 107.543921, 12.5264358 ], [ 107.5445645, 12.5306982 ], [ 107.5449164, 12.5324775 ], [ 107.5454279, 12.5342177 ], [ 107.5460951, 12.5359043 ], [ 107.5469122, 12.5375236 ], [ 107.5478728, 12.5390622 ], [ 107.561973, 12.5595205 ], [ 107.5628924, 12.5607505 ], [ 107.5633549, 12.5612793 ], [ 107.5632812, 12.5614035 ], [ 107.562485, 12.562882 ], [ 107.5618158, 12.5644221 ], [ 107.5603332, 12.5682678 ], [ 107.5597873, 12.5698866 ], [ 107.5593815, 12.5715461 ], [ 107.5591189, 12.5732342 ], [ 107.5587044, 12.5769321 ], [ 107.5585891, 12.5785539 ], [ 107.55848, 12.5821525 ], [ 107.5585286, 12.5842775 ], [ 107.5586771, 12.5862272 ], [ 107.5589962, 12.5885725 ], [ 107.5599021, 12.5931728 ], [ 107.5604035, 12.5951703 ], [ 107.5611076, 12.5971056 ], [ 107.5612547, 12.5974531 ], [ 107.5617837, 12.6038671 ], [ 107.5615625, 12.6057633 ], [ 107.5567922, 12.6149943 ], [ 107.5543347, 12.6197501 ], [ 107.5527286, 12.6228582 ], [ 107.5519897, 12.6244568 ], [ 107.5513944, 12.6261143 ], [ 107.5509471, 12.6278177 ], [ 107.5478528, 12.6421448 ], [ 107.5475448, 12.6439817 ], [ 107.5474091, 12.6458393 ], [ 107.5474467, 12.6477015 ], [ 107.5478412, 12.6536007 ], [ 107.5478878, 12.6541736 ], [ 107.5490326, 12.6661228 ], [ 107.5492686, 12.6678182 ], [ 107.5496487, 12.6694872 ], [ 107.5501702, 12.6711176 ], [ 107.5514976, 12.6747277 ], [ 107.5537312, 12.682861 ], [ 107.5507927, 12.6862753 ], [ 107.5456575, 12.6922411 ], [ 107.5445612, 12.6936352 ], [ 107.5435928, 12.6951209 ], [ 107.5420599, 12.6977174 ], [ 107.5407753, 12.7003033 ], [ 107.5397522, 12.7028007 ], [ 107.5391577, 12.7044559 ], [ 107.5387109, 12.7061569 ], [ 107.5384153, 12.7078906 ], [ 107.5380011, 12.711189 ], [ 107.5378475, 12.7133801 ], [ 107.5379351, 12.7155748 ], [ 107.5382628, 12.7177467 ], [ 107.5388268, 12.7198696 ], [ 107.5397872, 12.722821 ], [ 107.5407721, 12.7252806 ], [ 107.5425959, 12.7290836 ], [ 107.5434775, 12.7306957 ], [ 107.5423773, 12.7328457 ], [ 107.5416119, 12.7345291 ], [ 107.5410053, 12.7362759 ], [ 107.5405626, 12.7380713 ], [ 107.5393527, 12.7441809 ], [ 107.5390316, 12.746519 ], [ 107.5380468, 12.7592115 ], [ 107.5379924, 12.7612285 ], [ 107.5381415, 12.7632407 ], [ 107.5393959, 12.77327 ], [ 107.5393859, 12.7778797 ], [ 107.5394844, 12.7799058 ], [ 107.5396, 12.781066 ], [ 107.5402778, 12.7878674 ], [ 107.5404904, 12.7900014 ], [ 107.5400024, 12.7915866 ], [ 107.5399983, 12.7915998 ], [ 107.5380943, 12.7953937 ], [ 107.5360495, 12.7987751 ], [ 107.5353784, 12.7998849 ], [ 107.5342901, 12.8019474 ], [ 107.5337147, 12.8032115 ], [ 107.5287807, 12.8118191 ], [ 107.5284881, 12.8123294 ], [ 107.5284832, 12.8123381 ], [ 107.5158495, 12.8265215 ], [ 107.5107212, 12.8322789 ], [ 107.5088612, 12.8343671 ], [ 107.5085292, 12.8347495 ], [ 107.5013393, 12.8432452 ], [ 107.497617, 12.8476436 ], [ 107.4887118, 12.8581661 ], [ 107.486067, 12.8605778 ], [ 107.4846293, 12.8620301 ], [ 107.4833474, 12.8636214 ], [ 107.4822345, 12.8653353 ], [ 107.4813023, 12.8671538 ], [ 107.4790655, 12.872128 ], [ 107.4783852, 12.8738498 ], [ 107.477867, 12.8756272 ], [ 107.4762606, 12.8822667 ], [ 107.4751895, 12.8852227 ], [ 107.474558, 12.8873167 ], [ 107.4741589, 12.889467 ], [ 107.473997, 12.8916482 ], [ 107.4739646, 12.8933183 ], [ 107.4738371, 12.8998781 ], [ 107.4738017, 12.9016982 ], [ 107.4738215, 12.903059 ], [ 107.4740696, 12.9081586 ], [ 107.4740813, 12.9083742 ], [ 107.4743945, 12.9136408 ], [ 107.4728097, 12.9197611 ], [ 107.4723037, 12.9224758 ], [ 107.4721704, 12.9236278 ], [ 107.4720484, 12.9252742 ], [ 107.4720627, 12.9269251 ], [ 107.4722131, 12.9285692 ], [ 107.4724514, 12.9303569 ], [ 107.4703887, 12.9327267 ], [ 107.4691928, 12.9342427 ], [ 107.4681486, 12.935867 ], [ 107.4672659, 12.9375843 ], [ 107.4665529, 12.9393788 ], [ 107.4659025, 12.9412784 ], [ 107.4646225, 12.9450161 ], [ 107.4640293, 12.9471155 ], [ 107.4636683, 12.9492671 ], [ 107.4635438, 12.9514451 ], [ 107.4635299, 12.9569208 ], [ 107.4636157, 12.9588229 ], [ 107.4638819, 12.9607081 ], [ 107.4643263, 12.9625595 ], [ 107.4649447, 12.9643603 ], [ 107.4657315, 12.9660941 ], [ 107.4666796, 12.9677452 ], [ 107.4677804, 12.9692986 ], [ 107.4690239, 12.9707404 ], [ 107.470399, 12.9720574 ], [ 107.4729193, 12.9742511 ], [ 107.4804006, 12.9807627 ], [ 107.4795232, 12.9826536 ], [ 107.4754136, 12.991511 ], [ 107.4731351, 12.9964218 ], [ 107.4715545, 12.9998282 ], [ 107.4712627, 13.0005769 ], [ 107.46587, 13.0121852 ], [ 107.4653065, 13.0132943 ], [ 107.4646177, 13.0150375 ], [ 107.4640951, 13.0168375 ], [ 107.4637433, 13.0186786 ], [ 107.4635654, 13.0205445 ], [ 107.463563, 13.0224189 ], [ 107.463736, 13.0242852 ], [ 107.464083, 13.0261272 ], [ 107.4654906, 13.0320566 ], [ 107.4660042, 13.0338454 ], [ 107.4680739, 13.0399643 ], [ 107.4684393, 13.0409572 ], [ 107.470323, 13.0456861 ], [ 107.4714633, 13.0480752 ], [ 107.4731406, 13.051063 ], [ 107.4793448, 13.0643082 ], [ 107.4906496, 13.0908269 ], [ 107.4906739, 13.0908837 ], [ 107.4926693, 13.0955247 ], [ 107.4926996, 13.0955948 ], [ 107.4940906, 13.0987963 ], [ 107.4998708, 13.1120995 ], [ 107.5000479, 13.1124955 ], [ 107.5071001, 13.1278088 ], [ 107.516543, 13.1509853 ], [ 107.5168688, 13.1517402 ], [ 107.5220186, 13.1630281 ], [ 107.5296977, 13.1810548 ], [ 107.5347968, 13.1930229 ], [ 107.53486, 13.1931696 ], [ 107.5463109, 13.2194617 ], [ 107.546355, 13.2195621 ], [ 107.5596129, 13.249553 ], [ 107.5727427, 13.2800879 ], [ 107.5727598, 13.2801276 ], [ 107.5858989, 13.3105033 ], [ 107.5863564, 13.311561 ], [ 107.5870659, 13.3132039 ], [ 107.599816, 13.3427237 ], [ 107.59985, 13.3428019 ], [ 107.6096358, 13.365196 ], [ 107.6090911, 13.372822 ], [ 107.607635, 13.3901514 ], [ 107.6056182, 13.4111472 ], [ 107.6052121, 13.4153737 ], [ 107.6051634, 13.4159762 ], [ 107.6048208, 13.4211946 ], [ 107.6021833, 13.4508911 ], [ 107.5993867, 13.4808184 ], [ 107.5993616, 13.4811094 ], [ 107.5969806, 13.5113503 ], [ 107.5969511, 13.5117859 ], [ 107.5968098, 13.5142734 ], [ 107.5962408, 13.5242861 ], [ 107.5926271, 13.5322776 ], [ 107.5806942, 13.5551867 ], [ 107.5799043, 13.5568948 ], [ 107.5779329, 13.5617447 ], [ 107.5649163, 13.5895388 ], [ 107.5556125, 13.6076955 ], [ 107.5555052, 13.6079079 ], [ 107.5527689, 13.6134081 ], [ 107.5525098, 13.6139291 ], [ 107.5516542, 13.6159107 ], [ 107.5510171, 13.617973 ], [ 107.550606, 13.620092 ], [ 107.5498319, 13.6256806 ], [ 107.5496696, 13.6273898 ], [ 107.5489216, 13.6418254 ], [ 107.5489159, 13.6419427 ], [ 107.5482687, 13.6560329 ], [ 107.5478375, 13.6600242 ], [ 107.5451468, 13.6636948 ], [ 107.5334702, 13.6787265 ], [ 107.5323945, 13.6802534 ], [ 107.531466, 13.681874 ], [ 107.5306927, 13.6835741 ], [ 107.527861, 13.6906602 ], [ 107.5272531, 13.6924134 ], [ 107.5231151, 13.706415 ], [ 107.5153345, 13.7308797 ], [ 107.4883608, 13.7492109 ], [ 107.481386, 13.7538613 ], [ 107.480686, 13.7543499 ], [ 107.4769124, 13.7571056 ], [ 107.4676525, 13.7592022 ], [ 107.4658582, 13.7596973 ], [ 107.4641178, 13.760357 ], [ 107.4624462, 13.7611756 ], [ 107.460858, 13.7621461 ], [ 107.4548124, 13.7662383 ], [ 107.4376486, 13.7778562 ], [ 107.4361127, 13.779007 ], [ 107.4346942, 13.7802998 ], [ 107.4334061, 13.7817225 ], [ 107.4322603, 13.7832622 ], [ 107.4312674, 13.7849046 ], [ 107.4304365, 13.7866346 ], [ 107.4297752, 13.7884363 ], [ 107.4292896, 13.7902931 ], [ 107.4289843, 13.7921879 ], [ 107.428862, 13.7941032 ], [ 107.4289238, 13.7960214 ], [ 107.4291692, 13.7979249 ], [ 107.429596, 13.799796 ], [ 107.4302001, 13.8016177 ], [ 107.430976, 13.8033731 ], [ 107.4315795, 13.8045784 ], [ 107.432327, 13.8059369 ], [ 107.4365736, 13.8129931 ], [ 107.4372476, 13.814003 ], [ 107.436345, 13.8155598 ], [ 107.4354559, 13.8175775 ], [ 107.4344008, 13.8203812 ], [ 107.4338044, 13.8222353 ], [ 107.4333911, 13.8241387 ], [ 107.433165, 13.8260732 ], [ 107.4331281, 13.8280206 ], [ 107.4332807, 13.8299623 ], [ 107.4336216, 13.8318799 ], [ 107.4341473, 13.8337553 ], [ 107.434853, 13.8355707 ], [ 107.4366753, 13.8396573 ], [ 107.4375635, 13.8414118 ], [ 107.4386198, 13.8430706 ], [ 107.4398339, 13.8446177 ], [ 107.441194, 13.8460381 ], [ 107.4426871, 13.847318 ], [ 107.4454108, 13.8494297 ], [ 107.4442601, 13.8501726 ], [ 107.442658, 13.8513227 ], [ 107.441177, 13.8526249 ], [ 107.4398314, 13.8540667 ], [ 107.4386344, 13.855634 ], [ 107.4360045, 13.8594542 ], [ 107.4349513, 13.8611616 ], [ 107.4340744, 13.8629659 ], [ 107.4333827, 13.8648489 ], [ 107.4328831, 13.8667918 ], [ 107.4325806, 13.8687749 ], [ 107.4324783, 13.8707784 ], [ 107.4325772, 13.872782 ], [ 107.4328764, 13.8747656 ], [ 107.4339105, 13.8798708 ], [ 107.4343958, 13.8817785 ], [ 107.4350662, 13.8836293 ], [ 107.4359153, 13.8854052 ], [ 107.4382613, 13.8897485 ], [ 107.4392247, 13.8913486 ], [ 107.4403332, 13.8928518 ], [ 107.441577, 13.8942451 ], [ 107.4429454, 13.8955163 ], [ 107.448696, 13.9003784 ], [ 107.4491057, 13.9007156 ], [ 107.4492435, 13.900826 ], [ 107.4492477, 13.9009231 ], [ 107.4496577, 13.9055478 ], [ 107.4493682, 13.9056877 ], [ 107.4476743, 13.9067249 ], [ 107.4460917, 13.9079251 ], [ 107.4446359, 13.9092763 ], [ 107.4433214, 13.9107652 ], [ 107.4425848, 13.911688 ], [ 107.4406941, 13.9137813 ], [ 107.4403451, 13.9141781 ], [ 107.4392837, 13.9154175 ], [ 107.4381261, 13.9169059 ], [ 107.4371138, 13.9184966 ], [ 107.4351758, 13.9218848 ], [ 107.4342121, 13.9238014 ], [ 107.4334592, 13.9258101 ], [ 107.4329258, 13.9278879 ], [ 107.4318505, 13.9332578 ], [ 107.4314992, 13.9359522 ], [ 107.430894, 13.9457534 ], [ 107.4308714, 13.9477712 ], [ 107.4310523, 13.949781 ], [ 107.4324421, 13.959629 ], [ 107.4311121, 13.975577 ], [ 107.4271553, 13.9748339 ], [ 107.4248218, 13.9743957 ], [ 107.4134711, 13.9722638 ], [ 107.4131252, 13.9721988 ], [ 107.4083635, 13.9708613 ], [ 107.4065119, 13.9704349 ], [ 107.4046283, 13.9701861 ], [ 107.4016452, 13.9699356 ], [ 107.3996023, 13.9698689 ], [ 107.3991161, 13.9698779 ], [ 107.3923505, 13.9700021 ], [ 107.3830901, 13.9701721 ], [ 107.3811103, 13.9703069 ], [ 107.3791536, 13.9706372 ], [ 107.3772393, 13.9711598 ], [ 107.3753861, 13.9718696 ], [ 107.3736125, 13.9727595 ], [ 107.3719357, 13.9738207 ], [ 107.3703724, 13.975043 ], [ 107.3689379, 13.9764141 ], [ 107.3678246, 13.9775893 ], [ 107.3661941, 13.9793104 ], [ 107.3648032, 13.9809461 ], [ 107.3621413, 13.9844407 ], [ 107.359689287251754, 13.98687873547688 ], [ 107.393302482438514, 14.156056366597648 ], [ 107.401775455514809, 14.235849386442981 ], [ 107.418604870133166, 14.288424825414644 ], [ 107.41979579226053, 14.325857187995343 ], [ 107.444784272308794, 14.44710405018737 ], [ 107.4452624, 14.4471415 ], [ 107.4472585, 14.447098 ], [ 107.4492402, 14.4468559 ], [ 107.4504968, 14.4466382 ], [ 107.4525212, 14.4461781 ], [ 107.454487, 14.4455106 ], [ 107.456373, 14.444643 ], [ 107.458159, 14.4435846 ], [ 107.458784, 14.4431689 ], [ 107.4603643, 14.4420019 ], [ 107.4618226, 14.4406854 ], [ 107.4648069, 14.4377126 ], [ 107.46674, 14.4359618 ], [ 107.4674298, 14.4353066 ], [ 107.468038, 14.4347007 ], [ 107.4682897, 14.4356757 ], [ 107.4689185, 14.4374229 ], [ 107.4697067, 14.4391043 ], [ 107.4709928, 14.441546 ], [ 107.4720359, 14.4433024 ], [ 107.4732526, 14.4449432 ], [ 107.4755924, 14.447783 ], [ 107.4758483, 14.4480874 ], [ 107.477221, 14.4496875 ], [ 107.4794626, 14.4548202 ], [ 107.4784394, 14.463277 ], [ 107.4783007, 14.4651841 ], [ 107.4783448, 14.4670958 ], [ 107.4785713, 14.4689945 ], [ 107.478978, 14.4708629 ], [ 107.479416, 14.4724951 ], [ 107.4797562, 14.4736279 ], [ 107.480842, 14.47689 ], [ 107.4808757, 14.4769902 ], [ 107.4817904, 14.4796906 ], [ 107.4819587, 14.480896 ], [ 107.4818747, 14.4827332 ], [ 107.4818797, 14.484664 ], [ 107.4820708, 14.4865853 ], [ 107.4824464, 14.4884792 ], [ 107.4830028, 14.4903281 ], [ 107.4843032, 14.4939971 ], [ 107.4849464, 14.4955908 ], [ 107.485724, 14.4971233 ], [ 107.4866303, 14.4985834 ], [ 107.4876585, 14.4999603 ], [ 107.4881452, 14.5005567 ], [ 107.4876889, 14.501931 ], [ 107.4872645, 14.5037786 ], [ 107.487017, 14.505658 ], [ 107.4869486, 14.5075525 ], [ 107.4869717, 14.5095983 ], [ 107.4870766, 14.5114305 ], [ 107.487349, 14.5132454 ], [ 107.4877866, 14.5150277 ], [ 107.4883857, 14.5167624 ], [ 107.4890338, 14.5183923 ], [ 107.4898578, 14.5201979 ], [ 107.4908566, 14.5219129 ], [ 107.4920206, 14.5235206 ], [ 107.4933381, 14.5250049 ], [ 107.4947963, 14.5263513 ], [ 107.4963807, 14.5275466 ], [ 107.4980758, 14.528579 ], [ 107.4995541, 14.5293816 ], [ 107.5000099, 14.5296049 ], [ 107.5001344, 14.5314142 ], [ 107.5004526, 14.5333212 ], [ 107.5008956, 14.5353624 ], [ 107.501591, 14.5378059 ], [ 107.5022416, 14.5396403 ], [ 107.5029853, 14.5414506 ], [ 107.5039023, 14.5431796 ], [ 107.504984, 14.5448107 ], [ 107.5050894, 14.5449401 ], [ 107.5052359, 14.5466775 ], [ 107.5056883, 14.5495371 ], [ 107.506215, 14.5519164 ], [ 107.5064478, 14.5525749 ], [ 107.5052484, 14.5543708 ], [ 107.5041947, 14.5561394 ], [ 107.5033284, 14.5580068 ], [ 107.5026587, 14.5599534 ], [ 107.5021926, 14.5619586 ], [ 107.501935, 14.564001 ], [ 107.501753, 14.5664582 ], [ 107.5016997, 14.568163 ], [ 107.5017167, 14.5696625 ], [ 107.5015906, 14.5705249 ], [ 107.5014755, 14.5706384 ], [ 107.5001935, 14.5721853 ], [ 107.4990731, 14.573853 ], [ 107.4981257, 14.5756246 ], [ 107.4973608, 14.5774824 ], [ 107.4967862, 14.5794075 ], [ 107.4963849, 14.5810486 ], [ 107.4960557, 14.5826898 ], [ 107.4958649, 14.5843527 ], [ 107.4958138, 14.5860258 ], [ 107.4958277, 14.5872533 ], [ 107.4959462, 14.5892126 ], [ 107.4962562, 14.5911508 ], [ 107.4967547, 14.5930493 ], [ 107.4974369, 14.5948898 ], [ 107.4982963, 14.5966546 ], [ 107.4993245, 14.5983266 ], [ 107.5005116, 14.5998898 ], [ 107.5013631, 14.6009036 ], [ 107.5028306, 14.6024716 ], [ 107.5031316, 14.6027308 ], [ 107.5036139, 14.6041141 ], [ 107.5044565, 14.6059254 ], [ 107.505315, 14.6075529 ], [ 107.506251, 14.6091446 ], [ 107.5073298, 14.6106432 ], [ 107.5085423, 14.6120359 ], [ 107.509878, 14.6133109 ], [ 107.5113256, 14.6144572 ], [ 107.5128727, 14.6154652 ], [ 107.5145062, 14.6163261 ], [ 107.5159237, 14.6169915 ], [ 107.5176092, 14.6176908 ], [ 107.5178571, 14.6177806 ], [ 107.5177276, 14.6183572 ], [ 107.5174871, 14.6203037 ], [ 107.5173053, 14.6227609 ], [ 107.5172631, 14.6249384 ], [ 107.5174579, 14.6271076 ], [ 107.5178875, 14.6292428 ], [ 107.5192062, 14.6343434 ], [ 107.5194437, 14.6351855 ], [ 107.5211896, 14.6408952 ], [ 107.5218359, 14.6426959 ], [ 107.5252924, 14.6510466 ], [ 107.5254545, 14.651427 ], [ 107.5276297, 14.6563893 ], [ 107.5278635, 14.6571184 ], [ 107.5279324, 14.6582134 ], [ 107.5279464, 14.659432 ], [ 107.5279512, 14.6598463 ], [ 107.5279837, 14.662652 ], [ 107.5279377, 14.6723707 ], [ 107.5279375, 14.6724949 ], [ 107.5279447, 14.6773448 ], [ 107.5281012, 14.6798123 ], [ 107.5283326, 14.6816511 ], [ 107.5286479, 14.6834725 ], [ 107.5291301, 14.685257 ], [ 107.5297749, 14.6869894 ], [ 107.5305769, 14.6886549 ], [ 107.5315293, 14.6902392 ], [ 107.5326146, 14.691869 ], [ 107.5338314, 14.6935083 ], [ 107.5352091, 14.6950151 ], [ 107.5367332, 14.6963736 ], [ 107.5371329, 14.6966948 ], [ 107.5371179, 14.6967721 ], [ 107.5360638, 14.7001668 ], [ 107.5355686, 14.702096 ], [ 107.5352677, 14.7040649 ], [ 107.535233, 14.7047313 ], [ 107.53265, 14.7049822 ], [ 107.5268401, 14.7051041 ], [ 107.5252291, 14.705203 ], [ 107.520849, 14.70565 ], [ 107.518844, 14.7059581 ], [ 107.5168806, 14.7064676 ], [ 107.5149789, 14.7071734 ], [ 107.5142419, 14.7074903 ], [ 107.5121613, 14.7083849 ], [ 107.5104705, 14.7092081 ], [ 107.5088645, 14.7101865 ], [ 107.5073575, 14.7113114 ], [ 107.5059629, 14.7125729 ], [ 107.5046929, 14.7139598 ], [ 107.5035587, 14.7154598 ], [ 107.5025705, 14.7170597 ], [ 107.5017369, 14.7187454 ], [ 107.501107629247514, 14.720391192252444 ], [ 107.506081825993235, 14.74452654366957 ], [ 107.506514, 14.7451396 ], [ 107.5077412, 14.7467083 ], [ 107.5091183, 14.7481472 ], [ 107.5106317, 14.7494419 ], [ 107.5122664, 14.7505798 ], [ 107.5159555, 14.7528837 ], [ 107.515557, 14.7535905 ], [ 107.5142545, 14.7561834 ], [ 107.5139835, 14.7567228 ], [ 107.5126543, 14.7582548 ], [ 107.5116161, 14.7594514 ], [ 107.5094313, 14.7603156 ], [ 107.509344275191211, 14.760356307126656 ], [ 107.514207827437247, 14.783954799223801 ], [ 107.520756332401533, 14.835219207942439 ], [ 107.5233684, 14.8365681 ], [ 107.5239396, 14.8375738 ], [ 107.5251173, 14.8396473 ], [ 107.5261099, 14.8412198 ], [ 107.5272443, 14.8426933 ], [ 107.5285106, 14.8440551 ], [ 107.5298979, 14.8452934 ], [ 107.5313942, 14.8463974 ], [ 107.5399085, 14.8520881 ], [ 107.5400397, 14.8521751 ], [ 107.5432279, 14.8542699 ], [ 107.545401, 14.8566587 ], [ 107.5483988, 14.8611207 ], [ 107.5493909, 14.8624715 ], [ 107.5504926, 14.8637344 ], [ 107.5516962, 14.8649007 ], [ 107.5546492, 14.8675314 ], [ 107.5562846, 14.8688413 ], [ 107.558048, 14.8699729 ], [ 107.5599202, 14.8709138 ], [ 107.5643454, 14.8728545 ], [ 107.5672262, 14.8743567 ], [ 107.5671268, 14.8749182 ], [ 107.5664907, 14.8750164 ], [ 107.5644898, 14.8755416 ], [ 107.5625539, 14.8762706 ], [ 107.5614271, 14.8767629 ], [ 107.5598533, 14.8774505 ], [ 107.5581308, 14.8783039 ], [ 107.5564982, 14.8793187 ], [ 107.5549706, 14.8804855 ], [ 107.553562, 14.8817936 ], [ 107.5521903, 14.8831961 ], [ 107.5517, 14.8831951 ], [ 107.5494781, 14.8833138 ], [ 107.5472831, 14.8836786 ], [ 107.5435385, 14.8845174 ], [ 107.5419204, 14.8849518 ], [ 107.5403443, 14.8855201 ], [ 107.5388213, 14.8862183 ], [ 107.537508, 14.8868883 ], [ 107.534089, 14.8886326 ], [ 107.5294441, 14.8909626 ], [ 107.527982266050131, 14.891786808937722 ], [ 107.533443513242432, 14.934539713563543 ], [ 107.545655566954636, 14.968382526722316 ], [ 107.552410940408848, 15.056242613473353 ], [ 107.55509050414517, 15.066988606819494 ], [ 107.5564595, 15.0663994 ], [ 107.5620762, 15.0635504 ], [ 107.5633756, 15.0628294 ], [ 107.5646178, 15.062014 ], [ 107.5685245, 15.0592364 ], [ 107.5724118, 15.0567288 ], [ 107.5728525, 15.0565283 ], [ 107.5738313, 15.0580781 ], [ 107.5751527, 15.0599283 ], [ 107.5766755, 15.0616165 ], [ 107.5783801, 15.063121 ], [ 107.5803694, 15.064685 ], [ 107.5815106, 15.0655822 ], [ 107.5831417, 15.0667375 ], [ 107.58488, 15.0677243 ], [ 107.5864247, 15.0684073 ], [ 107.5851533, 15.0702915 ], [ 107.5822684, 15.074567 ], [ 107.5816643, 15.0754623 ], [ 107.5806939, 15.0770563 ], [ 107.5798762, 15.0787337 ], [ 107.5792185, 15.0804801 ], [ 107.5787264, 15.0822802 ], [ 107.5784042, 15.0841183 ], [ 107.5781414, 15.0861789 ], [ 107.5779615, 15.0875895 ], [ 107.577807, 15.0896244 ], [ 107.5778607, 15.0916645 ], [ 107.578122, 15.0936884 ], [ 107.5785881, 15.0956752 ], [ 107.5792543, 15.0976042 ], [ 107.5801136, 15.0994552 ], [ 107.5811571, 15.101209 ], [ 107.5823738, 15.1028474 ], [ 107.5837512, 15.1043532 ], [ 107.5911424, 15.1116487 ], [ 107.5933045, 15.1134984 ], [ 107.5939696, 15.11399 ], [ 107.5930709, 15.1149463 ], [ 107.5919134, 15.1164376 ], [ 107.5909018, 15.1180313 ], [ 107.5900449, 15.1197134 ], [ 107.5893504, 15.1214688 ], [ 107.5888245, 15.1232818 ], [ 107.5882974, 15.1254823 ], [ 107.587928, 15.1274583 ], [ 107.5877588, 15.1294615 ], [ 107.5877915, 15.1314716 ], [ 107.5880259, 15.1334682 ], [ 107.5884595, 15.1354312 ], [ 107.589088, 15.1373407 ], [ 107.589905, 15.1391775 ], [ 107.5909022, 15.140923 ], [ 107.5920697, 15.1425596 ], [ 107.5923269, 15.1428843 ], [ 107.593548, 15.1444258 ], [ 107.5949447, 15.1460093 ], [ 107.5965005, 15.1474368 ], [ 107.596747, 15.1476191 ], [ 107.5962044, 15.1486047 ], [ 107.5954706, 15.1502859 ], [ 107.5932194, 15.1561655 ], [ 107.5915522, 15.1605136 ], [ 107.5908958, 15.1625435 ], [ 107.5908635, 15.1626652 ], [ 107.5906975, 15.1628641 ], [ 107.5890409, 15.1648489 ], [ 107.5873998, 15.1671218 ], [ 107.5844026, 15.1719534 ], [ 107.5836237, 15.1729775 ], [ 107.5828251, 15.1740275 ], [ 107.5825502, 15.1742788 ], [ 107.581974913300897, 15.174804546402088 ], [ 107.587934841001825, 15.198705953392206 ], [ 107.591637292516154, 15.23205565559554 ], [ 107.5919644, 15.2320922 ], [ 107.5924011, 15.2321224 ], [ 107.5941743, 15.2321662 ], [ 107.5959444, 15.2320527 ], [ 107.5963074, 15.2320132 ], [ 107.5983538, 15.2316825 ], [ 107.5983782, 15.2316759 ], [ 107.5984781, 15.2319647 ], [ 107.5992371, 15.2336413 ], [ 107.6000942, 15.2353238 ], [ 107.600926, 15.2367987 ], [ 107.6016904, 15.2379203 ], [ 107.6016918, 15.2380354 ], [ 107.601728, 15.2385382 ], [ 107.6005702, 15.2421882 ], [ 107.5998439, 15.244478 ], [ 107.5993567, 15.2463116 ], [ 107.5990454, 15.2481831 ], [ 107.5989129, 15.2500756 ], [ 107.5988707, 15.2519497 ], [ 107.5984519, 15.2588055 ], [ 107.5984485, 15.2611871 ], [ 107.5984565, 15.2613248 ], [ 107.5978825, 15.2624639 ], [ 107.5972256, 15.2641194 ], [ 107.5967186, 15.2658268 ], [ 107.596655131739411, 15.266140582335078 ], [ 107.607038292399778, 15.294331372556652 ], [ 107.649250635706849, 15.519697761351765 ], [ 107.664054646006676, 15.551430149542879 ], [ 107.682922068916582, 15.642152692727304 ], [ 107.691609149142835, 15.719009111956465 ], [ 107.72454296444775, 15.858939366790045 ], [ 107.727254328276231, 15.907725447839269 ], [ 107.778901499708496, 16.134635382533375 ], [ 107.782648734809072, 16.191954099184297 ], [ 107.798865706880662, 16.232969252862983 ], [ 108.139989342820215, 16.172849073526098 ], [ 108.150958014020674, 16.168278319553583 ], [ 108.152776509974359, 16.159334061233011 ], [ 108.141974889908582, 16.157669308088337 ], [ 108.13946355711964, 16.143986596332454 ], [ 108.127087360520335, 16.138195128804423 ], [ 108.126933289382293, 16.124670083907588 ], [ 108.152618493527413, 16.091018250297367 ], [ 108.189256353810123, 16.073649931775922 ], [ 108.202538880676499, 16.077948665384177 ], [ 108.222752849623291, 16.099771309888233 ], [ 108.222578778079622, 16.110880645241433 ], [ 108.208150716850483, 16.119433966069042 ], [ 108.226672151129023, 16.136014336846312 ], [ 108.229426175842207, 16.150464952012268 ], [ 108.26082640848044, 16.148532638421809 ], [ 108.272358701308306, 16.138159079629997 ], [ 108.301180593401696, 16.129844430940512 ], [ 108.311695176413835, 16.140685685297175 ], [ 108.328624340922531, 16.138069295167547 ], [ 108.337550145775538, 16.116437276037292 ], [ 108.314514483301039, 16.111803364147335 ], [ 108.306267124487107, 16.095211552476407 ], [ 108.292588505026657, 16.103878522128706 ], [ 108.280513154658067, 16.096290187229563 ], [ 108.256720979458123, 16.096920156817703 ], [ 108.246795150554291, 16.078266067349176 ], [ 108.256926932397207, 16.032356024925562 ], [ 108.296594503248855, 15.956277341845036 ], [ 108.325595467479133, 15.925422109603824 ], [ 108.379887304220787, 15.892658991980358 ], [ 108.405367121021413, 15.865535982822063 ], [ 108.418780675365994, 15.802445587971281 ], [ 108.447874113836562, 15.75011078224855 ], [ 108.517363905591026, 15.641028741677742 ], [ 108.61667291062102, 15.516059406225867 ], [ 108.657408553067043, 15.498917695867187 ], [ 108.669982987018642, 15.503454385119712 ], [ 108.67587393335981, 15.516093636768701 ], [ 108.691573376551361, 15.502009520441829 ], [ 108.688050025638915, 15.490450345737504 ], [ 108.701178145657153, 15.462845014153473 ], [ 108.697445694840397, 15.441568320465564 ], [ 108.750893824789856, 15.391649788245404 ], [ 108.78463085743391, 15.393789266630671 ], [ 108.789410596687816, 15.406864697146245 ], [ 108.784480385961558, 15.41771334658285 ], [ 108.796736325554562, 15.424440038576103 ], [ 108.809492785173163, 15.414702473697032 ], [ 108.82759874263752, 15.419500325141415 ], [ 108.832003523548039, 15.370811915484392 ], [ 108.85155597388524, 15.350149519400476 ], [ 108.868427127562398, 15.355032677004292 ], [ 108.868663711877772, 15.335243627729444 ], [ 108.884960909718885, 15.326316754835315 ], [ 108.871454749162694, 15.302971101605406 ], [ 108.875749858325776, 15.288742268440465 ], [ 108.912720517739118, 15.247301898797655 ], [ 108.930676811797042, 15.255238399239746 ], [ 108.938375720490086, 15.248207234216345 ], [ 108.937384670816712, 15.216528567288332 ], [ 108.918166661331654, 15.19936634803067 ], [ 108.900043806787068, 15.198400143200793 ], [ 108.895195981073329, 15.174734189707307 ], [ 108.902150771569453, 15.086931818940595 ], [ 108.919682939512143, 15.01665696946959 ], [ 108.94783494110618, 14.938804348227324 ], [ 109.007192431401393, 14.812664836332964 ], [ 109.077824852701823, 14.704386784441574 ], [ 109.076318355363014, 14.687856024362327 ], [ 109.084870576748187, 14.668505153229482 ], [ 109.06858284979235, 14.661065116271669 ], [ 109.065412347565825, 14.648217103068257 ], [ 109.082960775656815, 14.581946342289426 ], [ 109.067614010381533, 14.568387706758291 ], [ 109.073285362187804, 14.54316755953232 ], [ 109.123310663874207, 14.445071927738857 ], [ 109.116811160780358, 14.422905538997535 ], [ 109.128642973850631, 14.394980986173092 ], [ 109.126451453375097, 14.365189904805932 ], [ 109.185922236843041, 14.281361712094242 ], [ 109.181102791408605, 14.270262089899875 ], [ 109.186593586339939, 14.257022774087149 ], [ 109.199324507864233, 14.248958098633942 ], [ 109.196464892944334, 14.227534230715669 ], [ 109.183736090920476, 14.222873734430422 ], [ 109.181008874991733, 14.213672232923406 ], [ 109.213230692915999, 14.148421705110701 ], [ 109.228257101078682, 14.138330488634457 ], [ 109.205448785155937, 14.112058551282919 ], [ 109.216761813477802, 14.078235855302903 ], [ 109.253500710630405, 14.018377476818189 ], [ 109.248348689918956, 14.004436763465558 ], [ 109.258421709322633, 13.988616771723557 ], [ 109.251153794928754, 13.975780390809195 ], [ 109.258171003291253, 13.962828398055509 ], [ 109.245172275095982, 13.954761613156307 ], [ 109.243493687941395, 13.945659676684976 ], [ 109.252852826805622, 13.928138514003196 ], [ 109.268262692676458, 13.929089697483121 ], [ 109.256973141253368, 13.916999015032502 ], [ 109.271026600682447, 13.895761148093667 ], [ 109.30510062536392, 13.882468276863497 ], [ 109.294972534972288, 13.870018761787113 ], [ 109.300321424728764, 13.842513628520408 ], [ 109.286949940776395, 13.801297106738515 ], [ 109.301913129580257, 13.761440626689096 ], [ 109.289814549002614, 13.754759863563361 ], [ 109.264332175078152, 13.756068980400546 ], [ 109.240396799665206, 13.769900699284401 ], [ 109.223560511782409, 13.760988407353345 ], [ 109.216396120578096, 13.747877434314738 ], [ 109.22804042869808, 13.692676806980192 ], [ 109.25574763526582, 13.682216540596539 ], [ 109.236154561204998, 13.677458512015502 ], [ 109.228390860274629, 13.634215792857825 ], [ 109.260422266187192, 13.58726008578633 ], [ 109.275269105681005, 13.57517349524197 ], [ 109.298952466876898, 13.570869387298121 ], [ 109.277762118112648, 13.544257249211636 ], [ 109.301179749834958, 13.518406090263898 ], [ 109.288102441385774, 13.497583074140262 ], [ 109.303572768148925, 13.469005734754834 ], [ 109.326879269079825, 13.473618020180483 ], [ 109.331092899511347, 13.461570690626701 ], [ 109.317943810958738, 13.456057624700625 ], [ 109.311177468891429, 13.412565393685774 ], [ 109.279122336096123, 13.403404280818787 ], [ 109.251962292299083, 13.425888909432709 ], [ 109.243846124871268, 13.415019541483618 ], [ 109.231083886456688, 13.412802375107859 ], [ 109.228329880438153, 13.401299931921306 ], [ 109.243594103244973, 13.388991137216669 ], [ 109.254321371429214, 13.362056250226479 ], [ 109.286139310793473, 13.367490276453978 ], [ 109.296167882553263, 13.357152026360621 ], [ 109.299012195305167, 13.333542199687288 ], [ 109.286287723947126, 13.332212634700122 ], [ 109.283780558378865, 13.319092622604472 ], [ 109.290301556725893, 13.295443824841623 ], [ 109.309208758304607, 13.276841870770244 ], [ 109.315479605234842, 13.258441879081554 ], [ 109.30249361929819, 13.243294054966832 ], [ 109.30903968134119, 13.22768393786807 ], [ 109.293959394048201, 13.21296792640732 ], [ 109.302974634750811, 13.185916130894121 ], [ 109.314055074215005, 13.174746987312432 ], [ 109.29443407489822, 13.17172736917037 ], [ 109.29680177979975, 13.135881939705099 ], [ 109.380447967012373, 13.003722737434199 ], [ 109.433295255613103, 12.946523094009169 ], [ 109.440359029381312, 12.923333360320902 ], [ 109.454727612782122, 12.913999586521484 ], [ 109.453878792189073, 12.859172031497501 ], [ 109.429865813248455, 12.845829054363671 ], [ 109.419092819488995, 12.847618088990455 ], [ 109.422404576080496, 12.864719462282258 ], [ 109.407984772908748, 12.867591929515845 ], [ 109.39123703539839, 12.844604123471134 ], [ 109.396928321304586, 12.828169542213663 ], [ 109.391114728929551, 12.82625111691776 ], [ 109.384246391997905, 12.837486277493127 ], [ 109.364878925151672, 12.834296632648156 ], [ 109.359716126773847, 12.823406898868585 ], [ 109.367088882876729, 12.812884879164935 ], [ 109.358822601139124, 12.804262260998538 ], [ 109.38244207303191, 12.736033102351682 ], [ 109.401546971110008, 12.706383689503175 ], [ 109.415966971516823, 12.703437889671514 ], [ 109.415218086615454, 12.684371117687 ], [ 109.427620498919822, 12.669815864827269 ], [ 109.456287540256781, 12.664871880812369 ], [ 109.451548334753539, 12.648317692744072 ], [ 109.435180710658997, 12.639770212446976 ], [ 109.43908181198745, 12.58962150333911 ], [ 109.433026027176183, 12.561712680210615 ], [ 109.42640888745558, 12.573360041996057 ], [ 109.415178883640962, 12.574686631087934 ], [ 109.40940705437248, 12.551187360787988 ], [ 109.395359542582383, 12.550638954666063 ], [ 109.362371268445273, 12.578399702595918 ], [ 109.338240735586567, 12.589078465041279 ], [ 109.333183824871981, 12.60703892913795 ], [ 109.302857968660845, 12.597841242634933 ], [ 109.307613297898456, 12.60805711728473 ], [ 109.303282258687076, 12.629429543111002 ], [ 109.293718291920257, 12.639845184718906 ], [ 109.305498373223628, 12.636827383604354 ], [ 109.31668997928422, 12.644719647408822 ], [ 109.336262350476105, 12.639079020904738 ], [ 109.332739237679021, 12.662317833758991 ], [ 109.343556884515692, 12.668564922679604 ], [ 109.349784006055799, 12.688424996404487 ], [ 109.363087923869855, 12.69611768050787 ], [ 109.37345188979674, 12.714913727781248 ], [ 109.352889047036697, 12.763157172866968 ], [ 109.354597422363568, 12.786629440724267 ], [ 109.342509535650706, 12.797882558975495 ], [ 109.331822989408252, 12.792549385876844 ], [ 109.325033789068016, 12.764892477526979 ], [ 109.299213548751382, 12.752891612836482 ], [ 109.255966426425573, 12.701088594102048 ], [ 109.228065194007428, 12.691924856119353 ], [ 109.211939449911, 12.666391572431239 ], [ 109.220936040787464, 12.640312845096062 ], [ 109.20436988421595, 12.64726852647831 ], [ 109.192204671862029, 12.633490629797864 ], [ 109.194759994363295, 12.623432977320016 ], [ 109.204575885848115, 12.61983694844959 ], [ 109.203620800795321, 12.576528602012241 ], [ 109.214403992672004, 12.575639877876133 ], [ 109.232529198110626, 12.594976945734555 ], [ 109.245266787697972, 12.584197805170108 ], [ 109.229456671331974, 12.544014307538621 ], [ 109.239837321034003, 12.5120648212818 ], [ 109.270569573742762, 12.494245736519302 ], [ 109.315039912456157, 12.495921820226943 ], [ 109.293309990840214, 12.465224607177756 ], [ 109.286683370279036, 12.441885205228518 ], [ 109.290446990899454, 12.429444299822885 ], [ 109.341898944156071, 12.403264931156006 ], [ 109.330071734419917, 12.373417508142419 ], [ 109.313502103503581, 12.382503843819871 ], [ 109.304434688933696, 12.379596715755056 ], [ 109.293034619046594, 12.344826213688171 ], [ 109.264069402672789, 12.358309205747284 ], [ 109.251256910059496, 12.387291449866023 ], [ 109.23583665695007, 12.380329926066658 ], [ 109.216647292732233, 12.383494450096512 ], [ 109.22015962416917, 12.394718700839237 ], [ 109.213430421551564, 12.402054391539279 ], [ 109.22512267012948, 12.407260345716596 ], [ 109.225379390381079, 12.41858408228131 ], [ 109.188484135966661, 12.448202482338207 ], [ 109.175856778006633, 12.448206713235919 ], [ 109.15904540399066, 12.426193721777164 ], [ 109.163608114096746, 12.408552225348053 ], [ 109.207285228057728, 12.401704681557849 ], [ 109.198687145469748, 12.367131684270253 ], [ 109.205435848563937, 12.360804002731486 ], [ 109.217096764334656, 12.363143793569806 ], [ 109.203824688384103, 12.352953197684016 ], [ 109.204148471300684, 12.33862911146937 ], [ 109.214202955970094, 12.324267701848052 ], [ 109.244160044858802, 12.306599941073575 ], [ 109.244632733200817, 12.286289416778621 ], [ 109.228424319522446, 12.294694358395171 ], [ 109.20667414363588, 12.287150916628397 ], [ 109.197413205563834, 12.237976519709937 ], [ 109.21669921089206, 12.21275529597432 ], [ 109.218144205135687, 12.200256682441404 ], [ 109.234258868923561, 12.195404558780487 ], [ 109.234334371901085, 12.184221008447105 ], [ 109.249080123549803, 12.178481258632271 ], [ 109.250850937875029, 12.169530245819368 ], [ 109.228060747660393, 12.184806811166684 ], [ 109.211477802900504, 12.182199087468939 ], [ 109.206135687937817, 12.165839862233954 ], [ 109.223611730862828, 12.15086078725194 ], [ 109.222323538856685, 12.139515215373658 ], [ 109.214193830785575, 12.134922349917929 ], [ 109.211850077938252, 12.120984559113015 ], [ 109.194864281925916, 12.112065404418397 ], [ 109.194665968460257, 12.090870640775048 ], [ 109.217082174160424, 12.032102886959596 ], [ 109.245849468055667, 11.986126401855401 ], [ 109.270594654369063, 11.975296718657795 ], [ 109.274246190894843, 11.959382856277061 ], [ 109.285066604765589, 11.955544667226295 ], [ 109.283780556158845, 11.944204502587963 ], [ 109.262431488454666, 11.932664471153679 ], [ 109.258706833949603, 11.919146256017763 ], [ 109.281521748154134, 11.875141666868346 ], [ 109.271394713795345, 11.859463726342984 ], [ 109.252237945797788, 11.856413709103375 ], [ 109.249490910783408, 11.844757188205213 ], [ 109.256933321954477, 11.830030613417188 ], [ 109.226571667290088, 11.832148872318697 ], [ 109.220614356963409, 11.853360240377905 ], [ 109.237661383008515, 11.845714327856005 ], [ 109.24604254742593, 11.861601623352479 ], [ 109.230732927246166, 11.879491710628745 ], [ 109.20028743699055, 11.879549604784378 ], [ 109.208117856036452, 11.917559531663976 ], [ 109.204017327209499, 11.92842076290923 ], [ 109.214015808876425, 11.938912196895252 ], [ 109.202445202050498, 11.952112073637666 ], [ 109.193359274074567, 11.948201989243982 ], [ 109.168306159855177, 11.908267340637424 ], [ 109.153043013305535, 11.896312591384737 ], [ 109.133651047421424, 11.898072190359136 ], [ 109.125055877182874, 11.891188256058244 ], [ 109.114868860330603, 11.852260241486869 ], [ 109.12011350530048, 11.832342181425091 ], [ 109.13362490865407, 11.821416441597568 ], [ 109.152117967817119, 11.828381619278064 ], [ 109.169001712080814, 11.864743965596585 ], [ 109.193470627697707, 11.875508375307989 ], [ 109.181973683259713, 11.856686225618713 ], [ 109.181354046911153, 11.82237449555655 ], [ 109.18883315869634, 11.815206774149171 ], [ 109.202759429179849, 11.818471089826721 ], [ 109.186822415477792, 11.795675421037961 ], [ 109.202058086982731, 11.781053485301708 ], [ 109.223846980937992, 11.783395236706298 ], [ 109.233848734584583, 11.723904051232545 ], [ 109.207087221617101, 11.713250904731526 ], [ 109.178959153845469, 11.673143270810321 ], [ 109.173590807701885, 11.65710876775821 ], [ 109.177892307978098, 11.646331479757606 ], [ 109.169067636837539, 11.638075708668003 ], [ 109.166851565943858, 11.622112874093739 ], [ 109.150150478011582, 11.614231139677196 ], [ 109.129566537601633, 11.561693058693397 ], [ 109.119484541645051, 11.574246620062851 ], [ 109.090568946377232, 11.587284580569033 ], [ 109.067771953846773, 11.580470832846045 ], [ 109.039161193461084, 11.58762601434846 ], [ 109.026316129023428, 11.575510256246629 ], [ 109.033081101677965, 11.542939194992609 ], [ 109.013925304163536, 11.519841127447938 ], [ 109.014446155656074, 11.424028184978754 ], [ 109.005602582733331, 11.393605045884753 ], [ 109.021848205084709, 11.3651975009706 ], [ 109.018192104438825, 11.357125445657935 ], [ 108.960847870233479, 11.314367483956119 ], [ 108.935096892369216, 11.306963219891539 ], [ 108.918463211055425, 11.306758840996704 ], [ 108.891669393999237, 11.334043876736533 ], [ 108.85435626497447, 11.33424213847927 ], [ 108.839758308577004, 11.322323441758106 ], [ 108.814092211107393, 11.317463957310109 ], [ 108.812478512686695, 11.300667542619921 ], [ 108.785566849556517, 11.303897347665389 ], [ 108.777955069944525, 11.288838080885631 ], [ 108.755675125784379, 11.28069322233002 ], [ 108.730665052907298, 11.183578319414766 ], [ 108.712254452771205, 11.173957835898451 ], [ 108.709184096396157, 11.163865600889975 ], [ 108.696959192914804, 11.182496653560129 ], [ 108.662056409897943, 11.194295617172509 ], [ 108.633071820467677, 11.18875399438234 ], [ 108.619062283470385, 11.175272731275786 ], [ 108.607017723632609, 11.182908726124777 ], [ 108.587028070744608, 11.182472351569695 ], [ 108.565238028277165, 11.163523784427731 ], [ 108.527626959045307, 11.154459439853406 ], [ 108.496967853197219, 11.115388728833365 ], [ 108.47559040091673, 11.047448218932324 ], [ 108.46382049722331, 11.040615553977917 ], [ 108.43060428425899, 11.044683469525255 ], [ 108.41520639592612, 11.025070890515691 ], [ 108.403496554787694, 11.032670653992925 ], [ 108.37296283953431, 11.030516850398351 ], [ 108.350019000765542, 11.005272326903283 ], [ 108.338371836767067, 10.950251512647055 ], [ 108.314827522287842, 10.958931169450983 ], [ 108.299575105368476, 10.941668435598833 ], [ 108.294423363990688, 10.92410489954521 ], [ 108.30105693791873, 10.909755377139255 ], [ 108.279625601451215, 10.915961615211822 ], [ 108.276361623644732, 10.941825840685588 ], [ 108.231542438777055, 10.955132208076321 ], [ 108.190478771495705, 10.935471336182152 ], [ 108.159413702588324, 10.928665315608637 ], [ 108.133357283466879, 10.93225871034061 ], [ 108.108445637689073, 10.916210855772123 ], [ 108.091126190978301, 10.915441330755272 ], [ 108.074452493676773, 10.899439399970086 ], [ 108.083232950240912, 10.885347533680806 ], [ 108.065724784665946, 10.886699273379012 ], [ 108.036467348592268, 10.827816246370855 ], [ 108.015545873161045, 10.733667653745142 ], [ 108.007560880713996, 10.728967761620119 ], [ 107.994976637521873, 10.693402834231001 ], [ 107.982951605947036, 10.703721897639671 ], [ 107.962697885024227, 10.701175868139666 ], [ 107.934643771136379, 10.71679745247936 ], [ 107.899031115551864, 10.722276165491067 ], [ 107.827375641633296, 10.703035001446175 ], [ 107.772605634033511, 10.645808228009388 ], [ 107.69055731897889, 10.627908552336331 ], [ 107.66144755251905, 10.607342466886257 ], [ 107.579208189047591, 10.573942870308622 ], [ 107.510670698023119, 10.499347216262054 ], [ 107.472498702620456, 10.498378882311867 ], [ 107.456949214096255, 10.484041411862046 ], [ 107.413346638846022, 10.489343039774724 ], [ 107.40323977748487, 10.468702406770268 ], [ 107.366910163401073, 10.467015896085282 ], [ 107.335173118146159, 10.446726471677753 ], [ 106.975926943610631, 10.515161018111131 ], [ 106.939314010828994, 10.527922547687492 ], [ 106.927333759641968, 10.524854635519562 ], [ 106.920178908157567, 10.533132088918032 ], [ 106.870803034452038, 10.535615986017245 ], [ 106.689681459379045, 10.572209549527692 ], [ 106.884195634277546, 11.575021759972564 ] ], [ [ 109.231782400473477, 13.431855765846258 ], [ 109.256447377188522, 13.43069932069065 ], [ 109.274489832272465, 13.435965086349997 ], [ 109.286780815006153, 13.453636822268797 ], [ 109.26568600912951, 13.476947293430747 ], [ 109.242454502805117, 13.484509048440108 ], [ 109.234781698576441, 13.47935104711426 ], [ 109.225050817464847, 13.446938198597605 ], [ 109.231782400473477, 13.431855765846258 ] ] ], [ [ [ 109.22930138853512, 12.225166229166476 ], [ 109.233005725718414, 12.233214055571455 ], [ 109.252104944617528, 12.228673276454408 ], [ 109.264124804755369, 12.236756796392287 ], [ 109.306291940179023, 12.223892461700791 ], [ 109.318690044776588, 12.227733146291763 ], [ 109.331954330571719, 12.219738696895186 ], [ 109.331100657258517, 12.203093924951862 ], [ 109.345136313132343, 12.188633349068004 ], [ 109.331824601371807, 12.191006486162042 ], [ 109.312608547561496, 12.180061652842507 ], [ 109.301821981623078, 12.190579050085953 ], [ 109.294636773636739, 12.178693812827571 ], [ 109.271233051407464, 12.174832489059234 ], [ 109.270383287671507, 12.192885506794838 ], [ 109.22930138853512, 12.225166229166476 ] ] ], [ [ [ 108.965874523595872, 10.556266342841987 ], [ 108.95877594889356, 10.550077922323609 ], [ 108.956940176503323, 10.528443519746686 ], [ 108.971478240106137, 10.505628931431776 ], [ 108.963879770141105, 10.498268788656056 ], [ 108.911427842800109, 10.506731974273375 ], [ 108.9110495, 10.5074918 ], [ 108.9103412, 10.5093626 ], [ 108.909466, 10.5120771 ], [ 108.9090731, 10.5134652 ], [ 108.9077334, 10.5189457 ], [ 108.9074613, 10.5202441 ], [ 108.9054177, 10.531911 ], [ 108.9044587, 10.5333255 ], [ 108.9034941, 10.5351161 ], [ 108.9025955, 10.5370089 ], [ 108.9018673, 10.5387503 ], [ 108.9013066, 10.5405527 ], [ 108.9009183, 10.5423998 ], [ 108.9007058, 10.5442754 ], [ 108.9006711, 10.5461626 ], [ 108.9008145, 10.5480447 ], [ 108.9010237, 10.5497337 ], [ 108.901375, 10.5517326 ], [ 108.9019271, 10.5536856 ], [ 108.9026743, 10.5555725 ], [ 108.9038957, 10.5582513 ], [ 108.9047484, 10.5599116 ], [ 108.9057522, 10.5614851 ], [ 108.9068982, 10.5629582 ], [ 108.9086603, 10.5650172 ], [ 108.9103183, 10.5667353 ], [ 108.9121692, 10.5682436 ], [ 108.9140904, 10.5696269 ], [ 108.9156423, 10.5706386 ], [ 108.9172812, 10.5715024 ], [ 108.9204738, 10.5730004 ], [ 108.9221959, 10.5737125 ], [ 108.9239769, 10.5742613 ], [ 108.9258012, 10.5746419 ], [ 108.927653, 10.574851 ], [ 108.9290645, 10.5749441 ], [ 108.930993, 10.5749781 ], [ 108.9329157, 10.5748262 ], [ 108.935018, 10.5745576 ], [ 108.9357388, 10.5744887 ], [ 108.9360258, 10.5747871 ], [ 108.936331, 10.5750781 ], [ 108.9379919, 10.5764968 ], [ 108.9397975, 10.577726 ], [ 108.9417265, 10.5787509 ], [ 108.9420797, 10.5789145 ], [ 108.944191, 10.5797504 ], [ 108.9463835, 10.5803416 ], [ 108.9486289, 10.5806804 ], [ 108.9489292, 10.5807084 ], [ 108.95058, 10.5807937 ], [ 108.9522322, 10.5807424 ], [ 108.9538745, 10.5805549 ], [ 108.954156, 10.5805109 ], [ 108.956526, 10.5799915 ], [ 108.9588157, 10.5791889 ], [ 108.9590589, 10.5790867 ], [ 108.9607021, 10.5783064 ], [ 108.9622677, 10.5773801 ], [ 108.9637426, 10.5763153 ], [ 108.9640269, 10.5760897 ], [ 108.9656919, 10.5746102 ], [ 108.9662354, 10.5740064 ], [ 108.9669299, 10.5736491 ], [ 108.9687142, 10.572475 ], [ 108.9703631, 10.5711174 ], [ 108.9706011, 10.5708991 ], [ 108.9719996, 10.5694818 ], [ 108.9732504, 10.5679324 ], [ 108.9743408, 10.5662664 ], [ 108.9745235, 10.5659544 ], [ 108.9754431, 10.5641876 ], [ 108.9761825, 10.5623382 ], [ 108.9767342, 10.5604244 ], [ 108.9768073, 10.5601134 ], [ 108.9771531, 10.5582498 ], [ 108.9773209, 10.556362 ], [ 108.9773092, 10.5544667 ], [ 108.9772937, 10.5541775 ], [ 108.977210854270325, 10.553323069447396 ], [ 108.965874523595872, 10.556266342841987 ] ] ], [ [ [ 109.095959193323878, 15.3905749648611 ], [ 109.116647481176216, 15.395883197979868 ], [ 109.14924644118642, 15.381865888741627 ], [ 109.124707225690329, 15.368525556031674 ], [ 109.092109888931816, 15.38253200064049 ], [ 109.095959193323878, 15.3905749648611 ] ] ], [ [ [ 108.485584361781719, 15.954408762891463 ], [ 108.483485173199355, 15.966288702143505 ], [ 108.499288306221004, 15.978289557871051 ], [ 108.510555173363812, 15.976525928916486 ], [ 108.51508868418523, 15.964982106133878 ], [ 108.539868513724855, 15.957447400676603 ], [ 108.541828543927835, 15.902137415769044 ], [ 108.533393024837835, 15.903460875082995 ], [ 108.53577016705033, 15.919821758837598 ], [ 108.511775691320423, 15.938707117582469 ], [ 108.502671521592276, 15.955266857345228 ], [ 108.487786598298655, 15.954109502911203 ], [ 108.476213753558696, 15.929795565185733 ], [ 108.470595431237314, 15.930672695746384 ], [ 108.485584361781719, 15.954408762891463 ] ] ], [ [ [ 106.567616699168113, 8.690534491109249 ], [ 106.588494879094767, 8.711011394693475 ], [ 106.589844599159449, 8.7257266638331 ], [ 106.578087365574376, 8.731200912299091 ], [ 106.590017297741099, 8.743795921286502 ], [ 106.603015111853338, 8.729483313028407 ], [ 106.639781554748566, 8.754368773655338 ], [ 106.66442724007274, 8.759687175415333 ], [ 106.669766907159428, 8.756055928700189 ], [ 106.66538054094741, 8.736431262227871 ], [ 106.642652052153849, 8.724354521062073 ], [ 106.641092556973817, 8.713736525292674 ], [ 106.659289828146115, 8.696777886277077 ], [ 106.66254284619778, 8.682955732793618 ], [ 106.686733388418673, 8.675684498615084 ], [ 106.701238789479433, 8.67946842288702 ], [ 106.710989969063462, 8.666582047655471 ], [ 106.707822205742588, 8.661240698370859 ], [ 106.682924313019868, 8.660631522113508 ], [ 106.671518528849035, 8.648866307575991 ], [ 106.65671901968831, 8.688713514584476 ], [ 106.635203568250162, 8.697282502207074 ], [ 106.625873919304624, 8.682383458906294 ], [ 106.613626936459184, 8.684093046710156 ], [ 106.599869951601207, 8.669514228477325 ], [ 106.615883265926641, 8.64328861432665 ], [ 106.63786170466976, 8.63611240923975 ], [ 106.615943298617296, 8.633319577799313 ], [ 106.586665012032483, 8.645775039521594 ], [ 106.555960352125922, 8.626998251744878 ], [ 106.549122952094848, 8.643244488545079 ], [ 106.538414446040321, 8.646731504047453 ], [ 106.539613689815695, 8.661003868126834 ], [ 106.556949489012197, 8.671211030539283 ], [ 106.553247711230554, 8.694684353970642 ], [ 106.567616699168113, 8.690534491109249 ] ] ], [ [ [ 105.647284482505825, 10.975305894288455 ], [ 105.656029032528764, 10.979279350243109 ], [ 105.658544270541327, 11.00742879231951 ], [ 105.6598329, 11.0077498 ], [ 105.6792725, 11.0176302 ], [ 105.684643, 11.0227578 ], [ 105.6921424, 11.0303382 ], [ 105.6936842, 11.0317421 ], [ 105.6953638, 11.0329779 ], [ 105.7039532, 11.0386319 ], [ 105.7055604, 11.0395853 ], [ 105.7072495, 11.0403845 ], [ 105.7167236, 11.0443368 ], [ 105.7182554, 11.0449036 ], [ 105.7198283, 11.0453435 ], [ 105.7293216, 11.0475848 ], [ 105.731497, 11.0479729 ], [ 105.7337021, 11.0481187 ], [ 105.7444794, 11.0482346 ], [ 105.7690794, 11.0528916 ], [ 105.7708259, 11.053143 ], [ 105.7725876, 11.0532395 ], [ 105.7751833, 11.053267 ], [ 105.777307, 11.0531765 ], [ 105.7794092, 11.0528612 ], [ 105.7814659, 11.0523245 ], [ 105.7834542, 11.0515726 ], [ 105.7851876, 11.0506966 ], [ 105.7891582, 11.0493971 ], [ 105.7910593, 11.0486657 ], [ 105.7928761, 11.0477448 ], [ 105.7945899, 11.0466439 ], [ 105.7961828, 11.0453744 ], [ 105.7976383, 11.0439494 ], [ 105.7989413, 11.0423838 ], [ 105.8000783, 11.0406938 ], [ 105.8010375, 11.0388969 ], [ 105.8274708, 10.9826593 ], [ 105.8298867, 10.9784644 ], [ 105.8338944, 10.971506 ], [ 105.8707064, 10.9247072 ], [ 105.8713463, 10.9238938 ], [ 105.8716731, 10.9234667 ], [ 105.878443, 10.9143679 ], [ 105.879613, 10.9126084 ], [ 105.8805909, 10.9107352 ], [ 105.8813657, 10.9087693 ], [ 105.8819287, 10.9067326 ], [ 105.8822737, 10.9046479 ], [ 105.882469, 10.9028985 ], [ 105.8826826, 10.9009853 ], [ 105.882804, 10.8990585 ], [ 105.882739, 10.8971289 ], [ 105.8824882, 10.8952147 ], [ 105.8820541, 10.8933335 ], [ 105.8814406, 10.8915029 ], [ 105.8806534, 10.88974 ], [ 105.8733473, 10.8752939 ], [ 105.888145, 10.8692233 ], [ 105.8944504, 10.8676157 ], [ 105.8955469, 10.8673362 ], [ 105.9052791, 10.8648542 ], [ 105.9054134, 10.8658788 ], [ 105.9058291, 10.8677039 ], [ 105.9064136, 10.869482 ], [ 105.9071618, 10.8711978 ], [ 105.9078173, 10.8725275 ], [ 105.9104318, 10.8778308 ], [ 105.9113868, 10.8795495 ], [ 105.912506, 10.881166 ], [ 105.9137785, 10.8826649 ], [ 105.9151921, 10.8840316 ], [ 105.916733, 10.8852529 ], [ 105.9255677, 10.8915737 ], [ 105.9256905, 10.8916543 ], [ 105.9252399, 10.8931991 ], [ 105.920228, 10.9038218 ], [ 105.9194154, 10.9058156 ], [ 105.9188219, 10.907885 ], [ 105.9184543, 10.9100064 ], [ 105.9183168, 10.9121549 ], [ 105.9182652, 10.9172884 ], [ 105.9183418, 10.9192499 ], [ 105.9186104, 10.9211945 ], [ 105.9190683, 10.9231033 ], [ 105.9197111, 10.9249581 ], [ 105.9205326, 10.926741 ], [ 105.921525, 10.9284347 ], [ 105.9226786, 10.930023 ], [ 105.9239824, 10.9314905 ], [ 105.9254238, 10.9328231 ], [ 105.9269888, 10.9340081 ], [ 105.9286625, 10.9350338 ], [ 105.9304287, 10.9358906 ], [ 105.9322704, 10.9365701 ], [ 105.9341698, 10.9370658 ], [ 105.9361086, 10.9373729 ], [ 105.9380682, 10.9374884 ], [ 105.9414055, 10.9375211 ], [ 105.9434951, 10.9374323 ], [ 105.9455639, 10.9371257 ], [ 105.9475894, 10.9366047 ], [ 105.9495494, 10.9358751 ], [ 105.9514225, 10.9349447 ], [ 105.9531882, 10.9338239 ], [ 105.9548272, 10.9325248 ], [ 105.957447, 10.9302153 ], [ 106.0089908, 10.8847768 ], [ 106.0156334, 10.8789209 ], [ 106.0171099, 10.8776188 ], [ 106.0200656, 10.875012 ], [ 106.0245759, 10.8716323 ], [ 106.0255652, 10.8708146 ], [ 106.0294119, 10.8678837 ], [ 106.040144, 10.8597056 ], [ 106.0554022, 10.8490407 ], [ 106.0709632, 10.8381618 ], [ 106.0795236, 10.8335326 ], [ 106.0903552, 10.8319294 ], [ 106.1150573, 10.8333136 ], [ 106.1234508, 10.8337833 ], [ 106.1235448, 10.8337883 ], [ 106.1587961, 10.8355945 ], [ 106.1606851, 10.835602 ], [ 106.1625663, 10.8354312 ], [ 106.1644231, 10.8350837 ], [ 106.1662197, 10.8345679 ], [ 106.1617755, 10.8412428 ], [ 106.1439873, 10.8679548 ], [ 106.1429278, 10.8697402 ], [ 106.1420591, 10.8716259 ], [ 106.1413906, 10.8735914 ], [ 106.1409294, 10.8756156 ], [ 106.1406805, 10.8776767 ], [ 106.1406138, 10.8786537 ], [ 106.1191529, 10.9023626 ], [ 106.1179773, 10.9037885 ], [ 106.1169384, 10.9053169 ], [ 106.116045, 10.9069346 ], [ 106.1153047, 10.9086278 ], [ 106.1147239, 10.9103822 ], [ 106.1143075, 10.9121827 ], [ 106.114059, 10.914014 ], [ 106.1139806, 10.9158603 ], [ 106.1139881, 10.9178334 ], [ 106.1140789, 10.9196619 ], [ 106.1143365, 10.9214745 ], [ 106.1147587, 10.9232559 ], [ 106.1153421, 10.9249913 ], [ 106.1185089, 10.933154 ], [ 106.119391, 10.9351096 ], [ 106.1204775, 10.9369595 ], [ 106.1256585, 10.9447864 ], [ 106.1251736, 10.9462054 ], [ 106.1245781, 10.9483219 ], [ 106.1242185, 10.9504909 ], [ 106.1235883, 10.9562332 ], [ 106.1214638, 10.975588 ], [ 106.1213454, 10.977571 ], [ 106.1214243, 10.9795559 ], [ 106.1216997, 10.9815232 ], [ 106.1221689, 10.9834535 ], [ 106.1228273, 10.9853277 ], [ 106.1236683, 10.9871274 ], [ 106.1246838, 10.9888348 ], [ 106.1258636, 10.9904329 ], [ 106.1271961, 10.9919062 ], [ 106.1286683, 10.99324 ], [ 106.1302654, 10.9944212 ], [ 106.1319719, 10.9954381 ], [ 106.1441373, 11.0018916 ], [ 106.1459846, 11.002754 ], [ 106.14791, 11.0034238 ], [ 106.1498937, 11.0038941 ], [ 106.1519149, 11.00416 ], [ 106.1539526, 11.0042188 ], [ 106.1559858, 11.0040698 ], [ 106.1579932, 11.0037147 ], [ 106.1612976, 11.0029546 ], [ 106.1628686, 11.0025252 ], [ 106.1646667, 11.0019541 ], [ 106.1663867, 11.0014764 ], [ 106.1683479, 11.0008208 ], [ 106.1724159, 10.9992227 ], [ 106.1713543, 11.0055669 ], [ 106.171171, 11.0069626 ], [ 106.1677459, 11.042759 ], [ 106.1647313, 11.0480795 ], [ 106.1628374, 11.051422 ], [ 106.155617, 11.0641643 ], [ 106.1454469, 11.0785338 ], [ 106.1454364, 11.0785271 ], [ 106.1436076, 11.0776044 ], [ 106.1379581, 11.0751085 ], [ 106.1376396, 11.0748039 ], [ 106.1359859, 11.0732219 ], [ 106.134781, 11.0720391 ], [ 106.1320935, 11.0694002 ], [ 106.1272308, 11.0646258 ], [ 106.1253939, 11.0628222 ], [ 106.1201668, 11.057284 ], [ 106.1197012, 11.0567907 ], [ 106.1182481, 11.0553988 ], [ 106.1166625, 11.05416 ], [ 106.1149604, 11.0530867 ], [ 106.1131591, 11.0521899 ], [ 106.1112768, 11.0514786 ], [ 106.1093326, 11.0509601 ], [ 106.1073461, 11.0506395 ], [ 106.1053375, 11.0505202 ], [ 106.1028068, 11.0504974 ], [ 106.1008666, 11.0505742 ], [ 106.098943, 11.0508387 ], [ 106.0970542, 11.0512886 ], [ 106.0952178, 11.0519195 ], [ 106.0934513, 11.0527254 ], [ 106.0917713, 11.0536989 ], [ 106.0901936, 11.0548307 ], [ 106.0866877, 11.0576131 ], [ 106.0851877, 11.0589308 ], [ 106.0838265, 11.0603915 ], [ 106.0826178, 11.0619806 ], [ 106.0815735, 11.0636823 ], [ 106.0807041, 11.0654796 ], [ 106.0800183, 11.0673547 ], [ 106.0795228, 11.0692888 ], [ 106.0792226, 11.0712627 ], [ 106.0787603, 11.0758253 ], [ 106.0787278, 11.0761452 ], [ 106.0775242, 11.077784 ], [ 106.0759806, 11.0777699 ], [ 106.074713, 11.0777583 ], [ 106.0727337, 11.0778383 ], [ 106.070772, 11.0781137 ], [ 106.0688471, 11.0785819 ], [ 106.066978, 11.0792381 ], [ 106.0651831, 11.080076 ], [ 106.0634798, 11.0810874 ], [ 106.0618849, 11.0822623 ], [ 106.060414, 11.0835892 ], [ 106.0590817, 11.0850552 ], [ 106.0579009, 11.0866457 ], [ 106.048771, 11.1003088 ], [ 106.0391692, 11.1087333 ], [ 106.0387451, 11.1089535 ], [ 106.028625, 11.1142073 ], [ 106.0158776, 11.1208251 ], [ 106.0140663, 11.1218898 ], [ 106.0123767, 11.1231386 ], [ 106.011996, 11.1234522 ], [ 106.005996, 11.1283949 ], [ 106.0046022, 11.1296576 ], [ 106.0033332, 11.1310457 ], [ 106.0022001, 11.1325469 ], [ 106.0012131, 11.1341478 ], [ 106.0003809, 11.1358344 ], [ 105.9997107, 11.1375917 ], [ 105.9992086, 11.1394042 ], [ 105.9972252, 11.1481416 ], [ 105.9968221, 11.1506415 ], [ 105.9947205, 11.172346 ], [ 105.976305, 11.1764746 ], [ 105.9692692, 11.1770108 ], [ 105.9631746, 11.1774753 ], [ 105.9616222, 11.1776549 ], [ 105.9600886, 11.1779551 ], [ 105.9518199, 11.179912 ], [ 105.9486647, 11.1806588 ], [ 105.9470338, 11.1811185 ], [ 105.9454477, 11.1817147 ], [ 105.9439178, 11.1824429 ], [ 105.9387876, 11.1851572 ], [ 105.9275073, 11.1911254 ], [ 105.9241851, 11.1928831 ], [ 105.9226728, 11.1937701 ], [ 105.921244, 11.1947862 ], [ 105.9199097, 11.1959235 ], [ 105.9186802, 11.1971733 ], [ 105.9138452, 11.2025392 ], [ 105.9074575, 11.2096285 ], [ 105.9055522, 11.2117429 ], [ 105.9038507, 11.2139157 ], [ 105.8922783, 11.2310024 ], [ 105.8913708, 11.2324758 ], [ 105.890594, 11.2340222 ], [ 105.8899539, 11.23563 ], [ 105.8860396, 11.2468505 ], [ 105.8854972, 11.2486823 ], [ 105.885132, 11.2505575 ], [ 105.8849475, 11.252459 ], [ 105.8849452, 11.2543694 ], [ 105.8851252, 11.2562713 ], [ 105.8854858, 11.2581474 ], [ 105.8867011, 11.2631637 ], [ 105.8874292, 11.265522 ], [ 105.8877064, 11.2662558 ], [ 105.8859742, 11.2668218 ], [ 105.8830714, 11.2668882 ], [ 105.8800985, 11.265842 ], [ 105.8778184, 11.2650397 ], [ 105.8743033, 11.2636096 ], [ 105.8735331, 11.2632962 ], [ 105.8716617, 11.2626409 ], [ 105.8697346, 11.2621742 ], [ 105.8677709, 11.2619005 ], [ 105.8657896, 11.2618227 ], [ 105.8638104, 11.2619414 ], [ 105.8618527, 11.2622555 ], [ 105.8599357, 11.2627619 ], [ 105.8570759, 11.2636712 ], [ 105.8552901, 11.2643342 ], [ 105.8535755, 11.265164 ], [ 105.8519476, 11.2661533 ], [ 105.8504212, 11.2672929 ], [ 105.8490101, 11.2685726 ], [ 105.8477272, 11.2699807 ], [ 105.8465841, 11.2715045 ], [ 105.8455912, 11.2731301 ], [ 105.8447573, 11.2748428 ], [ 105.8424851, 11.2801369 ], [ 105.8417761, 11.2820538 ], [ 105.8412663, 11.2840331 ], [ 105.8409613, 11.2860541 ], [ 105.840864, 11.2880956 ], [ 105.8409757, 11.2901364 ], [ 105.841295, 11.2921551 ], [ 105.8418187, 11.2941307 ], [ 105.8425413, 11.2960426 ], [ 105.8437786, 11.2988702 ], [ 105.8448137, 11.3009096 ], [ 105.846075, 11.3028175 ], [ 105.8475457, 11.304569 ], [ 105.8476978, 11.3047304 ], [ 105.8455533, 11.3106508 ], [ 105.844963, 11.3125788 ], [ 105.8445698, 11.3145565 ], [ 105.8443778, 11.3165637 ], [ 105.8443889, 11.3185801 ], [ 105.8446029, 11.3205851 ], [ 105.8451972, 11.3243446 ], [ 105.8455917, 11.3262402 ], [ 105.8461677, 11.3280887 ], [ 105.8469197, 11.3298729 ], [ 105.8478407, 11.3315759 ], [ 105.8489221, 11.333182 ], [ 105.8501537, 11.3346759 ], [ 105.851524, 11.3360438 ], [ 105.8530202, 11.3372728 ], [ 105.8544586, 11.3383421 ], [ 105.8553534, 11.3405759 ], [ 105.858234, 11.350858 ], [ 105.8600571, 11.3573653 ], [ 105.8597195, 11.3575845 ], [ 105.8582721, 11.358727 ], [ 105.8569359, 11.359998 ], [ 105.8557226, 11.3613867 ], [ 105.8546423, 11.3628812 ], [ 105.8537042, 11.3644688 ], [ 105.8529164, 11.3661362 ], [ 105.8523137, 11.3675805 ], [ 105.8508941, 11.3709827 ], [ 105.8496669, 11.3739236 ], [ 105.8489918, 11.3757996 ], [ 105.8485069, 11.3777334 ], [ 105.8482168, 11.3797059 ], [ 105.8481246, 11.3816974 ], [ 105.8482312, 11.3836883 ], [ 105.8485354, 11.3856586 ], [ 105.8490343, 11.3875889 ], [ 105.8497229, 11.3894599 ], [ 105.8505943, 11.3912531 ], [ 105.8531456, 11.3958986 ], [ 105.8528248, 11.3970679 ], [ 105.852489, 11.3990671 ], [ 105.8523573, 11.40109 ], [ 105.8524311, 11.4031159 ], [ 105.8527096, 11.4051238 ], [ 105.8531899, 11.4070933 ], [ 105.8538671, 11.409004 ], [ 105.8547343, 11.4108364 ], [ 105.8557824, 11.4125716 ], [ 105.8570009, 11.4141917 ], [ 105.8583771, 11.4156802 ], [ 105.8598969, 11.4170217 ], [ 105.8615447, 11.4182025 ], [ 105.8648901, 11.4203518 ], [ 105.865376, 11.4206737 ], [ 105.8655139, 11.4213773 ], [ 105.8660397, 11.423162 ], [ 105.8670488, 11.426079 ], [ 105.8674733, 11.4271966 ], [ 105.8688252, 11.4304591 ], [ 105.8695542, 11.4320238 ], [ 105.8704153, 11.4335197 ], [ 105.8714023, 11.4349359 ], [ 105.8721347, 11.4358144 ], [ 105.8695243, 11.4374665 ], [ 105.8682155, 11.4383697 ], [ 105.8669825, 11.439374 ], [ 105.8629614, 11.4429245 ], [ 105.8611783, 11.4447114 ], [ 105.8581981, 11.4481013 ], [ 105.8569716, 11.4496434 ], [ 105.8559028, 11.4512987 ], [ 105.8550021, 11.4530512 ], [ 105.8542782, 11.4548837 ], [ 105.8538063, 11.4562753 ], [ 105.8532605, 11.4581948 ], [ 105.8529087, 11.460159 ], [ 105.8527545, 11.4621486 ], [ 105.8527992, 11.4641436 ], [ 105.8530425, 11.4661242 ], [ 105.8534742, 11.4686071 ], [ 105.8539381, 11.4706403 ], [ 105.8546112, 11.4726141 ], [ 105.8554861, 11.4745072 ], [ 105.8565534, 11.4762988 ], [ 105.8578015, 11.4779696 ], [ 105.8594614, 11.4799655 ], [ 105.8602662, 11.4816753 ], [ 105.8622488, 11.4858875 ], [ 105.8616574, 11.4866923 ], [ 105.8606689, 11.4883524 ], [ 105.8598453, 11.4901 ], [ 105.8591941, 11.491919 ], [ 105.8587215, 11.4937924 ], [ 105.8579754, 11.4974956 ], [ 105.8576134, 11.5003148 ], [ 105.8573246, 11.5054141 ], [ 105.8573246, 11.5076752 ], [ 105.8575341, 11.5113765 ], [ 105.8577592, 11.5134426 ], [ 105.8581975, 11.5154742 ], [ 105.8588442, 11.5174494 ], [ 105.8596962, 11.5196563 ], [ 105.860428, 11.5213219 ], [ 105.861308, 11.5229141 ], [ 105.8623291, 11.5244198 ], [ 105.8641969, 11.526921 ], [ 105.8642887, 11.5278898 ], [ 105.8642583, 11.5281902 ], [ 105.8630131, 11.5313413 ], [ 105.8603944, 11.536251 ], [ 105.8597492, 11.5367748 ], [ 105.8589012, 11.5375307 ], [ 105.8569309, 11.539287 ], [ 105.8559696, 11.540203 ], [ 105.8540912, 11.5421157 ], [ 105.8525011, 11.5416815 ], [ 105.8506987, 11.5412778 ], [ 105.8488668, 11.541042 ], [ 105.8470208, 11.5409762 ], [ 105.8451767, 11.541081 ], [ 105.8433502, 11.5413555 ], [ 105.8415567, 11.5417974 ], [ 105.8400825, 11.5422337 ], [ 105.8396773, 11.5423536 ], [ 105.83872, 11.5426369 ], [ 105.8376924, 11.5428332 ], [ 105.8370314, 11.5429594 ], [ 105.8318938, 11.5439405 ], [ 105.8248406, 11.5442527 ], [ 105.8229664, 11.5444243 ], [ 105.8211167, 11.5447712 ], [ 105.8193078, 11.5452906 ], [ 105.8175557, 11.5459776 ], [ 105.8143112, 11.5474295 ], [ 105.8104694, 11.5489807 ], [ 105.8086446, 11.5498265 ], [ 105.806914, 11.5508513 ], [ 105.8052951, 11.5520448 ], [ 105.8020613, 11.5546897 ], [ 105.800641, 11.5559694 ], [ 105.7993493, 11.5573789 ], [ 105.7981981, 11.5589053 ], [ 105.797198, 11.5605347 ], [ 105.7963579, 11.5622521 ], [ 105.7956857, 11.5640419 ], [ 105.7951875, 11.5658876 ], [ 105.7948677, 11.5677726 ], [ 105.7941644, 11.5735949 ], [ 105.7940226, 11.5756759 ], [ 105.7940983, 11.5777604 ], [ 105.79437, 11.5796796 ], [ 105.7940313, 11.5803307 ], [ 105.7900496, 11.5879834 ], [ 105.7892521, 11.5897129 ], [ 105.7886226, 11.5915103 ], [ 105.7881669, 11.5933595 ], [ 105.7878892, 11.5952436 ], [ 105.787792, 11.5971456 ], [ 105.7878761, 11.5990482 ], [ 105.7881409, 11.6009342 ], [ 105.7885838, 11.6027865 ], [ 105.7892008, 11.6045882 ], [ 105.7899865, 11.6063231 ], [ 105.7909336, 11.6079754 ], [ 105.7919096, 11.6093548 ], [ 105.7910344, 11.6110163 ], [ 105.7902742, 11.6129033 ], [ 105.7897095, 11.6148577 ], [ 105.7893464, 11.6168594 ], [ 105.7891884, 11.6188876 ], [ 105.7892373, 11.6209214 ], [ 105.7894926, 11.6229397 ], [ 105.7899515, 11.6249216 ], [ 105.7906094, 11.6268466 ], [ 105.7914595, 11.6286949 ], [ 105.7924929, 11.6304472 ], [ 105.7937416, 11.6323377 ], [ 105.794936, 11.6339617 ], [ 105.7962879, 11.6354571 ], [ 105.7977833, 11.6368089 ], [ 105.7994073, 11.6380033 ], [ 105.8011433, 11.6390281 ], [ 105.8029736, 11.639873 ], [ 105.8048796, 11.6405293 ], [ 105.8068421, 11.6409905 ], [ 105.808841, 11.6412517 ], [ 105.810856, 11.6413104 ], [ 105.8120731, 11.6412229 ], [ 105.811362, 11.6453823 ], [ 105.8111246, 11.6473596 ], [ 105.8110849, 11.6493507 ], [ 105.8112435, 11.6513359 ], [ 105.8115988, 11.6532955 ], [ 105.8121471, 11.65521 ], [ 105.8128832, 11.6570605 ], [ 105.8137996, 11.6588286 ], [ 105.8148873, 11.6604968 ], [ 105.8161356, 11.6620486 ], [ 105.8175319, 11.6634685 ], [ 105.8190626, 11.6647425 ], [ 105.8207124, 11.665858 ], [ 105.8225909, 11.6669962 ], [ 105.8340261, 11.6764997 ], [ 105.8349221, 11.6772022 ], [ 105.8443676, 11.6841831 ], [ 105.8457508, 11.6851187 ], [ 105.8472072, 11.6859356 ], [ 105.8487266, 11.6866282 ], [ 105.8692644, 11.6949725 ], [ 105.870355, 11.695379 ], [ 105.875098, 11.6969915 ], [ 105.8770792, 11.6975531 ], [ 105.8791077, 11.697908 ], [ 105.8811619, 11.6980524 ], [ 105.8832201, 11.6979848 ], [ 105.8852604, 11.697706 ], [ 105.8872612, 11.6972188 ], [ 105.8892013, 11.6965285 ], [ 105.8910602, 11.6956423 ], [ 105.8938627, 11.6941245 ], [ 105.8961662, 11.6928769 ], [ 105.8976985, 11.6919561 ], [ 105.9100429, 11.6837657 ], [ 105.9324007, 11.6689314 ], [ 105.9431503, 11.66365 ], [ 105.945218, 11.6626341 ], [ 105.9463149, 11.6622406 ], [ 105.9530725, 11.6684945 ], [ 105.9537715, 11.6694495 ], [ 105.9547392, 11.6707717 ], [ 105.9578828, 11.6750665 ], [ 105.957933, 11.6751351 ], [ 105.9556304, 11.6806552 ], [ 105.9549964, 11.6823988 ], [ 105.9545266, 11.6841937 ], [ 105.9542252, 11.6860243 ], [ 105.9540948, 11.687875 ], [ 105.9541363, 11.6897298 ], [ 105.9543496, 11.6915728 ], [ 105.9547328, 11.6933881 ], [ 105.9552825, 11.6951601 ], [ 105.955994, 11.6968735 ], [ 105.9590379, 11.703339 ], [ 105.9591481, 11.703573 ], [ 105.960168, 11.7054671 ], [ 105.9613853, 11.7072407 ], [ 105.9627862, 11.7088733 ], [ 105.9643542, 11.710346 ], [ 105.9660714, 11.7116417 ], [ 105.9825009, 11.7227048 ], [ 105.9876603, 11.7295061 ], [ 105.9888985, 11.7330742 ], [ 105.9868291, 11.7550112 ], [ 105.986741, 11.7567763 ], [ 105.9868091, 11.7585423 ], [ 105.9870328, 11.7602955 ], [ 105.9874105, 11.762022 ], [ 105.9879391, 11.7637085 ], [ 105.9922672, 11.7756422 ], [ 105.9929865, 11.777369 ], [ 105.9938641, 11.7790212 ], [ 105.9948922, 11.7805841 ], [ 105.9960618, 11.7820441 ], [ 105.9973628, 11.7833884 ], [ 105.9987836, 11.7846053 ], [ 106.008551, 11.7922085 ], [ 106.0102712, 11.7934082 ], [ 106.0121076, 11.7944212 ], [ 106.01404, 11.7952363 ], [ 106.0160471, 11.7958446 ], [ 106.0168183, 11.7960348 ], [ 106.0318849, 11.7997489 ], [ 106.0336516, 11.8001008 ], [ 106.0354427, 11.8002924 ], [ 106.0372438, 11.800322 ], [ 106.0455003, 11.8000858 ], [ 106.046027, 11.8000638 ], [ 106.0606382, 11.79926 ], [ 106.062994, 11.7989896 ], [ 106.0731698, 11.7972052 ], [ 106.0752364, 11.7967287 ], [ 106.0772409, 11.7960359 ], [ 106.0791608, 11.7951349 ], [ 106.0877758, 11.7905191 ], [ 106.0901755, 11.789005 ], [ 106.0991094, 11.7824383 ], [ 106.1043067, 11.7786181 ], [ 106.1061575, 11.7772577 ], [ 106.1076631, 11.7760343 ], [ 106.1090431, 11.7746708 ], [ 106.1114626, 11.7720363 ], [ 106.1134983, 11.7698196 ], [ 106.1161637, 11.7669172 ], [ 106.1165932, 11.7664495 ], [ 106.1167859, 11.7662486 ], [ 106.117758, 11.7664333 ], [ 106.1201658, 11.766741 ], [ 106.1239367, 11.7669916 ], [ 106.1256729, 11.7670314 ], [ 106.127406, 11.7669205 ], [ 106.1359294, 11.7660019 ], [ 106.1381038, 11.7656454 ], [ 106.1402258, 11.765052 ], [ 106.1444386, 11.7636193 ], [ 106.1471196, 11.7624836 ], [ 106.1491573, 11.7614395 ], [ 106.1523274, 11.7644565 ], [ 106.1537549, 11.7656921 ], [ 106.1552926, 11.7667876 ], [ 106.1569268, 11.7677333 ], [ 106.1586428, 11.7685206 ], [ 106.1604254, 11.7691426 ], [ 106.1612842, 11.7693974 ], [ 106.1636607, 11.7701027 ], [ 106.1663419, 11.7707016 ], [ 106.185024, 11.7735448 ], [ 106.1870346, 11.7737476 ], [ 106.1890555, 11.7737464 ], [ 106.1910659, 11.7735412 ], [ 106.1930453, 11.7731343 ], [ 106.1949736, 11.7725296 ], [ 106.196831, 11.7717335 ], [ 106.1985986, 11.770754 ], [ 106.2002583, 11.7696011 ], [ 106.2017932, 11.7682866 ], [ 106.2056372, 11.7646423 ], [ 106.2070037, 11.763212 ], [ 106.2082223, 11.7616536 ], [ 106.2092809, 11.7599825 ], [ 106.2094645, 11.7596583 ], [ 106.2112859, 11.7564433 ], [ 106.2159579, 11.7527259 ], [ 106.2186096, 11.7514193 ], [ 106.2225601, 11.7510853 ], [ 106.2240713, 11.7508994 ], [ 106.226971, 11.75043 ], [ 106.2345541, 11.7492024 ], [ 106.236458, 11.7488941 ], [ 106.2419359, 11.7483059 ], [ 106.2426219, 11.7482202 ], [ 106.2560757, 11.7463032 ], [ 106.2581734, 11.7458888 ], [ 106.260215, 11.7452529 ], [ 106.263351, 11.7440887 ], [ 106.2650282, 11.7433775 ], [ 106.2666338, 11.7425167 ], [ 106.2681543, 11.7415134 ], [ 106.269764, 11.7403426 ], [ 106.2733043, 11.7382189 ], [ 106.2768813, 11.736073 ], [ 106.2784241, 11.7350474 ], [ 106.2798653, 11.7338834 ], [ 106.2811927, 11.7325911 ], [ 106.2823949, 11.7311815 ], [ 106.2827713, 11.7306963 ], [ 106.2837116, 11.7294839 ], [ 106.2840549, 11.7290412 ], [ 106.2863218, 11.7261185 ], [ 106.287412, 11.724566 ], [ 106.2883503, 11.7229171 ], [ 106.2891282, 11.7211868 ], [ 106.2897386, 11.7193905 ], [ 106.290176, 11.7175445 ], [ 106.2904366, 11.7156653 ], [ 106.2905179, 11.7137699 ], [ 106.2905159, 11.7133336 ], [ 106.2905155, 11.7132435 ], [ 106.2904782, 11.7124745 ], [ 106.3066965, 11.6970328 ], [ 106.3070266, 11.6970621 ], [ 106.311670253609336, 11.700566793351674 ], [ 106.651473312069456, 9.990344566121578 ], [ 106.650214600876538, 9.976070936547901 ], [ 106.641595112803898, 9.9714664445782 ], [ 106.598795668444822, 9.980003165624606 ], [ 106.590395766484335, 9.969339670477972 ], [ 106.61377742555463, 9.952490279905534 ], [ 106.644990288712791, 9.947846667102237 ], [ 106.659957856453076, 9.931341823931541 ], [ 106.676544154778867, 9.871241869561052 ], [ 106.659257386720626, 9.830241175047018 ], [ 106.622151801125568, 9.793530272520272 ], [ 106.614838146769785, 9.783768199514679 ], [ 106.6134341, 9.7838514 ], [ 106.6113574, 9.7840838 ], [ 106.6098009, 9.7844254 ], [ 106.599159, 9.7680113 ], [ 106.5850612, 9.7462611 ], [ 106.5850925, 9.7461969 ], [ 106.585626437437597, 9.744777180080813 ], [ 106.571241961131975, 9.725577160362686 ], [ 106.572198828303684, 9.702150327675811 ], [ 106.588274133958478, 9.675075171910786 ], [ 106.586132609561091, 9.662490502772842 ], [ 106.594030598956223, 9.655483864225456 ], [ 106.592810238802471, 9.651688149202723 ], [ 106.578453624328802, 9.654379533511184 ], [ 106.574229929054681, 9.642401024559291 ], [ 106.581781983853261, 9.623310825232164 ], [ 106.580703610594071, 9.620975182033048 ], [ 106.570084234687684, 9.628361141924755 ], [ 106.559871851186031, 9.618132329110106 ], [ 106.564130344943834, 9.592873834918167 ], [ 106.56151354337517, 9.589060842562667 ], [ 106.55710787876076, 9.597550154453486 ], [ 106.544258870625299, 9.596081184074313 ], [ 106.545408689910232, 9.569536757007159 ], [ 106.5421961, 9.565775 ], [ 106.5408222, 9.5643204 ], [ 106.5393098, 9.5630103 ], [ 106.538702412375031, 9.562535191706122 ], [ 106.510702168433028, 9.56344741138771 ], [ 106.478944318995119, 9.545482268588032 ], [ 106.475231111650672, 9.535381041065595 ], [ 106.457830141941514, 9.53789748048758 ], [ 106.452697751723008, 9.529912511467083 ], [ 106.455022679117747, 9.520926632260386 ], [ 106.451022976794974, 9.519778383140967 ], [ 106.439510021855142, 9.531880927323444 ], [ 106.425801346633065, 9.524236202458393 ], [ 106.42907203204382, 9.512812879639178 ], [ 106.4260827, 9.5117824 ], [ 106.425106850855158, 9.511443061027995 ], [ 106.423915758090658, 9.516771012147062 ], [ 106.397002384851646, 9.532795050681884 ], [ 106.358301528583397, 9.518129270938518 ], [ 106.3577859, 9.5188158 ], [ 106.3567913, 9.5204423 ], [ 106.355956, 9.5221561 ], [ 106.3552878, 9.5239417 ], [ 106.3547926, 9.5257829 ], [ 106.3544749, 9.5276628 ], [ 106.3541677, 9.5302169 ], [ 106.3540381, 9.5318697 ], [ 106.3540459, 9.5335275 ], [ 106.3541909, 9.5351791 ], [ 106.3545968, 9.5383069 ], [ 106.3547996, 9.5394279 ], [ 106.3528861, 9.5416812 ], [ 106.3462184, 9.5480528 ], [ 106.3377964, 9.5555706 ], [ 106.3368518, 9.5564709 ], [ 106.3288092, 9.5646529 ], [ 106.3225143, 9.5685903 ], [ 106.3211141, 9.5695511 ], [ 106.3183501, 9.5716257 ], [ 106.3181825, 9.5716886 ], [ 106.314482, 9.5686855 ], [ 106.3085256, 9.563851 ], [ 106.3083679, 9.5631343 ], [ 106.3078697, 9.5612938 ], [ 106.3071984, 9.5595091 ], [ 106.3018465, 9.547108 ], [ 106.3016891, 9.5467528 ], [ 106.2952051, 9.5324962 ], [ 106.2939109, 9.5300987 ], [ 106.2879613, 9.5206756 ], [ 106.2876132, 9.5201433 ], [ 106.2846868, 9.5158193 ], [ 106.2815339, 9.5106534 ], [ 106.2801992, 9.5087296 ], [ 106.2786487, 9.5069749 ], [ 106.2713907, 9.4996712 ], [ 106.2704225, 9.4987596 ], [ 106.2670035, 9.4957486 ], [ 106.2654735, 9.4945287 ], [ 106.2638315, 9.4934642 ], [ 106.2591186, 9.4907264 ], [ 106.2573862, 9.48983 ], [ 106.2538135, 9.4881971 ], [ 106.2496334, 9.4857865 ], [ 106.2480403, 9.4849608 ], [ 106.2463795, 9.4842811 ], [ 106.2446645, 9.483753 ], [ 106.2429091, 9.4833808 ], [ 106.2411275, 9.4831674 ], [ 106.2389761, 9.4830072 ], [ 106.2369828, 9.4829585 ], [ 106.2353317, 9.483083 ], [ 106.2238677, 9.4800744 ], [ 106.2223315, 9.4796668 ], [ 106.221472, 9.4758433 ], [ 106.219543, 9.467183 ], [ 106.2191576, 9.4657169 ], [ 106.2186623, 9.4642842 ], [ 106.218283622819271, 9.463310145148299 ], [ 106.21093420176534, 9.460689227635354 ], [ 106.180130457898258, 9.429847077399755 ], [ 106.189109939299186, 9.410393299625051 ], [ 106.18306789808004, 9.370714119090538 ], [ 106.11960460675877, 9.319096493397172 ], [ 106.1186482, 9.3192235 ], [ 106.1162261, 9.3192529 ], [ 106.1104784, 9.3192782 ], [ 106.1085508, 9.3193798 ], [ 106.1057144, 9.3196671 ], [ 106.1036439, 9.3199871 ], [ 106.1016183, 9.320522 ], [ 106.1010913, 9.3207221 ], [ 106.0961543, 9.3188354 ], [ 106.095563713351524, 9.31863066130115 ], [ 106.09224527483471, 9.318659506776529 ], [ 106.090877319074636, 9.317148356604202 ], [ 106.08020427647503, 9.313819536397695 ], [ 106.070770458435845, 9.318466191213082 ], [ 106.015156434863272, 9.29858366916177 ], [ 106.011102775768819, 9.291250596409899 ], [ 106.00108, 9.2880022 ], [ 105.991518, 9.2844826 ], [ 105.9842544, 9.2817143 ], [ 105.9836885, 9.2815083 ], [ 105.979756356305884, 9.280143790475478 ], [ 105.973268404981326, 9.282221234475635 ], [ 105.943160316237069, 9.268945179466497 ], [ 105.913719702284368, 9.271341272866785 ], [ 105.868760666620744, 9.260115661940681 ], [ 105.85421970533271, 9.247941262555784 ], [ 105.856443950528615, 9.236561632797756 ], [ 105.8442438, 9.2315376 ], [ 105.8436102, 9.2312892 ], [ 105.839303607317817, 9.229684828435326 ], [ 105.832514312461853, 9.237003350183565 ], [ 105.813479317847765, 9.230338722701646 ], [ 105.809355179053924, 9.221226450516204 ], [ 105.810292715018164, 9.218067557400557 ], [ 105.8016249, 9.2141482 ], [ 105.8015126, 9.2140978 ], [ 105.782658879793402, 9.205712091060979 ], [ 105.767273758583841, 9.212565281542755 ], [ 105.746963606451033, 9.198602195899966 ], [ 105.706524157477077, 9.187479842631751 ], [ 105.701583420403381, 9.175427113753987 ], [ 105.681962320631271, 9.176647042028625 ], [ 105.591713162656305, 9.135930567865286 ], [ 105.583500789619109, 9.126645729235797 ], [ 105.506859143730352, 9.097134945317201 ], [ 105.49820332601611, 9.088073087436644 ], [ 105.500718217611578, 9.076230474560868 ], [ 105.484291608706187, 9.083263727978425 ], [ 105.479046068127559, 9.075150606954715 ], [ 105.483452400647678, 9.063913010767719 ], [ 105.462265633705698, 9.064157882953653 ], [ 105.434583213415351, 9.029464228323798 ], [ 105.400905315578356, 9.002295585627859 ], [ 105.381558445058673, 8.940567805604193 ], [ 105.329985911239788, 8.834115317922029 ], [ 105.312156987309493, 8.823817454920936 ], [ 105.268107131357084, 8.769365944316556 ], [ 105.207306302428293, 8.752752533789897 ], [ 105.180096449593719, 8.738109043667462 ], [ 105.139095465544443, 8.691814166625671 ], [ 105.126809316095915, 8.65630245153139 ], [ 105.106318157638967, 8.635634104461811 ], [ 105.062073688654323, 8.625435412904334 ], [ 105.008966454679339, 8.600976372601826 ], [ 104.982511367529682, 8.600554395844968 ], [ 104.96475249151311, 8.588864498279799 ], [ 104.841040915278356, 8.562924599559897 ], [ 104.78757780830648, 8.572048368999306 ], [ 104.78512406958211, 8.58193486183646 ], [ 104.77231269653673, 8.58822379655073 ], [ 104.739824355148784, 8.593074293473611 ], [ 104.72913442081159, 8.587502264741417 ], [ 104.726602069633671, 8.600096903057175 ], [ 104.701445434968974, 8.616726318390729 ], [ 104.700383720485249, 8.6399148030949 ], [ 104.694728243973245, 8.64720955333461 ], [ 104.695234543737016, 8.648277049960852 ], [ 104.706348212848653, 8.642340955320723 ], [ 104.728690380982499, 8.656933022864617 ], [ 104.778812806946959, 8.653086895865906 ], [ 104.790074803373386, 8.719220821374314 ], [ 104.8128074167183, 8.733915185423792 ], [ 104.85303357840273, 8.745447162400456 ], [ 104.871452652505567, 8.766950822844121 ], [ 104.85635962649836, 8.784121073987066 ], [ 104.810136843843651, 8.771840348011549 ], [ 104.78037771819595, 8.809999998961652 ], [ 104.801578091274948, 8.915326099355372 ], [ 104.800988967296661, 9.018914295251323 ], [ 104.808617600820995, 9.03697453525651 ], [ 104.803084188809265, 9.047588468534435 ], [ 104.811410447701448, 9.124837416241986 ], [ 104.809012759231905, 9.170660046881338 ], [ 104.799064818764947, 9.178190464332658 ], [ 104.813930200526741, 9.200508494020076 ], [ 104.819706666503478, 9.237101361207575 ], [ 104.845069764788533, 9.652438469941698 ], [ 104.885704857706827, 9.830099567260147 ], [ 104.901180042537945, 9.854302101953161 ], [ 104.959920506387277, 9.859722134291806 ], [ 104.979126929088636, 9.880430052728423 ], [ 104.978197202099707, 9.89726614782527 ], [ 104.992704728012043, 9.896223241882607 ], [ 105.035856085287108, 9.936689655200379 ], [ 105.064257964957605, 9.950653873791529 ], [ 105.080497572215009, 9.948714085028326 ], [ 105.094986012201787, 9.93584911320113 ], [ 105.102139121356728, 9.951160290951345 ], [ 105.082724199591382, 9.977388563651123 ], [ 105.077476326266677, 10.004195369756516 ], [ 105.060989075397544, 10.014692190543922 ], [ 105.055140076591854, 10.031948375810625 ], [ 104.995804186800726, 10.091457625078688 ], [ 104.965782587989466, 10.098141270100676 ], [ 104.919595705048309, 10.088648036954577 ], [ 104.909362607786605, 10.070271679584895 ], [ 104.907145921400499, 10.083023686156181 ], [ 104.89050389762707, 10.081547662286729 ], [ 104.854956122812581, 10.12361180768065 ], [ 104.839417791298018, 10.1218655962494 ], [ 104.845804255043944, 10.137108509277375 ], [ 104.832911039900196, 10.158820890659058 ], [ 104.802764133392628, 10.193343759703389 ], [ 104.788528649585899, 10.190151436166213 ], [ 104.787056244914965, 10.204683010217613 ], [ 104.766338482058757, 10.219618612023046 ], [ 104.735543675153778, 10.226462741296695 ], [ 104.719499292356105, 10.220815959509832 ], [ 104.676420479418084, 10.186033069056393 ], [ 104.650710752439295, 10.149689257466905 ], [ 104.648302295919123, 10.13339034712634 ], [ 104.624765855331731, 10.143446948971253 ], [ 104.615507190370863, 10.127548467856112 ], [ 104.611735328889409, 10.14172678432155 ], [ 104.570481135762137, 10.15343690895625 ], [ 104.577813247592843, 10.167689074147287 ], [ 104.570068681239945, 10.178999328422311 ], [ 104.583005589747842, 10.174277262799585 ], [ 104.585309443217866, 10.154528579353382 ], [ 104.5991353191353, 10.152950976068064 ], [ 104.60426601943999, 10.163011798016251 ], [ 104.587048897177084, 10.176472550353436 ], [ 104.591239819744374, 10.19463069470639 ], [ 104.582168840462643, 10.211811835172499 ], [ 104.567301294714952, 10.221586445044398 ], [ 104.5673966, 10.221734 ], [ 104.5683958, 10.2230335 ], [ 104.5686233, 10.2233055 ], [ 104.567952, 10.2266306 ], [ 104.567452168491656, 10.228442888812047 ], [ 104.577528388401859, 10.231089173047636 ], [ 104.58179588820316, 10.251650471662138 ], [ 104.564698579031599, 10.277147587682132 ], [ 104.548037412878486, 10.288531250561444 ], [ 104.536453182671906, 10.279299981768281 ], [ 104.539325651801875, 10.270681931469227 ], [ 104.549266632116456, 10.268140469016837 ], [ 104.539772004630876, 10.259392180245337 ], [ 104.5384413, 10.2588836 ], [ 104.5363844, 10.2583395 ], [ 104.5342813, 10.2580169 ], [ 104.5329195, 10.2578817 ], [ 104.5312759, 10.2577867 ], [ 104.530253, 10.2577697 ], [ 104.5282462, 10.2578371 ], [ 104.5262562, 10.2581055 ], [ 104.5243032, 10.258572 ], [ 104.5224068, 10.259232 ], [ 104.5216056, 10.2595568 ], [ 104.5198612, 10.2603637 ], [ 104.5182023, 10.2613342 ], [ 104.5166442, 10.2624595 ], [ 104.5152013, 10.2637292 ], [ 104.5138869, 10.2651315 ], [ 104.5127132, 10.2666534 ], [ 104.5122472, 10.2673218 ], [ 104.51123, 10.2689406 ], [ 104.510460499185584, 10.270473053830782 ], [ 104.511272318582755, 10.272458259304859 ], [ 104.522016219652073, 10.26807291505904 ], [ 104.530149868384953, 10.273890233299182 ], [ 104.527318114532818, 10.320834014064364 ], [ 104.493458461077992, 10.362618975266512 ], [ 104.479371235814142, 10.359971369780117 ], [ 104.467220007531921, 10.371100306921283 ], [ 104.43792532599447, 10.361573678487524 ], [ 104.451312175122098, 10.397318028996787 ], [ 104.443573220206332, 10.417794477413612 ], [ 104.424756404734779, 10.438852292259869 ], [ 104.4262191, 10.4398842 ], [ 104.427915, 10.4408479 ], [ 104.4296966, 10.4416419 ], [ 104.4315471, 10.4422586 ], [ 104.4335448, 10.4428177 ], [ 104.4536404, 10.448441 ], [ 104.4553014, 10.4488303 ], [ 104.4569896, 10.4490766 ], [ 104.4586926, 10.4491781 ], [ 104.4651016, 10.4492862 ], [ 104.4695822, 10.4493617 ], [ 104.4722036, 10.4492336 ], [ 104.4799993, 10.4483373 ], [ 104.4819102, 10.4480232 ], [ 104.4837818, 10.4475258 ], [ 104.4855965, 10.4468497 ], [ 104.4873373, 10.4460013 ], [ 104.4889879, 10.4449884 ], [ 104.493557, 10.4418706 ], [ 104.4945322, 10.445367 ], [ 104.4950257, 10.4468962 ], [ 104.4956404, 10.4483807 ], [ 104.4973388, 10.4520574 ], [ 104.4981543, 10.4536349 ], [ 104.4991066, 10.4551339 ], [ 104.5001881, 10.4565425 ], [ 104.5044146, 10.4615685 ], [ 104.5055392, 10.462798 ], [ 104.5067623, 10.4639296 ], [ 104.5105648, 10.4671645 ], [ 104.5119902, 10.4682703 ], [ 104.5135094, 10.4692432 ], [ 104.5151102, 10.4700752 ], [ 104.5167794, 10.4707596 ], [ 104.5185034, 10.4712907 ], [ 104.5202683, 10.4716644 ], [ 104.5281092, 10.4729581 ], [ 104.5281708, 10.4729652 ], [ 104.5284777, 10.4747927 ], [ 104.5291112, 10.4769893 ], [ 104.5299911, 10.4790992 ], [ 104.5315875, 10.4823847 ], [ 104.5332206, 10.4857457 ], [ 104.5331963, 10.4884568 ], [ 104.5330446, 10.4935668 ], [ 104.5330801, 10.4954913 ], [ 104.5333005, 10.4974034 ], [ 104.5337037, 10.4992856 ], [ 104.534286, 10.5011202 ], [ 104.5350419, 10.5028904 ], [ 104.5359645, 10.5045797 ], [ 104.5393772, 10.510171 ], [ 104.5404511, 10.5117549 ], [ 104.5416715, 10.5132288 ], [ 104.5430272, 10.5145793 ], [ 104.5445057, 10.5157941 ], [ 104.5460936, 10.5168621 ], [ 104.5477762, 10.5177734 ], [ 104.5495383, 10.5185197 ], [ 104.5562428, 10.5209882 ], [ 104.5581305, 10.521579 ], [ 104.5599636, 10.5219589 ], [ 104.5603694, 10.5251333 ], [ 104.5606234, 10.5266524 ], [ 104.5609935, 10.5281475 ], [ 104.5625199, 10.5334316 ], [ 104.563278, 10.5355861 ], [ 104.5642768, 10.5376401 ], [ 104.5655033, 10.5395668 ], [ 104.5695434, 10.5451784 ], [ 104.5708623, 10.5468205 ], [ 104.5744348, 10.5508177 ], [ 104.5758588, 10.5522572 ], [ 104.5774211, 10.5535454 ], [ 104.5791056, 10.554669 ], [ 104.5808952, 10.5556164 ], [ 104.5870981, 10.5585086 ], [ 104.5880407, 10.5589482 ], [ 104.589717, 10.5596391 ], [ 104.591449, 10.5601754 ], [ 104.5932225, 10.5605526 ], [ 104.5950228, 10.5607676 ], [ 104.5968352, 10.5608188 ], [ 104.6049842, 10.5606791 ], [ 104.6068316, 10.5605617 ], [ 104.6086601, 10.5602741 ], [ 104.6104543, 10.5598186 ], [ 104.6156904, 10.5582281 ], [ 104.6173929, 10.5576258 ], [ 104.6190341, 10.5568723 ], [ 104.6206006, 10.5559739 ], [ 104.6247425, 10.5533431 ], [ 104.6296804, 10.5514662 ], [ 104.630664, 10.5515633 ], [ 104.6316731, 10.5528254 ], [ 104.6319469, 10.5531679 ], [ 104.6332413, 10.5546341 ], [ 104.6346728, 10.5559667 ], [ 104.6362276, 10.5571532 ], [ 104.6378909, 10.5581822 ], [ 104.6396467, 10.5590437 ], [ 104.6414782, 10.5597297 ], [ 104.643368, 10.5602335 ], [ 104.645298, 10.5605503 ], [ 104.6472497, 10.5606771 ], [ 104.658664, 10.5608592 ], [ 104.6599212, 10.5608397 ], [ 104.6926406, 10.5593032 ], [ 104.6943158, 10.5591537 ], [ 104.6959726, 10.558864 ], [ 104.6975991, 10.5584362 ], [ 104.72051, 10.551367 ], [ 104.7364246, 10.5464565 ], [ 104.738801, 10.5457229 ], [ 104.7395121, 10.5454888 ], [ 104.7551513, 10.5400124 ], [ 104.7582707, 10.5398233 ], [ 104.7761853, 10.5402769 ], [ 104.8588718, 10.5423497 ], [ 104.872259, 10.5539112 ], [ 104.8804265, 10.5609637 ], [ 104.8838273, 10.566021 ], [ 104.8996414, 10.5972203 ], [ 104.9024268, 10.6027147 ], [ 104.9031527, 10.604023 ], [ 104.9163239, 10.6257967 ], [ 104.9179775, 10.6281342 ], [ 104.9286495, 10.6411357 ], [ 104.9363355, 10.6504981 ], [ 104.9375181, 10.6518152 ], [ 104.9462133, 10.6606769 ], [ 104.9475546, 10.6619242 ], [ 104.9490045, 10.6630435 ], [ 104.9505506, 10.6640255 ], [ 104.9809296, 10.6814209 ], [ 104.9814092, 10.6816868 ], [ 104.9877791, 10.6851059 ], [ 104.9919808, 10.6873612 ], [ 105.0043048, 10.6944303 ], [ 105.0516328, 10.7215674 ], [ 105.061662, 10.7273159 ], [ 105.0708451, 10.7332792 ], [ 105.0686411, 10.746241 ], [ 105.0679095, 10.7474097 ], [ 105.0654028, 10.7494986 ], [ 105.0479755, 10.7640191 ], [ 105.0465738, 10.7653047 ], [ 105.0453006, 10.7667176 ], [ 105.0441674, 10.7682451 ], [ 105.0431843, 10.7698733 ], [ 105.0423604, 10.7715876 ], [ 105.0417031, 10.7733723 ], [ 105.0412182, 10.7752114 ], [ 105.0409102, 10.7770883 ], [ 105.0400684, 10.784372 ], [ 105.0399509, 10.7859005 ], [ 105.0394668, 10.7985024 ], [ 105.0394452, 10.799066 ], [ 105.0389436, 10.8121238 ], [ 105.0265249, 10.836452 ], [ 105.0263518, 10.8367994 ], [ 105.0119052, 10.8665104 ], [ 105.0110937, 10.8684272 ], [ 105.0104857, 10.8704179 ], [ 105.010088, 10.8724611 ], [ 105.0084436, 10.8841122 ], [ 105.0082621, 10.8861382 ], [ 105.0082873, 10.8881722 ], [ 105.0085191, 10.8901931 ], [ 105.0089549, 10.89218 ], [ 105.0096722, 10.8948045 ], [ 105.0103566, 10.8973083 ], [ 105.0110491, 10.8993867 ], [ 105.0119648, 10.9013769 ], [ 105.0130927, 10.9032551 ], [ 105.0144193, 10.9049986 ], [ 105.0147197, 10.9053515 ], [ 105.018089, 10.9093092 ], [ 105.0179194, 10.9121161 ], [ 105.0179018, 10.9141901 ], [ 105.0180991, 10.9162547 ], [ 105.0185091, 10.9182877 ], [ 105.0191274, 10.9202674 ], [ 105.0199475, 10.9221724 ], [ 105.0209604, 10.9239822 ], [ 105.0242234, 10.9291624 ], [ 105.0242556, 10.9292134 ], [ 105.0322337, 10.9417948 ], [ 105.0333604, 10.9433931 ], [ 105.0346378, 10.9448737 ], [ 105.0360537, 10.9462225 ], [ 105.0375945, 10.9474265 ], [ 105.0471412, 10.9541618 ], [ 105.0486671, 10.955138 ], [ 105.050275, 10.955972 ], [ 105.0519519, 10.9566572 ], [ 105.0564606, 10.9582653 ], [ 105.0571958, 10.9628251 ], [ 105.057609, 10.964768 ], [ 105.0582129, 10.9666603 ], [ 105.0590015, 10.9684834 ], [ 105.0599671, 10.9702193 ], [ 105.0611001, 10.9718508 ], [ 105.0623894, 10.9733619 ], [ 105.0638221, 10.9747377 ], [ 105.0653843, 10.9759645 ], [ 105.0670605, 10.9770304 ], [ 105.0688342, 10.9779247 ], [ 105.0706878, 10.9786387 ], [ 105.072603, 10.9791652 ], [ 105.0745611, 10.9794992 ], [ 105.0765427, 10.9796373 ], [ 105.0785281, 10.9795782 ], [ 105.080498, 10.9793224 ], [ 105.0824327, 10.9788725 ], [ 105.0843132, 10.9782329 ], [ 105.0861211, 10.9774099 ], [ 105.087727, 10.9765802 ], [ 105.0892732, 10.9756918 ], [ 105.0895588, 10.9754919 ], [ 105.0913414, 10.9750104 ], [ 105.0915765, 10.9749469 ], [ 105.0990195, 10.9789764 ], [ 105.100744, 10.9798059 ], [ 105.1025399, 10.9804668 ], [ 105.1043907, 10.9809531 ], [ 105.1080575, 10.981731 ], [ 105.110028, 10.9820472 ], [ 105.1120201, 10.9821655 ], [ 105.1140141, 10.9820847 ], [ 105.1159901, 10.9818056 ], [ 105.1179285, 10.9813309 ], [ 105.1198099, 10.9806654 ], [ 105.1216156, 10.9798157 ], [ 105.1233276, 10.9787904 ], [ 105.124929, 10.9775995 ], [ 105.1264037, 10.9762549 ], [ 105.127737, 10.9747701 ], [ 105.1289158, 10.9731598 ], [ 105.1299282, 10.97144 ], [ 105.1301872, 10.9709451 ], [ 105.1306849, 10.9699937 ], [ 105.1312018, 10.9689306 ], [ 105.1334797, 10.9638697 ], [ 105.1341991, 10.9620347 ], [ 105.1347344, 10.9601378 ], [ 105.1350804, 10.9581975 ], [ 105.1352337, 10.9562325 ], [ 105.1351929, 10.9542619 ], [ 105.1345802, 10.9455241 ], [ 105.1343962, 10.9439596 ], [ 105.1445465, 10.9443314 ], [ 105.1473891, 10.9442331 ], [ 105.156661, 10.9432492 ], [ 105.1592798, 10.9429713 ], [ 105.1596465, 10.9429324 ], [ 105.16157, 10.942633 ], [ 105.1634553, 10.942148 ], [ 105.1652844, 10.941482 ], [ 105.1670402, 10.9406413 ], [ 105.1689196, 10.9396262 ], [ 105.1793462, 10.9339942 ], [ 105.1829358, 10.9331196 ], [ 105.186856, 10.9331721 ], [ 105.18896, 10.9332003 ], [ 105.1978264, 10.9333188 ], [ 105.1997218, 10.9332542 ], [ 105.2016026, 10.9330104 ], [ 105.2034519, 10.9325895 ], [ 105.2052529, 10.9319953 ], [ 105.2069896, 10.9312332 ], [ 105.2086463, 10.9303101 ], [ 105.2145866, 10.9266204 ], [ 105.2265883, 10.9199604 ], [ 105.23724, 10.9166047 ], [ 105.2461115, 10.9167213 ], [ 105.2578182, 10.9188084 ], [ 105.2597208, 10.9190542 ], [ 105.2616382, 10.9191165 ], [ 105.2635527, 10.9189949 ], [ 105.2654467, 10.9186903 ], [ 105.2673029, 10.9182057 ], [ 105.2691041, 10.9175455 ], [ 105.2708338, 10.9167158 ], [ 105.272476, 10.9157242 ], [ 105.2740156, 10.9145798 ], [ 105.2754386, 10.9132931 ], [ 105.2767317, 10.9118761 ], [ 105.2776894, 10.9107198 ], [ 105.2790267, 10.9097718 ], [ 105.2793035, 10.9095944 ], [ 105.2804487, 10.9088605 ], [ 105.2844103, 10.9082601 ], [ 105.2862899, 10.9078822 ], [ 105.2881247, 10.9073262 ], [ 105.2925266, 10.9057581 ], [ 105.2945827, 10.9048936 ], [ 105.2965297, 10.9038056 ], [ 105.3017896, 10.9004684 ], [ 105.3170782, 10.8927668 ], [ 105.3201599, 10.8912147 ], [ 105.320413, 10.8910849 ], [ 105.3206399, 10.8909665 ], [ 105.3306005, 10.8857732 ], [ 105.3346082, 10.8913286 ], [ 105.3355081, 10.8924844 ], [ 105.3423276, 10.9006104 ], [ 105.3436198, 10.9020092 ], [ 105.3450392, 10.9032786 ], [ 105.3465728, 10.9044074 ], [ 105.3482069, 10.9053852 ], [ 105.3488548, 10.9056934 ], [ 105.3490011, 10.9060695 ], [ 105.3497909, 10.9076643 ], [ 105.351115, 10.9100632 ], [ 105.3520576, 10.9116024 ], [ 105.3528519, 10.9127769 ], [ 105.3537691, 10.9144322 ], [ 105.3547822, 10.9160692 ], [ 105.355948, 10.9176013 ], [ 105.3572557, 10.9190142 ], [ 105.3586931, 10.9202948 ], [ 105.360247, 10.9214312 ], [ 105.361903, 10.922413 ], [ 105.3636457, 10.923231 ], [ 105.3639682, 10.923346 ], [ 105.3642688, 10.9240358 ], [ 105.3652048, 10.925909 ], [ 105.3664357, 10.9280801 ], [ 105.3669185, 10.9289815 ], [ 105.3678705, 10.9305764 ], [ 105.3689664, 10.9320761 ], [ 105.3701966, 10.9334677 ], [ 105.3715506, 10.9347391 ], [ 105.37352, 10.9364233 ], [ 105.3756067, 10.9379844 ], [ 105.377733, 10.9393687 ], [ 105.3793332, 10.9403078 ], [ 105.3810136, 10.9410946 ], [ 105.386088, 10.9431893 ], [ 105.3861857, 10.9432585 ], [ 105.3874375, 10.9441451 ], [ 105.3901229, 10.9514987 ], [ 105.3909715, 10.9534832 ], [ 105.3920291, 10.9553646 ], [ 105.3937558, 10.9580819 ], [ 105.4054745, 10.9820681 ], [ 105.4063468, 10.9836651 ], [ 105.4073607, 10.9851762 ], [ 105.4076556, 10.9855752 ], [ 105.4087406, 10.9869179 ], [ 105.4099374, 10.988162 ], [ 105.4103766, 10.9885808 ], [ 105.4119157, 10.9899059 ], [ 105.4135813, 10.9910681 ], [ 105.4153562, 10.9920554 ], [ 105.417222, 10.9928576 ], [ 105.4191596, 10.9934665 ], [ 105.4211489, 10.9938757 ], [ 105.4232552, 10.9941985 ], [ 105.4253372, 10.9944068 ], [ 105.4281493, 10.9945402 ], [ 105.42982, 10.9945496 ], [ 105.4314856, 10.9944196 ], [ 105.4331345, 10.9941509 ], [ 105.434948, 10.9937771 ], [ 105.4368617, 10.9932829 ], [ 105.4387173, 10.9926023 ], [ 105.4404967, 10.9917418 ], [ 105.4421824, 10.9907099 ], [ 105.4437581, 10.9895167 ], [ 105.4452082, 10.9881737 ], [ 105.4465188, 10.9866942 ], [ 105.4472414, 10.9857923 ], [ 105.447541, 10.9854182 ], [ 105.4490332, 10.9832842 ], [ 105.4501922, 10.9813727 ], [ 105.4505918, 10.9808761 ], [ 105.4511848, 10.9812851 ], [ 105.4526221, 10.9821096 ], [ 105.4541226, 10.9828124 ], [ 105.4563107, 10.9837286 ], [ 105.457946, 10.984331 ], [ 105.4596274, 10.9847887 ], [ 105.4613423, 10.9850984 ], [ 105.4637377, 10.9854239 ], [ 105.4661899, 10.9856046 ], [ 105.4688889, 10.9856371 ], [ 105.4697485, 10.9856289 ], [ 105.4720488, 10.9855577 ], [ 105.4738785, 10.9854169 ], [ 105.4756876, 10.9851089 ], [ 105.4774609, 10.9846363 ], [ 105.4795686, 10.9839697 ], [ 105.4816728, 10.9831715 ], [ 105.4836739, 10.9821419 ], [ 105.4854866, 10.9810762 ], [ 105.4867433, 10.9802728 ], [ 105.4879366, 10.9793781 ], [ 105.489041, 10.9784838 ], [ 105.490545, 10.9771346 ], [ 105.4919052, 10.9756405 ], [ 105.4931077, 10.9740168 ], [ 105.4931852, 10.9738865 ], [ 105.4945835, 10.9741334 ], [ 105.4965656, 10.9742831 ], [ 105.4985527, 10.9742353 ], [ 105.5005253, 10.9739905 ], [ 105.5024639, 10.9735511 ], [ 105.5043492, 10.9729214 ], [ 105.5061628, 10.9721076 ], [ 105.5078866, 10.9711179 ], [ 105.5082844, 10.9708624 ], [ 105.5313316, 10.9733101 ], [ 105.5412876, 10.9784168 ], [ 105.5431724, 10.9792636 ], [ 105.5451344, 10.9799115 ], [ 105.5471529, 10.9803534 ], [ 105.570861994834132, 10.984273592663682 ], [ 105.647284482505825, 10.975305894288455 ] ] ], [ [ [ 104.332276724880188, 10.471724115568598 ], [ 104.339157402640907, 10.473564852841077 ], [ 104.3393356, 10.4735084 ], [ 104.3396467, 10.4733843 ], [ 104.3411345, 10.4727193 ], [ 104.3425633, 10.4719354 ], [ 104.3429446, 10.4717055 ], [ 104.3445673, 10.4706156 ], [ 104.3460759, 10.4693724 ], [ 104.3464047, 10.4690733 ], [ 104.3477914, 10.4676814 ], [ 104.3490348, 10.4661602 ], [ 104.3492983, 10.4658034 ], [ 104.3502209, 10.46444 ], [ 104.350343460189066, 10.464222248462704 ], [ 104.333054039035744, 10.447223839291452 ], [ 104.33501101303456, 10.432831970115176 ], [ 104.344315636698909, 10.424321919627786 ], [ 104.317566847468029, 10.433087984221228 ], [ 104.323289572864169, 10.473537696237537 ], [ 104.3239501, 10.4738031 ], [ 104.3258171, 10.4743497 ], [ 104.326251, 10.4744541 ], [ 104.3279547, 10.4747865 ], [ 104.3296808, 10.47497 ], [ 104.3300708, 10.4749944 ], [ 104.330645676770317, 10.475005605196838 ], [ 104.332276724880188, 10.471724115568598 ] ] ], [ [ [ 104.161886643689542, 22.824293922662626 ], [ 104.175605531232378, 22.685626051413582 ], [ 104.207533549883138, 22.516265124318515 ], [ 104.217270343549458, 22.496972331031692 ], [ 104.231246675361874, 22.389210339008553 ], [ 104.275037439553927, 22.195403824282934 ], [ 104.299632793272295, 22.04304268261189 ], [ 104.315105343336668, 21.982582171468241 ], [ 104.339014371470071, 21.927848305555926 ], [ 104.34125694020419, 21.885041083662358 ], [ 104.358583644207002, 21.821475559188812 ], [ 104.354986155463394, 21.783102472796116 ], [ 104.392711855166951, 21.64979925843155 ], [ 104.388699829284292, 21.637526821732084 ], [ 104.398053388497146, 21.577695777060828 ], [ 104.409817610482634, 21.549474980682863 ], [ 104.414870283340605, 21.474507930925817 ], [ 104.42507214646173, 21.460933619322983 ], [ 104.43928659789907, 21.384081387147045 ], [ 104.454018287063249, 21.359286366876567 ], [ 104.453182845271485, 21.29439909972503 ], [ 104.463021501169052, 21.268537789178676 ], [ 104.457890072461012, 21.244811971272476 ], [ 104.479494443582865, 21.162480342156336 ], [ 104.47831117886625, 21.118048906751458 ], [ 104.517614821437405, 20.972935687869995 ], [ 104.522633901454796, 20.897960421986316 ], [ 104.544851474044393, 20.825126966380761 ], [ 104.551555363745805, 20.76732910930895 ], [ 104.574997591634272, 20.676980671948591 ], [ 104.575618016929042, 20.66225974186014 ], [ 104.5754359, 20.6624154 ], [ 104.5738572, 20.6641189 ], [ 104.5729569, 20.6652113 ], [ 104.5724999, 20.6658193 ], [ 104.5717858, 20.6663371 ], [ 104.5704475, 20.6675016 ], [ 104.5692177, 20.66878 ], [ 104.568106, 20.6701624 ], [ 104.5673035, 20.6712563 ], [ 104.5661137, 20.6730782 ], [ 104.5651289, 20.6750186 ], [ 104.5643607, 20.6770545 ], [ 104.5639979, 20.6782014 ], [ 104.5634116, 20.6805347 ], [ 104.5631097, 20.6829215 ], [ 104.5630431, 20.6839346 ], [ 104.5630011, 20.6854554 ], [ 104.5630194, 20.6872074 ], [ 104.5631266, 20.689077 ], [ 104.5633992, 20.6916858 ], [ 104.5634094, 20.6917631 ], [ 104.5618569, 20.6928248 ], [ 104.5561029, 20.6967154 ], [ 104.5544225, 20.6979855 ], [ 104.552885, 20.6994253 ], [ 104.5524773, 20.6998495 ], [ 104.5501296, 20.7006913 ], [ 104.5496993, 20.7008512 ], [ 104.5492441, 20.7010263 ], [ 104.5464754, 20.7003994 ], [ 104.5447372, 20.7000901 ], [ 104.5440512, 20.6981706 ], [ 104.5431447, 20.696284 ], [ 104.542046, 20.6945025 ], [ 104.5407671, 20.6928455 ], [ 104.5388003, 20.6905558 ], [ 104.5376537, 20.6893292 ], [ 104.5364083, 20.6882031 ], [ 104.5347678, 20.6868404 ], [ 104.5332168, 20.6856744 ], [ 104.5315601, 20.6846642 ], [ 104.5298133, 20.6838193 ], [ 104.5279929, 20.6831476 ], [ 104.5270677, 20.6828564 ], [ 104.5250266, 20.6823304 ], [ 104.5229415, 20.6820222 ], [ 104.5211818, 20.6818562 ], [ 104.5196203, 20.6817703 ], [ 104.5189954, 20.6817604 ], [ 104.5186408, 20.6817548 ], [ 104.5166537, 20.6818222 ], [ 104.5146832, 20.6820866 ], [ 104.5127487, 20.6825453 ], [ 104.5108692, 20.6831938 ], [ 104.5090635, 20.6840257 ], [ 104.5073492, 20.6850328 ], [ 104.5057434, 20.6862051 ], [ 104.5052963, 20.6865669 ], [ 104.5038608, 20.6878476 ], [ 104.5025549, 20.6892603 ], [ 104.5013908, 20.6907919 ], [ 104.5009952, 20.6914318 ], [ 104.5005884, 20.6915849 ], [ 104.4993068, 20.6919024 ], [ 104.4963146, 20.6924093 ], [ 104.4946472, 20.6927655 ], [ 104.4930162, 20.6932624 ], [ 104.4914334, 20.6938964 ], [ 104.4909748, 20.6941032 ], [ 104.4898008, 20.6946326 ], [ 104.4892597, 20.6948767 ], [ 104.4889197, 20.6950339 ], [ 104.4859071, 20.6964612 ], [ 104.4843524, 20.6972834 ], [ 104.4828759, 20.6982389 ], [ 104.4814891, 20.6993205 ], [ 104.4806935, 20.6999993 ], [ 104.4791618, 20.7014526 ], [ 104.4777918, 20.7030594 ], [ 104.4765989, 20.7048015 ], [ 104.4757916, 20.7061254 ], [ 104.4749777, 20.7075958 ], [ 104.4745635, 20.7085196 ], [ 104.474419, 20.7086853 ], [ 104.4733493, 20.7100234 ], [ 104.472398, 20.7114481 ], [ 104.4715721, 20.712949 ], [ 104.4708353, 20.7144354 ], [ 104.4701644, 20.715942 ], [ 104.4696199, 20.7174988 ], [ 104.4687085, 20.7204955 ], [ 104.46794, 20.7220995 ], [ 104.4669038, 20.7247226 ], [ 104.4664624, 20.7261214 ], [ 104.4659459, 20.7281084 ], [ 104.4656358, 20.7301378 ], [ 104.4655354, 20.7321884 ], [ 104.4655407, 20.7343816 ], [ 104.4655004, 20.73662 ], [ 104.4655075, 20.7376198 ], [ 104.4656486, 20.7420241 ], [ 104.4656692, 20.7422842 ], [ 104.4652537, 20.7429218 ], [ 104.4641284, 20.7448827 ], [ 104.4632317, 20.746958 ], [ 104.4624591, 20.749066 ], [ 104.461821, 20.7511532 ], [ 104.4605794, 20.7561806 ], [ 104.4605362, 20.7564011 ], [ 104.459729, 20.7568239 ], [ 104.4579554, 20.7580093 ], [ 104.4571113, 20.7586411 ], [ 104.4555914, 20.7599004 ], [ 104.4543397, 20.7611653 ], [ 104.4539276, 20.7612168 ], [ 104.4509304, 20.7617218 ], [ 104.449004, 20.762145 ], [ 104.4462761, 20.762887 ], [ 104.4458017, 20.7630161 ], [ 104.4438676, 20.7636498 ], [ 104.442008, 20.7644767 ], [ 104.440242, 20.7654884 ], [ 104.4390524, 20.7662528 ], [ 104.4376182, 20.767266 ], [ 104.4362785, 20.768401 ], [ 104.4350434, 20.7696492 ], [ 104.4343436, 20.7704215 ], [ 104.4332954, 20.7716781 ], [ 104.4323534, 20.7730161 ], [ 104.4315239, 20.7744267 ], [ 104.4308647, 20.7756606 ], [ 104.4305518, 20.7763372 ], [ 104.4288991, 20.7759211 ], [ 104.427386, 20.7756201 ], [ 104.4256059, 20.7753486 ], [ 104.4238086, 20.7752383 ], [ 104.4227802, 20.7752216 ], [ 104.4205102, 20.7753138 ], [ 104.4182653, 20.7756629 ], [ 104.4160744, 20.7762643 ], [ 104.4134619, 20.7771438 ], [ 104.4132803, 20.7772059 ], [ 104.4122791, 20.7775537 ], [ 104.4115078, 20.7778215 ], [ 104.4096599, 20.7785683 ], [ 104.4078954, 20.7794953 ], [ 104.4073258, 20.7798318 ], [ 104.4057275, 20.7808823 ], [ 104.4042367, 20.7820807 ], [ 104.4028673, 20.783416 ], [ 104.4028317, 20.7834542 ], [ 104.402312, 20.7840123 ], [ 104.4019385, 20.7844556 ], [ 104.4017579, 20.7845354 ], [ 104.3999396, 20.7855785 ], [ 104.3982404, 20.7868063 ], [ 104.396679, 20.7882052 ], [ 104.395631, 20.7892482 ], [ 104.3943222, 20.7906839 ], [ 104.3931588, 20.7922398 ], [ 104.391939, 20.7940482 ], [ 104.3912222, 20.7949239 ], [ 104.3901616, 20.7963435 ], [ 104.3893975, 20.7975815 ], [ 104.3876732, 20.7984625 ], [ 104.3858956, 20.7996234 ], [ 104.3842511, 20.8009662 ], [ 104.384001, 20.8011936 ], [ 104.3830594, 20.8020492 ], [ 104.3824808, 20.8026419 ], [ 104.3823557, 20.8025947 ], [ 104.3804386, 20.8020819 ], [ 104.3784801, 20.8017616 ], [ 104.3764995, 20.8016369 ], [ 104.3745163, 20.8017092 ], [ 104.37255, 20.8019777 ], [ 104.3719846, 20.8020837 ], [ 104.3698538, 20.8026056 ], [ 104.367793, 20.8033577 ], [ 104.3658269, 20.804331 ], [ 104.3641211, 20.8052955 ], [ 104.3624519, 20.8061709 ], [ 104.3618609, 20.8063911 ], [ 104.3616777, 20.8064604 ], [ 104.3606415, 20.8068582 ], [ 104.3588551, 20.8076461 ], [ 104.3571541, 20.8086044 ], [ 104.3555546, 20.809724 ], [ 104.3540718, 20.8109942 ], [ 104.35272, 20.812403 ], [ 104.351969, 20.8132663 ], [ 104.3509283, 20.8145685 ], [ 104.3499996, 20.8159529 ], [ 104.3491894, 20.8174098 ], [ 104.348477, 20.8188269 ], [ 104.3477676, 20.8204047 ], [ 104.3476236, 20.8208169 ], [ 104.3460659, 20.8228614 ], [ 104.3443803, 20.8239218 ], [ 104.3430404, 20.8248427 ], [ 104.3407527, 20.8265561 ], [ 104.3405994, 20.8266169 ], [ 104.3398252, 20.826924 ], [ 104.338473, 20.8275191 ], [ 104.3371685, 20.8282125 ], [ 104.3352365, 20.8293327 ], [ 104.3333941, 20.8305412 ], [ 104.3316959, 20.831945 ], [ 104.3301624, 20.8335271 ], [ 104.3297579, 20.8340487 ], [ 104.3286592, 20.8346138 ], [ 104.326906, 20.8357622 ], [ 104.3257649, 20.8366939 ], [ 104.3245446, 20.8368611 ], [ 104.3225911, 20.8373322 ], [ 104.3218519, 20.8375503 ], [ 104.32019, 20.8381212 ], [ 104.3185846, 20.8388357 ], [ 104.3170482, 20.8396883 ], [ 104.3155925, 20.8406725 ], [ 104.3144992, 20.8414839 ], [ 104.313034, 20.8426829 ], [ 104.3116887, 20.8440151 ], [ 104.3099376, 20.8459216 ], [ 104.3088058, 20.8472682 ], [ 104.3077967, 20.848709 ], [ 104.3069181, 20.8502329 ], [ 104.3065622, 20.8509182 ], [ 104.3057833, 20.8526055 ], [ 104.3051643, 20.8543578 ], [ 104.3047106, 20.85616 ], [ 104.3044262, 20.8579966 ], [ 104.3043668, 20.8585487 ], [ 104.304252, 20.8606611 ], [ 104.3043611, 20.8627739 ], [ 104.3046927, 20.8648634 ], [ 104.3052431, 20.8669061 ], [ 104.3060063, 20.8688792 ], [ 104.3069736, 20.8707607 ], [ 104.3073534, 20.8714122 ], [ 104.3089018, 20.8736915 ], [ 104.3102538, 20.8754132 ], [ 104.3091231, 20.8758585 ], [ 104.3085299, 20.8761252 ], [ 104.306808, 20.8770017 ], [ 104.3051788, 20.8780402 ], [ 104.3036573, 20.8792312 ], [ 104.3022578, 20.8805633 ], [ 104.3009935, 20.8820243 ], [ 104.299876, 20.8836005 ], [ 104.2989158, 20.8852772 ], [ 104.2987874, 20.885562 ], [ 104.2977002, 20.8864412 ], [ 104.2963681, 20.8877411 ], [ 104.2954032, 20.888876 ], [ 104.2948574, 20.8891213 ], [ 104.294423, 20.8893495 ], [ 104.2943564, 20.8893562 ], [ 104.2933702, 20.8894553 ], [ 104.2914053, 20.8897521 ], [ 104.2894794, 20.8902425 ], [ 104.2883453, 20.8905921 ], [ 104.2864403, 20.8912869 ], [ 104.2846153, 20.8921711 ], [ 104.2828893, 20.8932355 ], [ 104.28128, 20.8944693 ], [ 104.2804829, 20.8951472 ], [ 104.2790305, 20.8965127 ], [ 104.2783315, 20.8973154 ], [ 104.2775186, 20.8961802 ], [ 104.2770401, 20.895573 ], [ 104.2758855, 20.894234 ], [ 104.2754039, 20.8937663 ], [ 104.275213, 20.8932932 ], [ 104.2743866, 20.8915043 ], [ 104.2733882, 20.8898054 ], [ 104.2722274, 20.888213 ], [ 104.2709156, 20.8867426 ], [ 104.2697618, 20.885571 ], [ 104.2681785, 20.884127 ], [ 104.2664499, 20.8828606 ], [ 104.2645956, 20.8817864 ], [ 104.2626371, 20.8809168 ], [ 104.2620045, 20.8806756 ], [ 104.2602587, 20.8801003 ], [ 104.2584674, 20.8796878 ], [ 104.2566458, 20.8794415 ], [ 104.2548093, 20.8793634 ], [ 104.2529734, 20.8794543 ], [ 104.252473, 20.8795022 ], [ 104.2523701, 20.879512 ], [ 104.2505177, 20.8797763 ], [ 104.2486981, 20.8802125 ], [ 104.2469272, 20.8808169 ], [ 104.2452206, 20.8815841 ], [ 104.2444072, 20.8820456 ], [ 104.2430005, 20.882203 ], [ 104.2412122, 20.8825707 ], [ 104.2394649, 20.8830998 ], [ 104.2377732, 20.8837861 ], [ 104.236151, 20.8846238 ], [ 104.234612, 20.8856059 ], [ 104.2341648, 20.8859209 ], [ 104.2326426, 20.887107 ], [ 104.2312418, 20.8884343 ], [ 104.2299754, 20.8898904 ], [ 104.2288552, 20.8914618 ], [ 104.2281481, 20.8926888 ], [ 104.2271463, 20.8934399 ], [ 104.225802, 20.8945231 ], [ 104.224484, 20.8956841 ], [ 104.2232731, 20.8969562 ], [ 104.2217693, 20.8986817 ], [ 104.2203389, 20.9005309 ], [ 104.219134, 20.9025345 ], [ 104.2179843, 20.9047273 ], [ 104.2158218, 20.9087012 ], [ 104.2150349, 20.910316 ], [ 104.2143961, 20.9119948 ], [ 104.2139105, 20.9137243 ], [ 104.2136967, 20.9146423 ], [ 104.2133502, 20.9165403 ], [ 104.2131882, 20.9184629 ], [ 104.2131942, 20.9189479 ], [ 104.2131759, 20.9189476 ], [ 104.211377, 20.9190827 ], [ 104.2095975, 20.9193793 ], [ 104.207852, 20.9198351 ], [ 104.2068656, 20.9201408 ], [ 104.2051496, 20.9207597 ], [ 104.2034971, 20.9215324 ], [ 104.2019219, 20.9224524 ], [ 104.2004371, 20.9235122 ], [ 104.1996903, 20.9240984 ], [ 104.1979891, 20.9255972 ], [ 104.1971814, 20.9264904 ], [ 104.1959697, 20.9264448 ], [ 104.1945994, 20.9264403 ], [ 104.1938558, 20.9264633 ], [ 104.1926858, 20.9264995 ], [ 104.1907234, 20.9266572 ], [ 104.188786, 20.927007 ], [ 104.1868924, 20.9275457 ], [ 104.185856, 20.9278965 ], [ 104.1841087, 20.9285809 ], [ 104.1824332, 20.929426 ], [ 104.1808443, 20.9304244 ], [ 104.1793559, 20.9315674 ], [ 104.1786081, 20.9321996 ], [ 104.1771411, 20.9335719 ], [ 104.1758192, 20.9350845 ], [ 104.1757325, 20.9352066 ], [ 104.1749999, 20.9352369 ], [ 104.1724743, 20.9355028 ], [ 104.1720603, 20.9355732 ], [ 104.1712087, 20.9355827 ], [ 104.1708009, 20.9355915 ], [ 104.1660912, 20.9357402 ], [ 104.1648754, 20.9358157 ], [ 104.1570269, 20.9365436 ], [ 104.1537993, 20.9355527 ], [ 104.1533228, 20.9352168 ], [ 104.1515643, 20.9341094 ], [ 104.1497004, 20.9331905 ], [ 104.1444501, 20.930933 ], [ 104.1424419, 20.9301941 ], [ 104.1403664, 20.929674 ], [ 104.1388036, 20.9293702 ], [ 104.137025, 20.9291068 ], [ 104.13523, 20.9290042 ], [ 104.133433, 20.9290632 ], [ 104.1305359, 20.929289 ], [ 104.1286682, 20.9295234 ], [ 104.1266709, 20.9298702 ], [ 104.1262583, 20.9299419 ], [ 104.1243614, 20.9303671 ], [ 104.1225147, 20.9309744 ], [ 104.1207357, 20.9317582 ], [ 104.1190412, 20.932711 ], [ 104.1178994, 20.9334282 ], [ 104.1164116, 20.9344595 ], [ 104.1150231, 20.9356211 ], [ 104.1137454, 20.9369035 ], [ 104.1130437, 20.9376746 ], [ 104.1119223, 20.9390209 ], [ 104.1109231, 20.9404602 ], [ 104.1100536, 20.9419815 ], [ 104.1093207, 20.943573 ], [ 104.1085341, 20.9454989 ], [ 104.1077778, 20.9472649 ], [ 104.1076192, 20.947646 ], [ 104.1066394, 20.9500711 ], [ 104.1057644, 20.9527762 ], [ 104.1057135, 20.9529825 ], [ 104.1056069, 20.9528492 ], [ 104.104076, 20.9513117 ], [ 104.1034499, 20.9507477 ], [ 104.1018793, 20.9494708 ], [ 104.1001877, 20.9483592 ], [ 104.0983924, 20.9474242 ], [ 104.097032, 20.9468011 ], [ 104.0956271, 20.9462211 ], [ 104.0941823, 20.9457496 ], [ 104.0905598, 20.9447178 ], [ 104.0901877, 20.9443983 ], [ 104.0885361, 20.9432469 ], [ 104.086777, 20.9422674 ], [ 104.0849284, 20.9414698 ], [ 104.0845391, 20.9413246 ], [ 104.0827389, 20.9407485 ], [ 104.0808923, 20.9403449 ], [ 104.0790158, 20.9401174 ], [ 104.0771263, 20.9400681 ], [ 104.0758108, 20.9401583 ], [ 104.0756907, 20.9400576 ], [ 104.0748365, 20.9394779 ], [ 104.0748293, 20.9394151 ], [ 104.0746982, 20.9386293 ], [ 104.0743444, 20.936954 ], [ 104.0738486, 20.9353151 ], [ 104.0735241, 20.9343877 ], [ 104.072447, 20.931875 ], [ 104.0712916, 20.9296194 ], [ 104.0703807, 20.9280258 ], [ 104.0690505, 20.9259284 ], [ 104.0676922, 20.9240395 ], [ 104.0668064, 20.9229477 ], [ 104.0668356, 20.9225734 ], [ 104.0668582, 20.9203041 ], [ 104.0668879, 20.9188414 ], [ 104.066877, 20.9176602 ], [ 104.0668126, 20.916 ], [ 104.0666501, 20.9141163 ], [ 104.0663104, 20.9122563 ], [ 104.066085, 20.9112845 ], [ 104.0654941, 20.9092386 ], [ 104.064689, 20.9072671 ], [ 104.0636788, 20.9053924 ], [ 104.0624751, 20.9036358 ], [ 104.0614722, 20.9023275 ], [ 104.0602043, 20.9008315 ], [ 104.0587961, 20.899467 ], [ 104.0540283, 20.8952802 ], [ 104.0530145, 20.8944472 ], [ 104.051663, 20.8934091 ], [ 104.0500788, 20.8923095 ], [ 104.0483959, 20.8913675 ], [ 104.0466302, 20.890592 ], [ 104.044798, 20.8899902 ], [ 104.0442618, 20.8898423 ], [ 104.0429058, 20.8895446 ], [ 104.0428326, 20.8894731 ], [ 104.0413388, 20.8881528 ], [ 104.039721, 20.8869878 ], [ 104.0379953, 20.8859896 ], [ 104.0368796, 20.8854165 ], [ 104.0349769, 20.8845614 ], [ 104.0329954, 20.8839092 ], [ 104.0309568, 20.8834669 ], [ 104.0288833, 20.8832393 ], [ 104.0277083, 20.8831721 ], [ 104.0250522, 20.8831969 ], [ 104.0246382, 20.8832283 ], [ 104.024072, 20.8832713 ], [ 104.0220926, 20.8835212 ], [ 104.020148, 20.883967 ], [ 104.0187676, 20.8843569 ], [ 104.0168211, 20.8850165 ], [ 104.0149525, 20.8858723 ], [ 104.0145477, 20.8860835 ], [ 104.0109269, 20.8861661 ], [ 104.0097676, 20.8862262 ], [ 104.0068019, 20.8864666 ], [ 104.0057712, 20.8864479 ], [ 104.0037825, 20.8857758 ], [ 104.00141, 20.8852833 ], [ 103.9988687, 20.8849146 ], [ 103.9970141, 20.8847333 ], [ 103.9951506, 20.8847253 ], [ 103.9932945, 20.8848908 ], [ 103.9921345, 20.885049 ], [ 103.9888211, 20.885501 ], [ 103.9867065, 20.8859064 ], [ 103.9846478, 20.8865367 ], [ 103.9838082, 20.8868441 ], [ 103.9818317, 20.8876909 ], [ 103.9799574, 20.888745 ], [ 103.9782156, 20.8899882 ], [ 103.9709122, 20.8841271 ], [ 103.9687637, 20.8826233 ], [ 103.9671179, 20.8816254 ], [ 103.9651524, 20.8805786 ], [ 103.9630828, 20.8797569 ], [ 103.9619145, 20.8793668 ], [ 103.9598272, 20.8787933 ], [ 103.9576902, 20.8784488 ], [ 103.9555285, 20.8783373 ], [ 103.9552161, 20.8783381 ], [ 103.9510326, 20.8767416 ], [ 103.9493577, 20.8761857 ], [ 103.9476404, 20.8757797 ], [ 103.9473787, 20.8757299 ], [ 103.9460225, 20.8754723 ], [ 103.9436293, 20.8751659 ], [ 103.9412166, 20.8751498 ], [ 103.9405787, 20.8751841 ], [ 103.938573, 20.8753938 ], [ 103.9365985, 20.8758044 ], [ 103.9346754, 20.8764118 ], [ 103.9328233, 20.8772097 ], [ 103.931061, 20.8781901 ], [ 103.9294063, 20.879343 ], [ 103.9287088, 20.8798832 ], [ 103.9273642, 20.8810229 ], [ 103.9261251, 20.8822765 ], [ 103.9254208, 20.8831274 ], [ 103.9239994, 20.8827459 ], [ 103.922454, 20.8823961 ], [ 103.9208858, 20.8821697 ], [ 103.9187337, 20.8819456 ], [ 103.9168443, 20.8818388 ], [ 103.9149533, 20.8819111 ], [ 103.9131856, 20.8820627 ], [ 103.9112103, 20.8823319 ], [ 103.9092716, 20.8827963 ], [ 103.9039952, 20.8843421 ], [ 103.9021871, 20.8846419 ], [ 103.9018737, 20.8846964 ], [ 103.8986899, 20.8852764 ], [ 103.8967461, 20.8841138 ], [ 103.8950919, 20.8832271 ], [ 103.8944538, 20.8829227 ], [ 103.893923, 20.8819194 ], [ 103.8929014, 20.8803596 ], [ 103.8917389, 20.8789018 ], [ 103.8904458, 20.8775585 ], [ 103.8890331, 20.8763415 ], [ 103.8883098, 20.8757749 ], [ 103.8864954, 20.874509 ], [ 103.8856092, 20.873961 ], [ 103.8851335, 20.8729945 ], [ 103.8840619, 20.8712797 ], [ 103.8828226, 20.8696819 ], [ 103.8820572, 20.8687919 ], [ 103.8805848, 20.8672537 ], [ 103.8789572, 20.8658807 ], [ 103.8764194, 20.8639615 ], [ 103.8731526, 20.8613518 ], [ 103.871315, 20.8598098 ], [ 103.8698983, 20.8587249 ], [ 103.869669, 20.8585798 ], [ 103.8675025, 20.8556864 ], [ 103.8674589, 20.8555743 ], [ 103.8666848, 20.8538351 ], [ 103.8657488, 20.8521774 ], [ 103.8646595, 20.8506162 ], [ 103.8634266, 20.8491656 ], [ 103.8620615, 20.8478388 ], [ 103.8605764, 20.8466478 ], [ 103.8589847, 20.8456034 ], [ 103.8582587, 20.845175 ], [ 103.8563752, 20.8441945 ], [ 103.8543983, 20.8434192 ], [ 103.8523504, 20.8428578 ], [ 103.8502545, 20.8425168 ], [ 103.849379, 20.8424217 ], [ 103.8492232, 20.8424048 ], [ 103.8473023, 20.8422897 ], [ 103.8453793, 20.8423597 ], [ 103.8434719, 20.8426142 ], [ 103.8395852, 20.8433246 ], [ 103.8372765, 20.8438902 ], [ 103.8364411, 20.8441484 ], [ 103.8344655, 20.8447587 ], [ 103.831818, 20.8457878 ], [ 103.8291942, 20.8470288 ], [ 103.8282293, 20.8475587 ], [ 103.8275299, 20.8458777 ], [ 103.8266317, 20.8441931 ], [ 103.825577, 20.8426017 ], [ 103.8243754, 20.8411182 ], [ 103.8230378, 20.8397561 ], [ 103.8217945, 20.8387109 ], [ 103.8220425, 20.8375085 ], [ 103.8223693, 20.8353163 ], [ 103.8224514, 20.8331013 ], [ 103.822288, 20.8308909 ], [ 103.8221619, 20.8299206 ], [ 103.8217747, 20.8278234 ], [ 103.8211664, 20.8257794 ], [ 103.8203439, 20.8238118 ], [ 103.8193166, 20.8219429 ], [ 103.8183457, 20.8203803 ], [ 103.81733, 20.8188985 ], [ 103.8149033, 20.8156786 ], [ 103.813237, 20.8133522 ], [ 103.8121625, 20.8119823 ], [ 103.810973, 20.810711 ], [ 103.8096294, 20.8093949 ], [ 103.8079228, 20.8079031 ], [ 103.8045337, 20.8052637 ], [ 103.8025053, 20.8033108 ], [ 103.8019749, 20.8028183 ], [ 103.7991871, 20.8003222 ], [ 103.7970714, 20.7986895 ], [ 103.7971056, 20.7982101 ], [ 103.7970926, 20.797639 ], [ 103.7972861, 20.797398 ], [ 103.7990819, 20.7953596 ], [ 103.8001134, 20.7943345 ], [ 103.8014212, 20.7929022 ], [ 103.8025842, 20.79135 ], [ 103.8035912, 20.7896924 ], [ 103.804433, 20.7879451 ], [ 103.8047427, 20.7872135 ], [ 103.8055106, 20.7850659 ], [ 103.806029, 20.7828449 ], [ 103.8061409, 20.7822017 ], [ 103.8063856, 20.7802049 ], [ 103.8064285, 20.7781937 ], [ 103.8064004, 20.7772252 ], [ 103.8062828, 20.7755638 ], [ 103.8060274, 20.773918 ], [ 103.8055415, 20.7714657 ], [ 103.8053958, 20.7707916 ], [ 103.8047402, 20.7679928 ], [ 103.8045562, 20.7668054 ], [ 103.8045118, 20.7665318 ], [ 103.8043863, 20.7657901 ], [ 103.8059065, 20.7639763 ], [ 103.806411, 20.7632945 ], [ 103.8074603, 20.7617269 ], [ 103.8083572, 20.7600674 ], [ 103.8086648, 20.7594279 ], [ 103.8093917, 20.7577176 ], [ 103.8099566, 20.7559472 ], [ 103.8103548, 20.754132 ], [ 103.8105829, 20.7522878 ], [ 103.8106387, 20.7504303 ], [ 103.8105219, 20.7485756 ], [ 103.8102335, 20.7467398 ], [ 103.8101006, 20.7460919 ], [ 103.8096487, 20.7443097 ], [ 103.8090352, 20.7425766 ], [ 103.808265, 20.7409071 ], [ 103.8073448, 20.7393154 ], [ 103.8070612, 20.7388731 ], [ 103.8067735, 20.7384246 ], [ 103.8055208, 20.7366847 ], [ 103.8040891, 20.735089 ], [ 103.8024948, 20.7336557 ], [ 103.8003285, 20.7319087 ], [ 103.7984611, 20.7305721 ], [ 103.7964528, 20.7294584 ], [ 103.7946593, 20.7285945 ], [ 103.7933064, 20.7280033 ], [ 103.7919137, 20.7275136 ], [ 103.7906487, 20.7271206 ], [ 103.789063, 20.7267267 ], [ 103.7875969, 20.7255199 ], [ 103.7872353, 20.7252292 ], [ 103.7821788, 20.7212601 ], [ 103.7803521, 20.719984 ], [ 103.7783947, 20.7189191 ], [ 103.7772797, 20.7183907 ], [ 103.7753227, 20.7175871 ], [ 103.7732918, 20.7169947 ], [ 103.7712097, 20.7166201 ], [ 103.7690996, 20.7164676 ], [ 103.7681695, 20.7164497 ], [ 103.7663716, 20.716496 ], [ 103.764585, 20.7167036 ], [ 103.7632256, 20.7169872 ], [ 103.7625911, 20.7166624 ], [ 103.7601272, 20.7156032 ], [ 103.758329, 20.7149693 ], [ 103.7562627, 20.7143638 ], [ 103.7546083, 20.7140672 ], [ 103.7549529, 20.7121818 ], [ 103.7551112, 20.7100693 ], [ 103.7551273, 20.709332 ], [ 103.7550902, 20.7076012 ], [ 103.7549035, 20.70588 ], [ 103.7545686, 20.7041814 ], [ 103.7544787, 20.7038106 ], [ 103.7546059, 20.7036813 ], [ 103.75589, 20.7020755 ], [ 103.7564455, 20.7013025 ], [ 103.7575022, 20.6996701 ], [ 103.7583954, 20.6979428 ], [ 103.7590284, 20.6965574 ], [ 103.7623781, 20.6892258 ], [ 103.7625091, 20.6889389 ], [ 103.7633734, 20.6867008 ], [ 103.7636362, 20.6858761 ], [ 103.7641293, 20.6840269 ], [ 103.7644435, 20.6821391 ], [ 103.7645758, 20.6802299 ], [ 103.764525, 20.6783168 ], [ 103.7645192, 20.678239 ], [ 103.7644869, 20.6778073 ], [ 103.7642771, 20.6760489 ], [ 103.7639125, 20.674316 ], [ 103.7633961, 20.6726221 ], [ 103.7627319, 20.6709805 ], [ 103.761925, 20.6694042 ], [ 103.7615006, 20.6686584 ], [ 103.7605401, 20.6671344 ], [ 103.7594463, 20.6657031 ], [ 103.7582281, 20.6643759 ], [ 103.7568955, 20.6631638 ], [ 103.7556624, 20.6621397 ], [ 103.7544606, 20.6611372 ], [ 103.7486882, 20.6553468 ], [ 103.7472575, 20.6540442 ], [ 103.7457076, 20.6528859 ], [ 103.744053, 20.6518828 ], [ 103.7425531, 20.65107 ], [ 103.7406376, 20.6501599 ], [ 103.7386366, 20.6494577 ], [ 103.7365725, 20.6489714 ], [ 103.7319884, 20.648145 ], [ 103.731568, 20.6480738 ], [ 103.7265915, 20.6472858 ], [ 103.7247443, 20.6470807 ], [ 103.722886, 20.647048 ], [ 103.7209755, 20.6471032 ], [ 103.7188635, 20.6472766 ], [ 103.7167818, 20.6476724 ], [ 103.7146805, 20.6481886 ], [ 103.7145269, 20.6481316 ], [ 103.7123389, 20.6474436 ], [ 103.7109688, 20.6470657 ], [ 103.7060436, 20.6458939 ], [ 103.7024341, 20.6449801 ], [ 103.7002809, 20.6445591 ], [ 103.6964251, 20.6440228 ], [ 103.6962749, 20.6440025 ], [ 103.6929516, 20.6435659 ], [ 103.6893853, 20.6429551 ], [ 103.6876321, 20.6427341 ], [ 103.684651, 20.6424914 ], [ 103.6827011, 20.6424281 ], [ 103.6807542, 20.6425551 ], [ 103.678829, 20.6428712 ], [ 103.6776485, 20.6431247 ], [ 103.6757986, 20.6436156 ], [ 103.674004, 20.6442811 ], [ 103.6722812, 20.6451152 ], [ 103.6706461, 20.64611 ], [ 103.6696521, 20.646782 ], [ 103.6682398, 20.6478302 ], [ 103.6665819, 20.6491776 ], [ 103.6625763, 20.6521544 ], [ 103.6618526, 20.6526923 ], [ 103.6603447, 20.6539315 ], [ 103.6589648, 20.6553118 ], [ 103.6580614, 20.6563083 ], [ 103.6567761, 20.6578794 ], [ 103.6556567, 20.6595728 ], [ 103.6547146, 20.6613709 ], [ 103.6539597, 20.6632552 ], [ 103.6536457, 20.6641711 ], [ 103.6531347, 20.6659168 ], [ 103.6527844, 20.6677018 ], [ 103.6525977, 20.6695111 ], [ 103.6525823, 20.6708121 ], [ 103.6522112, 20.671957 ], [ 103.6515168, 20.6745712 ], [ 103.6511045, 20.6765033 ], [ 103.6510113, 20.6773362 ], [ 103.6508886, 20.67735 ], [ 103.6490844, 20.6777231 ], [ 103.6473222, 20.6782607 ], [ 103.6456169, 20.6789582 ], [ 103.643983, 20.6798096 ], [ 103.6424345, 20.6808078 ], [ 103.6405439, 20.6821536 ], [ 103.6401917, 20.6824223 ], [ 103.639565, 20.6826172 ], [ 103.63838, 20.6830549 ], [ 103.6366034, 20.6838104 ], [ 103.6349079, 20.6847338 ], [ 103.6333094, 20.6858162 ], [ 103.6318226, 20.6870478 ], [ 103.6304616, 20.688417 ], [ 103.6292389, 20.689911 ], [ 103.6280272, 20.6915467 ], [ 103.6268728, 20.6932885 ], [ 103.6259064, 20.6951412 ], [ 103.6243619, 20.6985221 ], [ 103.6236845, 20.7002022 ], [ 103.6229582, 20.7022692 ], [ 103.6228909, 20.7024608 ], [ 103.6209213, 20.706274 ], [ 103.6196132, 20.7068709 ], [ 103.6184084, 20.7069314 ], [ 103.6165686, 20.7071966 ], [ 103.6147613, 20.7076314 ], [ 103.6130022, 20.7082322 ], [ 103.6113065, 20.7089936 ], [ 103.6101671, 20.7095703 ], [ 103.6079596, 20.7108717 ], [ 103.6059453, 20.7122402 ], [ 103.6040124, 20.7123751 ], [ 103.6020286, 20.7127163 ], [ 103.6000892, 20.7132552 ], [ 103.5982138, 20.7139863 ], [ 103.5964214, 20.7149022 ], [ 103.5947301, 20.7159936 ], [ 103.593157, 20.7172495 ], [ 103.5917182, 20.7186572 ], [ 103.5914672, 20.7189288 ], [ 103.5901451, 20.7205167 ], [ 103.5889938, 20.7222325 ], [ 103.5880258, 20.724058 ], [ 103.5872512, 20.7259736 ], [ 103.5871683, 20.7262608 ], [ 103.5849047, 20.7262491 ], [ 103.5834111, 20.7262972 ], [ 103.5785864, 20.7266334 ], [ 103.5757795, 20.726829 ], [ 103.5752806, 20.72687 ], [ 103.5700014, 20.7273709 ], [ 103.5692648, 20.7274546 ], [ 103.5670369, 20.7277497 ], [ 103.5659831, 20.7269309 ], [ 103.5644171, 20.7258302 ], [ 103.562753, 20.7248842 ], [ 103.5610061, 20.7241016 ], [ 103.5591924, 20.7234897 ], [ 103.5573285, 20.7230539 ], [ 103.5554315, 20.7227983 ], [ 103.5535187, 20.7227252 ], [ 103.5516077, 20.7228354 ], [ 103.549716, 20.7231277 ], [ 103.5478609, 20.7235995 ], [ 103.5460594, 20.7242465 ], [ 103.544328, 20.7250627 ], [ 103.5426826, 20.7260407 ], [ 103.5411382, 20.7271716 ], [ 103.5401732, 20.7279518 ], [ 103.5381696, 20.7295717 ], [ 103.5375913, 20.7299363 ], [ 103.5367523, 20.7304953 ], [ 103.5338423, 20.7325419 ], [ 103.5328679, 20.7331792 ], [ 103.5320393, 20.7328741 ], [ 103.5300236, 20.7322503 ], [ 103.5279533, 20.7318425 ], [ 103.5226807, 20.7310901 ], [ 103.5206929, 20.730907 ], [ 103.5186968, 20.7309231 ], [ 103.5163426, 20.7310597 ], [ 103.5141131, 20.7313151 ], [ 103.5119263, 20.7318188 ], [ 103.5098097, 20.7325642 ], [ 103.5072731, 20.7336209 ], [ 103.5015004, 20.7355769 ], [ 103.4998491, 20.7362192 ], [ 103.4982612, 20.7370052 ], [ 103.496635, 20.7379019 ], [ 103.4956796, 20.7384288 ], [ 103.4938632, 20.7395615 ], [ 103.4921783, 20.7408818 ], [ 103.4906441, 20.7423746 ], [ 103.4892783, 20.7440228 ], [ 103.4876607, 20.7462025 ], [ 103.4867526, 20.7475352 ], [ 103.4859549, 20.7489366 ], [ 103.4835966, 20.7534983 ], [ 103.482771, 20.7553113 ], [ 103.4821299, 20.7571975 ], [ 103.4807443, 20.7620555 ], [ 103.4804108, 20.7633997 ], [ 103.4799429, 20.7656103 ], [ 103.4797459, 20.7658915 ], [ 103.4778834, 20.7663318 ], [ 103.4768627, 20.7666288 ], [ 103.4750503, 20.7672519 ], [ 103.4733058, 20.7680455 ], [ 103.4716453, 20.7690024 ], [ 103.470084, 20.7701139 ], [ 103.4686363, 20.7713698 ], [ 103.4673154, 20.7727584 ], [ 103.4661335, 20.7742671 ], [ 103.4651014, 20.775882 ], [ 103.4642287, 20.7775883 ], [ 103.4638725, 20.7783756 ], [ 103.4633293, 20.7797005 ], [ 103.4627521, 20.7812659 ], [ 103.4623508, 20.7816658 ], [ 103.461069, 20.7832317 ], [ 103.459952, 20.784919 ], [ 103.4590113, 20.7867107 ], [ 103.4582564, 20.7885882 ], [ 103.4577129, 20.7901663 ], [ 103.4572956, 20.791616 ], [ 103.4567824, 20.7904112 ], [ 103.455969, 20.7888836 ], [ 103.4549762, 20.787199 ], [ 103.4540266, 20.7857373 ], [ 103.4529533, 20.7843638 ], [ 103.4517645, 20.783089 ], [ 103.4498906, 20.7812474 ], [ 103.4485313, 20.7800283 ], [ 103.4470664, 20.7789384 ], [ 103.4455083, 20.7779865 ], [ 103.4445811, 20.7774767 ], [ 103.4441989, 20.7772665 ], [ 103.4424669, 20.77642 ], [ 103.4406614, 20.7757443 ], [ 103.4387992, 20.7752455 ], [ 103.4368977, 20.7749283 ], [ 103.4349744, 20.7747957 ], [ 103.4339427, 20.7747744 ], [ 103.4319001, 20.7748366 ], [ 103.4298746, 20.775107 ], [ 103.4278871, 20.7755826 ], [ 103.4271694, 20.7758342 ], [ 103.4263212, 20.775655 ], [ 103.4244116, 20.775338 ], [ 103.4224307, 20.7751099 ], [ 103.4207618, 20.775085 ], [ 103.4204734, 20.7747381 ], [ 103.4191411, 20.7732871 ], [ 103.4176724, 20.7719742 ], [ 103.4160817, 20.7708121 ], [ 103.4130324, 20.7688071 ], [ 103.4106359, 20.7674577 ], [ 103.4072822, 20.7658623 ], [ 103.4053264, 20.7650558 ], [ 103.4032962, 20.7644604 ], [ 103.4012146, 20.7640828 ], [ 103.3991046, 20.7639272 ], [ 103.3988601, 20.7639221 ], [ 103.3980764, 20.7639058 ], [ 103.3959554, 20.7639741 ], [ 103.3938536, 20.7642667 ], [ 103.3917946, 20.7647805 ], [ 103.3898016, 20.7655095 ], [ 103.3889916, 20.7659076 ], [ 103.3877679, 20.7657812 ], [ 103.3857811, 20.7657742 ], [ 103.3839254, 20.7658599 ], [ 103.3837089, 20.76587 ], [ 103.3817685, 20.7660552 ], [ 103.3798555, 20.7664284 ], [ 103.3767409, 20.7671953 ], [ 103.3752714, 20.7676173 ], [ 103.3740825, 20.7680085 ], [ 103.3721974, 20.7687363 ], [ 103.3703954, 20.7696505 ], [ 103.3686948, 20.7707419 ], [ 103.367113, 20.7719994 ], [ 103.3656662, 20.77341 ], [ 103.3649096, 20.7742262 ], [ 103.3635792, 20.7758199 ], [ 103.3624211, 20.777543 ], [ 103.3617448, 20.7788173 ], [ 103.3609374, 20.7796342 ], [ 103.3600418, 20.7806022 ], [ 103.3591236, 20.7816627 ], [ 103.3568408, 20.7842995 ], [ 103.3564915, 20.784703 ], [ 103.354726, 20.7842071 ], [ 103.3527349, 20.7838598 ], [ 103.350719, 20.7837151 ], [ 103.3494165, 20.7836877 ], [ 103.3492505, 20.7836842 ], [ 103.3473848, 20.7837314 ], [ 103.3455317, 20.7839524 ], [ 103.3437072, 20.7843452 ], [ 103.3419273, 20.7849062 ], [ 103.3401421, 20.785562 ], [ 103.3380598, 20.7864642 ], [ 103.336093, 20.7875964 ], [ 103.3342671, 20.7889442 ], [ 103.3325698, 20.7903526 ], [ 103.3293877, 20.7928174 ], [ 103.3290022, 20.7930507 ], [ 103.3280744, 20.7931222 ], [ 103.3270393, 20.7932389 ], [ 103.3252246, 20.7935285 ], [ 103.3234441, 20.7939834 ], [ 103.3217128, 20.7945998 ], [ 103.3200455, 20.7953726 ], [ 103.3182535, 20.7963054 ], [ 103.3163597, 20.7974277 ], [ 103.3146007, 20.7987515 ], [ 103.3131003, 20.8000157 ], [ 103.3114537, 20.8010984 ], [ 103.3100218, 20.8014152 ], [ 103.3083795, 20.8017528 ], [ 103.3083105, 20.8017346 ], [ 103.3067351, 20.8013506 ], [ 103.3058182, 20.801127 ], [ 103.3040582, 20.8007807 ], [ 103.3022742, 20.8005934 ], [ 103.3004807, 20.8005668 ], [ 103.2986919, 20.800701 ], [ 103.2969224, 20.8009949 ], [ 103.2951436, 20.801373 ], [ 103.2924548, 20.8021445 ], [ 103.28814, 20.8037167 ], [ 103.2859097, 20.8046867 ], [ 103.2838192, 20.8057515 ], [ 103.2819755, 20.8068179 ], [ 103.2802556, 20.8080744 ], [ 103.2786791, 20.8095066 ], [ 103.2774698, 20.8107289 ], [ 103.2774157, 20.8107895 ], [ 103.2755519, 20.8094847 ], [ 103.2750786, 20.8091633 ], [ 103.2733366, 20.8080166 ], [ 103.2717388, 20.8070682 ], [ 103.2700599, 20.8062721 ], [ 103.2683143, 20.8056353 ], [ 103.2664115, 20.8050397 ], [ 103.2645944, 20.8045634 ], [ 103.2627407, 20.8042596 ], [ 103.2608666, 20.8041311 ], [ 103.2593023, 20.8040975 ], [ 103.2567388, 20.8040425 ], [ 103.2547234, 20.8041009 ], [ 103.2527241, 20.8043619 ], [ 103.2507612, 20.804823 ], [ 103.2488547, 20.8054792 ], [ 103.2472164, 20.8061373 ], [ 103.245491, 20.8069275 ], [ 103.2438483, 20.8078776 ], [ 103.2423029, 20.8089791 ], [ 103.240869, 20.8102221 ], [ 103.2395593, 20.8115955 ], [ 103.2391103, 20.8121134 ], [ 103.2371706, 20.8130628 ], [ 103.2352969, 20.8141081 ], [ 103.2347455, 20.8144985 ], [ 103.2339682, 20.8145628 ], [ 103.2334613, 20.8146047 ], [ 103.2314439, 20.8148756 ], [ 103.2294645, 20.8153502 ], [ 103.2275435, 20.8160235 ], [ 103.225701, 20.8168885 ], [ 103.2239559, 20.8179364 ], [ 103.2227563, 20.8187425 ], [ 103.2211887, 20.819911 ], [ 103.2197428, 20.8212269 ], [ 103.2184322, 20.8226778 ], [ 103.2167598, 20.8247218 ], [ 103.2156304, 20.8262439 ], [ 103.2156076, 20.8262817 ], [ 103.2143842, 20.8269948 ], [ 103.2127818, 20.8281551 ], [ 103.2113018, 20.829468 ], [ 103.2099588, 20.8309207 ], [ 103.209503, 20.8314655 ], [ 103.2083432, 20.8329955 ], [ 103.2073353, 20.8346296 ], [ 103.2064889, 20.8363528 ], [ 103.2058115, 20.8381492 ], [ 103.2053095, 20.8400024 ], [ 103.2049875, 20.8418951 ], [ 103.2048485, 20.8438099 ], [ 103.2048112, 20.8453345 ], [ 103.2048053, 20.8458795 ], [ 103.2048204, 20.8512879 ], [ 103.2049144, 20.8531695 ], [ 103.205185, 20.8550338 ], [ 103.2060902, 20.8597094 ], [ 103.2061704, 20.8601374 ], [ 103.2064354, 20.8629721 ], [ 103.206691, 20.8647956 ], [ 103.206952, 20.8661879 ], [ 103.2074372, 20.8681968 ], [ 103.2078659, 20.8694073 ], [ 103.2074876, 20.869938 ], [ 103.206794, 20.8711851 ], [ 103.2044465, 20.8725242 ], [ 103.2027787, 20.8735883 ], [ 103.2012241, 20.8748119 ], [ 103.1997981, 20.8761832 ], [ 103.1985145, 20.8776886 ], [ 103.1973859, 20.8793135 ], [ 103.1969316, 20.880042 ], [ 103.1967825, 20.880281 ], [ 103.1953378, 20.8825976 ], [ 103.194443, 20.8842004 ], [ 103.1922592, 20.8836764 ], [ 103.1903069, 20.8833095 ], [ 103.1883279, 20.883138 ], [ 103.1863416, 20.8831637 ], [ 103.1843677, 20.8833863 ], [ 103.1824255, 20.8838036 ], [ 103.1805344, 20.8844115 ], [ 103.1767548, 20.8858372 ], [ 103.1750542, 20.8865703 ], [ 103.1734287, 20.8874576 ], [ 103.1718923, 20.8884914 ], [ 103.1704581, 20.8896629 ], [ 103.1692178, 20.8907755 ], [ 103.1678109, 20.8898298 ], [ 103.1659517, 20.8888462 ], [ 103.1639996, 20.8880633 ], [ 103.161976, 20.8874898 ], [ 103.1558589, 20.8860989 ], [ 103.1542134, 20.8857965 ], [ 103.1525485, 20.8856327 ], [ 103.1508757, 20.8856086 ], [ 103.1459909, 20.8857427 ], [ 103.1457808, 20.8857486 ], [ 103.1438102, 20.8859013 ], [ 103.1418642, 20.8862479 ], [ 103.1348702, 20.8878535 ], [ 103.134851, 20.8878581 ], [ 103.1344307, 20.8872043 ], [ 103.1332066, 20.8856592 ], [ 103.1318364, 20.8842421 ], [ 103.1303333, 20.8829667 ], [ 103.128238, 20.8813594 ], [ 103.1279748, 20.8811575 ], [ 103.1262378, 20.8799645 ], [ 103.1243849, 20.8789609 ], [ 103.1224367, 20.8781578 ], [ 103.1204149, 20.8775641 ], [ 103.1183418, 20.8771865 ], [ 103.1162404, 20.8770291 ], [ 103.1146366, 20.8769937 ], [ 103.1126706, 20.877047 ], [ 103.1107194, 20.8772932 ], [ 103.1088017, 20.8777298 ], [ 103.1069362, 20.8783527 ], [ 103.1051409, 20.8791557 ], [ 103.1034332, 20.8801313 ], [ 103.099628, 20.8825606 ], [ 103.0981503, 20.8836008 ], [ 103.0967725, 20.8847702 ], [ 103.0955059, 20.8860592 ], [ 103.0943608, 20.8874572 ], [ 103.0921467, 20.8904244 ], [ 103.0910884, 20.8919924 ], [ 103.0901829, 20.8936533 ], [ 103.0894384, 20.8953924 ], [ 103.0888615, 20.897194 ], [ 103.0884574, 20.8990421 ], [ 103.0882297, 20.9009201 ], [ 103.0881805, 20.9028112 ], [ 103.0883102, 20.9046985 ], [ 103.0886898, 20.9079587 ], [ 103.0884924, 20.9081879 ], [ 103.0868316, 20.9104132 ], [ 103.0857616, 20.9119999 ], [ 103.0848482, 20.9136817 ], [ 103.0840997, 20.915443 ], [ 103.083523, 20.9172678 ], [ 103.083517, 20.9172957 ], [ 103.0821487, 20.9180232 ], [ 103.0772603, 20.9209306 ], [ 103.0755212, 20.9220921 ], [ 103.0739129, 20.9234289 ], [ 103.0724531, 20.9249263 ], [ 103.0694235, 20.9283777 ], [ 103.068018, 20.9301762 ], [ 103.0668267, 20.9321232 ], [ 103.0658649, 20.9341933 ], [ 103.0632939, 20.9406709 ], [ 103.0626899, 20.9424261 ], [ 103.0622513, 20.9442298 ], [ 103.0619817, 20.9460663 ], [ 103.0618836, 20.9479199 ], [ 103.0619578, 20.9497747 ], [ 103.0627218, 20.9585972 ], [ 103.0627498, 20.961037 ], [ 103.0612396, 20.9625827 ], [ 103.0603809, 20.9635194 ], [ 103.0548675, 20.9699308 ], [ 103.0535363, 20.9716617 ], [ 103.0524017, 20.9735274 ], [ 103.0498741, 20.9782461 ], [ 103.049071, 20.9799295 ], [ 103.0484282, 20.9816805 ], [ 103.0479514, 20.9834837 ], [ 103.0479467, 20.9835117 ], [ 103.046088, 20.9851763 ], [ 103.0448741, 20.9863598 ], [ 103.0437648, 20.9876419 ], [ 103.0427681, 20.9890133 ], [ 103.0391512, 20.9944613 ], [ 103.0381916, 20.9960644 ], [ 103.0373859, 20.9977501 ], [ 103.0367409, 20.9995036 ], [ 103.0362624, 21.0013097 ], [ 103.0359545, 21.0031525 ], [ 103.0358199, 21.005016 ], [ 103.0357735, 21.006845 ], [ 103.0349057, 21.00895 ], [ 103.0318225, 21.0150669 ], [ 103.0253872, 21.0226047 ], [ 103.0243016, 21.0239961 ], [ 103.0233429, 21.0254779 ], [ 103.0225186, 21.0270384 ], [ 103.021835, 21.0286654 ], [ 103.0195593, 21.034831 ], [ 103.0174554, 21.0404115 ], [ 103.017094, 21.0405043 ], [ 103.0150448, 21.041278 ], [ 103.0108845, 21.043115 ], [ 103.0104139, 21.0428746 ], [ 103.0085755, 21.042154 ], [ 103.006675, 21.0416182 ], [ 103.0047309, 21.0412724 ], [ 103.0043523, 21.0412242 ], [ 103.0023286, 21.0409667 ], [ 103.0002225, 21.0408111 ], [ 102.9981119, 21.0408784 ], [ 102.9960201, 21.0411679 ], [ 102.9939704, 21.0416763 ], [ 102.9919858, 21.042398 ], [ 102.9900884, 21.043325 ], [ 102.9892638, 21.0437833 ], [ 102.9880655, 21.0442253 ], [ 102.9843108, 21.0445622 ], [ 102.983997, 21.0445905 ], [ 102.98205, 21.0448626 ], [ 102.9801391, 21.0453246 ], [ 102.9782829, 21.045972 ], [ 102.9764991, 21.0467985 ], [ 102.9747718, 21.0477045 ], [ 102.9746471, 21.0477699 ], [ 102.9722411, 21.0477153 ], [ 102.9703222, 21.0477638 ], [ 102.9684169, 21.0479961 ], [ 102.9665426, 21.0484099 ], [ 102.9647166, 21.0490015 ], [ 102.9629557, 21.0497654 ], [ 102.9605155, 21.0509663 ], [ 102.9586992, 21.0519807 ], [ 102.9569982, 21.0531783 ], [ 102.9554308, 21.0545461 ], [ 102.952136, 21.0577379 ], [ 102.9507387, 21.0592378 ], [ 102.9465957, 21.0641692 ], [ 102.9464568, 21.0643364 ], [ 102.9434163, 21.0680364 ], [ 102.9422863, 21.0695522 ], [ 102.9413045, 21.071168 ], [ 102.9404796, 21.0728693 ], [ 102.9398191, 21.0746409 ], [ 102.9393288, 21.0764669 ], [ 102.9390132, 21.0783311 ], [ 102.938875, 21.0802167 ], [ 102.9387645, 21.084486 ], [ 102.9388081, 21.0864204 ], [ 102.9390383, 21.0883414 ], [ 102.9394531, 21.0902313 ], [ 102.9400486, 21.0920722 ], [ 102.9408192, 21.093847 ], [ 102.9417577, 21.0955389 ], [ 102.9428552, 21.0971323 ], [ 102.9434793, 21.0978733 ], [ 102.9414703, 21.1019581 ], [ 102.940146, 21.103319 ], [ 102.9364275, 21.105444 ], [ 102.9328534, 21.106761 ], [ 102.9310606, 21.1075226 ], [ 102.9293504, 21.1084551 ], [ 102.9277391, 21.1095494 ], [ 102.9262418, 21.1107954 ], [ 102.9248728, 21.112181 ], [ 102.9226666, 21.1146432 ], [ 102.9214008, 21.1162077 ], [ 102.9202986, 21.1178914 ], [ 102.9193712, 21.1196773 ], [ 102.9186279, 21.1215474 ], [ 102.9180763, 21.1234828 ], [ 102.9177221, 21.1254637 ], [ 102.9175686, 21.1274703 ], [ 102.9175164, 21.1294792 ], [ 102.9175689, 21.1315358 ], [ 102.9178322, 21.1335761 ], [ 102.9183038, 21.1355785 ], [ 102.918798, 21.1370019 ], [ 102.9174216, 21.1370689 ], [ 102.9154258, 21.1373697 ], [ 102.9134705, 21.1378701 ], [ 102.9115755, 21.1385651 ], [ 102.9097603, 21.1394474 ], [ 102.9080432, 21.1405083 ], [ 102.9064418, 21.1417368 ], [ 102.9049724, 21.1431205 ], [ 102.9037649, 21.1443784 ], [ 102.9025089, 21.1446424 ], [ 102.9006619, 21.1451238 ], [ 102.8988692, 21.145779 ], [ 102.8971471, 21.1466022 ], [ 102.8955113, 21.1475857 ], [ 102.8922402, 21.1497716 ], [ 102.8906457, 21.1509558 ], [ 102.8891765, 21.1522922 ], [ 102.887847, 21.1537678 ], [ 102.8866705, 21.155368 ], [ 102.8856585, 21.157077 ], [ 102.884821, 21.158878 ], [ 102.8831032, 21.1631097 ], [ 102.8824994, 21.1648147 ], [ 102.882052, 21.1665673 ], [ 102.8817649, 21.1683531 ], [ 102.8816402, 21.1701576 ], [ 102.8816791, 21.171966 ], [ 102.8818812, 21.1737635 ], [ 102.8828006, 21.1795634 ], [ 102.8832168, 21.1815383 ], [ 102.8833758, 21.182037 ], [ 102.8831918, 21.1826195 ], [ 102.8827954, 21.1844655 ], [ 102.8825747, 21.1863406 ], [ 102.8825319, 21.1882283 ], [ 102.8826615, 21.1935073 ], [ 102.8827945, 21.1953701 ], [ 102.8831006, 21.1972123 ], [ 102.8835772, 21.199018 ], [ 102.8842202, 21.2007714 ], [ 102.8850239, 21.2024572 ], [ 102.8877985, 21.207639 ], [ 102.8873758, 21.2108993 ], [ 102.8872239, 21.2127185 ], [ 102.8872385, 21.214544 ], [ 102.8874412, 21.2183175 ], [ 102.8868365, 21.2188518 ], [ 102.885497, 21.2202932 ], [ 102.884768, 21.2211595 ], [ 102.8821794, 21.2242354 ], [ 102.8805764, 21.2264262 ], [ 102.8775778, 21.2311693 ], [ 102.8747288, 21.2318994 ], [ 102.873726, 21.2321845 ], [ 102.8674174, 21.2341567 ], [ 102.8645131, 21.2350646 ], [ 102.8640014, 21.2352245 ], [ 102.8628069, 21.2356397 ], [ 102.8588231, 21.2371672 ], [ 102.8573519, 21.2367359 ], [ 102.8552098, 21.2346254 ], [ 102.8537046, 21.2332849 ], [ 102.8520721, 21.2321027 ], [ 102.8503288, 21.2310908 ], [ 102.8484926, 21.2302595 ], [ 102.8465821, 21.2296173 ], [ 102.8436565, 21.2287954 ], [ 102.8420585, 21.2284165 ], [ 102.8404348, 21.22817 ], [ 102.8387963, 21.2280575 ], [ 102.8311541, 21.2278476 ], [ 102.82998, 21.2278499 ], [ 102.8284415, 21.227898 ], [ 102.8283989, 21.2278993 ], [ 102.8268977, 21.2279495 ], [ 102.8263502, 21.2279662 ], [ 102.8244854, 21.228023 ], [ 102.8237577, 21.2278053 ], [ 102.8218137, 21.2274282 ], [ 102.819842, 21.2272451 ], [ 102.8178618, 21.227258 ], [ 102.8158927, 21.2274666 ], [ 102.8139538, 21.2278689 ], [ 102.8120641, 21.2284609 ], [ 102.8102423, 21.229237 ], [ 102.8085062, 21.2301893 ], [ 102.8068728, 21.2313087 ], [ 102.805358, 21.2325842 ], [ 102.8039768, 21.2340031 ], [ 102.8027427, 21.2355517 ], [ 102.8016678, 21.2372148 ], [ 102.8007626, 21.238976 ], [ 102.800036, 21.2408181 ], [ 102.7996919, 21.2420301 ], [ 102.7975955, 21.2435888 ], [ 102.7949794, 21.245838 ], [ 102.7936563, 21.2470845 ], [ 102.7924519, 21.2484459 ], [ 102.7909358, 21.2503252 ], [ 102.7895675, 21.2522421 ], [ 102.788434, 21.2543066 ], [ 102.7876657, 21.2559252 ], [ 102.7869913, 21.2575211 ], [ 102.7864575, 21.2591693 ], [ 102.7860684, 21.2608576 ], [ 102.7858268, 21.2625731 ], [ 102.7857179, 21.2636973 ], [ 102.7856247, 21.2655963 ], [ 102.7857123, 21.2674956 ], [ 102.7859798, 21.2693779 ], [ 102.7864249, 21.2712264 ], [ 102.7870435, 21.2730242 ], [ 102.7878299, 21.2747551 ], [ 102.7885557, 21.2761698 ], [ 102.7895719, 21.2779252 ], [ 102.7907606, 21.2795685 ], [ 102.7921096, 21.2810831 ], [ 102.793605, 21.2824532 ], [ 102.7949895, 21.2835981 ], [ 102.7964081, 21.2846687 ], [ 102.7979161, 21.2856091 ], [ 102.8021059, 21.2879702 ], [ 102.803203, 21.2885444 ], [ 102.811478, 21.2925545 ], [ 102.8205117, 21.2982251 ], [ 102.8207882, 21.2988183 ], [ 102.8217679, 21.3004804 ], [ 102.8229032, 21.3020403 ], [ 102.8257333, 21.3055587 ], [ 102.8270382, 21.307027 ], [ 102.8284809, 21.3083603 ], [ 102.8300473, 21.3095456 ], [ 102.8317225, 21.3105715 ], [ 102.8334903, 21.3114281 ], [ 102.8353136, 21.3120998 ], [ 102.8361639, 21.3129135 ], [ 102.8377294, 21.3141384 ], [ 102.8414128, 21.316736 ], [ 102.8429716, 21.3177307 ], [ 102.8446157, 21.3185772 ], [ 102.8463309, 21.3192682 ], [ 102.8481027, 21.3197979 ], [ 102.8499157, 21.3201616 ], [ 102.8517546, 21.3203564 ], [ 102.8575845, 21.3207023 ], [ 102.8631413, 21.3216682 ], [ 102.8644801, 21.3218546 ], [ 102.8706275, 21.3224994 ], [ 102.8707261, 21.3225057 ], [ 102.8694952, 21.3255002 ], [ 102.8688415, 21.3273414 ], [ 102.8683707, 21.3292377 ], [ 102.868087, 21.3311708 ], [ 102.8679934, 21.3331224 ], [ 102.8680906, 21.3350738 ], [ 102.8685142, 21.3393536 ], [ 102.8687421, 21.3409751 ], [ 102.8691018, 21.3425725 ], [ 102.869591, 21.3441351 ], [ 102.8718112, 21.350326 ], [ 102.8724205, 21.3555946 ], [ 102.8728238, 21.3578947 ], [ 102.8734924, 21.3601322 ], [ 102.8749091, 21.3640276 ], [ 102.8752785, 21.3654668 ], [ 102.8756288, 21.3687455 ], [ 102.8754135, 21.3769465 ], [ 102.8747388, 21.3807074 ], [ 102.8744874, 21.3826545 ], [ 102.8744281, 21.3846168 ], [ 102.8745614, 21.3865755 ], [ 102.8748862, 21.3885116 ], [ 102.8753992, 21.3904066 ], [ 102.8760956, 21.3922422 ], [ 102.8769686, 21.3940007 ], [ 102.8795297, 21.3985805 ], [ 102.880499, 21.4001409 ], [ 102.8816074, 21.4016059 ], [ 102.8828455, 21.402963 ], [ 102.8842029, 21.4042007 ], [ 102.8856682, 21.4053087 ], [ 102.8889458, 21.4075582 ], [ 102.8892356, 21.4079513 ], [ 102.8876672, 21.4076513 ], [ 102.8812444, 21.4067788 ], [ 102.876635, 21.4060299 ], [ 102.8742903, 21.4056491 ], [ 102.8723485, 21.4054304 ], [ 102.8703945, 21.4054023 ], [ 102.8684472, 21.405565 ], [ 102.866525, 21.4059169 ], [ 102.8646463, 21.4064548 ], [ 102.8628291, 21.4071734 ], [ 102.8610907, 21.4080659 ], [ 102.8594478, 21.4091239 ], [ 102.8579158, 21.4103371 ], [ 102.8565096, 21.411694 ], [ 102.8552426, 21.4131817 ], [ 102.8529162, 21.4162003 ], [ 102.8517969, 21.4178101 ], [ 102.8508405, 21.4195218 ], [ 102.8500564, 21.4213189 ], [ 102.849452, 21.4231841 ], [ 102.8490332, 21.4250996 ], [ 102.8488039, 21.4270468 ], [ 102.8487664, 21.4290072 ], [ 102.8489211, 21.4309618 ], [ 102.8492664, 21.4328919 ], [ 102.8498821, 21.4355689 ], [ 102.8503681, 21.4373156 ], [ 102.8510104, 21.4390111 ], [ 102.8518036, 21.4406415 ], [ 102.8527411, 21.4421934 ], [ 102.8538154, 21.443654 ], [ 102.8555119, 21.4457541 ], [ 102.8555252, 21.4459673 ], [ 102.8557425, 21.4479115 ], [ 102.8561489, 21.4498252 ], [ 102.8567402, 21.4516901 ], [ 102.8575109, 21.4534882 ], [ 102.8582655, 21.4550351 ], [ 102.8593424, 21.4569643 ], [ 102.8606255, 21.458763 ], [ 102.8620992, 21.4604092 ], [ 102.863379, 21.4616889 ], [ 102.8646573, 21.4628608 ], [ 102.8660324, 21.4639175 ], [ 102.8674938, 21.4648512 ], [ 102.8683292, 21.4653352 ], [ 102.8678568, 21.4667154 ], [ 102.8666599, 21.4694674 ], [ 102.8659556, 21.471337 ], [ 102.8654414, 21.4732676 ], [ 102.8651223, 21.4752399 ], [ 102.8650016, 21.4772341 ], [ 102.8650805, 21.4792304 ], [ 102.8653581, 21.4812089 ], [ 102.8658317, 21.4831498 ], [ 102.8664967, 21.4850338 ], [ 102.8673463, 21.4868421 ], [ 102.868372, 21.4885565 ], [ 102.8695637, 21.4901601 ], [ 102.8709094, 21.4916368 ], [ 102.8723957, 21.4929718 ], [ 102.8740078, 21.4941519 ], [ 102.8755899, 21.4951928 ], [ 102.8773539, 21.4962282 ], [ 102.8792145, 21.497078 ], [ 102.8811521, 21.4977333 ], [ 102.8831464, 21.4981873 ], [ 102.8851768, 21.4984352 ], [ 102.8872218, 21.4984745 ], [ 102.8918949, 21.4983251 ], [ 102.8920327, 21.5017258 ], [ 102.8921961, 21.5035917 ], [ 102.8925333, 21.5054341 ], [ 102.8930414, 21.5072369 ], [ 102.8937159, 21.5089842 ], [ 102.8954766, 21.5129779 ], [ 102.8963542, 21.5147305 ], [ 102.8973992, 21.5163889 ], [ 102.8986016, 21.5179369 ], [ 102.8999496, 21.5193599 ], [ 102.9055515, 21.5247204 ], [ 102.9072858, 21.5262001 ], [ 102.9091772, 21.5274728 ], [ 102.9199341, 21.533852 ], [ 102.9203985, 21.5341297 ], [ 102.921921, 21.5362744 ], [ 102.9221071, 21.5365364 ], [ 102.9239247, 21.5391659 ], [ 102.9256066, 21.5412785 ], [ 102.9275632, 21.5434215 ], [ 102.9293319, 21.5457044 ], [ 102.9303582, 21.5470291 ], [ 102.93167, 21.5485567 ], [ 102.9331288, 21.5499447 ], [ 102.9354996, 21.5519832 ], [ 102.9362857, 21.5526592 ], [ 102.936286, 21.5543676 ], [ 102.9364721, 21.5562873 ], [ 102.9368423, 21.5581802 ], [ 102.937393, 21.5600286 ], [ 102.9381193, 21.5618154 ], [ 102.9390143, 21.5635239 ], [ 102.9400696, 21.5651382 ], [ 102.9426604, 21.5687122 ], [ 102.9440444, 21.5704162 ], [ 102.9456069, 21.5719582 ], [ 102.9479621, 21.5740403 ], [ 102.9487813, 21.5756707 ], [ 102.9498711, 21.5775723 ], [ 102.9511624, 21.5793432 ], [ 102.9526398, 21.5809622 ], [ 102.9544719, 21.5827612 ], [ 102.9558298, 21.5839781 ], [ 102.9572929, 21.5850662 ], [ 102.958849, 21.5860166 ], [ 102.9617628, 21.5876185 ], [ 102.9637121, 21.5905026 ], [ 102.9643067, 21.5913355 ], [ 102.9676168, 21.5957302 ], [ 102.9680843, 21.596291 ], [ 102.9673691, 21.597244 ], [ 102.9659689, 21.599382 ], [ 102.9654101, 21.6003673 ], [ 102.9644651, 21.6022604 ], [ 102.9637254, 21.6042428 ], [ 102.9631992, 21.6062923 ], [ 102.9628925, 21.6083858 ], [ 102.9627077, 21.6103774 ], [ 102.9626223, 21.6121592 ], [ 102.962696, 21.6139414 ], [ 102.9629281, 21.61571 ], [ 102.9637401, 21.6202989 ], [ 102.9637298, 21.6206967 ], [ 102.9636479, 21.6213371 ], [ 102.9629559, 21.6243684 ], [ 102.9619981, 21.6280367 ], [ 102.9619566, 21.6281984 ], [ 102.9613623, 21.6305549 ], [ 102.960941, 21.6327253 ], [ 102.9607618, 21.6349289 ], [ 102.9607328, 21.6360508 ], [ 102.9607742, 21.6379539 ], [ 102.9609964, 21.6398444 ], [ 102.9611354, 21.6404895 ], [ 102.9605982, 21.6415414 ], [ 102.9600328, 21.6427759 ], [ 102.959297, 21.6446189 ], [ 102.9589364, 21.6456709 ], [ 102.9584294, 21.6474004 ], [ 102.9580802, 21.6491685 ], [ 102.9578915, 21.6509609 ], [ 102.957865, 21.6527629 ], [ 102.957937, 21.6551344 ], [ 102.9581155, 21.6572609 ], [ 102.9585194, 21.6593562 ], [ 102.9586482, 21.6598739 ], [ 102.9594596, 21.662404 ], [ 102.9613179, 21.6671001 ], [ 102.9645969, 21.6765348 ], [ 102.9641256, 21.6770011 ], [ 102.9628434, 21.6783959 ], [ 102.9616989, 21.6799058 ], [ 102.9607025, 21.6815172 ], [ 102.9598629, 21.6832156 ], [ 102.9591879, 21.6849859 ], [ 102.9586834, 21.6868121 ], [ 102.958354, 21.6886778 ], [ 102.9576808, 21.6939338 ], [ 102.9575261, 21.6959313 ], [ 102.957572, 21.6979343 ], [ 102.9578181, 21.6999226 ], [ 102.958262, 21.7018763 ], [ 102.958899, 21.7037758 ], [ 102.9597229, 21.7056021 ], [ 102.9607254, 21.7073368 ], [ 102.9618964, 21.7089624 ], [ 102.9632241, 21.7104627 ], [ 102.9674084, 21.7147387 ], [ 102.9673348, 21.7153631 ], [ 102.9665195, 21.7163086 ], [ 102.9629703, 21.7135205 ], [ 102.9613375, 21.7123651 ], [ 102.9595975, 21.7113785 ], [ 102.9577677, 21.7105707 ], [ 102.9558663, 21.7099497 ], [ 102.9539124, 21.7095217 ], [ 102.9514213, 21.7091054 ], [ 102.9433176, 21.7069022 ], [ 102.9414855, 21.7064953 ], [ 102.9396234, 21.706262 ], [ 102.9350664, 21.7059071 ], [ 102.933465, 21.7058468 ], [ 102.9268315, 21.7058628 ], [ 102.922819, 21.7045102 ], [ 102.9063584, 21.6988759 ], [ 102.9058282, 21.6987026 ], [ 102.8971565, 21.6960021 ], [ 102.8956052, 21.6939016 ], [ 102.8943742, 21.6923941 ], [ 102.8930025, 21.6910135 ], [ 102.8915031, 21.6897727 ], [ 102.8898902, 21.6886836 ], [ 102.888179, 21.6877563 ], [ 102.8863859, 21.6869998 ], [ 102.8845277, 21.6864211 ], [ 102.882622, 21.6860258 ], [ 102.8807906, 21.685738 ], [ 102.8807369, 21.6857296 ], [ 102.878106, 21.6854944 ], [ 102.8754219, 21.6854325 ], [ 102.873548, 21.6854772 ], [ 102.8716865, 21.685697 ], [ 102.8698538, 21.6860902 ], [ 102.8680659, 21.6866533 ], [ 102.8663386, 21.6873812 ], [ 102.864687, 21.6882677 ], [ 102.8631257, 21.6893049 ], [ 102.8616683, 21.6904837 ], [ 102.8572676, 21.6943982 ], [ 102.855281, 21.6964364 ], [ 102.8525761, 21.6996389 ], [ 102.8515814, 21.7001289 ], [ 102.850065, 21.7010515 ], [ 102.8486364, 21.7021048 ], [ 102.842598, 21.7069851 ], [ 102.841164, 21.7082626 ], [ 102.8398592, 21.7096717 ], [ 102.8386956, 21.7111995 ], [ 102.8376838, 21.7128319 ], [ 102.8368333, 21.7145537 ], [ 102.8361519, 21.7163492 ], [ 102.8356458, 21.7182018 ], [ 102.8354026, 21.7196131 ], [ 102.8342922, 21.7187474 ], [ 102.8326285, 21.7176956 ], [ 102.8297167, 21.7160495 ], [ 102.8279857, 21.7151788 ], [ 102.8276449, 21.7150469 ], [ 102.8271476, 21.7133488 ], [ 102.826397, 21.7114956 ], [ 102.825465, 21.7097266 ], [ 102.8243611, 21.7080595 ], [ 102.8230963, 21.706511 ], [ 102.8216832, 21.7050965 ], [ 102.8201359, 21.7038301 ], [ 102.8187176, 21.7027832 ], [ 102.8171091, 21.701712 ], [ 102.8154048, 21.700801 ], [ 102.8153044, 21.7007592 ], [ 102.8145163, 21.699189 ], [ 102.8135498, 21.6974783 ], [ 102.81242, 21.6958707 ], [ 102.8111379, 21.6943818 ], [ 102.8097159, 21.6930258 ], [ 102.8081678, 21.6918159 ], [ 102.8065083, 21.6907638 ], [ 102.8047537, 21.6898795 ], [ 102.8019026, 21.6886143 ], [ 102.8015363, 21.6884518 ], [ 102.7995687, 21.6877002 ], [ 102.797533, 21.6871597 ], [ 102.7954518, 21.6868363 ], [ 102.7933481, 21.6867336 ], [ 102.7919237, 21.6868142 ], [ 102.7868767, 21.6807434 ], [ 102.7848492, 21.6782022 ], [ 102.7828551, 21.6735313 ], [ 102.7821472, 21.6720454 ], [ 102.7813194, 21.6706228 ], [ 102.7803775, 21.6692731 ], [ 102.7772354, 21.6651437 ], [ 102.7757707, 21.6634288 ], [ 102.7741224, 21.6618897 ], [ 102.7723112, 21.660546 ], [ 102.7691144, 21.6584429 ], [ 102.7674393, 21.6574541 ], [ 102.7658765, 21.6567261 ], [ 102.7654082, 21.6560156 ], [ 102.7641415, 21.6544592 ], [ 102.7627253, 21.6530376 ], [ 102.7581387, 21.6488738 ], [ 102.7565339, 21.647562 ], [ 102.7548019, 21.6464233 ], [ 102.7529613, 21.64547 ], [ 102.7490332, 21.6436872 ], [ 102.7468055, 21.6428324 ], [ 102.7444919, 21.642249 ], [ 102.7392058, 21.6412471 ], [ 102.7383763, 21.64109 ], [ 102.7362817, 21.6408069 ], [ 102.7341689, 21.6407464 ], [ 102.7320615, 21.6409092 ], [ 102.7299831, 21.6412935 ], [ 102.7279568, 21.641895 ], [ 102.7260054, 21.642707 ], [ 102.7219766, 21.6446391 ], [ 102.7216312, 21.6448188 ], [ 102.7110526, 21.6445671 ], [ 102.703269, 21.6433375 ], [ 102.7022898, 21.6431827 ], [ 102.7000418, 21.6429567 ], [ 102.6977826, 21.6429856 ], [ 102.6967572, 21.6430568 ], [ 102.6947865, 21.6414151 ], [ 102.6931814, 21.6402091 ], [ 102.6914635, 21.6391701 ], [ 102.6896501, 21.6383086 ], [ 102.6877594, 21.6376332 ], [ 102.6858105, 21.6371508 ], [ 102.6832272, 21.6366474 ], [ 102.6818556, 21.6363802 ], [ 102.6800279, 21.6361109 ], [ 102.6781832, 21.6360115 ], [ 102.6763372, 21.6360827 ], [ 102.6745056, 21.6363239 ], [ 102.6727041, 21.6367331 ], [ 102.6709481, 21.6373068 ], [ 102.6692524, 21.6380401 ], [ 102.6659548, 21.6396508 ], [ 102.6642404, 21.6405947 ], [ 102.6626265, 21.6417018 ], [ 102.6611284, 21.6429612 ], [ 102.6597607, 21.6443611 ], [ 102.6585363, 21.6458879 ], [ 102.657467, 21.6475271 ], [ 102.656563, 21.6492629 ], [ 102.6527938, 21.6574562 ], [ 102.6448208, 21.6739982 ], [ 102.6440072, 21.6759419 ], [ 102.6434026, 21.6779605 ], [ 102.6430137, 21.6800314 ], [ 102.6428449, 21.6821318 ], [ 102.6426677, 21.6885702 ], [ 102.6397599, 21.6994687 ], [ 102.6318533, 21.7153618 ], [ 102.6309485, 21.7174779 ], [ 102.6271985, 21.7278638 ], [ 102.6266521, 21.729628 ], [ 102.6262708, 21.7314351 ], [ 102.6260579, 21.7332697 ], [ 102.6260151, 21.7351161 ], [ 102.6261428, 21.7369586 ], [ 102.6264399, 21.7387815 ], [ 102.6289215, 21.7505527 ], [ 102.6312245, 21.76336 ], [ 102.6325686, 21.7743956 ], [ 102.6329297, 21.7764558 ], [ 102.633504, 21.778467 ], [ 102.6342852, 21.7804072 ], [ 102.6383497, 21.789152 ], [ 102.6379848, 21.7896005 ], [ 102.6335591, 21.7932801 ], [ 102.6320675, 21.7946538 ], [ 102.6307228, 21.7961715 ], [ 102.6295386, 21.7978175 ], [ 102.6285272, 21.799575 ], [ 102.627699, 21.8014259 ], [ 102.6265304, 21.8044384 ], [ 102.6258778, 21.8064223 ], [ 102.6254356, 21.8084634 ], [ 102.6252087, 21.8105395 ], [ 102.6251995, 21.8126279 ], [ 102.6254081, 21.814706 ], [ 102.6258323, 21.8167509 ], [ 102.6274157, 21.8227812 ], [ 102.6261448, 21.8274192 ], [ 102.6228376, 21.8339733 ], [ 102.621957, 21.8359863 ], [ 102.6213025, 21.8380839 ], [ 102.6208821, 21.8402405 ], [ 102.6207007, 21.8424303 ], [ 102.6205793, 21.8468192 ], [ 102.6205805, 21.8468866 ], [ 102.615504, 21.8498719 ], [ 102.604644, 21.8549253 ], [ 102.6029606, 21.8558082 ], [ 102.6013686, 21.856847 ], [ 102.5998824, 21.8580323 ], [ 102.5985155, 21.8593533 ], [ 102.5947863, 21.8633168 ], [ 102.5934932, 21.8648363 ], [ 102.5923579, 21.8664772 ], [ 102.5913918, 21.868223 ], [ 102.5906045, 21.8700564 ], [ 102.5900038, 21.8719591 ], [ 102.5895956, 21.8739122 ], [ 102.5893841, 21.8758963 ], [ 102.5893713, 21.8778916 ], [ 102.5895921, 21.8829641 ], [ 102.5897515, 21.8847587 ], [ 102.5900717, 21.8865317 ], [ 102.5905501, 21.8882687 ], [ 102.591183, 21.8899556 ], [ 102.591965, 21.8915786 ], [ 102.5954693, 21.8980845 ], [ 102.5959094, 21.9010368 ], [ 102.5938904, 21.906083 ], [ 102.5937307, 21.9063332 ], [ 102.5933793, 21.9066363 ], [ 102.5904973, 21.9080814 ], [ 102.5860634, 21.9086646 ], [ 102.585767, 21.9087036 ], [ 102.5840214, 21.909012 ], [ 102.5823099, 21.9094739 ], [ 102.5806461, 21.9100854 ], [ 102.5790429, 21.9108419 ], [ 102.5723469, 21.9143725 ], [ 102.562761, 21.9185563 ], [ 102.5624608, 21.9186903 ], [ 102.5540266, 21.9225377 ], [ 102.5523979, 21.9233727 ], [ 102.5508524, 21.9243531 ], [ 102.549403, 21.9254706 ], [ 102.5420653, 21.9316837 ], [ 102.5281887, 21.9401296 ], [ 102.5188948, 21.9454053 ], [ 102.5162644, 21.9462323 ], [ 102.5121445, 21.9475275 ], [ 102.5099628, 21.9482134 ], [ 102.5084427, 21.9487597 ], [ 102.5029485, 21.9509885 ], [ 102.5009069, 21.9519543 ], [ 102.4989873, 21.9531441 ], [ 102.497214, 21.9545427 ], [ 102.4920145, 21.959143 ], [ 102.4907839, 21.9603293 ], [ 102.4896591, 21.9616164 ], [ 102.4886483, 21.9629947 ], [ 102.4881762, 21.9636998 ], [ 102.4861078, 21.9667896 ], [ 102.4825183, 21.9701917 ], [ 102.4812656, 21.9714911 ], [ 102.4763017, 21.9771288 ], [ 102.472484, 21.9811174 ], [ 102.4712922, 21.9824811 ], [ 102.4702287, 21.9839471 ], [ 102.4693021, 21.9855033 ], [ 102.4685201, 21.9871369 ], [ 102.4678891, 21.9888345 ], [ 102.4674142, 21.9905823 ], [ 102.4662842, 21.9956358 ], [ 102.465857, 21.9985208 ], [ 102.4656282, 22.0016055 ], [ 102.4656149, 22.0043732 ], [ 102.4657771, 22.006886 ], [ 102.4661092, 22.0094455 ], [ 102.4665175, 22.0115281 ], [ 102.4669953, 22.0134537 ], [ 102.4676616, 22.0153226 ], [ 102.4682084, 22.016645 ], [ 102.469072, 22.0184674 ], [ 102.4716256, 22.023221 ], [ 102.4727101, 22.0250088 ], [ 102.4730477, 22.0254531 ], [ 102.4729186, 22.0255288 ], [ 102.4712988, 22.0265877 ], [ 102.4697889, 22.0277982 ], [ 102.468525, 22.0289161 ], [ 102.4671412, 22.0302647 ], [ 102.4658939, 22.0317406 ], [ 102.4647949, 22.0333299 ], [ 102.4635804, 22.0352815 ], [ 102.4619462, 22.0377045 ], [ 102.4588219, 22.0422806 ], [ 102.4580927, 22.043431 ], [ 102.4568634, 22.0455247 ], [ 102.4547651, 22.0462137 ], [ 102.4533554, 22.0467361 ], [ 102.4509749, 22.0477215 ], [ 102.4490613, 22.0486353 ], [ 102.4472552, 22.0497466 ], [ 102.4455769, 22.0510428 ], [ 102.4440453, 22.0525095 ], [ 102.4426776, 22.0541301 ], [ 102.4426056, 22.0542252 ], [ 102.4376407, 22.0549314 ], [ 102.435876, 22.0552638 ], [ 102.4341482, 22.0557531 ], [ 102.4324713, 22.0563955 ], [ 102.4317907, 22.0566919 ], [ 102.4300507, 22.0575524 ], [ 102.4284023, 22.0585776 ], [ 102.426861, 22.0597578 ], [ 102.4254414, 22.0610818 ], [ 102.4241568, 22.0625372 ], [ 102.4230194, 22.0641103 ], [ 102.4225506, 22.0648298 ], [ 102.4216353, 22.0663835 ], [ 102.4208637, 22.0680133 ], [ 102.420242, 22.0697059 ], [ 102.4197493, 22.0712606 ], [ 102.4193022, 22.0729142 ], [ 102.4189983, 22.0745998 ], [ 102.4188563, 22.0756409 ], [ 102.4186876, 22.0775743 ], [ 102.4187071, 22.0795149 ], [ 102.4189146, 22.0814445 ], [ 102.4190247, 22.081976 ], [ 102.4184591, 22.0829376 ], [ 102.41768, 22.0845915 ], [ 102.4170551, 22.0863097 ], [ 102.4165898, 22.0880778 ], [ 102.4162879, 22.089881 ], [ 102.4161519, 22.0917042 ], [ 102.4161249, 22.0926436 ], [ 102.4161758, 22.094756 ], [ 102.4164494, 22.0968513 ], [ 102.4165423, 22.0973542 ], [ 102.4155343, 22.0975617 ], [ 102.4138568, 22.0980633 ], [ 102.4122296, 22.0987096 ], [ 102.4106652, 22.0994958 ], [ 102.4094126, 22.1001956 ], [ 102.4070152, 22.1017707 ], [ 102.4054924, 22.1029356 ], [ 102.4052622, 22.1031028 ], [ 102.3984769, 22.1057911 ], [ 102.3959447, 22.106765 ], [ 102.3948771, 22.1069946 ], [ 102.3928728, 22.1073289 ], [ 102.3911182, 22.1074767 ], [ 102.3898632, 22.1075824 ], [ 102.3889716, 22.1076777 ], [ 102.3849225, 22.1082025 ], [ 102.38286, 22.1085807 ], [ 102.3808485, 22.1091727 ], [ 102.3783579, 22.11005 ], [ 102.3768051, 22.1106711 ], [ 102.3753096, 22.1114197 ], [ 102.3731458, 22.1126186 ], [ 102.3713807, 22.1137204 ], [ 102.3697396, 22.1149996 ], [ 102.3682402, 22.1164423 ], [ 102.3668989, 22.1180331 ], [ 102.3661998, 22.1189556 ], [ 102.3649965, 22.1207343 ], [ 102.3639908, 22.1226319 ], [ 102.3631944, 22.1246263 ], [ 102.3626164, 22.1266946 ], [ 102.3622636, 22.128813 ], [ 102.3621122, 22.1301671 ], [ 102.3619891, 22.132206 ], [ 102.3620747, 22.1342468 ], [ 102.362386, 22.1375839 ], [ 102.3624962, 22.1394149 ], [ 102.3540202, 22.1457692 ], [ 102.3535832, 22.1456157 ], [ 102.3516621, 22.1450472 ], [ 102.3513272, 22.1449661 ], [ 102.3503106, 22.1447201 ], [ 102.3482269, 22.1443315 ], [ 102.3461137, 22.1441655 ], [ 102.3445482, 22.1441258 ], [ 102.3427942, 22.1441583 ], [ 102.3410499, 22.1443444 ], [ 102.3393285, 22.1446826 ], [ 102.3353312, 22.1456518 ], [ 102.3346037, 22.1458427 ], [ 102.3286006, 22.1475396 ], [ 102.3267978, 22.1481431 ], [ 102.3250605, 22.148915 ], [ 102.3234043, 22.1498484 ], [ 102.3226594, 22.1503162 ], [ 102.3208964, 22.1515608 ], [ 102.3192779, 22.1529882 ], [ 102.3178225, 22.1545815 ], [ 102.3165473, 22.1563225 ], [ 102.3161099, 22.1569927 ], [ 102.3150864, 22.1587501 ], [ 102.3142467, 22.1606023 ], [ 102.3135994, 22.1625303 ], [ 102.3131513, 22.164514 ], [ 102.3128998, 22.1659677 ], [ 102.3126156, 22.1687907 ], [ 102.3124929, 22.1729731 ], [ 102.3124917, 22.1741019 ], [ 102.3126703, 22.1806863 ], [ 102.3116187, 22.1820181 ], [ 102.3098419, 22.1840858 ], [ 102.3094492, 22.1839526 ], [ 102.3091172, 22.1838399 ], [ 102.3074942, 22.1833647 ], [ 102.3058368, 22.1830282 ], [ 102.3043811, 22.1827963 ], [ 102.3017454, 22.1825538 ], [ 102.3008059, 22.1825298 ], [ 102.2986689, 22.1825895 ], [ 102.2965504, 22.182877 ], [ 102.2944747, 22.183389 ], [ 102.292999, 22.1838379 ], [ 102.2910054, 22.1845619 ], [ 102.2890997, 22.1854929 ], [ 102.2873033, 22.1866205 ], [ 102.2862364, 22.1873719 ], [ 102.2860995, 22.1874787 ], [ 102.2858579, 22.1875159 ], [ 102.2856942, 22.1874341 ], [ 102.2838782, 22.1867379 ], [ 102.2820033, 22.1862214 ], [ 102.280087, 22.1858894 ], [ 102.2781476, 22.1857452 ], [ 102.27773, 22.1857345 ], [ 102.2757031, 22.1857853 ], [ 102.2736918, 22.1860412 ], [ 102.2717167, 22.1864993 ], [ 102.2697982, 22.187155 ], [ 102.2679559, 22.1880017 ], [ 102.2662088, 22.1890305 ], [ 102.2657826, 22.1893115 ], [ 102.2641785, 22.1904875 ], [ 102.2626992, 22.1918171 ], [ 102.2613592, 22.1932871 ], [ 102.2601719, 22.1948829 ], [ 102.2591489, 22.1965888 ], [ 102.2583005, 22.1983878 ], [ 102.2576349, 22.2002622 ], [ 102.2571713, 22.2018076 ], [ 102.2567412, 22.2035095 ], [ 102.2555216, 22.2094154 ], [ 102.2552442, 22.2111326 ], [ 102.2551845, 22.2119481 ], [ 102.2542237, 22.212983 ], [ 102.2530609, 22.2145051 ], [ 102.2522524, 22.2158044 ], [ 102.2508368, 22.2162195 ], [ 102.2489465, 22.2169906 ], [ 102.2488921, 22.2170161 ], [ 102.2448522, 22.2172875 ], [ 102.2433045, 22.2174521 ], [ 102.2417743, 22.2177366 ], [ 102.239575, 22.2182348 ], [ 102.2368511, 22.2188181 ], [ 102.2352283, 22.2192374 ], [ 102.2336464, 22.2197911 ], [ 102.2321164, 22.2204753 ], [ 102.2306315, 22.2212155 ], [ 102.2287848, 22.2222619 ], [ 102.2270594, 22.2234981 ], [ 102.2254748, 22.2249102 ], [ 102.2246135, 22.2257639 ], [ 102.2230972, 22.2274475 ], [ 102.2217811, 22.2292918 ], [ 102.220682, 22.2312731 ], [ 102.2201251, 22.2324266 ], [ 102.2194675, 22.2339463 ], [ 102.2189379, 22.2355151 ], [ 102.2180069, 22.2387028 ], [ 102.217836, 22.2393251 ], [ 102.2168905, 22.242999 ], [ 102.2164575, 22.245176 ], [ 102.2162683, 22.2473876 ], [ 102.2162364, 22.2484574 ], [ 102.2162627, 22.2502401 ], [ 102.2163995, 22.2515512 ], [ 102.2156147, 22.2523802 ], [ 102.2152898, 22.252761 ], [ 102.2141502, 22.2542297 ], [ 102.2131519, 22.2557979 ], [ 102.2123036, 22.257452 ], [ 102.2116125, 22.2591778 ], [ 102.2110846, 22.2609603 ], [ 102.2107245, 22.262784 ], [ 102.2106323, 22.2634005 ], [ 102.2098218, 22.2680019 ], [ 102.2086901, 22.2681823 ], [ 102.2059252, 22.2688271 ], [ 102.2038063, 22.2694829 ], [ 102.2017305, 22.2702536 ], [ 102.1997526, 22.2712492 ], [ 102.1978969, 22.2724572 ], [ 102.1975237, 22.2727308 ], [ 102.1941978, 22.2746959 ], [ 102.1928687, 22.2755539 ], [ 102.1916116, 22.2765142 ], [ 102.1899481, 22.2778925 ], [ 102.1894919, 22.2782822 ], [ 102.1877543, 22.2798121 ], [ 102.1855273, 22.2814703 ], [ 102.1832846, 22.2828088 ], [ 102.181229, 22.2839439 ], [ 102.1795852, 22.2842634 ], [ 102.1779358, 22.2846571 ], [ 102.1763257, 22.2851891 ], [ 102.1751681, 22.285684 ], [ 102.1744404, 22.2856994 ], [ 102.1725601, 22.2859181 ], [ 102.1707089, 22.2863136 ], [ 102.1689034, 22.2868824 ], [ 102.1671598, 22.2876193 ], [ 102.1654936, 22.2885178 ], [ 102.1639198, 22.2895698 ], [ 102.1624526, 22.2907658 ], [ 102.161105, 22.2920952 ], [ 102.1598891, 22.293546 ], [ 102.1594916, 22.2940687 ], [ 102.1583906, 22.2956729 ], [ 102.1574506, 22.2973764 ], [ 102.1566807, 22.2991633 ], [ 102.156088, 22.3010164 ], [ 102.1556781, 22.3029184 ], [ 102.1555613, 22.3036261 ], [ 102.1553721, 22.3051211 ], [ 102.155296, 22.3066261 ], [ 102.1552253, 22.3121326 ], [ 102.1552917, 22.3140372 ], [ 102.1555714, 22.3174205 ], [ 102.1557877, 22.3191329 ], [ 102.1561508, 22.3208203 ], [ 102.1566641, 22.3227883 ], [ 102.1572943, 22.3247744 ], [ 102.1581277, 22.3266841 ], [ 102.159035, 22.328499 ], [ 102.157846, 22.3297384 ], [ 102.1575198, 22.3300866 ], [ 102.1535637, 22.3344123 ], [ 102.151782, 22.3363086 ], [ 102.1504406, 22.3378937 ], [ 102.1492478, 22.3394615 ], [ 102.1481485, 22.3410621 ], [ 102.1472095, 22.3427618 ], [ 102.1460906, 22.3450423 ], [ 102.1458582, 22.3455327 ], [ 102.1447339, 22.3479907 ], [ 102.1437271, 22.3506911 ], [ 102.1428755, 22.3536003 ], [ 102.1426514, 22.3544317 ], [ 102.1422162, 22.356197 ], [ 102.1418466, 22.358081 ], [ 102.1416594, 22.3599918 ], [ 102.1416563, 22.3619117 ], [ 102.1417141, 22.3631569 ], [ 102.1418849, 22.3649966 ], [ 102.1422248, 22.3668127 ], [ 102.1427308, 22.3685897 ], [ 102.143046, 22.3694028 ], [ 102.1422326, 22.3706051 ], [ 102.1409117, 22.3712822 ], [ 102.1380465, 22.3726951 ], [ 102.1361329, 22.3737733 ], [ 102.1343491, 22.3750548 ], [ 102.1327165, 22.3765242 ], [ 102.1320042, 22.3772399 ], [ 102.1305751, 22.3788388 ], [ 102.1293254, 22.3805816 ], [ 102.1282695, 22.3824481 ], [ 102.1279543, 22.3830824 ], [ 102.1271637, 22.3848926 ], [ 102.1265555, 22.3867719 ], [ 102.1261357, 22.388702 ], [ 102.12603, 22.389614 ], [ 102.1251261, 22.3909531 ], [ 102.1242449, 22.3925577 ], [ 102.1235141, 22.3942362 ], [ 102.1229399, 22.3959745 ], [ 102.1228254, 22.396383 ], [ 102.1224115, 22.3981721 ], [ 102.1221634, 22.3999917 ], [ 102.1220833, 22.4018264 ], [ 102.1221717, 22.4036607 ], [ 102.1224281, 22.4054791 ], [ 102.1228502, 22.4072664 ], [ 102.1234344, 22.4090074 ], [ 102.1235273, 22.4092471 ], [ 102.1236359, 22.4095276 ], [ 102.1245597, 22.4115661 ], [ 102.1257054, 22.4134887 ], [ 102.1319569, 22.4227571 ], [ 102.131749, 22.4244122 ], [ 102.1316995, 22.4264167 ], [ 102.131851, 22.428416 ], [ 102.1322019, 22.4303902 ], [ 102.1327487, 22.4323193 ], [ 102.133486, 22.4341839 ], [ 102.1344062, 22.4359653 ], [ 102.1355002, 22.4376457 ], [ 102.1367569, 22.4392081 ], [ 102.1381638, 22.4406368 ], [ 102.1417654, 22.4439449 ], [ 102.1421999, 22.4443324 ], [ 102.1442039, 22.4460683 ], [ 102.1457873, 22.4473063 ], [ 102.147487, 22.4483791 ], [ 102.1492858, 22.4492759 ], [ 102.1511655, 22.4499876 ], [ 102.1531072, 22.4505071 ], [ 102.1550912, 22.450829 ], [ 102.1568949, 22.4510293 ], [ 102.1592411, 22.451151 ], [ 102.1615855, 22.4509967 ], [ 102.1636453, 22.450739 ], [ 102.1647779, 22.4508242 ], [ 102.1691995, 22.45186 ], [ 102.1720822, 22.4527523 ], [ 102.1735205, 22.453689 ], [ 102.1753881, 22.4546432 ], [ 102.1773453, 22.4553966 ], [ 102.1793706, 22.4559409 ], [ 102.180188, 22.4561152 ], [ 102.1821067, 22.4564278 ], [ 102.1840466, 22.4565526 ], [ 102.1859894, 22.4564884 ], [ 102.1879169, 22.456236 ], [ 102.1898107, 22.4557976 ], [ 102.191653, 22.4551775 ], [ 102.1925688, 22.4548188 ], [ 102.1948829, 22.4537372 ], [ 102.1962189, 22.4530054 ], [ 102.1981406, 22.4518066 ], [ 102.1989391, 22.4511726 ], [ 102.2031266, 22.4495347 ], [ 102.2054724, 22.4487124 ], [ 102.2063364, 22.4489387 ], [ 102.2081525, 22.4492393 ], [ 102.2099885, 22.4493717 ], [ 102.2118925, 22.4494211 ], [ 102.2136221, 22.4493911 ], [ 102.2153426, 22.4492118 ], [ 102.2170412, 22.4488845 ], [ 102.2189604, 22.4484278 ], [ 102.2209486, 22.4478443 ], [ 102.2224587, 22.4472252 ], [ 102.2251063, 22.4481991 ], [ 102.226812, 22.4487412 ], [ 102.2285594, 22.4491286 ], [ 102.229072, 22.4491949 ], [ 102.2283415, 22.4508221 ], [ 102.2277486, 22.4525494 ], [ 102.2273157, 22.4543237 ], [ 102.227153, 22.4551534 ], [ 102.2269946, 22.4559613 ], [ 102.2266819, 22.4582483 ], [ 102.2266347, 22.460556 ], [ 102.2267104, 22.4625835 ], [ 102.2269037, 22.4647088 ], [ 102.2273224, 22.4668015 ], [ 102.2279616, 22.4688376 ], [ 102.2288142, 22.470794 ], [ 102.2290156, 22.4711961 ], [ 102.2293282, 22.4718202 ], [ 102.2302969, 22.4735373 ], [ 102.2314301, 22.4751507 ], [ 102.2327166, 22.4766448 ], [ 102.2341439, 22.4780048 ], [ 102.2356982, 22.4792178 ], [ 102.2375649, 22.4805318 ], [ 102.2394593, 22.4817129 ], [ 102.2414734, 22.4826755 ], [ 102.2419006, 22.4828511 ], [ 102.2435078, 22.4835113 ], [ 102.2440131, 22.4851507 ], [ 102.244772, 22.4869603 ], [ 102.2457047, 22.4886868 ], [ 102.2460939, 22.4893297 ], [ 102.2471915, 22.4909568 ], [ 102.2484432, 22.4924685 ], [ 102.2498371, 22.4938501 ], [ 102.2513597, 22.4950886 ], [ 102.2529964, 22.4961718 ], [ 102.2536654, 22.4965688 ], [ 102.2541222, 22.4968093 ], [ 102.2542994, 22.4975207 ], [ 102.2547688, 22.4994052 ], [ 102.2551979, 22.5008827 ], [ 102.2557392, 22.5023228 ], [ 102.2571381, 22.5056499 ], [ 102.257328, 22.5060871 ], [ 102.2584774, 22.5086482 ], [ 102.2594862, 22.510601 ], [ 102.2603936, 22.5121433 ], [ 102.2613457, 22.5136107 ], [ 102.2624224, 22.5149894 ], [ 102.2636155, 22.5162686 ], [ 102.2645416, 22.5171784 ], [ 102.2659962, 22.5184744 ], [ 102.2675699, 22.5196227 ], [ 102.2691725, 22.5206764 ], [ 102.2706317, 22.5215493 ], [ 102.2709609, 22.52171 ], [ 102.2724816, 22.5251787 ], [ 102.2725134, 22.5252509 ], [ 102.2745557, 22.5298599 ], [ 102.2753092, 22.5313822 ], [ 102.2766801, 22.5338795 ], [ 102.2773949, 22.5353051 ], [ 102.2795614, 22.5400034 ], [ 102.2803594, 22.5415526 ], [ 102.2812892, 22.5430265 ], [ 102.2829872, 22.5454748 ], [ 102.2839096, 22.5467015 ], [ 102.2849233, 22.5478538 ], [ 102.2867723, 22.5497996 ], [ 102.2883385, 22.5512793 ], [ 102.2900548, 22.5525819 ], [ 102.2917815, 22.5537514 ], [ 102.2994521, 22.5595196 ], [ 102.2998049, 22.5613002 ], [ 102.3003792, 22.563193 ], [ 102.3008502, 22.5645075 ], [ 102.3014358, 22.5659601 ], [ 102.3021333, 22.5673623 ], [ 102.3024027, 22.5678546 ], [ 102.303416, 22.5695102 ], [ 102.3045851, 22.5710597 ], [ 102.3058989, 22.5724886 ], [ 102.307345, 22.5737835 ], [ 102.3089098, 22.574932 ], [ 102.3105786, 22.5759235 ], [ 102.3123357, 22.5767485 ], [ 102.3141644, 22.5773993 ], [ 102.3160476, 22.5778697 ], [ 102.3166356, 22.5779866 ], [ 102.3176056, 22.5781547 ], [ 102.3228841, 22.5789364 ], [ 102.323822, 22.5790528 ], [ 102.3247541, 22.5791461 ], [ 102.3245008, 22.5802569 ], [ 102.3243107, 22.5813343 ], [ 102.3240713, 22.5832013 ], [ 102.3240084, 22.5850826 ], [ 102.3240252, 22.5863128 ], [ 102.3242214, 22.5888475 ], [ 102.3243964, 22.5900817 ], [ 102.324875, 22.5924325 ], [ 102.325113, 22.593324 ], [ 102.3259207, 22.5957266 ], [ 102.3266108, 22.5974165 ], [ 102.3273107, 22.5989438 ], [ 102.3281364, 22.600407 ], [ 102.3285399, 22.6010567 ], [ 102.3296031, 22.602602 ], [ 102.3308064, 22.6040408 ], [ 102.3321392, 22.6053606 ], [ 102.3327568, 22.6059173 ], [ 102.3343249, 22.6071932 ], [ 102.3360137, 22.6083043 ], [ 102.3378061, 22.6092392 ], [ 102.3396837, 22.6099884 ], [ 102.3455944, 22.612007 ], [ 102.3465568, 22.6123088 ], [ 102.3484428, 22.6128484 ], [ 102.3502622, 22.613278 ], [ 102.3521138, 22.613536 ], [ 102.3528515, 22.6136038 ], [ 102.355023, 22.6136848 ], [ 102.3571905, 22.6135298 ], [ 102.3593283, 22.6131405 ], [ 102.3597455, 22.6130409 ], [ 102.3603526, 22.6137318 ], [ 102.3606908, 22.6141071 ], [ 102.3622272, 22.615769 ], [ 102.3628936, 22.616456 ], [ 102.3637825, 22.6173297 ], [ 102.3647236, 22.6184409 ], [ 102.366, 22.6199483 ], [ 102.3666417, 22.6206699 ], [ 102.3668637, 22.6209077 ], [ 102.36724, 22.622297 ], [ 102.3679186, 22.6243536 ], [ 102.3688156, 22.6263248 ], [ 102.3694662, 22.6275708 ], [ 102.3705415, 22.629389 ], [ 102.3717058, 22.6311397 ], [ 102.3724443, 22.6321771 ], [ 102.3732076, 22.63318 ], [ 102.3743558, 22.634556 ], [ 102.3756226, 22.6358238 ], [ 102.3771152, 22.6371893 ], [ 102.3784875, 22.6383363 ], [ 102.3799562, 22.6394563 ], [ 102.380016, 22.6395095 ], [ 102.3795415, 22.6409077 ], [ 102.3782377, 22.6446324 ], [ 102.3776793, 22.6466738 ], [ 102.3760544, 22.6479437 ], [ 102.3746045, 22.649193 ], [ 102.3732808, 22.6505751 ], [ 102.3720952, 22.6520775 ], [ 102.3711133, 22.6534522 ], [ 102.3704872, 22.6543828 ], [ 102.3689075, 22.6568794 ], [ 102.3677491, 22.6589789 ], [ 102.3668504, 22.661202 ], [ 102.3657274, 22.6645436 ], [ 102.3630503, 22.6710097 ], [ 102.3622815, 22.6732266 ], [ 102.3615461, 22.6758317 ], [ 102.361093, 22.6778191 ], [ 102.3608446, 22.6798424 ], [ 102.3608034, 22.6818804 ], [ 102.3609698, 22.683912 ], [ 102.3611631, 22.6853598 ], [ 102.361481, 22.6871298 ], [ 102.3619566, 22.6888641 ], [ 102.3625861, 22.6905487 ], [ 102.3630049, 22.6915322 ], [ 102.3636991, 22.6929951 ], [ 102.3645093, 22.6943971 ], [ 102.3652298, 22.6955348 ], [ 102.3662921, 22.6970519 ], [ 102.3674902, 22.6984642 ], [ 102.3690248, 22.7001121 ], [ 102.3705557, 22.70159 ], [ 102.372235, 22.7028968 ], [ 102.3740079, 22.7041309 ], [ 102.374784, 22.7046448 ], [ 102.3774484, 22.706321 ], [ 102.3793341, 22.7073698 ], [ 102.3813218, 22.7082094 ], [ 102.3834102, 22.7089615 ], [ 102.3860402, 22.7097099 ], [ 102.3875383, 22.7100274 ], [ 102.3893512, 22.7103254 ], [ 102.3911838, 22.7104557 ], [ 102.3923888, 22.7104859 ], [ 102.3943163, 22.7104413 ], [ 102.3962305, 22.7102112 ], [ 102.3976696, 22.7099674 ], [ 102.3993689, 22.709603 ], [ 102.4010302, 22.7090923 ], [ 102.4026408, 22.7084394 ], [ 102.4028938, 22.7083238 ], [ 102.4029883, 22.7082806 ], [ 102.4041138, 22.7089135 ], [ 102.404928, 22.7093172 ], [ 102.4058183, 22.709787 ], [ 102.4084459, 22.7109408 ], [ 102.4097141, 22.7113922 ], [ 102.411274, 22.7118766 ], [ 102.4128681, 22.7122322 ], [ 102.4134527, 22.7123377 ], [ 102.4139591, 22.7127632 ], [ 102.4149912, 22.7135586 ], [ 102.4156485, 22.7140207 ], [ 102.4159142, 22.7150501 ], [ 102.416397, 22.7166014 ], [ 102.4170676, 22.7184354 ], [ 102.4178436, 22.7202739 ], [ 102.4187629, 22.7221671 ], [ 102.419876, 22.7239532 ], [ 102.4206722, 22.7250925 ], [ 102.4207652, 22.7252069 ], [ 102.4208994, 22.7259505 ], [ 102.4213946, 22.7280437 ], [ 102.4221117, 22.7300716 ], [ 102.4231689, 22.7326167 ], [ 102.4240907, 22.7345396 ], [ 102.4250215, 22.7362419 ], [ 102.4259215, 22.7377302 ], [ 102.4269474, 22.7391347 ], [ 102.4280915, 22.7404447 ], [ 102.4284974, 22.7408706 ], [ 102.4284604, 22.741094 ], [ 102.428322, 22.7423577 ], [ 102.4282063, 22.744179 ], [ 102.4282571, 22.7460032 ], [ 102.4285827, 22.7504269 ], [ 102.4288142, 22.752326 ], [ 102.4295896, 22.7568659 ], [ 102.4298518, 22.758147 ], [ 102.4305594, 22.7611082 ], [ 102.4310302, 22.7627608 ], [ 102.4316411, 22.764367 ], [ 102.4323877, 22.7659147 ], [ 102.4332643, 22.7673927 ], [ 102.4342409, 22.7688887 ], [ 102.4345611, 22.7693641 ], [ 102.4376069, 22.7737499 ], [ 102.4382071, 22.7745689 ], [ 102.4410436, 22.7782405 ], [ 102.442881, 22.7803064 ], [ 102.4444256, 22.7818182 ], [ 102.4458818, 22.7831108 ], [ 102.4474567, 22.7842556 ], [ 102.4495025, 22.7855956 ], [ 102.4512284, 22.7866065 ], [ 102.4530864, 22.7875734 ], [ 102.4547273, 22.7883351 ], [ 102.4564304, 22.7889455 ], [ 102.4581816, 22.7893994 ], [ 102.4601547, 22.7898166 ], [ 102.4613126, 22.790026 ], [ 102.4622914, 22.7901735 ], [ 102.4622941, 22.7901777 ], [ 102.4634975, 22.7916948 ], [ 102.4640742, 22.7923536 ], [ 102.4651341, 22.7934741 ], [ 102.4656168, 22.7939465 ], [ 102.4671821, 22.7953261 ], [ 102.4688826, 22.7965351 ], [ 102.4706998, 22.7975604 ], [ 102.4726139, 22.7983908 ], [ 102.4746042, 22.7990172 ], [ 102.4753925, 22.7992208 ], [ 102.4774311, 22.7996356 ], [ 102.4795019, 22.7998364 ], [ 102.4815823, 22.799821 ], [ 102.482676, 22.7997559 ], [ 102.4842677, 22.799597 ], [ 102.4843867, 22.7995803 ], [ 102.4848023, 22.7997203 ], [ 102.4865166, 22.8002139 ], [ 102.4877982, 22.8005217 ], [ 102.4898733, 22.8009056 ], [ 102.4919773, 22.8010687 ], [ 102.4932668, 22.8011004 ], [ 102.4947508, 22.8010818 ], [ 102.4962294, 22.8009532 ], [ 102.4993175, 22.8005687 ], [ 102.5013494, 22.8002084 ], [ 102.5033333, 22.7996407 ], [ 102.5049531, 22.7990853 ], [ 102.5056327, 22.799102 ], [ 102.5077995, 22.7990377 ], [ 102.5099466, 22.7987393 ], [ 102.5120488, 22.7982102 ], [ 102.5140814, 22.7974567 ], [ 102.5154884, 22.7968465 ], [ 102.5171538, 22.7960306 ], [ 102.5187363, 22.7950639 ], [ 102.5202226, 22.7939548 ], [ 102.5215997, 22.7927128 ], [ 102.5219013, 22.7924143 ], [ 102.5248685, 22.7894775 ], [ 102.5258992, 22.7883775 ], [ 102.5284952, 22.7853886 ], [ 102.5288743, 22.7849521 ], [ 102.5300584, 22.7833857 ], [ 102.5308942, 22.7832146 ], [ 102.5327936, 22.7826241 ], [ 102.534625, 22.7818478 ], [ 102.5355308, 22.7814095 ], [ 102.5371206, 22.7805495 ], [ 102.5386263, 22.7795494 ], [ 102.5400356, 22.7784175 ], [ 102.5407222, 22.7778129 ], [ 102.5414575, 22.7771659 ], [ 102.5419505, 22.7767172 ], [ 102.5449078, 22.7739344 ], [ 102.5460735, 22.772742 ], [ 102.549541, 22.768886 ], [ 102.550966, 22.7673094 ], [ 102.5509665, 22.7673093 ], [ 102.5516659, 22.7671421 ], [ 102.5536189, 22.7665687 ], [ 102.5555034, 22.7657998 ], [ 102.5573001, 22.7648434 ], [ 102.5589902, 22.7637093 ], [ 102.5605564, 22.7624092 ], [ 102.5619823, 22.7609568 ], [ 102.5632531, 22.7593669 ], [ 102.5643558, 22.7576561 ], [ 102.5645646, 22.7572928 ], [ 102.5654607, 22.7555392 ], [ 102.5661799, 22.7537059 ], [ 102.5667154, 22.7518108 ], [ 102.5670619, 22.7498722 ], [ 102.5671701, 22.7484932 ], [ 102.5674234, 22.74835 ], [ 102.5692624, 22.7470133 ], [ 102.5706845, 22.7458506 ], [ 102.5723719, 22.7443015 ], [ 102.5738712, 22.7425696 ], [ 102.5739412, 22.7424787 ], [ 102.5746867, 22.7415104 ], [ 102.5751948, 22.7419551 ], [ 102.5770081, 22.7432182 ], [ 102.5789496, 22.7442736 ], [ 102.5805413, 22.7450281 ], [ 102.5818793, 22.7466291 ], [ 102.5832911, 22.7481505 ], [ 102.584853, 22.7495174 ], [ 102.5865482, 22.750715 ], [ 102.5883583, 22.7517305 ], [ 102.5897286, 22.7524083 ], [ 102.5913628, 22.7531278 ], [ 102.5930547, 22.7536985 ], [ 102.5947907, 22.7541162 ], [ 102.596962, 22.754537 ], [ 102.5986158, 22.7547862 ], [ 102.6002846, 22.7548965 ], [ 102.6018714, 22.7549348 ], [ 102.6040182, 22.7548712 ], [ 102.6061458, 22.7545779 ], [ 102.6078419, 22.7542504 ], [ 102.609504, 22.7538551 ], [ 102.6111263, 22.7533195 ], [ 102.612697, 22.7526473 ], [ 102.6147088, 22.7516827 ], [ 102.6161451, 22.7509207 ], [ 102.6175148, 22.7500446 ], [ 102.6209561, 22.7476408 ], [ 102.622726, 22.7462499 ], [ 102.6235928, 22.7454861 ], [ 102.6246585, 22.7445471 ], [ 102.6252946, 22.7439617 ], [ 102.6257897, 22.7434859 ], [ 102.6280148, 22.741347 ], [ 102.6282069, 22.7411624 ], [ 102.6312683, 22.7385403 ], [ 102.6329559, 22.736914 ], [ 102.6340632, 22.7357141 ], [ 102.6342876, 22.7354709 ], [ 102.6355949, 22.7339 ], [ 102.6367351, 22.7322039 ], [ 102.6377307, 22.7305456 ], [ 102.6382205, 22.729781 ], [ 102.6386855, 22.729328 ], [ 102.6393459, 22.7287725 ], [ 102.6410232, 22.7277054 ], [ 102.6449291, 22.7253045 ], [ 102.6460907, 22.7245334 ], [ 102.6477105, 22.7233749 ], [ 102.6493014, 22.7221102 ], [ 102.6507255, 22.7208548 ], [ 102.6512388, 22.7203567 ], [ 102.6523621, 22.7200121 ], [ 102.6539804, 22.7193563 ], [ 102.6555353, 22.7185619 ], [ 102.6572491, 22.7175897 ], [ 102.6589609, 22.7164841 ], [ 102.6611514, 22.717278 ], [ 102.6624701, 22.7177048 ], [ 102.6649311, 22.7184082 ], [ 102.6665678, 22.7188024 ], [ 102.6692321, 22.7193264 ], [ 102.6708856, 22.7195412 ], [ 102.6721645, 22.7206749 ], [ 102.6737786, 22.7218411 ], [ 102.6755007, 22.722841 ], [ 102.6773137, 22.7236648 ], [ 102.6791996, 22.7243042 ], [ 102.6811397, 22.7247528 ], [ 102.6815395, 22.7248245 ], [ 102.6830612, 22.7250375 ], [ 102.6845947, 22.725133 ], [ 102.6853309, 22.7251505 ], [ 102.6869819, 22.7251215 ], [ 102.6886249, 22.7249565 ], [ 102.6902486, 22.7246565 ], [ 102.69099, 22.7244876 ], [ 102.6925679, 22.7240596 ], [ 102.6941055, 22.7235042 ], [ 102.695257, 22.7230342 ], [ 102.696782, 22.7223358 ], [ 102.698243, 22.7215121 ], [ 102.6991094, 22.7209745 ], [ 102.6994002, 22.7207942 ], [ 102.7009947, 22.7196947 ], [ 102.7012476, 22.7195016 ], [ 102.7020788, 22.7188667 ], [ 102.7037273, 22.7186646 ], [ 102.7057999, 22.7181828 ], [ 102.7078096, 22.7174835 ], [ 102.7097336, 22.7165746 ], [ 102.7106173, 22.7160981 ], [ 102.7114887, 22.7155996 ], [ 102.7121844, 22.7151781 ], [ 102.7126921, 22.7148705 ], [ 102.7134636, 22.7144031 ], [ 102.71462, 22.7136467 ], [ 102.7163273, 22.7124437 ], [ 102.717994, 22.7111316 ], [ 102.7195124, 22.7096505 ], [ 102.7202768, 22.7088213 ], [ 102.720411, 22.7086757 ], [ 102.7216905, 22.7071401 ], [ 102.7228103, 22.7054846 ], [ 102.7234416, 22.7044426 ], [ 102.7243073, 22.702856 ], [ 102.7250263, 22.7011978 ], [ 102.7251003, 22.7009737 ], [ 102.725263, 22.700953 ], [ 102.7272106, 22.7005046 ], [ 102.7276155, 22.7003898 ], [ 102.7296201, 22.6997048 ], [ 102.731541, 22.6988116 ], [ 102.7333567, 22.6977203 ], [ 102.7350467, 22.6964431 ], [ 102.7365922, 22.6949942 ], [ 102.7373505, 22.6942038 ], [ 102.7384763, 22.6929256 ], [ 102.7394892, 22.6915562 ], [ 102.7406058, 22.6899039 ], [ 102.741072, 22.6891023 ], [ 102.7424303, 22.6891342 ], [ 102.7428089, 22.6892406 ], [ 102.7447824, 22.6895868 ], [ 102.7467806, 22.6897339 ], [ 102.747316, 22.6897464 ], [ 102.7495437, 22.6896741 ], [ 102.7517496, 22.6893545 ], [ 102.7539062, 22.6887913 ], [ 102.7544466, 22.6886175 ], [ 102.7560408, 22.688029 ], [ 102.7575793, 22.6873072 ], [ 102.7590509, 22.6864575 ], [ 102.7602774, 22.685678 ], [ 102.7620295, 22.6844271 ], [ 102.7636371, 22.6829952 ], [ 102.7650814, 22.6813988 ], [ 102.7657743, 22.6805447 ], [ 102.7669334, 22.6789633 ], [ 102.7672172, 22.6785335 ], [ 102.7682321, 22.6769968 ], [ 102.7684695, 22.6766372 ], [ 102.7694092, 22.6750611 ], [ 102.7702005, 22.6734055 ], [ 102.7710594, 22.6713738 ], [ 102.7717799, 22.6693811 ], [ 102.7719216, 22.6688046 ], [ 102.7719993, 22.6688031 ], [ 102.772737, 22.6687581 ], [ 102.7750749, 22.6684766 ], [ 102.7773635, 22.6679223 ], [ 102.7783087, 22.6676335 ], [ 102.7793132, 22.6672859 ], [ 102.7808396, 22.6672624 ], [ 102.7828728, 22.6671274 ], [ 102.7848818, 22.6667861 ], [ 102.7858921, 22.666561 ], [ 102.787872, 22.6660118 ], [ 102.7897851, 22.6652622 ], [ 102.7916152, 22.6644344 ], [ 102.7934359, 22.6634957 ], [ 102.7951511, 22.6623757 ], [ 102.796722, 22.661231 ], [ 102.7981253, 22.6601086 ], [ 102.7994222, 22.6588647 ], [ 102.8006022, 22.6575094 ], [ 102.8010873, 22.6568989 ], [ 102.8021648, 22.6554067 ], [ 102.8031006, 22.6538217 ], [ 102.8038868, 22.6521573 ], [ 102.8045166, 22.6504278 ], [ 102.8049847, 22.6486477 ], [ 102.8052871, 22.646832 ], [ 102.8053644, 22.6457751 ], [ 102.8062888, 22.6457966 ], [ 102.8079697, 22.645765 ], [ 102.809642, 22.6455922 ], [ 102.8108937, 22.6453554 ], [ 102.8119606, 22.6457817 ], [ 102.8137526, 22.64631 ], [ 102.815586, 22.6466687 ], [ 102.8165862, 22.6468163 ], [ 102.8190434, 22.6470252 ], [ 102.820716, 22.6470639 ], [ 102.8232303, 22.6469638 ], [ 102.8247071, 22.6468115 ], [ 102.8264289, 22.6465578 ], [ 102.8281221, 22.6461554 ], [ 102.8289276, 22.6459265 ], [ 102.8293342, 22.645811 ], [ 102.8305717, 22.6454156 ], [ 102.8320836, 22.6448779 ], [ 102.8328694, 22.6445985 ], [ 102.8340161, 22.6441504 ], [ 102.8349182, 22.6437656 ], [ 102.8363785, 22.6431426 ], [ 102.8371059, 22.6428323 ], [ 102.8435333, 22.640276 ], [ 102.8441152, 22.6400446 ], [ 102.8444751, 22.6398974 ], [ 102.8464385, 22.6390722 ], [ 102.8484534, 22.6380891 ], [ 102.8503456, 22.6368866 ], [ 102.8514376, 22.6361034 ], [ 102.8531134, 22.6347595 ], [ 102.8546355, 22.6332436 ], [ 102.8559862, 22.6315732 ], [ 102.8560932, 22.6314253 ], [ 102.8573188, 22.6313121 ], [ 102.8589326, 22.6310283 ], [ 102.8605176, 22.6306134 ], [ 102.8633521, 22.6297459 ], [ 102.8650086, 22.6291582 ], [ 102.866607, 22.6284273 ], [ 102.8682357, 22.6275942 ], [ 102.8703576, 22.6263381 ], [ 102.8712439, 22.6257367 ], [ 102.87285, 22.6245245 ], [ 102.8743261, 22.6231572 ], [ 102.8756574, 22.6216484 ], [ 102.8768304, 22.6200135 ], [ 102.8778331, 22.6182689 ], [ 102.8786555, 22.6164325 ], [ 102.8788077, 22.6160408 ], [ 102.8809701, 22.614758 ], [ 102.8825535, 22.6137141 ], [ 102.8832487, 22.6132069 ], [ 102.8841239, 22.6125684 ], [ 102.8856554, 22.611331 ], [ 102.8870577, 22.6099492 ], [ 102.8879537, 22.6089748 ], [ 102.8891048, 22.6076046 ], [ 102.8901289, 22.6061371 ], [ 102.8911769, 22.6044821 ], [ 102.8923966, 22.6022546 ], [ 102.8934611, 22.5999783 ], [ 102.8940595, 22.5985585 ], [ 102.8947797, 22.5966473 ], [ 102.895339, 22.5949324 ], [ 102.8957415, 22.5931741 ], [ 102.895984, 22.5913866 ], [ 102.8960789, 22.5903316 ], [ 102.8961593, 22.5885644 ], [ 102.8960832, 22.586797 ], [ 102.8958513, 22.5850433 ], [ 102.8954653, 22.5833169 ], [ 102.8951606, 22.5821906 ], [ 102.8946719, 22.5806583 ], [ 102.8952655, 22.5797672 ], [ 102.8962289, 22.5779352 ], [ 102.8966549, 22.5770121 ], [ 102.8974103, 22.5751299 ], [ 102.8979711, 22.573181 ], [ 102.8983317, 22.5711852 ], [ 102.8984883, 22.5691632 ], [ 102.8985218, 22.5679045 ], [ 102.8993414, 22.5674723 ], [ 102.9008577, 22.5664883 ], [ 102.9022901, 22.5654638 ], [ 102.9033882, 22.5646193 ], [ 102.9064667, 22.5620777 ], [ 102.9077697, 22.5609022 ], [ 102.9089646, 22.5596169 ], [ 102.9100423, 22.5582318 ], [ 102.9107374, 22.5572526 ], [ 102.9117967, 22.5555928 ], [ 102.9126877, 22.553837 ], [ 102.9134017, 22.552002 ], [ 102.9139319, 22.5501057 ], [ 102.914273, 22.5481665 ], [ 102.9144217, 22.5462032 ], [ 102.9144381, 22.5455817 ], [ 102.9144077, 22.5438319 ], [ 102.9142245, 22.5420915 ], [ 102.9141565, 22.5417425 ], [ 102.9158744, 22.540349 ], [ 102.9175203, 22.5388318 ], [ 102.9186452, 22.537709 ], [ 102.919885, 22.536369 ], [ 102.9209853, 22.5350733 ], [ 102.9219717, 22.5336889 ], [ 102.9230875, 22.5319729 ], [ 102.9239683, 22.5304805 ], [ 102.9247167, 22.5289175 ], [ 102.9252159, 22.5277472 ], [ 102.9257427, 22.5262581 ], [ 102.9259829, 22.5261666 ], [ 102.9274396, 22.5254721 ], [ 102.9284573, 22.5249355 ], [ 102.9303757, 22.5237824 ], [ 102.9321533, 22.5224221 ], [ 102.9337677, 22.5208718 ], [ 102.9347316, 22.5198364 ], [ 102.9360474, 22.5182694 ], [ 102.9371962, 22.5165761 ], [ 102.938166, 22.5147744 ], [ 102.9386618, 22.5137283 ], [ 102.939405, 22.5119414 ], [ 102.9399721, 22.5100912 ], [ 102.9403577, 22.5081947 ], [ 102.9405193, 22.5071411 ], [ 102.940654, 22.5057364 ], [ 102.9418106, 22.5054893 ], [ 102.9444011, 22.5048076 ], [ 102.9448288, 22.5049703 ], [ 102.9463642, 22.5054842 ], [ 102.9474378, 22.5057958 ], [ 102.9491499, 22.5062119 ], [ 102.950892, 22.5064757 ], [ 102.9526506, 22.5065851 ], [ 102.954412, 22.5065394 ], [ 102.9551861, 22.5064851 ], [ 102.9570272, 22.5062698 ], [ 102.9588405, 22.505885 ], [ 102.9606104, 22.505334 ], [ 102.9623216, 22.5046215 ], [ 102.9633386, 22.5041416 ], [ 102.9649447, 22.5032925 ], [ 102.9664671, 22.5023012 ], [ 102.9678932, 22.5011758 ], [ 102.9682257, 22.500888 ], [ 102.9696934, 22.5008878 ], [ 102.971782, 22.5007911 ], [ 102.9734115, 22.5006487 ], [ 102.9745235, 22.5005055 ], [ 102.9759124, 22.5008914 ], [ 102.9777689, 22.5013132 ], [ 102.9796571, 22.5015565 ], [ 102.9808907, 22.5016561 ], [ 102.9837359, 22.5016828 ], [ 102.9845872, 22.5016301 ], [ 102.9866915, 22.5013874 ], [ 102.9887583, 22.5009236 ], [ 102.9907644, 22.5002438 ], [ 102.9926874, 22.4993556 ], [ 102.9934708, 22.4989421 ], [ 102.995296, 22.4978509 ], [ 102.996995, 22.4965721 ], [ 102.9985486, 22.49512 ], [ 103.0002625, 22.4933383 ], [ 103.000378, 22.4932183 ], [ 103.000961, 22.4925852 ], [ 103.0023148, 22.4910503 ], [ 103.0035082, 22.4896971 ], [ 103.0039344, 22.4891976 ], [ 103.0060882, 22.4865877 ], [ 103.0073374, 22.484901 ], [ 103.0084029, 22.4830926 ], [ 103.0085004, 22.4829053 ], [ 103.0088096, 22.4823114 ], [ 103.0095451, 22.4807343 ], [ 103.0095526, 22.4807138 ], [ 103.0112879, 22.4803357 ], [ 103.013049, 22.4797775 ], [ 103.0142995, 22.4793166 ], [ 103.0159407, 22.4786273 ], [ 103.0175141, 22.4777948 ], [ 103.0190073, 22.4768257 ], [ 103.0204083, 22.4757276 ], [ 103.0217062, 22.4745093 ], [ 103.0228201, 22.4733663 ], [ 103.0243167, 22.4716441 ], [ 103.0256074, 22.4697627 ], [ 103.0264335, 22.4683977 ], [ 103.0271303, 22.4680366 ], [ 103.0302027, 22.4663094 ], [ 103.0317052, 22.4665391 ], [ 103.0345543, 22.466846 ], [ 103.036833, 22.4669605 ], [ 103.0403366, 22.4669366 ], [ 103.040986, 22.467485 ], [ 103.0425592, 22.4686854 ], [ 103.0442434, 22.4697245 ], [ 103.046022, 22.470592 ], [ 103.0473312, 22.4711522 ], [ 103.0493013, 22.4718754 ], [ 103.0499639, 22.4720424 ], [ 103.0499136, 22.4721992 ], [ 103.0495011, 22.4741149 ], [ 103.0492781, 22.4760619 ], [ 103.0491851, 22.4774897 ], [ 103.0491447, 22.4785133 ], [ 103.0491259, 22.479874 ], [ 103.0491834, 22.4816907 ], [ 103.0494056, 22.4834947 ], [ 103.0497907, 22.485271 ], [ 103.0503354, 22.4870051 ], [ 103.0530496, 22.4944446 ], [ 103.0534217, 22.4953894 ], [ 103.0540759, 22.4969341 ], [ 103.0547362, 22.498493 ], [ 103.0554282, 22.5008599 ], [ 103.05876, 22.5138398 ], [ 103.0593719, 22.5157997 ], [ 103.0601814, 22.5176865 ], [ 103.0611802, 22.5194803 ], [ 103.0623576, 22.5211623 ], [ 103.0637012, 22.5227148 ], [ 103.0648343, 22.5238956 ], [ 103.0655759, 22.5248805 ], [ 103.0672714, 22.5266375 ], [ 103.0677413, 22.5270684 ], [ 103.0699273, 22.5288082 ], [ 103.0703805, 22.5291198 ], [ 103.0720609, 22.5301569 ], [ 103.0738353, 22.5310232 ], [ 103.0756866, 22.5317103 ], [ 103.0775965, 22.5322115 ], [ 103.0795466, 22.5325219 ], [ 103.0804236, 22.5326174 ], [ 103.0823495, 22.5327335 ], [ 103.0835785, 22.5327482 ], [ 103.0860085, 22.5342294 ], [ 103.0878618, 22.5352293 ], [ 103.08981, 22.5360287 ], [ 103.0918314, 22.5366189 ], [ 103.0927435, 22.5368338 ], [ 103.0946703, 22.5371891 ], [ 103.0966226, 22.5373543 ], [ 103.0985818, 22.5373276 ], [ 103.1005289, 22.5371093 ], [ 103.1017028, 22.5369191 ], [ 103.1027557, 22.5366869 ], [ 103.1042799, 22.5366261 ], [ 103.1049029, 22.5376115 ], [ 103.105316, 22.5381947 ], [ 103.1064653, 22.5396664 ], [ 103.1077468, 22.5410245 ], [ 103.1091494, 22.5422572 ], [ 103.1106608, 22.5433537 ], [ 103.1122679, 22.5443044 ], [ 103.1139567, 22.5451011 ], [ 103.1153035, 22.5456612 ], [ 103.1164684, 22.5460578 ], [ 103.1169379, 22.5469234 ], [ 103.1182117, 22.5495178 ], [ 103.1191842, 22.5512707 ], [ 103.1203273, 22.5529174 ], [ 103.1216296, 22.5544414 ], [ 103.1230778, 22.5558274 ], [ 103.1246575, 22.5570614 ], [ 103.1282094, 22.55956 ], [ 103.1297778, 22.5605577 ], [ 103.1314321, 22.5614055 ], [ 103.1331579, 22.5620961 ], [ 103.1349404, 22.5626234 ], [ 103.1367642, 22.5629829 ], [ 103.1386135, 22.5631716 ], [ 103.1404723, 22.5631877 ], [ 103.1423245, 22.5630312 ], [ 103.1441543, 22.5627034 ], [ 103.1471218, 22.5620281 ], [ 103.1476439, 22.562467 ], [ 103.148807, 22.5633737 ], [ 103.1500338, 22.5641923 ], [ 103.1505515, 22.5645108 ], [ 103.1490744, 22.5662918 ], [ 103.1473261, 22.5683893 ], [ 103.1461922, 22.5698875 ], [ 103.1446332, 22.572162 ], [ 103.1438452, 22.5734078 ], [ 103.1406972, 22.5788158 ], [ 103.139642, 22.5808995 ], [ 103.1379042, 22.5848945 ], [ 103.1372454, 22.5866235 ], [ 103.1367493, 22.5884061 ], [ 103.1364383, 22.5897636 ], [ 103.1360753, 22.5918503 ], [ 103.135935, 22.5939638 ], [ 103.1359169, 22.5953246 ], [ 103.1359877, 22.5972937 ], [ 103.136252, 22.5992463 ], [ 103.1367072, 22.6011634 ], [ 103.1373488, 22.6030264 ], [ 103.1386425, 22.6062566 ], [ 103.1387377, 22.6064902 ], [ 103.1393055, 22.6078577 ], [ 103.1402691, 22.6098572 ], [ 103.1414484, 22.6117377 ], [ 103.1428287, 22.6134759 ], [ 103.1433049, 22.6140116 ], [ 103.144174, 22.6148914 ], [ 103.1442867, 22.615884 ], [ 103.1446618, 22.6176867 ], [ 103.1453674, 22.6204363 ], [ 103.1459801, 22.6223989 ], [ 103.1467911, 22.6242882 ], [ 103.1477918, 22.6260843 ], [ 103.1518138, 22.6325032 ], [ 103.1527288, 22.6338399 ], [ 103.1537489, 22.6350981 ], [ 103.1573643, 22.6392056 ], [ 103.1588793, 22.6407498 ], [ 103.1605523, 22.6421213 ], [ 103.161816, 22.6429465 ], [ 103.1618482, 22.6442796 ], [ 103.162088, 22.6462295 ], [ 103.1625181, 22.6481464 ], [ 103.1631341, 22.6500119 ], [ 103.1638616, 22.6518983 ], [ 103.1647439, 22.6538637 ], [ 103.1658325, 22.6557227 ], [ 103.1671148, 22.657454 ], [ 103.1685758, 22.6590372 ], [ 103.1708448, 22.6612446 ], [ 103.1721852, 22.6624364 ], [ 103.173627, 22.6635033 ], [ 103.1780462, 22.6664764 ], [ 103.1794438, 22.6673356 ], [ 103.1815833, 22.6685328 ], [ 103.1832656, 22.6693729 ], [ 103.1850193, 22.6700512 ], [ 103.1868633, 22.6706665 ], [ 103.1888044, 22.6712072 ], [ 103.1907901, 22.6715498 ], [ 103.1928001, 22.6716909 ], [ 103.1948142, 22.671629 ], [ 103.1968118, 22.6713648 ], [ 103.1982128, 22.6711071 ], [ 103.2002176, 22.6706304 ], [ 103.2021627, 22.6699499 ], [ 103.2040275, 22.6690729 ], [ 103.2079134, 22.6669945 ], [ 103.2103985, 22.666916 ], [ 103.2112633, 22.6669801 ], [ 103.2119124, 22.6683004 ], [ 103.2128765, 22.6698757 ], [ 103.2139819, 22.6713553 ], [ 103.2151853, 22.6728199 ], [ 103.216696, 22.6744624 ], [ 103.2183803, 22.6759263 ], [ 103.2202171, 22.6771935 ], [ 103.2226595, 22.6786845 ], [ 103.2229621, 22.6788656 ], [ 103.2309903, 22.6835743 ], [ 103.2312665, 22.6840991 ], [ 103.2323007, 22.6856808 ], [ 103.2334795, 22.6871577 ], [ 103.2347924, 22.6885169 ], [ 103.2362278, 22.689746 ], [ 103.2377727, 22.6908342 ], [ 103.2394135, 22.6917717 ], [ 103.2411354, 22.6925502 ], [ 103.2419027, 22.6928543 ], [ 103.243585, 22.6934358 ], [ 103.2453124, 22.6938655 ], [ 103.2470711, 22.6941399 ], [ 103.2488472, 22.6942568 ], [ 103.2500863, 22.6942831 ], [ 103.2521934, 22.6942167 ], [ 103.2542819, 22.6939288 ], [ 103.2563285, 22.6934227 ], [ 103.2582269, 22.6928455 ], [ 103.2601913, 22.6940086 ], [ 103.2602934, 22.6940888 ], [ 103.2599172, 22.6988842 ], [ 103.2598566, 22.7006122 ], [ 103.2599454, 22.702339 ], [ 103.2601918, 22.7049341 ], [ 103.2604557, 22.706787 ], [ 103.2608917, 22.7086071 ], [ 103.2614959, 22.7103785 ], [ 103.262263, 22.7120856 ], [ 103.2631863, 22.7137136 ], [ 103.2642578, 22.7152482 ], [ 103.2648186, 22.7159762 ], [ 103.2648141, 22.7165711 ], [ 103.2650125, 22.7186306 ], [ 103.2651873, 22.7198049 ], [ 103.2654123, 22.7208321 ], [ 103.2648426, 22.7223182 ], [ 103.2643394, 22.7238023 ], [ 103.2639539, 22.7253212 ], [ 103.2636184, 22.7269003 ], [ 103.2632779, 22.729098 ], [ 103.2631834, 22.7313199 ], [ 103.2632158, 22.7337824 ], [ 103.2632596, 22.7348681 ], [ 103.2634995, 22.7384173 ], [ 103.2636569, 22.7399103 ], [ 103.2639259, 22.7413874 ], [ 103.2642248, 22.7427389 ], [ 103.2647468, 22.7446464 ], [ 103.2654546, 22.746493 ], [ 103.2663414, 22.7482607 ], [ 103.2673984, 22.7499321 ], [ 103.2686153, 22.751491 ], [ 103.2699802, 22.7529221 ], [ 103.2704081, 22.7533285 ], [ 103.2713397, 22.7542626 ], [ 103.272608, 22.755429 ], [ 103.2727471, 22.7555364 ], [ 103.2729173, 22.7558306 ], [ 103.2740912, 22.7576298 ], [ 103.2754513, 22.7592926 ], [ 103.2769819, 22.7608 ], [ 103.2778879, 22.7616011 ], [ 103.2794153, 22.7628239 ], [ 103.2797214, 22.7630233 ], [ 103.2802275, 22.7642865 ], [ 103.2811182, 22.7660059 ], [ 103.2821709, 22.7676311 ], [ 103.2833759, 22.7691469 ], [ 103.2839988, 22.769857 ], [ 103.2850017, 22.7709194 ], [ 103.2866869, 22.7725787 ], [ 103.2881393, 22.7738336 ], [ 103.2883292, 22.7745754 ], [ 103.288937, 22.7765164 ], [ 103.2899363, 22.7790761 ], [ 103.2907983, 22.7809025 ], [ 103.2918708, 22.7828582 ], [ 103.296672, 22.7938612 ], [ 103.2965893, 22.7941889 ], [ 103.2962409, 22.7958695 ], [ 103.296038, 22.7975738 ], [ 103.2958871, 22.7995654 ], [ 103.2958434, 22.8018099 ], [ 103.2959381, 22.8043902 ], [ 103.2962261, 22.8071162 ], [ 103.296551, 22.8089662 ], [ 103.2968886, 22.8103962 ], [ 103.2966752, 22.8122017 ], [ 103.2965425, 22.8140377 ], [ 103.2965047, 22.8162342 ], [ 103.2967081, 22.8184215 ], [ 103.29715, 22.8205733 ], [ 103.2975005, 22.8219041 ], [ 103.2980649, 22.8236993 ], [ 103.2987955, 22.8254335 ], [ 103.2996858, 22.8270914 ], [ 103.3007281, 22.8286582 ], [ 103.3019129, 22.8301202 ], [ 103.302311, 22.8305667 ], [ 103.3038088, 22.8320766 ], [ 103.3054583, 22.8334189 ], [ 103.3072411, 22.8345785 ], [ 103.309137, 22.8355422 ], [ 103.3111244, 22.8362991 ], [ 103.3116725, 22.8364751 ], [ 103.3138689, 22.8370452 ], [ 103.3161157, 22.8373628 ], [ 103.3183841, 22.8374239 ], [ 103.3192281, 22.8373987 ], [ 103.321106, 22.8372539 ], [ 103.322962, 22.8369331 ], [ 103.3247796, 22.8364391 ], [ 103.3267143, 22.835814 ], [ 103.3276007, 22.8355998 ], [ 103.3282636, 22.8354275 ], [ 103.3294416, 22.8350997 ], [ 103.3315416, 22.8343877 ], [ 103.3335499, 22.8334477 ], [ 103.3354418, 22.832291 ], [ 103.3362187, 22.8317547 ], [ 103.3382912, 22.8301116 ], [ 103.3398492, 22.8286989 ], [ 103.3409814, 22.8275873 ], [ 103.3415498, 22.8269832 ], [ 103.343264, 22.826806 ], [ 103.3456897, 22.8264229 ], [ 103.3477793, 22.8259774 ], [ 103.3498094, 22.8253115 ], [ 103.351431, 22.8246818 ], [ 103.352937, 22.8240245 ], [ 103.3530221, 22.8239787 ], [ 103.3541084, 22.824094 ], [ 103.355465, 22.824142 ], [ 103.3578133, 22.8240871 ], [ 103.3589149, 22.8239964 ], [ 103.3608137, 22.823748 ], [ 103.36268, 22.8233193 ], [ 103.3666405, 22.8222073 ], [ 103.3708586, 22.8210298 ], [ 103.3717827, 22.8207476 ], [ 103.37576, 22.8194272 ], [ 103.377174, 22.8188977 ], [ 103.3785441, 22.8182631 ], [ 103.3799833, 22.8175292 ], [ 103.3813239, 22.8167793 ], [ 103.382603, 22.8159288 ], [ 103.3862288, 22.8133117 ], [ 103.3876118, 22.8122176 ], [ 103.3888931, 22.8110059 ], [ 103.3900626, 22.809686 ], [ 103.3904849, 22.8091648 ], [ 103.3914024, 22.8080326 ], [ 103.3917224, 22.807627 ], [ 103.3918559, 22.8074533 ], [ 103.3925618, 22.8065347 ], [ 103.3931748, 22.805737 ], [ 103.3932775, 22.8056022 ], [ 103.3942464, 22.804319 ], [ 103.3953957, 22.8026227 ], [ 103.3955306, 22.8023998 ], [ 103.3956127, 22.8023537 ], [ 103.395678, 22.8023143 ], [ 103.395822, 22.8022949 ], [ 103.3961645, 22.8022487 ], [ 103.4044506, 22.8013339 ], [ 103.4069375, 22.8014164 ], [ 103.4092321, 22.8013608 ], [ 103.4115051, 22.8010426 ], [ 103.4145512, 22.8004363 ], [ 103.4162456, 22.8000215 ], [ 103.4178973, 22.7994607 ], [ 103.4194939, 22.798758 ], [ 103.4216631, 22.7976881 ], [ 103.4234697, 22.7966776 ], [ 103.4251621, 22.7954858 ], [ 103.4267223, 22.7941255 ], [ 103.4281335, 22.7926112 ], [ 103.4297239, 22.7907169 ], [ 103.4309979, 22.7890251 ], [ 103.4320859, 22.787208 ], [ 103.4329756, 22.785286 ], [ 103.4336571, 22.7832808 ], [ 103.4343727, 22.780741 ], [ 103.4346958, 22.7793137 ], [ 103.4383405, 22.7776591 ], [ 103.4399528, 22.7769271 ], [ 103.4413116, 22.7762468 ], [ 103.4426348, 22.7755202 ], [ 103.4456125, 22.7738849 ], [ 103.4475091, 22.7727007 ], [ 103.4502151, 22.770793 ], [ 103.451683, 22.7696525 ], [ 103.4530386, 22.7683806 ], [ 103.4542703, 22.7669884 ], [ 103.4553674, 22.7654878 ], [ 103.4561658, 22.764282 ], [ 103.4562641, 22.7641335 ], [ 103.4572023, 22.7625655 ], [ 103.4579935, 22.7609185 ], [ 103.458631, 22.7592062 ], [ 103.4591096, 22.7574428 ], [ 103.4594253, 22.7556431 ], [ 103.4600383, 22.7508783 ], [ 103.4601412, 22.7500782 ], [ 103.4603035, 22.7477489 ], [ 103.4601931, 22.7454165 ], [ 103.4597956, 22.7416695 ], [ 103.459435, 22.7394589 ], [ 103.4588294, 22.7373025 ], [ 103.4579865, 22.7352272 ], [ 103.4569839, 22.7331077 ], [ 103.4560615, 22.7313817 ], [ 103.4549748, 22.729754 ], [ 103.4537342, 22.7282404 ], [ 103.4523516, 22.7268552 ], [ 103.4508402, 22.7256118 ], [ 103.4492146, 22.7245221 ], [ 103.4487203, 22.7242247 ], [ 103.448553, 22.7222098 ], [ 103.4484032, 22.7211252 ], [ 103.4488181, 22.7203049 ], [ 103.4495736, 22.7183056 ], [ 103.4501115, 22.7162372 ], [ 103.4504255, 22.7141231 ], [ 103.4505246, 22.7130723 ], [ 103.4505508, 22.7127948 ], [ 103.4505511, 22.712788 ], [ 103.4533485, 22.7109332 ], [ 103.4596806, 22.7070389 ], [ 103.4598831, 22.7069127 ], [ 103.4632792, 22.7047678 ], [ 103.4651893, 22.7033981 ], [ 103.4669255, 22.7018138 ], [ 103.4715232, 22.6970941 ], [ 103.4727273, 22.6957404 ], [ 103.473804, 22.6942832 ], [ 103.4747445, 22.6927346 ], [ 103.4755409, 22.6911073 ], [ 103.4767327, 22.6883639 ], [ 103.4768955, 22.687989 ], [ 103.4775658, 22.6862219 ], [ 103.4780662, 22.6843994 ], [ 103.4783924, 22.6825379 ], [ 103.4785414, 22.6806538 ], [ 103.4785119, 22.6787641 ], [ 103.4783041, 22.6768856 ], [ 103.47792, 22.6750351 ], [ 103.4771255, 22.6719486 ], [ 103.476559, 22.669556 ], [ 103.4776797, 22.6684646 ], [ 103.4789037, 22.6670235 ], [ 103.4799861, 22.6654733 ], [ 103.4806954, 22.6643476 ], [ 103.4816867, 22.6625821 ], [ 103.4824944, 22.6607255 ], [ 103.4828264, 22.6596855 ], [ 103.4834252, 22.659323 ], [ 103.4841405, 22.6588899 ], [ 103.4857217, 22.6578262 ], [ 103.4871945, 22.6566169 ], [ 103.4885455, 22.6552729 ], [ 103.4897625, 22.6538065 ], [ 103.4908344, 22.6522308 ], [ 103.4923269, 22.6497949 ], [ 103.4933176, 22.6479721 ], [ 103.4941141, 22.6460565 ], [ 103.4947078, 22.6440687 ], [ 103.4950925, 22.64203 ], [ 103.4954997, 22.6390236 ], [ 103.495784, 22.6386515 ], [ 103.4985593, 22.637563 ], [ 103.4991721, 22.6373226 ], [ 103.503502, 22.6356243 ], [ 103.5059694, 22.6349958 ], [ 103.5081183, 22.6343173 ], [ 103.5101772, 22.6334015 ], [ 103.5128042, 22.6320508 ], [ 103.5145804, 22.6310189 ], [ 103.5162413, 22.6298103 ], [ 103.5177695, 22.6284378 ], [ 103.5191489, 22.6269157 ], [ 103.5203649, 22.6252602 ], [ 103.5214046, 22.6234887 ], [ 103.5217794, 22.6227677 ], [ 103.5265953, 22.6308455 ], [ 103.5275408, 22.6322864 ], [ 103.5298173, 22.6354495 ], [ 103.5298369, 22.6363897 ], [ 103.5300267, 22.6381327 ], [ 103.5303684, 22.6398523 ], [ 103.5308734, 22.6419158 ], [ 103.5313989, 22.6436994 ], [ 103.5320877, 22.6454264 ], [ 103.532934, 22.6470821 ], [ 103.5339303, 22.6486519 ], [ 103.5350682, 22.6501225 ], [ 103.5363377, 22.6514811 ], [ 103.5377278, 22.6527158 ], [ 103.5393557, 22.6540316 ], [ 103.5410435, 22.6552561 ], [ 103.5428496, 22.6562981 ], [ 103.5447544, 22.6571465 ], [ 103.5496853, 22.6590412 ], [ 103.5517736, 22.6597147 ], [ 103.5534601, 22.6600605 ], [ 103.5543346, 22.6636304 ], [ 103.5535133, 22.6643391 ], [ 103.552164, 22.6657562 ], [ 103.5509597, 22.6672983 ], [ 103.5499117, 22.6689507 ], [ 103.5490474, 22.6704735 ], [ 103.5481066, 22.6723553 ], [ 103.5473687, 22.6743256 ], [ 103.5468418, 22.6763624 ], [ 103.5468122, 22.6765078 ], [ 103.5451967, 22.6810467 ], [ 103.5444177, 22.6838784 ], [ 103.5437105, 22.6874594 ], [ 103.5433981, 22.6887197 ], [ 103.542679, 22.6907996 ], [ 103.5422419, 22.692236 ], [ 103.5414036, 22.6954154 ], [ 103.5409396, 22.6977153 ], [ 103.540748, 22.7000537 ], [ 103.5406662, 22.7036032 ], [ 103.5407238, 22.7056494 ], [ 103.5409903, 22.707679 ], [ 103.5414629, 22.7096708 ], [ 103.5421365, 22.7116037 ], [ 103.5430042, 22.7134578 ], [ 103.5440569, 22.7152134 ], [ 103.5621813, 22.7422048 ], [ 103.5633096, 22.7437244 ], [ 103.5645765, 22.7451306 ], [ 103.5659706, 22.7464107 ], [ 103.5674795, 22.7475533 ], [ 103.5690897, 22.7485481 ], [ 103.5707866, 22.7493863 ], [ 103.5741958, 22.7508739 ], [ 103.5746061, 22.7510475 ], [ 103.5763548, 22.7517646 ], [ 103.5768721, 22.7531775 ], [ 103.5769461, 22.7533765 ], [ 103.5780285, 22.7562384 ], [ 103.5791791, 22.7587434 ], [ 103.582117, 22.7641273 ], [ 103.582725, 22.765166 ], [ 103.5858445, 22.7701449 ], [ 103.5872896, 22.7721615 ], [ 103.5923333, 22.7783499 ], [ 103.5936267, 22.7797888 ], [ 103.5950531, 22.7810959 ], [ 103.595834, 22.7816834 ], [ 103.5957689, 22.7825458 ], [ 103.5957521, 22.7832826 ], [ 103.5957973, 22.7851572 ], [ 103.5960178, 22.7870194 ], [ 103.5964118, 22.7888527 ], [ 103.5969758, 22.7906411 ], [ 103.5977048, 22.7923687 ], [ 103.598163, 22.7933266 ], [ 103.5993084, 22.7953969 ], [ 103.6006903, 22.7973174 ], [ 103.6019625, 22.7988813 ], [ 103.6031277, 22.8001919 ], [ 103.6044033, 22.8013954 ], [ 103.6057794, 22.8024825 ], [ 103.6071283, 22.8034552 ], [ 103.6085144, 22.8043697 ], [ 103.6140158, 22.8076801 ], [ 103.6147779, 22.8081162 ], [ 103.6166369, 22.8091264 ], [ 103.6249755, 22.8138019 ], [ 103.6253729, 22.8140188 ], [ 103.6271489, 22.8149624 ], [ 103.6287904, 22.8157411 ], [ 103.6304959, 22.8163676 ], [ 103.6312097, 22.8165936 ], [ 103.6331557, 22.8171036 ], [ 103.6351431, 22.8174156 ], [ 103.6371518, 22.8175263 ], [ 103.6391614, 22.8174346 ], [ 103.6396854, 22.8173842 ], [ 103.6422921, 22.8169583 ], [ 103.6433762, 22.8167067 ], [ 103.644364, 22.8164507 ], [ 103.6445179, 22.8164066 ], [ 103.6477438, 22.8154821 ], [ 103.6478691, 22.8154678 ], [ 103.6498852, 22.8151326 ], [ 103.6518566, 22.8145934 ], [ 103.6537627, 22.8138558 ], [ 103.6555836, 22.8129276 ], [ 103.6573002, 22.8118184 ], [ 103.6579444, 22.8113018 ], [ 103.6602324, 22.8109483 ], [ 103.6624796, 22.8103265 ], [ 103.6627374, 22.8102387 ], [ 103.6646443, 22.809478 ], [ 103.6664632, 22.8085257 ], [ 103.66921, 22.8069028 ], [ 103.6709018, 22.8057837 ], [ 103.6724716, 22.8044991 ], [ 103.6739032, 22.803062 ], [ 103.6758508, 22.8008977 ], [ 103.6770517, 22.7994286 ], [ 103.678108, 22.7978523 ], [ 103.6790101, 22.796183 ], [ 103.6800687, 22.7939804 ], [ 103.6810026, 22.7920373 ], [ 103.6818183, 22.7900806 ], [ 103.6824224, 22.7880485 ], [ 103.6828079, 22.7859638 ], [ 103.682901, 22.7852511 ], [ 103.6843251, 22.7845391 ], [ 103.6884123, 22.7821956 ], [ 103.6906486, 22.7807052 ], [ 103.6959614, 22.7766236 ], [ 103.6966296, 22.7760872 ], [ 103.7092062, 22.7655385 ], [ 103.7094368, 22.765342 ], [ 103.7151678, 22.7603853 ], [ 103.7179059, 22.7580172 ], [ 103.7182711, 22.7576935 ], [ 103.7193001, 22.7567587 ], [ 103.7299615, 22.7470726 ], [ 103.7302613, 22.7468003 ], [ 103.7308487, 22.7462444 ], [ 103.7418921, 22.7353631 ], [ 103.7502303, 22.7279352 ], [ 103.7516494, 22.7265383 ], [ 103.7529225, 22.7250073 ], [ 103.7553672, 22.7217502 ], [ 103.7564329, 22.7201804 ], [ 103.7573451, 22.7185167 ], [ 103.7575763, 22.718043 ], [ 103.760792, 22.711454 ], [ 103.7611699, 22.711505 ], [ 103.7630597, 22.7115797 ], [ 103.7649482, 22.7114756 ], [ 103.7656514, 22.7113695 ], [ 103.7663786, 22.7112996 ], [ 103.7684647, 22.7109872 ], [ 103.7705062, 22.7104569 ], [ 103.7707659, 22.7103746 ], [ 103.7724711, 22.7097477 ], [ 103.7741122, 22.7089687 ], [ 103.7763574, 22.7077751 ], [ 103.7780309, 22.706778 ], [ 103.7795995, 22.7056228 ], [ 103.7810482, 22.7043205 ], [ 103.7823634, 22.7028834 ], [ 103.7896179, 22.6941367 ], [ 103.7899658, 22.6937552 ], [ 103.7947652, 22.6884917 ], [ 103.8045276, 22.6777855 ], [ 103.8175218, 22.663535 ], [ 103.820895, 22.6598358 ], [ 103.8217154, 22.6588769 ], [ 103.8270658, 22.6522091 ], [ 103.8272, 22.6520419 ], [ 103.8284722, 22.650266 ], [ 103.8295431, 22.6483619 ], [ 103.8327685, 22.641814 ], [ 103.8332093, 22.6408564 ], [ 103.8363888, 22.6334395 ], [ 103.8373673, 22.6318393 ], [ 103.8375064, 22.6317621 ], [ 103.8384164, 22.6312251 ], [ 103.8416998, 22.629169 ], [ 103.8449071, 22.6271606 ], [ 103.8465709, 22.6259971 ], [ 103.8481081, 22.624671 ], [ 103.8486998, 22.6241057 ], [ 103.8518988, 22.6210495 ], [ 103.8534351, 22.6194069 ], [ 103.8547773, 22.6176021 ], [ 103.8572855, 22.6138003 ], [ 103.8584477, 22.6117947 ], [ 103.8589359, 22.6108271 ], [ 103.8596412, 22.610465 ], [ 103.8614485, 22.6095371 ], [ 103.8634196, 22.6085253 ], [ 103.8645648, 22.6078891 ], [ 103.8658994, 22.6070895 ], [ 103.8682853, 22.6054122 ], [ 103.8733289, 22.6012856 ], [ 103.8746546, 22.6000987 ], [ 103.8758695, 22.5987987 ], [ 103.8797609, 22.5942444 ], [ 103.8811998, 22.5923413 ], [ 103.8821635, 22.5908948 ], [ 103.8825186, 22.5909486 ], [ 103.8843768, 22.5911421 ], [ 103.8862449, 22.5911613 ], [ 103.8881067, 22.5910062 ], [ 103.8893905, 22.5907771 ], [ 103.8893912, 22.5907809 ], [ 103.8914735, 22.5904109 ], [ 103.8932817, 22.5900023 ], [ 103.8950443, 22.5894281 ], [ 103.8967462, 22.5886931 ], [ 103.8983727, 22.5878037 ], [ 103.8999099, 22.5867676 ], [ 103.900805, 22.5861019 ], [ 103.9027213, 22.5846768 ], [ 103.9042365, 22.5834301 ], [ 103.9056223, 22.5820409 ], [ 103.9161646, 22.5703806 ], [ 103.922829, 22.5642655 ], [ 103.9331189, 22.5582776 ], [ 103.935188, 22.5571744 ], [ 103.9369331, 22.5561266 ], [ 103.9385627, 22.5549068 ], [ 103.9400598, 22.5535278 ], [ 103.9401199, 22.5534665 ], [ 103.9417634, 22.5517883 ], [ 103.9430109, 22.5503889 ], [ 103.9441219, 22.5488789 ], [ 103.9450866, 22.5472715 ], [ 103.9454142, 22.5465876 ], [ 103.9460632, 22.5465066 ], [ 103.9479331, 22.5461824 ], [ 103.9497639, 22.5456823 ], [ 103.9515391, 22.545011 ], [ 103.9532426, 22.5441744 ], [ 103.9548592, 22.5431801 ], [ 103.958833, 22.540468 ], [ 103.9605715, 22.5391363 ], [ 103.962154, 22.5376225 ], [ 103.9670493, 22.5323973 ], [ 103.9688839, 22.5323952 ], [ 103.9707969, 22.5322085 ], [ 103.9714724, 22.5320762 ], [ 103.971532, 22.5321461 ], [ 103.9725757, 22.5332792 ], [ 103.9737036, 22.5343286 ], [ 103.9750784, 22.5355123 ], [ 103.9768048, 22.5368421 ], [ 103.9786655, 22.5379761 ], [ 103.9806386, 22.5389009 ], [ 103.9814966, 22.5392474 ], [ 103.9833984, 22.5399032 ], [ 103.9833976, 22.5400353 ], [ 103.9835871, 22.5420358 ], [ 103.9839764, 22.5440072 ], [ 103.9845615, 22.5459296 ], [ 103.98548, 22.5484796 ], [ 103.9862447, 22.5503118 ], [ 103.9871873, 22.5520591 ], [ 103.988478, 22.5541912 ], [ 103.9881866, 22.5560354 ], [ 103.9881264, 22.5566083 ], [ 103.9879938, 22.557708 ], [ 103.9878507, 22.5599585 ], [ 103.9878404, 22.5614065 ], [ 103.9878321, 22.5625557 ], [ 103.9878303, 22.5628134 ], [ 103.9878622, 22.5636632 ], [ 103.987217, 22.564505 ], [ 103.9860824, 22.566379 ], [ 103.9851596, 22.5683658 ], [ 103.9848709, 22.5690886 ], [ 103.9842612, 22.5708493 ], [ 103.9838179, 22.5726591 ], [ 103.9835449, 22.5745023 ], [ 103.9834447, 22.5763629 ], [ 103.9834409, 22.5768898 ], [ 103.9835211, 22.5788289 ], [ 103.9837889, 22.5807511 ], [ 103.9842417, 22.5826383 ], [ 103.9848752, 22.5844727 ], [ 103.9856837, 22.5862371 ], [ 103.9866593, 22.5879149 ], [ 103.9877929, 22.5894901 ], [ 103.9884252, 22.5902844 ], [ 103.9897639, 22.5918018 ], [ 103.9912491, 22.5931761 ], [ 103.9917255, 22.5935349 ], [ 103.9918436, 22.594623 ], [ 103.992222, 22.5971881 ], [ 103.9925471, 22.5988821 ], [ 103.9930169, 22.6005418 ], [ 103.993628, 22.6021548 ], [ 103.9942845, 22.603685 ], [ 103.9946446, 22.6044763 ], [ 103.9966241, 22.6085873 ], [ 103.9979438, 22.6109154 ], [ 104.0014606, 22.6162521 ], [ 104.0019168, 22.6170406 ], [ 104.0022989, 22.6176738 ], [ 104.0031677, 22.619055 ], [ 104.0036208, 22.6197287 ], [ 104.003629, 22.6197607 ], [ 104.0033765, 22.6209572 ], [ 104.003106, 22.6225584 ], [ 104.0029663, 22.6241762 ], [ 104.0029229, 22.625129 ], [ 104.0029092, 22.6265695 ], [ 104.0029381, 22.6276588 ], [ 104.0030712, 22.6294915 ], [ 104.0033719, 22.6313042 ], [ 104.0038377, 22.6330816 ], [ 104.0061773, 22.6405854 ], [ 104.0063562, 22.6418514 ], [ 104.0066769, 22.643317 ], [ 104.0091929, 22.6530506 ], [ 104.0092632, 22.6538326 ], [ 104.0095841, 22.6560283 ], [ 104.0104216, 22.6601462 ], [ 104.0109723, 22.6622569 ], [ 104.0122912, 22.6663776 ], [ 104.0123788, 22.6666447 ], [ 104.0134729, 22.6699045 ], [ 104.0138632, 22.6710674 ], [ 104.0125939, 22.6728103 ], [ 104.0114202, 22.6746196 ], [ 104.0104481, 22.6765447 ], [ 104.0096652, 22.6783281 ], [ 104.0092018, 22.6794795 ], [ 104.0087109, 22.6808177 ], [ 104.0080852, 22.6828521 ], [ 104.0076793, 22.6849415 ], [ 104.0074978, 22.6870622 ], [ 104.0075426, 22.6891902 ], [ 104.0078133, 22.6913014 ], [ 104.0080914, 22.692823 ], [ 104.0084664, 22.6944753 ], [ 104.0089798, 22.69609 ], [ 104.0130856, 22.7073289 ], [ 104.013286, 22.7078268 ], [ 104.0133851, 22.7099582 ], [ 104.0137117, 22.7120709 ], [ 104.0142621, 22.7141368 ], [ 104.0150297, 22.716132 ], [ 104.0164622, 22.7193331 ], [ 104.0186263, 22.7247111 ], [ 104.0187302, 22.7249641 ], [ 104.0211367, 22.7307159 ], [ 104.0214716, 22.7315164 ], [ 104.0215454, 22.7316905 ], [ 104.0219035, 22.7325241 ], [ 104.0252985, 22.7404268 ], [ 104.0263542, 22.7425326 ], [ 104.0276501, 22.7444997 ], [ 104.0314291, 22.7495599 ], [ 104.0327246, 22.7511225 ], [ 104.0382577, 22.757146 ], [ 104.038541, 22.7574482 ], [ 104.0512978, 22.770771 ], [ 104.0516535, 22.7711423 ], [ 104.0536401, 22.772955 ], [ 104.0593681, 22.7775154 ], [ 104.0605603, 22.7783946 ], [ 104.0634814, 22.7803858 ], [ 104.0637212, 22.7805467 ], [ 104.0664237, 22.7823323 ], [ 104.0672466, 22.7828477 ], [ 104.0702766, 22.7846448 ], [ 104.0706184, 22.7848657 ], [ 104.070833, 22.7853029 ], [ 104.0762661, 22.7956268 ], [ 104.0782458, 22.7993887 ], [ 104.0795287, 22.8018265 ], [ 104.0805297, 22.8035208 ], [ 104.0850345, 22.8103538 ], [ 104.0862772, 22.8120395 ], [ 104.0876893, 22.813586 ], [ 104.0892554, 22.8149764 ], [ 104.0945429, 22.819197 ], [ 104.1002742, 22.8244762 ], [ 104.1017558, 22.8258409 ], [ 104.1029763, 22.8268778 ], [ 104.1042757, 22.8278138 ], [ 104.105045, 22.8283224 ], [ 104.1082227, 22.830423 ], [ 104.1098179, 22.8313742 ], [ 104.1114945, 22.8321733 ], [ 104.1132379, 22.8328134 ], [ 104.1148859, 22.833333 ], [ 104.116632, 22.8337979 ], [ 104.1184129, 22.8341034 ], [ 104.1206862, 22.8343883 ], [ 104.1225256, 22.834533 ], [ 104.1243706, 22.8345076 ], [ 104.1262054, 22.8343123 ], [ 104.1287767, 22.8339179 ], [ 104.130694, 22.833527 ], [ 104.1325639, 22.8329506 ], [ 104.1343685, 22.8321942 ], [ 104.1376076, 22.8306462 ], [ 104.1382295, 22.8303103 ], [ 104.1426557, 22.8327722 ], [ 104.1441056, 22.8338178 ], [ 104.1443782, 22.8341483 ], [ 104.1455835, 22.8354824 ], [ 104.1469036, 22.8367028 ], [ 104.1485008, 22.8380514 ], [ 104.1500043, 22.8392035 ], [ 104.1516101, 22.8402082 ], [ 104.1533038, 22.8410565 ], [ 104.1546647, 22.8416593 ], [ 104.155381067985246, 22.841933464144631 ], [ 104.161886643689542, 22.824293922662626 ] ], [ [ 102.8365305, 21.7905353 ], [ 102.8360902, 21.7893598 ], [ 102.8354915, 21.7881542 ], [ 102.8356481, 21.787846 ], [ 102.8363881, 21.7862064 ], [ 102.8365305, 21.7905353 ] ], [ [ 102.8338179, 21.8150245 ], [ 102.8340458, 21.817448 ], [ 102.8343785, 21.8189672 ], [ 102.8334694, 21.8213179 ], [ 102.8326272, 21.8211556 ], [ 102.8313335, 21.8189133 ], [ 102.8337914, 21.8142182 ], [ 102.8338179, 21.8150245 ] ] ], [ [ [ 104.589143690022425, 20.608798113908893 ], [ 104.59341662272071, 20.529005790521687 ], [ 104.607040127832718, 20.488079084556691 ], [ 104.602510029213093, 20.475451897282639 ], [ 104.627891111244082, 20.427813548273996 ], [ 104.628079261074959, 20.41575506039797 ], [ 104.6276746, 20.4151195 ], [ 104.6266097, 20.4136064 ], [ 104.6254096, 20.4121982 ], [ 104.6239215, 20.4106074 ], [ 104.6226497, 20.4093636 ], [ 104.6212724, 20.4082377 ], [ 104.6198004, 20.4072387 ], [ 104.617188, 20.4056305 ], [ 104.6154607, 20.4046812 ], [ 104.613079, 20.4035212 ], [ 104.6087253, 20.4010907 ], [ 104.606821, 20.4001564 ], [ 104.6050253, 20.3993907 ], [ 104.603477, 20.398805 ], [ 104.6020187, 20.3983213 ], [ 104.5996757, 20.3976989 ], [ 104.5967037, 20.3970996 ], [ 104.5955004, 20.396895 ], [ 104.5904523, 20.3961942 ], [ 104.5895017, 20.3960853 ], [ 104.5845715, 20.3956399 ], [ 104.5820584, 20.3955715 ], [ 104.5775575, 20.3957322 ], [ 104.5753519, 20.3959337 ], [ 104.5716756, 20.3964761 ], [ 104.5698048, 20.396844 ], [ 104.5679951, 20.3973831 ], [ 104.5673961, 20.3973455 ], [ 104.5671277, 20.3973305 ], [ 104.5671172, 20.39733 ], [ 104.5632128, 20.3960342 ], [ 104.5623836, 20.39538 ], [ 104.5606412, 20.3941501 ], [ 104.5592872, 20.3932988 ], [ 104.5576307, 20.3923642 ], [ 104.555893, 20.3915911 ], [ 104.5540897, 20.3909866 ], [ 104.5521925, 20.3904495 ], [ 104.5504572, 20.3900408 ], [ 104.5486924, 20.3897883 ], [ 104.5464473, 20.3895686 ], [ 104.5448128, 20.389476 ], [ 104.5432656, 20.3894518 ], [ 104.5429699, 20.3887735 ], [ 104.5421822, 20.3873117 ], [ 104.5399987, 20.3836338 ], [ 104.5387875, 20.3818256 ], [ 104.5372999, 20.3798467 ], [ 104.5370688, 20.3795393 ], [ 104.5363501, 20.3786385 ], [ 104.5357954, 20.3779829 ], [ 104.5338816, 20.376013 ], [ 104.53175, 20.374101 ], [ 104.5303925, 20.3729869 ], [ 104.5289424, 20.3719961 ], [ 104.5274111, 20.3711364 ], [ 104.5258102, 20.3704144 ], [ 104.5243786, 20.3698429 ], [ 104.5223445, 20.3689944 ], [ 104.5217114, 20.368743 ], [ 104.519679, 20.3679754 ], [ 104.5186895, 20.367631 ], [ 104.5183227, 20.367514 ], [ 104.5173558, 20.3672055 ], [ 104.5156543, 20.3667442 ], [ 104.5139188, 20.3664346 ], [ 104.5121628, 20.3662789 ], [ 104.5102435, 20.3661938 ], [ 104.5099015, 20.3661816 ], [ 104.507764, 20.3661234 ], [ 104.5059127, 20.3658547 ], [ 104.5053013, 20.3657419 ], [ 104.5052381, 20.3656711 ], [ 104.5038581, 20.3642695 ], [ 104.502347, 20.3630101 ], [ 104.5007195, 20.3619053 ], [ 104.497649, 20.3600346 ], [ 104.4961827, 20.3592235 ], [ 104.4946536, 20.3585379 ], [ 104.4930725, 20.3579828 ], [ 104.4911745, 20.3574044 ], [ 104.489944, 20.3563609 ], [ 104.487926, 20.3548011 ], [ 104.4877597, 20.3546725 ], [ 104.4859279, 20.3532566 ], [ 104.4851488, 20.3526545 ], [ 104.4836982, 20.3516327 ], [ 104.4821627, 20.3507435 ], [ 104.4805544, 20.3499939 ], [ 104.4780993, 20.3489796 ], [ 104.4764984, 20.3483967 ], [ 104.4748537, 20.3479522 ], [ 104.4731771, 20.3476493 ], [ 104.4706434, 20.3473022 ], [ 104.4688493, 20.3471383 ], [ 104.4670478, 20.3471365 ], [ 104.4622834, 20.3473466 ], [ 104.4605098, 20.3475042 ], [ 104.4587572, 20.3478189 ], [ 104.4570395, 20.3482882 ], [ 104.4553704, 20.3489084 ], [ 104.4511935, 20.3506759 ], [ 104.4487281, 20.3519266 ], [ 104.444837, 20.3542519 ], [ 104.4433697, 20.3552187 ], [ 104.4419929, 20.3563106 ], [ 104.4409258, 20.3573215 ], [ 104.4404122, 20.3572358 ], [ 104.4387536, 20.3570995 ], [ 104.4368486, 20.3570225 ], [ 104.4344425, 20.3570702 ], [ 104.4320594, 20.3574065 ], [ 104.4307805, 20.3576663 ], [ 104.4284238, 20.3580969 ], [ 104.4262135, 20.3586383 ], [ 104.4251482, 20.358284 ], [ 104.4232303, 20.3578497 ], [ 104.421279, 20.3576058 ], [ 104.420498, 20.357547 ], [ 104.4185022, 20.3574967 ], [ 104.4165113, 20.3576456 ], [ 104.4145452, 20.3579922 ], [ 104.4126234, 20.3585332 ], [ 104.4107652, 20.359263 ], [ 104.410047, 20.3595873 ], [ 104.4092877, 20.3599302 ], [ 104.407137, 20.3610633 ], [ 104.4051397, 20.362449 ], [ 104.4038574, 20.3634594 ], [ 104.4033052, 20.3638944 ], [ 104.4027326, 20.364363 ], [ 104.3994766, 20.3671295 ], [ 104.3975934, 20.3687296 ], [ 104.3964197, 20.3698102 ], [ 104.395336, 20.370981 ], [ 104.3932378, 20.3734373 ], [ 104.392796, 20.373973 ], [ 104.392665, 20.3741376 ], [ 104.391613, 20.3754603 ], [ 104.3900402, 20.3774377 ], [ 104.3889171, 20.378998 ], [ 104.3879491, 20.380659 ], [ 104.3867836, 20.3828999 ], [ 104.3859734, 20.3846614 ], [ 104.3853375, 20.3864932 ], [ 104.3847377, 20.3885357 ], [ 104.3843124, 20.3902657 ], [ 104.3840427, 20.3920268 ], [ 104.3839308, 20.3938048 ], [ 104.3839097, 20.3949574 ], [ 104.3839448, 20.3959476 ], [ 104.3837342, 20.3977728 ], [ 104.3836535, 20.3980956 ], [ 104.3832303, 20.4003182 ], [ 104.3830608, 20.4025743 ], [ 104.3830345, 20.4040035 ], [ 104.3831693, 20.4067183 ], [ 104.3835035, 20.4095469 ], [ 104.3841101, 20.4148473 ], [ 104.3843428, 20.4163629 ], [ 104.3844403, 20.4168681 ], [ 104.3847446, 20.4184449 ], [ 104.3848026, 20.4186888 ], [ 104.3837565, 20.4193617 ], [ 104.3822134, 20.4205844 ], [ 104.3809213, 20.4217161 ], [ 104.3797886, 20.4228183 ], [ 104.37933, 20.4227375 ], [ 104.3772317, 20.4225921 ], [ 104.3766451, 20.4225824 ], [ 104.3747272, 20.4226428 ], [ 104.372824, 20.4228866 ], [ 104.3709528, 20.4233118 ], [ 104.369131, 20.4239142 ], [ 104.3682691, 20.4242459 ], [ 104.3666468, 20.4249542 ], [ 104.3650935, 20.4258032 ], [ 104.3636213, 20.4267862 ], [ 104.3622418, 20.4278955 ], [ 104.3609658, 20.4291224 ], [ 104.3603175, 20.4298035 ], [ 104.3590941, 20.4312155 ], [ 104.3580076, 20.4327354 ], [ 104.3570678, 20.4343502 ], [ 104.3562828, 20.4360455 ], [ 104.3556594, 20.4378068 ], [ 104.355203, 20.4396185 ], [ 104.3549177, 20.4414649 ], [ 104.3548586, 20.4420173 ], [ 104.3547451, 20.4441532 ], [ 104.3548604, 20.4462891 ], [ 104.3552031, 20.4484004 ], [ 104.3557693, 20.450463 ], [ 104.3560935, 20.4514367 ], [ 104.3567423, 20.4531034 ], [ 104.3561929, 20.4538629 ], [ 104.3552973, 20.4553607 ], [ 104.3545356, 20.4569308 ], [ 104.3539138, 20.4585614 ], [ 104.3536548, 20.4593411 ], [ 104.3531833, 20.4609948 ], [ 104.3528557, 20.4626829 ], [ 104.3526743, 20.4643929 ], [ 104.3526049, 20.4654985 ], [ 104.3525705, 20.4671949 ], [ 104.3525971, 20.4683943 ], [ 104.3527905, 20.4707605 ], [ 104.3532629, 20.473087 ], [ 104.3535829, 20.4742913 ], [ 104.354236, 20.4763105 ], [ 104.3550993, 20.4782492 ], [ 104.3561632, 20.4800856 ], [ 104.3574158, 20.4817988 ], [ 104.3589222, 20.4836451 ], [ 104.3600424, 20.4849056 ], [ 104.3633055, 20.4882795 ], [ 104.36371, 20.488686 ], [ 104.3648629, 20.4898116 ], [ 104.3651759, 20.4900865 ], [ 104.3651995, 20.4907339 ], [ 104.3655199, 20.4929071 ], [ 104.3658787, 20.4946652 ], [ 104.3663519, 20.4965238 ], [ 104.3670008, 20.4983284 ], [ 104.3678197, 20.5000626 ], [ 104.3688008, 20.5017104 ], [ 104.3699353, 20.5032567 ], [ 104.3712127, 20.5046871 ], [ 104.3726212, 20.5059887 ], [ 104.3741479, 20.5071494 ], [ 104.3757787, 20.5081585 ], [ 104.3774987, 20.5090067 ], [ 104.3792921, 20.5096864 ], [ 104.3811423, 20.5101911 ], [ 104.3830323, 20.5105163 ], [ 104.3849448, 20.510659 ], [ 104.3868621, 20.5106178 ], [ 104.3887667, 20.5103932 ], [ 104.390641, 20.5099872 ], [ 104.3924679, 20.5094036 ], [ 104.3931146, 20.5091262 ], [ 104.393129, 20.5091303 ], [ 104.3966342, 20.5100177 ], [ 104.3990136, 20.5104688 ], [ 104.4006727, 20.5106803 ], [ 104.4028757, 20.5108382 ], [ 104.4046849, 20.5108677 ], [ 104.4061746, 20.5108365 ], [ 104.4079866, 20.5107309 ], [ 104.4083092, 20.5110933 ], [ 104.4096384, 20.5123374 ], [ 104.410409, 20.5129955 ], [ 104.4119009, 20.5141524 ], [ 104.4134953, 20.5151635 ], [ 104.4151779, 20.5160198 ], [ 104.4166204, 20.5165898 ], [ 104.4169947, 20.5173872 ], [ 104.4178323, 20.518841 ], [ 104.4186882, 20.5201921 ], [ 104.4198477, 20.5218338 ], [ 104.4211662, 20.5233509 ], [ 104.4226303, 20.5247279 ], [ 104.4242253, 20.5259511 ], [ 104.4250465, 20.5265177 ], [ 104.4266962, 20.5275414 ], [ 104.4284375, 20.5284004 ], [ 104.4302539, 20.5290865 ], [ 104.4321282, 20.5295933 ], [ 104.4328103, 20.5297426 ], [ 104.4347752, 20.5300711 ], [ 104.4367631, 20.5302025 ], [ 104.4378879, 20.5302207 ], [ 104.4399871, 20.5301443 ], [ 104.440465, 20.5300763 ], [ 104.4411626, 20.5303422 ], [ 104.4424808, 20.5307928 ], [ 104.4440862, 20.5312798 ], [ 104.4448574, 20.5314969 ], [ 104.450432, 20.5329469 ], [ 104.4505064, 20.5329661 ], [ 104.4541582, 20.533901 ], [ 104.4544944, 20.533984 ], [ 104.4567836, 20.534528 ], [ 104.4585204, 20.5348604 ], [ 104.4602798, 20.5350381 ], [ 104.4605282, 20.5350521 ], [ 104.4608486, 20.5354093 ], [ 104.462355, 20.5369184 ], [ 104.4632126, 20.5376114 ], [ 104.4637727, 20.5390535 ], [ 104.4647304, 20.5409149 ], [ 104.4656795, 20.5425439 ], [ 104.4666506, 20.544051 ], [ 104.4677527, 20.5454651 ], [ 104.4699088, 20.5479894 ], [ 104.4713288, 20.5494878 ], [ 104.4726416, 20.5506139 ], [ 104.4732588, 20.5518146 ], [ 104.4742752, 20.5534032 ], [ 104.4747047, 20.5540095 ], [ 104.4758184, 20.5554396 ], [ 104.4770571, 20.556763 ], [ 104.4784105, 20.5579689 ], [ 104.4795678, 20.5589095 ], [ 104.4815319, 20.5603177 ], [ 104.4846523, 20.5622808 ], [ 104.4861518, 20.5631361 ], [ 104.4877195, 20.5638589 ], [ 104.4893436, 20.5644439 ], [ 104.4909004, 20.5649298 ], [ 104.4931583, 20.5654927 ], [ 104.4954663, 20.5657895 ], [ 104.4971765, 20.5659089 ], [ 104.4998191, 20.5659184 ], [ 104.4999877, 20.5659078 ], [ 104.5014962, 20.5670152 ], [ 104.5024526, 20.5675869 ], [ 104.5025249, 20.5680068 ], [ 104.5028554, 20.5695567 ], [ 104.5033076, 20.5710756 ], [ 104.5055865, 20.5777509 ], [ 104.5062375, 20.5794115 ], [ 104.5070338, 20.5810075 ], [ 104.5078872, 20.5825425 ], [ 104.5091084, 20.584471 ], [ 104.5105414, 20.5862478 ], [ 104.5112613, 20.5870429 ], [ 104.5126362, 20.5884203 ], [ 104.5130357, 20.5887493 ], [ 104.5130925, 20.5892021 ], [ 104.5134023, 20.5910512 ], [ 104.5138877, 20.5932084 ], [ 104.5146082, 20.5952989 ], [ 104.5155552, 20.5972971 ], [ 104.5163134, 20.5986921 ], [ 104.5171189, 20.6000446 ], [ 104.5180284, 20.6013295 ], [ 104.5184589, 20.6018896 ], [ 104.5195586, 20.6032003 ], [ 104.5196599, 20.603311 ], [ 104.5197514, 20.60356 ], [ 104.5205968, 20.6055277 ], [ 104.5214472, 20.6072469 ], [ 104.5215483, 20.6074484 ], [ 104.5220685, 20.6084709 ], [ 104.522962, 20.6100464 ], [ 104.5239945, 20.6115345 ], [ 104.5251573, 20.6129232 ], [ 104.5264409, 20.614201 ], [ 104.5271634, 20.6148578 ], [ 104.5288506, 20.6162316 ], [ 104.530677, 20.617414 ], [ 104.5326633, 20.6185516 ], [ 104.5342545, 20.6193706 ], [ 104.5359126, 20.6200442 ], [ 104.5405327, 20.6216842 ], [ 104.5421738, 20.6221477 ], [ 104.5427782, 20.6227259 ], [ 104.5442214, 20.6238718 ], [ 104.545764, 20.6248799 ], [ 104.5473928, 20.6257418 ], [ 104.5486063, 20.626314 ], [ 104.5500401, 20.626923 ], [ 104.5515169, 20.6274186 ], [ 104.5535131, 20.628003 ], [ 104.5552717, 20.6284324 ], [ 104.557062, 20.6287011 ], [ 104.5586252, 20.6288638 ], [ 104.5604765, 20.6289701 ], [ 104.565443, 20.6290245 ], [ 104.567421, 20.6289482 ], [ 104.5693818, 20.6286768 ], [ 104.5707596, 20.628416 ], [ 104.5716277, 20.6288821 ], [ 104.5734352, 20.6296353 ], [ 104.5745051, 20.6300208 ], [ 104.5766141, 20.6306519 ], [ 104.57721479863315, 20.630761609678785 ], [ 104.589143690022425, 20.608798113908893 ] ] ], [ [ [ 104.635420997366836, 20.38332002513879 ], [ 104.623847000525728, 20.362409129280618 ], [ 104.637369892770607, 20.342778489539704 ], [ 104.632317057465428, 20.31707377173851 ], [ 104.654252327353333, 20.24243239161903 ], [ 104.654795865446772, 20.213192304344609 ], [ 104.661395838977228, 20.199843017224499 ], [ 104.6608632, 20.2000864 ], [ 104.65881, 20.2011074 ], [ 104.6582533, 20.2013842 ], [ 104.6566266, 20.2022898 ], [ 104.6550912, 20.2033427 ], [ 104.6536603, 20.2045339 ], [ 104.6529161, 20.2052145 ], [ 104.6515808, 20.2065571 ], [ 104.6503785, 20.20802 ], [ 104.6493199, 20.20959 ], [ 104.6484146, 20.2112532 ], [ 104.6476706, 20.2129944 ], [ 104.6473572, 20.213976 ], [ 104.6471524, 20.2139931 ], [ 104.6454599, 20.214282 ], [ 104.644394, 20.2145114 ], [ 104.6432557, 20.2138285 ], [ 104.6419189, 20.2131569 ], [ 104.6399318, 20.2122501 ], [ 104.6382728, 20.211581 ], [ 104.6365607, 20.2110628 ], [ 104.6348091, 20.2106996 ], [ 104.6335426, 20.2104956 ], [ 104.6312144, 20.2102593 ], [ 104.6288745, 20.2102965 ], [ 104.6278475, 20.2103731 ], [ 104.6258408, 20.2106253 ], [ 104.6238698, 20.2110789 ], [ 104.6219547, 20.2117293 ], [ 104.6201151, 20.2125697 ], [ 104.6187351, 20.2132866 ], [ 104.6168572, 20.2143962 ], [ 104.6151113, 20.2157037 ], [ 104.6139315, 20.2166921 ], [ 104.6133249, 20.2172005 ], [ 104.6116032, 20.2188262 ], [ 104.6101249, 20.2203977 ], [ 104.6091859, 20.2211512 ], [ 104.6086267, 20.2216168 ], [ 104.6078246, 20.2223098 ], [ 104.6070534, 20.2228146 ], [ 104.6024662, 20.2258173 ], [ 104.6002427, 20.2275057 ], [ 104.5990523, 20.2285483 ], [ 104.5976164, 20.2299387 ], [ 104.5963265, 20.2314654 ], [ 104.5955268, 20.232514 ], [ 104.5943286, 20.2342717 ], [ 104.5933238, 20.2361467 ], [ 104.5925239, 20.2381178 ], [ 104.5919379, 20.2401627 ], [ 104.5916738, 20.2413119 ], [ 104.5912902, 20.2435633 ], [ 104.5912093, 20.2450469 ], [ 104.5905953, 20.2459451 ], [ 104.5896593, 20.2476488 ], [ 104.5888931, 20.2494355 ], [ 104.5887394, 20.2498482 ], [ 104.5880309, 20.2521739 ], [ 104.5876099, 20.2545684 ], [ 104.5875523, 20.2550749 ], [ 104.5874246, 20.2572147 ], [ 104.5875266, 20.2593558 ], [ 104.5878571, 20.2614737 ], [ 104.5884125, 20.2635441 ], [ 104.5891862, 20.2655431 ], [ 104.5895625, 20.2663792 ], [ 104.5896678, 20.2665798 ], [ 104.5894987, 20.2670968 ], [ 104.5890595, 20.2691434 ], [ 104.5888366, 20.2712247 ], [ 104.5888325, 20.2733179 ], [ 104.5889987, 20.2766135 ], [ 104.5890464, 20.2773141 ], [ 104.5892159, 20.2792917 ], [ 104.5893952, 20.2807514 ], [ 104.5897389, 20.2828941 ], [ 104.5901375, 20.2847877 ], [ 104.5907172, 20.2866339 ], [ 104.5910189, 20.2874537 ], [ 104.5919209, 20.289533 ], [ 104.5930524, 20.2914968 ], [ 104.5932714, 20.2918315 ], [ 104.5944222, 20.2934152 ], [ 104.5946317, 20.2936511 ], [ 104.5946403, 20.2938094 ], [ 104.5950168, 20.2960395 ], [ 104.5954205, 20.2974414 ], [ 104.5952575, 20.2989367 ], [ 104.5951291, 20.3011613 ], [ 104.5942975, 20.3055376 ], [ 104.5941207, 20.3066325 ], [ 104.5937837, 20.3091641 ], [ 104.5936088, 20.3118164 ], [ 104.5936097, 20.3131771 ], [ 104.5937314, 20.3153667 ], [ 104.5940921, 20.3175299 ], [ 104.5946874, 20.3196405 ], [ 104.5960364, 20.3235818 ], [ 104.5965507, 20.3248364 ], [ 104.5965329, 20.3249282 ], [ 104.5963672, 20.3260326 ], [ 104.596187, 20.3277176 ], [ 104.59615, 20.3294118 ], [ 104.5961766, 20.3307036 ], [ 104.5962742, 20.3323073 ], [ 104.5965002, 20.3338979 ], [ 104.5967438, 20.3352272 ], [ 104.5970178, 20.3373113 ], [ 104.5965667, 20.338011 ], [ 104.5956334, 20.3398502 ], [ 104.5952265, 20.3407664 ], [ 104.5944674, 20.3427547 ], [ 104.5939239, 20.3448123 ], [ 104.5936021, 20.346916 ], [ 104.5934837, 20.3481133 ], [ 104.5934637, 20.3483268 ], [ 104.593342, 20.3497086 ], [ 104.5932649, 20.351483 ], [ 104.5933455, 20.3532572 ], [ 104.593489, 20.3548506 ], [ 104.593505, 20.3550205 ], [ 104.5937627, 20.3576318 ], [ 104.5938006, 20.359359 ], [ 104.5939266, 20.3612035 ], [ 104.594139, 20.3630516 ], [ 104.5944498, 20.3649477 ], [ 104.5949411, 20.3668052 ], [ 104.5956084, 20.3686069 ], [ 104.5959842, 20.369489 ], [ 104.5968745, 20.3713155 ], [ 104.5979456, 20.3730422 ], [ 104.5984463, 20.3737647 ], [ 104.5999331, 20.3756561 ], [ 104.6016362, 20.3773553 ], [ 104.6057765, 20.3810164 ], [ 104.6074995, 20.3823789 ], [ 104.6083687, 20.3829918 ], [ 104.6101445, 20.3841094 ], [ 104.6120277, 20.3850347 ], [ 104.6223143, 20.3894354 ], [ 104.6224664, 20.3894997 ], [ 104.624318004470183, 20.390273832875614 ], [ 104.635420997366836, 20.38332002513879 ] ] ], [ [ [ 104.757390735899889, 19.752958895566177 ], [ 104.75621059316822, 19.708518970841013 ], [ 104.772088946094939, 19.661522483147365 ], [ 104.802671398932418, 19.456192698545859 ], [ 104.818913804034921, 19.415831268774415 ], [ 104.82133250645289, 19.347813284147193 ], [ 104.874820145256351, 19.048315778819067 ], [ 104.893753132494396, 18.97578329271321 ], [ 104.892339940499099, 18.956529968731388 ], [ 104.904653468634464, 18.936878594145803 ], [ 104.906798043106861, 18.89029085659563 ], [ 104.92560491051681, 18.85047509394775 ], [ 104.924591798985205, 18.805118258902151 ], [ 104.945703349392716, 18.75548220092184 ], [ 104.949137494732838, 18.719970545799178 ], [ 104.9446102, 18.719648 ], [ 104.9429498, 18.7194554 ], [ 104.9411248, 18.7194112 ], [ 104.9393034, 18.7195336 ], [ 104.9375007, 18.7198215 ], [ 104.9367043, 18.7199863 ], [ 104.9347735, 18.7204875 ], [ 104.9329022, 18.7211784 ], [ 104.931109, 18.7220524 ], [ 104.9294119, 18.7231007 ], [ 104.9278275, 18.7243127 ], [ 104.9263718, 18.7256766 ], [ 104.9257943, 18.7262746 ], [ 104.9255759, 18.7265007 ], [ 104.9242589, 18.7280081 ], [ 104.9230993, 18.7296397 ], [ 104.9221085, 18.7313789 ], [ 104.9212966, 18.7332085 ], [ 104.9209153, 18.7341986 ], [ 104.9204232, 18.7356372 ], [ 104.9200418, 18.7371091 ], [ 104.919695, 18.7386932 ], [ 104.9193794, 18.7405493 ], [ 104.9192397, 18.742427 ], [ 104.9191884, 18.7443152 ], [ 104.9188785, 18.7446601 ], [ 104.9185996, 18.7449965 ], [ 104.9183576, 18.7452884 ], [ 104.917081, 18.7470082 ], [ 104.9159956, 18.7488546 ], [ 104.9151139, 18.7508066 ], [ 104.914446, 18.7528416 ], [ 104.9139996, 18.7549363 ], [ 104.9138955, 18.7555964 ], [ 104.913673, 18.7577805 ], [ 104.9136913, 18.7599757 ], [ 104.91395, 18.7621558 ], [ 104.9143196, 18.7637486 ], [ 104.9137406, 18.7640968 ], [ 104.9088711, 18.7670256 ], [ 104.9081731, 18.7674454 ], [ 104.9068628, 18.7673091 ], [ 104.9049518, 18.7671943 ], [ 104.9031721, 18.7671667 ], [ 104.901397, 18.7672975 ], [ 104.9000244, 18.7674603 ], [ 104.8991688, 18.767052 ], [ 104.8973533, 18.766293 ], [ 104.895472, 18.765716 ], [ 104.893543, 18.7653267 ], [ 104.8924084, 18.7651553 ], [ 104.8904503, 18.7649574 ], [ 104.8884822, 18.7649529 ], [ 104.8865231, 18.765142 ], [ 104.8769593, 18.7665425 ], [ 104.8704946, 18.7613531 ], [ 104.8697088, 18.7604904 ], [ 104.8682576, 18.7591805 ], [ 104.8666854, 18.7580185 ], [ 104.8650072, 18.7570156 ], [ 104.8632392, 18.7561813 ], [ 104.8613981, 18.7555236 ], [ 104.8595016, 18.7550489 ], [ 104.8575678, 18.7547615 ], [ 104.8556152, 18.7546643 ], [ 104.8551374, 18.7546639 ], [ 104.8533411, 18.7547432 ], [ 104.8515591, 18.7549836 ], [ 104.849806, 18.755383 ], [ 104.8479384, 18.7558978 ], [ 104.8474277, 18.7560386 ], [ 104.8453576, 18.7567329 ], [ 104.8433755, 18.7576487 ], [ 104.8415051, 18.7587752 ], [ 104.8397686, 18.7600988 ], [ 104.8393929, 18.7604191 ], [ 104.8364709, 18.7629097 ], [ 104.8348724, 18.7644322 ], [ 104.8334515, 18.7661216 ], [ 104.8331508, 18.7665221 ], [ 104.8312727, 18.7665657 ], [ 104.8311261, 18.7665266 ], [ 104.8300734, 18.7662759 ], [ 104.8175351, 18.763646 ], [ 104.8153625, 18.7633137 ], [ 104.8131666, 18.7632218 ], [ 104.8058712, 18.7633177 ], [ 104.8037406, 18.7631886 ], [ 104.8018709, 18.7631629 ], [ 104.8000069, 18.7633119 ], [ 104.796901, 18.763707 ], [ 104.7967103, 18.7637322 ], [ 104.7925891, 18.7642968 ], [ 104.7906642, 18.7646573 ], [ 104.7887837, 18.7652043 ], [ 104.7869658, 18.7659326 ], [ 104.7852329, 18.7667274 ], [ 104.783315, 18.7677362 ], [ 104.7815174, 18.7689467 ], [ 104.7798614, 18.7703445 ], [ 104.7783663, 18.7719133 ], [ 104.778008, 18.7723326 ], [ 104.7725859, 18.7779062 ], [ 104.7722077, 18.778295 ], [ 104.7708442, 18.7798503 ], [ 104.7707703, 18.7799546 ], [ 104.7637451, 18.7773647 ], [ 104.7620696, 18.7768295 ], [ 104.7603535, 18.7764435 ], [ 104.7586101, 18.7762098 ], [ 104.756853, 18.7761302 ], [ 104.7560766, 18.7761292 ], [ 104.7539106, 18.776244 ], [ 104.7517698, 18.7765927 ], [ 104.7496794, 18.7771712 ], [ 104.7476639, 18.7779727 ], [ 104.7465583, 18.7784834 ], [ 104.7440596, 18.7798618 ], [ 104.7416334, 18.7814359 ], [ 104.741366, 18.7816083 ], [ 104.7405714, 18.781509 ], [ 104.7404637, 18.7814955 ], [ 104.7386459, 18.7813514 ], [ 104.7368225, 18.7813735 ], [ 104.7350088, 18.7815616 ], [ 104.7332197, 18.7819141 ], [ 104.7314702, 18.7824281 ], [ 104.7297747, 18.7830992 ], [ 104.7286391, 18.7836098 ], [ 104.7267338, 18.7845925 ], [ 104.7249445, 18.7857735 ], [ 104.723292, 18.7871393 ], [ 104.7217951, 18.788674 ], [ 104.7204711, 18.7903602 ], [ 104.7197528, 18.7913835 ], [ 104.7187517, 18.7929617 ], [ 104.7179023, 18.7946264 ], [ 104.717212, 18.7963631 ], [ 104.7166868, 18.7981567 ], [ 104.716656, 18.7982836 ], [ 104.716453, 18.798311 ], [ 104.7146735, 18.7987193 ], [ 104.7129386, 18.7992882 ], [ 104.7123409, 18.7995149 ], [ 104.7106611, 18.8002416 ], [ 104.7090548, 18.8011188 ], [ 104.7075355, 18.8021391 ], [ 104.7049866, 18.8040256 ], [ 104.7035785, 18.8051701 ], [ 104.70228, 18.8064375 ], [ 104.7011018, 18.8078174 ], [ 104.7000534, 18.8092984 ], [ 104.6991435, 18.8108683 ], [ 104.6972915, 18.8144269 ], [ 104.6956175, 18.8165906 ], [ 104.6949505, 18.8175569 ], [ 104.6934929, 18.8171415 ], [ 104.6917985, 18.8167375 ], [ 104.6900753, 18.8164825 ], [ 104.688403, 18.816309 ], [ 104.6870537, 18.816215 ], [ 104.6853812, 18.8161552 ], [ 104.6832746, 18.8161909 ], [ 104.6811834, 18.8164481 ], [ 104.6802273, 18.8166172 ], [ 104.6785943, 18.816977 ], [ 104.6700475, 18.8192386 ], [ 104.6680294, 18.8198888 ], [ 104.6660915, 18.8207491 ], [ 104.6642555, 18.8218097 ], [ 104.6625422, 18.8230587 ], [ 104.6617045, 18.8237402 ], [ 104.6601596, 18.8251368 ], [ 104.6587683, 18.8266865 ], [ 104.6580797, 18.8275389 ], [ 104.6567347, 18.829416 ], [ 104.654937, 18.8322582 ], [ 104.6541847, 18.8335523 ], [ 104.6535314, 18.834899 ], [ 104.6520136, 18.8383509 ], [ 104.6511097, 18.8404066 ], [ 104.6507557, 18.8405475 ], [ 104.6487952, 18.8415931 ], [ 104.6481443, 18.8419882 ], [ 104.6472993, 18.8425011 ], [ 104.6456431, 18.8436236 ], [ 104.6441073, 18.8449059 ], [ 104.6427073, 18.8463352 ], [ 104.6414571, 18.8478973 ], [ 104.6406782, 18.8489771 ], [ 104.6403364, 18.8495138 ], [ 104.639591, 18.8498193 ], [ 104.6386874, 18.8499015 ], [ 104.6355658, 18.8500285 ], [ 104.6351808, 18.8500443 ], [ 104.6332146, 18.8502221 ], [ 104.6312755, 18.850593 ], [ 104.6293824, 18.8511532 ], [ 104.6285752, 18.8514361 ], [ 104.6267654, 18.8521715 ], [ 104.6250359, 18.8530799 ], [ 104.6234034, 18.8541527 ], [ 104.6218833, 18.8553797 ], [ 104.6204901, 18.8567492 ], [ 104.6192324, 18.8581125 ], [ 104.618078, 18.8594821 ], [ 104.6170508, 18.8609494 ], [ 104.6166089, 18.8617191 ], [ 104.6156933, 18.8623917 ], [ 104.6150267, 18.8628813 ], [ 104.6131024, 18.8644897 ], [ 104.611845, 18.8656823 ], [ 104.6106099, 18.8669628 ], [ 104.6094935, 18.868348 ], [ 104.6085046, 18.8698269 ], [ 104.6076511, 18.8713878 ], [ 104.6069396, 18.8730184 ], [ 104.6066992, 18.8736439 ], [ 104.6061102, 18.8754458 ], [ 104.5927894, 18.8787694 ], [ 104.5902954, 18.8795684 ], [ 104.588752, 18.8801769 ], [ 104.588141, 18.8804178 ], [ 104.5866152, 18.8810943 ], [ 104.5851511, 18.8818957 ], [ 104.5838345, 18.8826895 ], [ 104.5832735, 18.8830649 ], [ 104.5820867, 18.8828368 ], [ 104.5808919, 18.8826634 ], [ 104.5788323, 18.8824725 ], [ 104.5767639, 18.8824954 ], [ 104.5747091, 18.8827319 ], [ 104.5726896, 18.8831793 ], [ 104.5707271, 18.8838328 ], [ 104.5688426, 18.8846856 ], [ 104.5681844, 18.8850255 ], [ 104.5665361, 18.8859787 ], [ 104.5649859, 18.8870844 ], [ 104.5635479, 18.8883324 ], [ 104.562235, 18.8897116 ], [ 104.5610593, 18.8912094 ], [ 104.5600313, 18.8928121 ], [ 104.559311, 18.8940624 ], [ 104.558356, 18.8959431 ], [ 104.5576043, 18.8979138 ], [ 104.5570643, 18.8999528 ], [ 104.556742, 18.9020373 ], [ 104.5565582, 18.9038579 ], [ 104.5564572, 18.9059178 ], [ 104.5564587, 18.905946 ], [ 104.5537317, 18.9103304 ], [ 104.5534536, 18.9106465 ], [ 104.5486799, 18.9160737 ], [ 104.5474607, 18.9176047 ], [ 104.546397, 18.9192476 ], [ 104.545499, 18.9209866 ], [ 104.5447752, 18.922805 ], [ 104.5442327, 18.9246855 ], [ 104.54387, 18.9262211 ], [ 104.5435004, 18.928247 ], [ 104.5434557, 18.9288228 ], [ 104.535346, 18.93649 ], [ 104.5339847, 18.9377768 ], [ 104.5299819, 18.9415606 ], [ 104.5286839, 18.942908 ], [ 104.5275175, 18.9443708 ], [ 104.5264929, 18.9459362 ], [ 104.525619, 18.9475905 ], [ 104.5249036, 18.9493192 ], [ 104.5243528, 18.9511072 ], [ 104.5238695, 18.952984 ], [ 104.5236412, 18.9539741 ], [ 104.5230959, 18.9566473 ], [ 104.522772, 18.9588615 ], [ 104.5226974, 18.961098 ], [ 104.5227179, 18.9620037 ], [ 104.5222319, 18.961905 ], [ 104.5200774, 18.9615884 ], [ 104.5179012, 18.961508 ], [ 104.5157291, 18.9616646 ], [ 104.5137295, 18.9619188 ], [ 104.5123064, 18.9621521 ], [ 104.5108039, 18.9624544 ], [ 104.5100457, 18.9625246 ], [ 104.5077459, 18.9628733 ], [ 104.5055021, 18.9634866 ], [ 104.5043513, 18.9638744 ], [ 104.5042378, 18.9639126 ], [ 104.5025734, 18.9645565 ], [ 104.5009731, 18.9653463 ], [ 104.4994496, 18.9662755 ], [ 104.498015, 18.9673369 ], [ 104.4964212, 18.9686299 ], [ 104.4951277, 18.9697754 ], [ 104.4939378, 18.9710282 ], [ 104.4928606, 18.9723791 ], [ 104.491904, 18.9738179 ], [ 104.4908084, 18.975631 ], [ 104.4895624, 18.9780511 ], [ 104.488786, 18.9798505 ], [ 104.4882254, 18.9789687 ], [ 104.4871062, 18.9775202 ], [ 104.4858592, 18.9761801 ], [ 104.4844948, 18.9749597 ], [ 104.4830247, 18.9738691 ], [ 104.4820659, 18.9732237 ], [ 104.4803268, 18.9721772 ], [ 104.4784906, 18.9713124 ], [ 104.4765763, 18.9706381 ], [ 104.4746034, 18.9701613 ], [ 104.4725924, 18.9698869 ], [ 104.4705639, 18.9698178 ], [ 104.4685389, 18.9699546 ], [ 104.4665382, 18.9702959 ], [ 104.4633321, 18.971012 ], [ 104.4602125, 18.9693906 ], [ 104.4585899, 18.9686375 ], [ 104.4569065, 18.9680323 ], [ 104.4551758, 18.9675799 ], [ 104.4534116, 18.9672841 ], [ 104.451335, 18.9670307 ], [ 104.449502, 18.9668921 ], [ 104.447664, 18.9669224 ], [ 104.4458366, 18.9671213 ], [ 104.4445895, 18.9673154 ], [ 104.4421022, 18.9678668 ], [ 104.4407506, 18.9682582 ], [ 104.4388938, 18.9688962 ], [ 104.4371085, 18.9697132 ], [ 104.4354119, 18.9707014 ], [ 104.4345792, 18.9712428 ], [ 104.4328563, 18.9724985 ], [ 104.4312769, 18.9739304 ], [ 104.4304952, 18.974719 ], [ 104.4286246, 18.9768991 ], [ 104.4273465, 18.9786256 ], [ 104.4272056, 18.9788184 ], [ 104.4256994, 18.9809047 ], [ 104.4237388, 18.982035 ], [ 104.4220286, 18.9831407 ], [ 104.4204396, 18.9844145 ], [ 104.4189884, 18.9858434 ], [ 104.4188821, 18.9859719 ], [ 104.4175482, 18.9863664 ], [ 104.4157956, 18.9870706 ], [ 104.4143428, 18.9877356 ], [ 104.4128596, 18.9884907 ], [ 104.4104928, 18.9898224 ], [ 104.4091801, 18.990629 ], [ 104.4079335, 18.9915344 ], [ 104.4071855, 18.9921229 ], [ 104.4058076, 18.9933123 ], [ 104.4045435, 18.9946222 ], [ 104.4034038, 18.9960415 ], [ 104.4023979, 18.9975585 ], [ 104.4021269, 18.9980106 ], [ 104.4012847, 18.9995681 ], [ 104.4005836, 19.0011939 ], [ 104.4003745, 19.0017446 ], [ 104.3997318, 19.0037491 ], [ 104.3993035, 19.0058101 ], [ 104.3990941, 19.0079047 ], [ 104.399106, 19.0100097 ], [ 104.3991451, 19.0106794 ], [ 104.3992138, 19.0115375 ], [ 104.3993741, 19.0131135 ], [ 104.3995087, 19.0138936 ], [ 104.3992218, 19.01425 ], [ 104.3943908, 19.0179394 ], [ 104.3937312, 19.0184655 ], [ 104.3930244, 19.0190541 ], [ 104.3925696, 19.0194446 ], [ 104.3919044, 19.0200332 ], [ 104.3905419, 19.0213595 ], [ 104.3893115, 19.0228092 ], [ 104.3882243, 19.0243691 ], [ 104.3875573, 19.0254304 ], [ 104.38666, 19.0270138 ], [ 104.384934, 19.0304111 ], [ 104.3846788, 19.030932 ], [ 104.384284, 19.0317683 ], [ 104.3835999, 19.0334009 ], [ 104.3830629, 19.0350875 ], [ 104.3828562, 19.0358522 ], [ 104.3824503, 19.0376949 ], [ 104.3822199, 19.0395677 ], [ 104.382167, 19.0414538 ], [ 104.3821706, 19.0415076 ], [ 104.3797932, 19.0418693 ], [ 104.3797936, 19.0418717 ], [ 104.3785513, 19.0420428 ], [ 104.376458, 19.0425658 ], [ 104.3744331, 19.0433112 ], [ 104.3725004, 19.0442704 ], [ 104.372085, 19.0445053 ], [ 104.370337, 19.045617 ], [ 104.3690487, 19.0466378 ], [ 104.3656982, 19.0490158 ], [ 104.3640204, 19.0503473 ], [ 104.3624946, 19.0518505 ], [ 104.3608574, 19.0536462 ], [ 104.353278, 19.0523092 ], [ 104.351142, 19.0520499 ], [ 104.3489906, 19.0520216 ], [ 104.3468485, 19.0522246 ], [ 104.3447406, 19.0526566 ], [ 104.3426913, 19.0533124 ], [ 104.3409225, 19.0539854 ], [ 104.3360918, 19.0558235 ], [ 104.3299233, 19.0581707 ], [ 104.3274636, 19.0593027 ], [ 104.3267098, 19.0597136 ], [ 104.322138, 19.0622061 ], [ 104.3138872, 19.0664616 ], [ 104.3133385, 19.0667555 ], [ 104.3109784, 19.0680673 ], [ 104.3105347, 19.068246 ], [ 104.3093805, 19.068512 ], [ 104.3068209, 19.069102 ], [ 104.3050195, 19.069607 ], [ 104.3034953, 19.0701123 ], [ 104.3014197, 19.0709315 ], [ 104.2994484, 19.0719768 ], [ 104.2976057, 19.0732352 ], [ 104.2956746, 19.0747185 ], [ 104.2938473, 19.076307 ], [ 104.2922253, 19.0781045 ], [ 104.2918377, 19.0785902 ], [ 104.2890734, 19.082055 ], [ 104.2880439, 19.0834679 ], [ 104.2871418, 19.0849652 ], [ 104.2862395, 19.0866226 ], [ 104.2853305, 19.0885245 ], [ 104.2846268, 19.0905115 ], [ 104.2841362, 19.0925615 ], [ 104.283864, 19.0946517 ], [ 104.2838363, 19.0958033 ], [ 104.2834265, 19.0980755 ], [ 104.2822264, 19.0984938 ], [ 104.2778773, 19.1000096 ], [ 104.2755014, 19.1008378 ], [ 104.2746223, 19.1008513 ], [ 104.2744667, 19.1008351 ], [ 104.2654144, 19.0979338 ], [ 104.2643632, 19.0976283 ], [ 104.2631424, 19.0973096 ], [ 104.2589379, 19.0962116 ], [ 104.256832, 19.0957811 ], [ 104.2546921, 19.095579 ], [ 104.2525428, 19.0956078 ], [ 104.2520208, 19.0956429 ], [ 104.2444201, 19.096154 ], [ 104.2440883, 19.0960907 ], [ 104.2409252, 19.0946559 ], [ 104.2389409, 19.0938804 ], [ 104.2368854, 19.0933204 ], [ 104.234782, 19.0929822 ], [ 104.233435, 19.0928387 ], [ 104.2315283, 19.0927273 ], [ 104.2296197, 19.0927983 ], [ 104.2277266, 19.093051 ], [ 104.2258662, 19.0934831 ], [ 104.2240555, 19.0940907 ], [ 104.2213552, 19.0951428 ], [ 104.2208597, 19.0953436 ], [ 104.2162081, 19.0973007 ], [ 104.2134994, 19.0982246 ], [ 104.2108444, 19.0993497 ], [ 104.2088463, 19.1003723 ], [ 104.2068417, 19.1011512 ], [ 104.2052364, 19.1018575 ], [ 104.2036992, 19.1027017 ], [ 104.2022418, 19.1036773 ], [ 104.2008755, 19.1047768 ], [ 104.199341, 19.1061267 ], [ 104.197811, 19.1076253 ], [ 104.1964501, 19.109279 ], [ 104.1952738, 19.1110686 ], [ 104.1920896, 19.1165293 ], [ 104.1911207, 19.1184137 ], [ 104.1903566, 19.1203901 ], [ 104.1898059, 19.1224362 ], [ 104.1894747, 19.1245291 ], [ 104.1893668, 19.1266452 ], [ 104.1894835, 19.1287609 ], [ 104.1895817, 19.1296661 ], [ 104.1898869, 19.1315954 ], [ 104.1903789, 19.1334857 ], [ 104.1910529, 19.135319 ], [ 104.1919026, 19.1370779 ], [ 104.1952803, 19.1432772 ], [ 104.194856, 19.1433793 ], [ 104.1927397, 19.1441488 ], [ 104.1907233, 19.1451514 ], [ 104.1887818, 19.1462572 ], [ 104.1869466, 19.1474396 ], [ 104.1852512, 19.1488149 ], [ 104.1837158, 19.1503669 ], [ 104.1823587, 19.152077 ], [ 104.1811274, 19.1538156 ], [ 104.1800718, 19.155473 ], [ 104.179184, 19.1572261 ], [ 104.1784726, 19.1590578 ], [ 104.1774903, 19.1620087 ], [ 104.177076, 19.1634257 ], [ 104.1748071, 19.1724046 ], [ 104.1707261, 19.1782777 ], [ 104.1704819, 19.1786625 ], [ 104.1687892, 19.1786291 ], [ 104.1671991, 19.178661 ], [ 104.1659895, 19.1787334 ], [ 104.1530696, 19.1795064 ], [ 104.152206, 19.1795769 ], [ 104.1522031, 19.1795772 ], [ 104.1518615, 19.1796155 ], [ 104.1458626, 19.1803405 ], [ 104.1443029, 19.1805918 ], [ 104.1402081, 19.1814188 ], [ 104.1250427, 19.1844819 ], [ 104.1233635, 19.1848974 ], [ 104.1217265, 19.1854564 ], [ 104.1203656, 19.1859879 ], [ 104.1187198, 19.1867176 ], [ 104.1171464, 19.1875924 ], [ 104.115658, 19.1886051 ], [ 104.1142666, 19.1897475 ], [ 104.1129837, 19.1910105 ], [ 104.1118195, 19.1923837 ], [ 104.1113783, 19.1929543 ], [ 104.109996, 19.1947419 ], [ 104.1098617, 19.1949339 ], [ 104.1079921, 19.1944201 ], [ 104.1071577, 19.1942395 ], [ 104.1053569, 19.1939351 ], [ 104.1035359, 19.1937962 ], [ 104.1017097, 19.193824 ], [ 104.0998938, 19.1940182 ], [ 104.0985003, 19.194232 ], [ 104.0966797, 19.1945986 ], [ 104.0949009, 19.1951324 ], [ 104.0931794, 19.195829 ], [ 104.0915299, 19.1966822 ], [ 104.0899666, 19.1976847 ], [ 104.0885031, 19.1988279 ], [ 104.0871519, 19.200102 ], [ 104.0858936, 19.201404 ], [ 104.0857483, 19.2015544 ], [ 104.0846026, 19.2028479 ], [ 104.0835729, 19.2042354 ], [ 104.0826667, 19.2057066 ], [ 104.0818909, 19.2072506 ], [ 104.0814432, 19.2082468 ], [ 104.0804743, 19.2100351 ], [ 104.0776397, 19.215053 ], [ 104.0757667, 19.2158866 ], [ 104.0743589, 19.2165131 ], [ 104.0727885, 19.2172963 ], [ 104.0712929, 19.218214 ], [ 104.0649837, 19.2224773 ], [ 104.0632838, 19.223763 ], [ 104.0630103, 19.22402 ], [ 104.0622536, 19.2238949 ], [ 104.0601427, 19.2237723 ], [ 104.0579827, 19.2237612 ], [ 104.0558699, 19.2238622 ], [ 104.0537796, 19.2241857 ], [ 104.0527173, 19.2244676 ], [ 104.0514685, 19.2241648 ], [ 104.040527, 19.2215117 ], [ 104.0400102, 19.2213936 ], [ 104.0255548, 19.2182917 ], [ 104.0240356, 19.2180266 ], [ 104.0214504, 19.2176774 ], [ 104.0165192, 19.2164104 ], [ 104.0143102, 19.2150747 ], [ 104.0124749, 19.2140916 ], [ 104.0101511, 19.2129985 ], [ 104.0083709, 19.2122636 ], [ 104.0065284, 19.2117033 ], [ 104.0046405, 19.2113229 ], [ 104.003164, 19.2110987 ], [ 104.0013848, 19.2109094 ], [ 103.9995959, 19.21088 ], [ 103.9978114, 19.2110106 ], [ 103.9960458, 19.2113001 ], [ 103.9947937, 19.2115634 ], [ 103.9929743, 19.2120362 ], [ 103.9917785, 19.2124078 ], [ 103.9902126, 19.2129668 ], [ 103.9886985, 19.2136539 ], [ 103.9872467, 19.2144645 ], [ 103.9857712, 19.2153707 ], [ 103.9842096, 19.2164345 ], [ 103.9827553, 19.217641 ], [ 103.9814214, 19.2189793 ], [ 103.9802198, 19.2204376 ], [ 103.9791611, 19.2220027 ], [ 103.9784135, 19.2233704 ], [ 103.9744724, 19.2251852 ], [ 103.9712625, 19.2254721 ], [ 103.9691985, 19.2257657 ], [ 103.9671763, 19.2262726 ], [ 103.9652178, 19.2269872 ], [ 103.9627722, 19.228027 ], [ 103.9614557, 19.2285868 ], [ 103.9593983, 19.2296048 ], [ 103.9521498, 19.233725 ], [ 103.9502704, 19.2347932 ], [ 103.9488378, 19.2356897 ], [ 103.947486, 19.2367039 ], [ 103.9462247, 19.2378286 ], [ 103.941019, 19.242881 ], [ 103.9402371, 19.2436836 ], [ 103.9349848, 19.2493863 ], [ 103.9312899, 19.253398 ], [ 103.9275068, 19.2564125 ], [ 103.9225548, 19.2602033 ], [ 103.922062, 19.260593 ], [ 103.9190978, 19.2630135 ], [ 103.9162425, 19.2653452 ], [ 103.9132565, 19.2677835 ], [ 103.9122204, 19.2686907 ], [ 103.9093275, 19.2714054 ], [ 103.9079042, 19.2728856 ], [ 103.9066402, 19.2745039 ], [ 103.9049964, 19.2768471 ], [ 103.9001607, 19.2837403 ], [ 103.8992059, 19.2852647 ], [ 103.8981872, 19.2846282 ], [ 103.8964884, 19.2837792 ], [ 103.8948504, 19.2830556 ], [ 103.8932872, 19.2824421 ], [ 103.891678, 19.2819619 ], [ 103.8900342, 19.2816184 ], [ 103.8881447, 19.2813057 ], [ 103.8863513, 19.2810915 ], [ 103.8845458, 19.2810401 ], [ 103.8827432, 19.2811517 ], [ 103.8809579, 19.2814255 ], [ 103.8792046, 19.2818592 ], [ 103.8774976, 19.2824493 ], [ 103.8745836, 19.2836065 ], [ 103.8728064, 19.2844148 ], [ 103.8711166, 19.2853925 ], [ 103.86953, 19.2865303 ], [ 103.8681339, 19.2877543 ], [ 103.8675074, 19.2879761 ], [ 103.8656989, 19.288828 ], [ 103.8644075, 19.2895172 ], [ 103.8629733, 19.2903611 ], [ 103.8616141, 19.2913213 ], [ 103.8603396, 19.2923912 ], [ 103.8594207, 19.2932301 ], [ 103.8579778, 19.2946899 ], [ 103.8566922, 19.29629 ], [ 103.8555774, 19.2980133 ], [ 103.854645, 19.2998418 ], [ 103.853905, 19.3017563 ], [ 103.853365, 19.3037365 ], [ 103.8530309, 19.3057616 ], [ 103.8529434, 19.3065383 ], [ 103.8528464, 19.3073993 ], [ 103.8527251, 19.3092191 ], [ 103.8526608, 19.3122861 ], [ 103.8526962, 19.3139665 ], [ 103.8530014, 19.318796 ], [ 103.8530346, 19.3193229 ], [ 103.8531914, 19.3208597 ], [ 103.8534663, 19.3223799 ], [ 103.8536722, 19.3233114 ], [ 103.8541747, 19.3251599 ], [ 103.8548518, 19.3269518 ], [ 103.8556971, 19.3286706 ], [ 103.8567031, 19.3303008 ], [ 103.856871, 19.3305458 ], [ 103.8573269, 19.3312105 ], [ 103.8584509, 19.332696 ], [ 103.8597083, 19.3340705 ], [ 103.861088, 19.335322 ], [ 103.8637472, 19.3375172 ], [ 103.8684952, 19.3414364 ], [ 103.8695808, 19.3423325 ], [ 103.8717051, 19.3438637 ], [ 103.8784407, 19.3480776 ], [ 103.8799359, 19.3490131 ], [ 103.8817456, 19.350019 ], [ 103.8836497, 19.3508323 ], [ 103.8856277, 19.3514445 ], [ 103.8876583, 19.3518489 ], [ 103.8899052, 19.3521765 ], [ 103.8917485, 19.3523585 ], [ 103.8936008, 19.3523693 ], [ 103.8972099, 19.352223 ], [ 103.8990035, 19.3520692 ], [ 103.8992155, 19.3520316 ], [ 103.89989, 19.3531482 ], [ 103.9011524, 19.3548156 ], [ 103.9018856, 19.3556855 ], [ 103.9032778, 19.3571759 ], [ 103.9048144, 19.3585167 ], [ 103.9064796, 19.359694 ], [ 103.9082561, 19.3606957 ], [ 103.9097433, 19.361437 ], [ 103.9116857, 19.36228 ], [ 103.9137064, 19.3629129 ], [ 103.9157827, 19.3633286 ], [ 103.9176698, 19.3636034 ], [ 103.9208395, 19.3641835 ], [ 103.9212895, 19.364305 ], [ 103.9221823, 19.3647124 ], [ 103.9229842, 19.3651945 ], [ 103.9286664, 19.3692517 ], [ 103.9314923, 19.3717579 ], [ 103.9328436, 19.3728551 ], [ 103.9342852, 19.3738307 ], [ 103.9357505, 19.3747319 ], [ 103.9363176, 19.3750429 ], [ 103.9363428, 19.3750863 ], [ 103.9366294, 19.3755413 ], [ 103.9362475, 19.3764261 ], [ 103.9362213, 19.3764961 ], [ 103.936047, 19.3769623 ], [ 103.9354084, 19.3789932 ], [ 103.9349893, 19.3810805 ], [ 103.9347944, 19.3832005 ], [ 103.9348261, 19.3853292 ], [ 103.9350838, 19.3874424 ], [ 103.9351848, 19.388015 ], [ 103.9355863, 19.3898065 ], [ 103.9361504, 19.3915535 ], [ 103.9368724, 19.3932415 ], [ 103.9377461, 19.3948561 ], [ 103.9387641, 19.3963839 ], [ 103.939918, 19.3978118 ], [ 103.9411979, 19.3991279 ], [ 103.9419351, 19.3998194 ], [ 103.9431917, 19.4009037 ], [ 103.9516212, 19.4075877 ], [ 103.9530183, 19.4086005 ], [ 103.9544975, 19.4094891 ], [ 103.9560477, 19.4102469 ], [ 103.9562939, 19.4103419 ], [ 103.9563249, 19.4103967 ], [ 103.9574701, 19.4120217 ], [ 103.9587711, 19.413525 ], [ 103.9602148, 19.4148917 ], [ 103.9617871, 19.4161083 ], [ 103.9634725, 19.4171628 ], [ 103.9640669, 19.4174948 ], [ 103.9658421, 19.418374 ], [ 103.9676956, 19.4190732 ], [ 103.9696091, 19.4195857 ], [ 103.971564, 19.4199063 ], [ 103.9730635, 19.4200765 ], [ 103.9742002, 19.4201728 ], [ 103.9767951, 19.4203182 ], [ 103.9772391, 19.4207315 ], [ 103.9787206, 19.421872 ], [ 103.9793505, 19.4223116 ], [ 103.9811028, 19.4234045 ], [ 103.9829584, 19.4243108 ], [ 103.9848976, 19.425021 ], [ 103.9868996, 19.4255274 ], [ 103.9882496, 19.4257956 ], [ 103.9882589, 19.4257974 ], [ 103.9900284, 19.4260696 ], [ 103.9918151, 19.4261824 ], [ 103.9939561, 19.4262216 ], [ 103.9956023, 19.426184 ], [ 103.9981984, 19.4260175 ], [ 103.999446, 19.4258981 ], [ 104.0014051, 19.4256485 ], [ 104.0028657, 19.4254072 ], [ 104.0028845, 19.4254026 ], [ 104.0033408, 19.4263267 ], [ 104.0045108, 19.4281619 ], [ 104.0058733, 19.4298591 ], [ 104.0074122, 19.4313982 ], [ 104.0078182, 19.4317623 ], [ 104.0091691, 19.4328712 ], [ 104.0106117, 19.433858 ], [ 104.0121349, 19.434715 ], [ 104.0137271, 19.4354358 ], [ 104.014659, 19.4358095 ], [ 104.016373, 19.436408 ], [ 104.0181341, 19.4368486 ], [ 104.0199279, 19.4371278 ], [ 104.0217397, 19.4372431 ], [ 104.0232422, 19.4372704 ], [ 104.0239793, 19.437252 ], [ 104.0242317, 19.4373989 ], [ 104.0265001, 19.4385816 ], [ 104.0282936, 19.4394068 ], [ 104.0301597, 19.4400512 ], [ 104.0305727, 19.4401713 ], [ 104.0329361, 19.4411049 ], [ 104.0341561, 19.4416582 ], [ 104.0362702, 19.4431095 ], [ 104.0364651, 19.4432433 ], [ 104.0383762, 19.4444037 ], [ 104.040405, 19.4453436 ], [ 104.0425259, 19.4460511 ], [ 104.0430866, 19.4462039 ], [ 104.0446623, 19.4465487 ], [ 104.0446083, 19.4466756 ], [ 104.0439951, 19.448673 ], [ 104.0435936, 19.4507234 ], [ 104.0434082, 19.4528046 ], [ 104.0434409, 19.4548937 ], [ 104.0436914, 19.4569681 ], [ 104.044157, 19.4590049 ], [ 104.0443615, 19.4597243 ], [ 104.0450313, 19.4616874 ], [ 104.0459008, 19.4635704 ], [ 104.0469607, 19.4653533 ], [ 104.0481996, 19.4670169 ], [ 104.049604, 19.4685432 ], [ 104.051159, 19.4699158 ], [ 104.0528478, 19.47112 ], [ 104.0530583, 19.4712542 ], [ 104.0539311, 19.4718105 ], [ 104.055635, 19.4727824 ], [ 104.0574258, 19.4735826 ], [ 104.0585792, 19.4739675 ], [ 104.0586785, 19.4740589 ], [ 104.0594254, 19.4747126 ], [ 104.059526, 19.4747963 ], [ 104.0600464, 19.4754517 ], [ 104.0612249, 19.4768065 ], [ 104.0625202, 19.4780501 ], [ 104.063915, 19.4792739 ], [ 104.0639195, 19.4792999 ], [ 104.0641248, 19.4810982 ], [ 104.0643946, 19.4828041 ], [ 104.0648105, 19.4844803 ], [ 104.0651523, 19.4856408 ], [ 104.0659094, 19.4877623 ], [ 104.0669003, 19.4897853 ], [ 104.0676405, 19.491103 ], [ 104.068386, 19.4923255 ], [ 104.070252, 19.4951525 ], [ 104.0710057, 19.4962171 ], [ 104.0721265, 19.4976956 ], [ 104.0739059, 19.5002284 ], [ 104.0751162, 19.5017823 ], [ 104.0761865, 19.5030251 ], [ 104.0775985, 19.5045045 ], [ 104.0791542, 19.5058319 ], [ 104.0809996, 19.5072501 ], [ 104.0826414, 19.5083862 ], [ 104.0843882, 19.5093529 ], [ 104.0862227, 19.5101406 ], [ 104.0873779, 19.5105051 ], [ 104.0872936, 19.5106033 ], [ 104.0861351, 19.5120876 ], [ 104.0851214, 19.5136743 ], [ 104.0844978, 19.5147598 ], [ 104.0836211, 19.5164716 ], [ 104.0829128, 19.5182596 ], [ 104.0823795, 19.5201075 ], [ 104.0820262, 19.521998 ], [ 104.0818562, 19.5239136 ], [ 104.0818709, 19.5258368 ], [ 104.0820702, 19.5277497 ], [ 104.0824524, 19.5296345 ], [ 104.0830138, 19.531474 ], [ 104.0837493, 19.533251 ], [ 104.0846521, 19.5349492 ], [ 104.0857139, 19.5365527 ], [ 104.0865088, 19.5375337 ], [ 104.086102, 19.5382268 ], [ 104.0852583, 19.5400692 ], [ 104.0846055, 19.5419876 ], [ 104.0843701, 19.5428145 ], [ 104.0839211, 19.5447534 ], [ 104.0835655, 19.5467324 ], [ 104.0833539, 19.5482357 ], [ 104.0832569, 19.5497507 ], [ 104.0832057, 19.5517237 ], [ 104.0832094, 19.5528867 ], [ 104.0832586, 19.5544146 ], [ 104.0832537, 19.5567421 ], [ 104.0832426, 19.5578777 ], [ 104.0832419, 19.5581503 ], [ 104.0832499, 19.5602051 ], [ 104.0832956, 19.5608885 ], [ 104.082336, 19.5613067 ], [ 104.0757676, 19.5645806 ], [ 104.0741186, 19.5655023 ], [ 104.0725638, 19.5665753 ], [ 104.0711173, 19.5677903 ], [ 104.0697919, 19.5691364 ], [ 104.0685993, 19.5706015 ], [ 104.0675503, 19.5721725 ], [ 104.0663831, 19.5741133 ], [ 104.0604619, 19.5810562 ], [ 104.0589146, 19.5831281 ], [ 104.0545532, 19.5898323 ], [ 104.0535574, 19.5915425 ], [ 104.0527356, 19.5933428 ], [ 104.0525857, 19.5937815 ], [ 104.0512986, 19.5945619 ], [ 104.0497538, 19.5955999 ], [ 104.0483121, 19.596777 ], [ 104.0469862, 19.598083 ], [ 104.0457873, 19.5995067 ], [ 104.044726, 19.6010356 ], [ 104.0438114, 19.6026565 ], [ 104.0437598, 19.6027588 ], [ 104.0421143, 19.6060245 ], [ 104.041371, 19.6076831 ], [ 104.0407814, 19.6094022 ], [ 104.0403503, 19.6111678 ], [ 104.0396259, 19.6148542 ], [ 104.0393584, 19.6166373 ], [ 104.0392525, 19.6184372 ], [ 104.0393091, 19.6202393 ], [ 104.0395278, 19.622029 ], [ 104.0399068, 19.6237917 ], [ 104.0420222, 19.631845 ], [ 104.0426108, 19.6337096 ], [ 104.0433787, 19.6355079 ], [ 104.0437084, 19.6361095 ], [ 104.0435948, 19.636227 ], [ 104.0423262, 19.6376715 ], [ 104.0412021, 19.6392311 ], [ 104.040233, 19.6408915 ], [ 104.0394277, 19.6426372 ], [ 104.0387938, 19.6444521 ], [ 104.0383371, 19.6463196 ], [ 104.0380618, 19.6482223 ], [ 104.0379704, 19.6501426 ], [ 104.0380638, 19.6520628 ], [ 104.0383334, 19.6548421 ], [ 104.0386119, 19.6567501 ], [ 104.0390728, 19.6586224 ], [ 104.0397119, 19.6604416 ], [ 104.0405232, 19.6621909 ], [ 104.0414991, 19.6638539 ], [ 104.0426307, 19.6654151 ], [ 104.0465452, 19.6703017 ], [ 104.0497828, 19.6756994 ], [ 104.0499788, 19.6770199 ], [ 104.0498759, 19.6780356 ], [ 104.049582, 19.6809361 ], [ 104.0495133, 19.6816129 ], [ 104.0494115, 19.6835397 ], [ 104.0494958, 19.6854674 ], [ 104.0497655, 19.6873779 ], [ 104.050218, 19.6892536 ], [ 104.0508492, 19.691077 ], [ 104.0516531, 19.692831 ], [ 104.0526224, 19.6944994 ], [ 104.0537478, 19.6960667 ], [ 104.0550191, 19.6975182 ], [ 104.0564243, 19.6988404 ], [ 104.0579504, 19.7000211 ], [ 104.0595832, 19.7010492 ], [ 104.0613074, 19.7019152 ], [ 104.0631071, 19.702611 ], [ 104.0649655, 19.7031302 ], [ 104.0668652, 19.7034679 ], [ 104.0687886, 19.7036209 ], [ 104.0707178, 19.7035879 ], [ 104.0726349, 19.7033691 ], [ 104.074522, 19.7029666 ], [ 104.0763614, 19.7023841 ], [ 104.0777092, 19.7018846 ], [ 104.0790933, 19.7013119 ], [ 104.0804307, 19.7006371 ], [ 104.0807728, 19.7004481 ], [ 104.0858955, 19.6976173 ], [ 104.0873091, 19.696758 ], [ 104.0886468, 19.6957849 ], [ 104.0898995, 19.6947045 ], [ 104.0958041, 19.6891702 ], [ 104.0972473, 19.6876689 ], [ 104.099285, 19.6853152 ], [ 104.0995627, 19.6850768 ], [ 104.1003617, 19.6843905 ], [ 104.1006433, 19.6841797 ], [ 104.1009325, 19.684071 ], [ 104.1096496, 19.6812518 ], [ 104.1107622, 19.6811025 ], [ 104.112092, 19.6811261 ], [ 104.1147517, 19.6812497 ], [ 104.1159735, 19.6815421 ], [ 104.118357, 19.681817 ], [ 104.1271298, 19.6822985 ], [ 104.1311572, 19.6825196 ], [ 104.1320643, 19.6825694 ], [ 104.1329367, 19.6828193 ], [ 104.1329963, 19.6828363 ], [ 104.1354322, 19.6835259 ], [ 104.135403, 19.6850207 ], [ 104.1354686, 19.6870764 ], [ 104.135745, 19.6891146 ], [ 104.1369865, 19.6957038 ], [ 104.1373858, 19.6974089 ], [ 104.1379327, 19.6990724 ], [ 104.138623, 19.7006818 ], [ 104.1403538, 19.7042741 ], [ 104.1413288, 19.7060595 ], [ 104.1424803, 19.7077367 ], [ 104.1437961, 19.7092881 ], [ 104.1452627, 19.7106979 ], [ 104.1465718, 19.711834 ], [ 104.1481663, 19.7130821 ], [ 104.1498787, 19.7141625 ], [ 104.1516917, 19.7150642 ], [ 104.1520876, 19.7152367 ], [ 104.1529356, 19.7156062 ], [ 104.1549719, 19.7163644 ], [ 104.1570783, 19.7168973 ], [ 104.1583265, 19.7171418 ], [ 104.1603651, 19.7174331 ], [ 104.1624228, 19.7175132 ], [ 104.1644779, 19.7173813 ], [ 104.1665084, 19.7170388 ], [ 104.1684931, 19.7164893 ], [ 104.1704106, 19.7157387 ], [ 104.1715167, 19.7152386 ], [ 104.1735692, 19.7141633 ], [ 104.1742954, 19.7136681 ], [ 104.1747491, 19.7138048 ], [ 104.1765869, 19.7141753 ], [ 104.1793195, 19.714594 ], [ 104.1795907, 19.7146336 ], [ 104.1856822, 19.7154817 ], [ 104.1880923, 19.7156698 ], [ 104.1911453, 19.7157229 ], [ 104.19228, 19.7156997 ], [ 104.1934528, 19.7168524 ], [ 104.1954019, 19.7185357 ], [ 104.1962762, 19.7191974 ], [ 104.1964046, 19.7192947 ], [ 104.1981389, 19.7204699 ], [ 104.1999865, 19.7214572 ], [ 104.2013835, 19.7221121 ], [ 104.2035164, 19.7229662 ], [ 104.205267, 19.723553 ], [ 104.2067229, 19.7239803 ], [ 104.208207, 19.7242961 ], [ 104.210525, 19.7246979 ], [ 104.2177573, 19.7261773 ], [ 104.2184746, 19.7263105 ], [ 104.2303791, 19.7282964 ], [ 104.2324776, 19.7285334 ], [ 104.2345893, 19.7285479 ], [ 104.235765, 19.7284938 ], [ 104.2376011, 19.7283242 ], [ 104.2394138, 19.7279862 ], [ 104.2411876, 19.7274828 ], [ 104.2429076, 19.7268181 ], [ 104.244559, 19.7259978 ], [ 104.2452714, 19.725602 ], [ 104.2455222, 19.7254478 ], [ 104.2492219, 19.7250467 ], [ 104.2527738, 19.7246617 ], [ 104.2550477, 19.7242816 ], [ 104.2552356, 19.7242389 ], [ 104.2552467, 19.7242416 ], [ 104.2559488, 19.7243834 ], [ 104.2588642, 19.7247519 ], [ 104.2593922, 19.7247795 ], [ 104.2614792, 19.7247796 ], [ 104.2635549, 19.7245621 ], [ 104.2640851, 19.7244784 ], [ 104.2658383, 19.7241206 ], [ 104.2675525, 19.7236076 ], [ 104.269214, 19.7229434 ], [ 104.269609, 19.7227646 ], [ 104.2711896, 19.7219629 ], [ 104.272693, 19.7210244 ], [ 104.2741075, 19.7199566 ], [ 104.2754218, 19.7187677 ], [ 104.2763995, 19.7178012 ], [ 104.2772374, 19.716921 ], [ 104.2774115, 19.7167266 ], [ 104.2826219, 19.715888 ], [ 104.2831646, 19.7157929 ], [ 104.285111, 19.7154244 ], [ 104.2908568, 19.7171428 ], [ 104.2917432, 19.7173859 ], [ 104.2934968, 19.7178237 ], [ 104.2954989, 19.7182163 ], [ 104.2975305, 19.7184029 ], [ 104.2990955, 19.7184664 ], [ 104.3018666, 19.7183865 ], [ 104.3034749, 19.7182281 ], [ 104.3041087, 19.7181554 ], [ 104.3053647, 19.7179911 ], [ 104.3074189, 19.7176124 ], [ 104.3094224, 19.7170215 ], [ 104.3113534, 19.7162249 ], [ 104.3121831, 19.7158307 ], [ 104.313774, 19.714985 ], [ 104.3152823, 19.7139996 ], [ 104.3166958, 19.7128824 ], [ 104.3174568, 19.7122231 ], [ 104.3179027, 19.7119085 ], [ 104.3234294, 19.7084829 ], [ 104.3265235, 19.7065785 ], [ 104.3286141, 19.705308 ], [ 104.3297657, 19.7045442 ], [ 104.3319578, 19.70618 ], [ 104.3343005, 19.7076862 ], [ 104.3369044, 19.7091145 ], [ 104.338469, 19.709886 ], [ 104.3422861, 19.7115653 ], [ 104.3443825, 19.7123507 ], [ 104.3465535, 19.7128969 ], [ 104.3478641, 19.7131496 ], [ 104.3500584, 19.7134478 ], [ 104.3511528, 19.7135352 ], [ 104.3528197, 19.7135986 ], [ 104.3544861, 19.7135228 ], [ 104.354923, 19.7134662 ], [ 104.3550638, 19.7135522 ], [ 104.3565589, 19.7143618 ], [ 104.3577596, 19.7149607 ], [ 104.3583876, 19.7152481 ], [ 104.3604964, 19.7160723 ], [ 104.3626849, 19.7166528 ], [ 104.364925, 19.7169823 ], [ 104.3658734, 19.7170673 ], [ 104.3673459, 19.7171447 ], [ 104.3688202, 19.7171133 ], [ 104.3725264, 19.7168977 ], [ 104.3757743, 19.7167081 ], [ 104.376935, 19.7172906 ], [ 104.3788677, 19.7181534 ], [ 104.3807146, 19.7188704 ], [ 104.3826233, 19.7194012 ], [ 104.3846124, 19.7198495 ], [ 104.3869586, 19.7202334 ], [ 104.3893338, 19.7203363 ], [ 104.3894062, 19.7203351 ], [ 104.3896355, 19.7205368 ], [ 104.3914158, 19.7217878 ], [ 104.3933216, 19.722838 ], [ 104.3952049, 19.723746 ], [ 104.3966136, 19.7243597 ], [ 104.3980654, 19.7248634 ], [ 104.4011902, 19.7258148 ], [ 104.4038763, 19.7264341 ], [ 104.4097053, 19.7273605 ], [ 104.4116791, 19.7275744 ], [ 104.4136643, 19.7275916 ], [ 104.4152731, 19.7275256 ], [ 104.417156, 19.7273589 ], [ 104.4190148, 19.7270153 ], [ 104.4208328, 19.7264976 ], [ 104.4225939, 19.7258107 ], [ 104.4242822, 19.7249606 ], [ 104.4258828, 19.7239548 ], [ 104.426919, 19.7232332 ], [ 104.428445, 19.7220574 ], [ 104.4298509, 19.7207402 ], [ 104.4325816, 19.7179228 ], [ 104.4327425, 19.7177549 ], [ 104.4339074, 19.7165247 ], [ 104.4359709, 19.7143456 ], [ 104.4372741, 19.7128233 ], [ 104.4384185, 19.7111782 ], [ 104.4393926, 19.7094269 ], [ 104.4401864, 19.7075868 ], [ 104.4407922, 19.7056766 ], [ 104.4409492, 19.7050791 ], [ 104.4413508, 19.7031801 ], [ 104.4415664, 19.7012512 ], [ 104.441594, 19.6993104 ], [ 104.4414334, 19.6973761 ], [ 104.4413692, 19.6968903 ], [ 104.4409726, 19.6947739 ], [ 104.4409295, 19.6946309 ], [ 104.440969, 19.6944931 ], [ 104.4411844, 19.6935224 ], [ 104.4433644, 19.6934703 ], [ 104.4461187, 19.6932131 ], [ 104.4471446, 19.6930451 ], [ 104.4490191, 19.6926451 ], [ 104.4508466, 19.6920675 ], [ 104.4526105, 19.6913176 ], [ 104.4542944, 19.6904023 ], [ 104.4558831, 19.68933 ], [ 104.4568065, 19.6886401 ], [ 104.4583007, 19.6875239 ], [ 104.4596727, 19.686401 ], [ 104.4609399, 19.685161 ], [ 104.4620922, 19.6838137 ], [ 104.4625908, 19.6831755 ], [ 104.4637112, 19.6815881 ], [ 104.4646723, 19.6798994 ], [ 104.465465, 19.6781254 ], [ 104.4660819, 19.676283 ], [ 104.466517, 19.6743893 ], [ 104.4665661, 19.6740099 ], [ 104.4667896, 19.6741348 ], [ 104.46862, 19.6749294 ], [ 104.4705204, 19.6755377 ], [ 104.472472, 19.6759537 ], [ 104.4744554, 19.676173 ], [ 104.4764507, 19.6761936 ], [ 104.476865, 19.6761772 ], [ 104.4789227, 19.675989 ], [ 104.48095, 19.6755894 ], [ 104.4829252, 19.6749828 ], [ 104.4837159, 19.6746944 ], [ 104.4841694, 19.6746618 ], [ 104.4863716, 19.6745767 ], [ 104.4869969, 19.6745427 ], [ 104.4902153, 19.6743173 ], [ 104.492044, 19.6741043 ], [ 104.4938454, 19.673724 ], [ 104.4956041, 19.6731797 ], [ 104.4965844, 19.6728261 ], [ 104.4984693, 19.6720352 ], [ 104.5002636, 19.671056 ], [ 104.5015868, 19.6702435 ], [ 104.5017704, 19.6701307 ], [ 104.5033463, 19.6690556 ], [ 104.5048126, 19.6678353 ], [ 104.5057038, 19.6670186 ], [ 104.5071787, 19.6655167 ], [ 104.5084876, 19.6638682 ], [ 104.5090183, 19.6631223 ], [ 104.5091425, 19.6629476 ], [ 104.5101984, 19.6612962 ], [ 104.5110875, 19.6595495 ], [ 104.5118015, 19.6577241 ], [ 104.5123333, 19.6558376 ], [ 104.5126502, 19.6544578 ], [ 104.5129839, 19.6526116 ], [ 104.5131432, 19.6507423 ], [ 104.5131445, 19.650708 ], [ 104.513182, 19.6506823 ], [ 104.5146929, 19.6495362 ], [ 104.5160884, 19.6482522 ], [ 104.517356, 19.6468417 ], [ 104.5191233, 19.6446771 ], [ 104.5206526, 19.6425294 ], [ 104.5215551, 19.6410665 ], [ 104.5222782, 19.6397603 ], [ 104.5238708, 19.6390203 ], [ 104.5253558, 19.6382532 ], [ 104.527666, 19.6369348 ], [ 104.5305659, 19.6353024 ], [ 104.5308544, 19.6351322 ], [ 104.5310915, 19.6353413 ], [ 104.5328091, 19.6365607 ], [ 104.5346455, 19.6375927 ], [ 104.5365801, 19.6384258 ], [ 104.5385917, 19.6390508 ], [ 104.5395613, 19.6392969 ], [ 104.5416448, 19.6397094 ], [ 104.5437604, 19.6398986 ], [ 104.5458841, 19.6398624 ], [ 104.5464204, 19.6398247 ], [ 104.548251, 19.6396109 ], [ 104.5500541, 19.6392294 ], [ 104.5518145, 19.6386837 ], [ 104.5535171, 19.6379781 ], [ 104.5551476, 19.6371189 ], [ 104.5558364, 19.6367143 ], [ 104.5571764, 19.6358229 ], [ 104.5576551, 19.6363904 ], [ 104.5593044, 19.6381474 ], [ 104.5608273, 19.6396071 ], [ 104.5624954, 19.6408983 ], [ 104.5657672, 19.6431654 ], [ 104.567339, 19.6441499 ], [ 104.5689953, 19.6449846 ], [ 104.576485, 19.6483331 ], [ 104.5781246, 19.648981 ], [ 104.5821181, 19.6503589 ], [ 104.5837233, 19.6508386 ], [ 104.585363, 19.6511822 ], [ 104.5870257, 19.6513873 ], [ 104.58889, 19.6515384 ], [ 104.5974999, 19.6530757 ], [ 104.5998402, 19.6534936 ], [ 104.6003648, 19.6535801 ], [ 104.6039176, 19.6541175 ], [ 104.6056983, 19.654453 ], [ 104.6074349, 19.6547019 ], [ 104.6091866, 19.6547976 ], [ 104.6109399, 19.6547395 ], [ 104.6126814, 19.654528 ], [ 104.6139512, 19.6543169 ], [ 104.6160116, 19.6538616 ], [ 104.6180125, 19.6531917 ], [ 104.6199317, 19.6523147 ], [ 104.6217478, 19.6512404 ], [ 104.6234406, 19.6499807 ], [ 104.6242423, 19.6493157 ], [ 104.6251608, 19.6492602 ], [ 104.6249251, 19.6502612 ], [ 104.6246747, 19.6519895 ], [ 104.624576, 19.6537331 ], [ 104.6246297, 19.6554787 ], [ 104.6247883, 19.6576047 ], [ 104.6250485, 19.659656 ], [ 104.6255191, 19.6616694 ], [ 104.6261951, 19.6636235 ], [ 104.6270693, 19.6654974 ], [ 104.6278479, 19.6669635 ], [ 104.6288053, 19.6685785 ], [ 104.62991, 19.6700966 ], [ 104.6311522, 19.6715044 ], [ 104.6325209, 19.6727896 ], [ 104.634004, 19.6739407 ], [ 104.6362177, 19.675498 ], [ 104.6379818, 19.6766063 ], [ 104.6392221, 19.6772158 ], [ 104.6394801, 19.6782228 ], [ 104.6401014, 19.6799618 ], [ 104.6405691, 19.681102 ], [ 104.6406128, 19.6812086 ], [ 104.6415021, 19.6830925 ], [ 104.6425825, 19.6848736 ], [ 104.6438423, 19.6865328 ], [ 104.6449882, 19.687889 ], [ 104.645623, 19.6885757 ], [ 104.6455023, 19.6887998 ], [ 104.6442737, 19.6909954 ], [ 104.6434691, 19.6925977 ], [ 104.6428113, 19.6942657 ], [ 104.6423056, 19.6959859 ], [ 104.6419559, 19.6977445 ], [ 104.6416818, 19.6995406 ], [ 104.6414778, 19.7015609 ], [ 104.6414796, 19.7035914 ], [ 104.6416874, 19.7056113 ], [ 104.6420989, 19.7075998 ], [ 104.6427099, 19.7095362 ], [ 104.643514, 19.7114007 ], [ 104.6445032, 19.7131741 ], [ 104.6448827, 19.71378 ], [ 104.6461171, 19.7155342 ], [ 104.6475324, 19.7171462 ], [ 104.6491121, 19.7185973 ], [ 104.6508382, 19.7198708 ], [ 104.6526907, 19.7209522 ], [ 104.6538014, 19.721523 ], [ 104.656288, 19.7225948 ], [ 104.6586124, 19.723415 ], [ 104.6589064, 19.7235078 ], [ 104.6591257, 19.7236785 ], [ 104.6608132, 19.7251699 ], [ 104.6616336, 19.725895 ], [ 104.6619818, 19.7261958 ], [ 104.6634965, 19.7274736 ], [ 104.6635826, 19.7275463 ], [ 104.663853, 19.7278576 ], [ 104.6639058, 19.7280105 ], [ 104.6645658, 19.7296765 ], [ 104.6653722, 19.7312768 ], [ 104.6663187, 19.7327984 ], [ 104.6673976, 19.7342292 ], [ 104.6682093, 19.7352109 ], [ 104.6695928, 19.7367198 ], [ 104.6711233, 19.7380793 ], [ 104.6727848, 19.7392753 ], [ 104.6745598, 19.7402951 ], [ 104.6760572, 19.7410563 ], [ 104.6778045, 19.7418416 ], [ 104.6795779, 19.7425386 ], [ 104.679667, 19.7425736 ], [ 104.6797374, 19.7427625 ], [ 104.680596, 19.7447346 ], [ 104.6816095, 19.7467578 ], [ 104.6825094, 19.7483649 ], [ 104.6835534, 19.7498824 ], [ 104.6847325, 19.7512974 ], [ 104.6860368, 19.752598 ], [ 104.6874553, 19.753773 ], [ 104.6941433, 19.7588126 ], [ 104.6954442, 19.7597145 ], [ 104.6989389, 19.7619377 ], [ 104.7009477, 19.7632155 ], [ 104.7012898, 19.7635103 ], [ 104.7061192, 19.7683588 ], [ 104.7072865, 19.769441 ], [ 104.7088238, 19.7707564 ], [ 104.7105194, 19.772057 ], [ 104.7123441, 19.7731693 ], [ 104.7142771, 19.7740805 ], [ 104.7159227, 19.7747513 ], [ 104.7173447, 19.7752691 ], [ 104.7188018, 19.7756779 ], [ 104.720646, 19.7761208 ], [ 104.7224774, 19.7764713 ], [ 104.7243335, 19.7766496 ], [ 104.7258622, 19.7767249 ], [ 104.7263507, 19.776749 ], [ 104.7284215, 19.7767439 ], [ 104.7304806, 19.7765247 ], [ 104.7323372, 19.7762292 ], [ 104.7339866, 19.775895 ], [ 104.7356021, 19.7754232 ], [ 104.7363861, 19.775158 ], [ 104.738069, 19.7745027 ], [ 104.7396859, 19.7736982 ], [ 104.7412237, 19.7727512 ], [ 104.7415058, 19.7725594 ], [ 104.7413878, 19.7738502 ], [ 104.7413992, 19.7757899 ], [ 104.7415984, 19.7777194 ], [ 104.7419836, 19.7796205 ], [ 104.7425511, 19.7814753 ], [ 104.7430888, 19.7829694 ], [ 104.7438234, 19.7847395 ], [ 104.7447241, 19.7864311 ], [ 104.744769485659759, 19.786499607303508 ], [ 104.757390735899889, 19.752958895566177 ] ] ], [ [ [ 104.628491423802132, 9.822357340682396 ], [ 104.655540594094447, 9.819251824326713 ], [ 104.657189476216004, 9.804615770318446 ], [ 104.645523438780771, 9.794394019222631 ], [ 104.604732208573481, 9.796179058634396 ], [ 104.628491423802132, 9.822357340682396 ] ] ], [ [ [ 104.527441501433714, 10.043573106323169 ], [ 104.5229441993027, 10.039287794625 ], [ 104.5231765, 10.0399047 ], [ 104.5239444, 10.0416789 ], [ 104.52488, 10.0433706 ], [ 104.525485801723022, 10.044252460465431 ], [ 104.527441501433714, 10.043573106323169 ] ] ], [ [ [ 104.544840086789833, 10.012134138056132 ], [ 104.552150473882506, 10.020566126127164 ], [ 104.550532580286273, 10.036173898436088 ], [ 104.561762313392165, 10.02955114297415 ], [ 104.560708029868323, 10.01522822379401 ], [ 104.540196670538975, 10.006112619005476 ], [ 104.537867271128889, 9.999608602897737 ], [ 104.5366154, 10.0004391 ], [ 104.5350336, 10.0017398 ], [ 104.5335931, 10.0031953 ], [ 104.532309, 10.0047906 ], [ 104.5311948, 10.0065088 ], [ 104.5300145, 10.0085508 ], [ 104.5297531, 10.0090173 ], [ 104.528320004736997, 10.011657120846467 ], [ 104.544840086789833, 10.012134138056132 ] ] ], [ [ [ 108.8483216, 10.6262203 ], [ 108.8486183, 10.6276652 ], [ 108.848686, 10.6279426 ], [ 108.8494476, 10.6303772 ], [ 108.8495399, 10.6306173 ], [ 108.8506829, 10.6330778 ], [ 108.8508482, 10.6333784 ], [ 108.8524111, 10.6357916 ], [ 108.8526181, 10.6360658 ], [ 108.8536929, 10.6373709 ], [ 108.854874, 10.6385805 ], [ 108.8551454, 10.6388359 ], [ 108.856351, 10.6398829 ], [ 108.8576363, 10.6408304 ], [ 108.8579691, 10.6410558 ], [ 108.8594914, 10.6419905 ], [ 108.861091, 10.6427856 ], [ 108.8614329, 10.6429369 ], [ 108.8632026, 10.6436216 ], [ 108.8650292, 10.6441355 ], [ 108.8655336, 10.6442519 ], [ 108.8672685, 10.6445724 ], [ 108.8690248, 10.6447388 ], [ 108.8693703, 10.6447562 ], [ 108.8722191, 10.6446964 ], [ 108.8724763, 10.6446726 ], [ 108.8748016, 10.6443186 ], [ 108.8750569, 10.6442642 ], [ 108.8770953, 10.6437159 ], [ 108.8773419, 10.6436354 ], [ 108.8796801, 10.6427056 ], [ 108.8799404, 10.6425826 ], [ 108.8824179, 10.6411884 ], [ 108.8827295, 10.6409826 ], [ 108.8839596, 10.6401016 ], [ 108.8851196, 10.6391301 ], [ 108.8853749, 10.6388993 ], [ 108.8864623, 10.6378385 ], [ 108.887466, 10.6366982 ], [ 108.8876651, 10.6364539 ], [ 108.8892286, 10.6342458 ], [ 108.8893927, 10.6339772 ], [ 108.8905789, 10.6317249 ], [ 108.8906841, 10.63149 ], [ 108.8916243, 10.6289384 ], [ 108.8917126, 10.628637 ], [ 108.892323, 10.6258092 ], [ 108.8923748, 10.6254422 ], [ 108.8925307, 10.6239177 ], [ 108.8925694, 10.6223857 ], [ 108.8925653, 10.6220719 ], [ 108.8923176, 10.6191848 ], [ 108.8922682, 10.6188749 ], [ 108.8916579, 10.6162226 ], [ 108.8915668, 10.615922 ], [ 108.8906018, 10.6133766 ], [ 108.8904825, 10.6131168 ], [ 108.8890981, 10.6105971 ], [ 108.8889116, 10.6103089 ], [ 108.8880349, 10.6090611 ], [ 108.8870656, 10.6078838 ], [ 108.8868181, 10.6076055 ], [ 108.8847739, 10.6056134 ], [ 108.8845545, 10.6054282 ], [ 108.8825185, 10.6039196 ], [ 108.8823012, 10.603779 ], [ 108.8802667, 10.6026255 ], [ 108.8800084, 10.6024984 ], [ 108.8778487, 10.6015887 ], [ 108.8776042, 10.6015022 ], [ 108.8750342, 10.6007819 ], [ 108.8747239, 10.6007169 ], [ 108.8720804, 10.6003451 ], [ 108.8717354, 10.6003199 ], [ 108.8690611, 10.6003039 ], [ 108.868802, 10.6003197 ], [ 108.8663226, 10.6006272 ], [ 108.8660392, 10.6006805 ], [ 108.8634565, 10.6013472 ], [ 108.8631284, 10.6014557 ], [ 108.8615629, 10.6020472 ], [ 108.8600523, 10.6027674 ], [ 108.8596967, 10.6029556 ], [ 108.8581737, 10.6038499 ], [ 108.8567354, 10.6048751 ], [ 108.8563965, 10.60514 ], [ 108.8551177, 10.6062292 ], [ 108.8539348, 10.6074218 ], [ 108.8537031, 10.6076759 ], [ 108.8526162, 10.6089742 ], [ 108.851643, 10.6103598 ], [ 108.8514424, 10.6106728 ], [ 108.8500647, 10.6132083 ], [ 108.8499232, 10.6135205 ], [ 108.8493169, 10.615016 ], [ 108.8488331, 10.6165554 ], [ 108.8487511, 10.6168586 ], [ 108.8483721, 10.6185466 ], [ 108.8481404, 10.620261 ], [ 108.848097, 10.6207362 ], [ 108.8480141, 10.6225628 ], [ 108.8480984, 10.6243893 ], [ 108.8481323, 10.6247574 ], [ 108.8483216, 10.6262203 ] ] ] ] } }
]
}
