{
"type": "FeatureCollection",
"name": "vn_boundary",
"crs": { "type": "name", "properties": { "name": "urn:ogc:def:crs:OGC:1.3:CRS84" } },
"features": [
{ "type": "Feature", "properties": { }, "geometry": { "type": "MultiPolygon", "coordinates": [ [ [ [ 103.4252354, 9.3108585 ], [ 103.4199552, 9.3092895 ], [ 103.4179818, 9.3101051 ], [ 103.4189028, 9.3127881 ], [ 103.4227312, 9.3144537 ], [ 103.425639, 9.3133331 ], [ 103.4252354, 9.3108585 ] ] ], [ [ [ 103.3930117, 20.7871328 ], [ 103.3867038, 20.7857529 ], [ 103.3803337, 20.7870065 ], [ 103.3619936, 20.8079784 ], [ 103.3565333, 20.808141 ], [ 103.3488238, 20.8036796 ], [ 103.3351892, 20.8126833 ], [ 103.32928, 20.813113 ], [ 103.3181996, 20.8200894 ], [ 103.3093054, 20.8219808 ], [ 103.3010807, 20.8205578 ], [ 103.2949871, 20.8225081 ], [ 103.2909135, 20.8263041 ], [ 103.2930446, 20.8357793 ], [ 103.2873424, 20.8398178 ], [ 103.2832248, 20.8393139 ], [ 103.2822666, 20.8362426 ], [ 103.2604371, 20.8241265 ], [ 103.2546714, 20.824696 ], [ 103.2517864, 20.8281009 ], [ 103.2414597, 20.8342575 ], [ 103.2351108, 20.8345366 ], [ 103.2322388, 20.8373867 ], [ 103.2312324, 20.8423571 ], [ 103.2248425, 20.8442991 ], [ 103.2266096, 20.8625029 ], [ 103.2326784, 20.8737272 ], [ 103.224396, 20.8806201 ], [ 103.222662, 20.8851584 ], [ 103.2143566, 20.8898963 ], [ 103.2123082, 20.8931809 ], [ 103.2142206, 20.8954418 ], [ 103.2136522, 20.8984123 ], [ 103.2100909, 20.901854 ], [ 103.1944752, 20.9060392 ], [ 103.1875931, 20.9031245 ], [ 103.1701926, 20.9145581 ], [ 103.1656231, 20.9154635 ], [ 103.1575416, 20.906992 ], [ 103.1463392, 20.9057408 ], [ 103.1259164, 20.909564 ], [ 103.1235231, 20.9090085 ], [ 103.1181609, 20.8988359 ], [ 103.1157991, 20.8970242 ], [ 103.1103901, 20.8994181 ], [ 103.108176, 20.9023853 ], [ 103.1089114, 20.9157232 ], [ 103.1028598, 20.9223755 ], [ 103.1040136, 20.9296901 ], [ 103.1020096, 20.9349239 ], [ 103.0990119, 20.9371195 ], [ 103.0923722, 20.9352127 ], [ 103.0844542, 20.9415715 ], [ 103.0818832, 20.9480491 ], [ 103.0827956, 20.9649086 ], [ 103.0813255, 20.9701538 ], [ 103.0700317, 20.982971 ], [ 103.0675041, 20.9876897 ], [ 103.0673897, 20.9922109 ], [ 103.0558135, 21.0055233 ], [ 103.0556733, 21.0110491 ], [ 103.0531068, 21.0172744 ], [ 103.0485976, 21.0262205 ], [ 103.0405978, 21.0355907 ], [ 103.0331308, 21.0555268 ], [ 103.0306399, 21.0587376 ], [ 103.0231235, 21.0595738 ], [ 103.0138992, 21.0643918 ], [ 103.0096058, 21.0647975 ], [ 102.9998038, 21.0608067 ], [ 102.9924967, 21.0639081 ], [ 102.9857891, 21.06451 ], [ 102.9798193, 21.0676413 ], [ 102.9693466, 21.068911 ], [ 102.9588683, 21.0807342 ], [ 102.9587578, 21.0850035 ], [ 102.9660807, 21.0917036 ], [ 102.9659184, 21.0979819 ], [ 102.9580168, 21.1136321 ], [ 102.9525151, 21.1192859 ], [ 102.9397681, 21.1255276 ], [ 102.9375619, 21.1279898 ], [ 102.9375097, 21.1299987 ], [ 102.9460804, 21.1402451 ], [ 102.9454669, 21.1432462 ], [ 102.9307984, 21.1615035 ], [ 102.9254124, 21.1626363 ], [ 102.9194004, 21.1569708 ], [ 102.9155286, 21.1616557 ], [ 102.9033524, 21.1664005 ], [ 102.9016346, 21.1706322 ], [ 102.902554, 21.1764321 ], [ 102.9064839, 21.1797887 ], [ 102.9069404, 21.1828142 ], [ 102.9025259, 21.1877374 ], [ 102.9026555, 21.1930164 ], [ 102.9082166, 21.2057062 ], [ 102.9072097, 21.2134712 ], [ 102.9086372, 21.2305874 ], [ 102.9007999, 21.2331704 ], [ 102.8907716, 21.2477611 ], [ 102.8626442, 21.2571219 ], [ 102.8485178, 21.2548208 ], [ 102.8382472, 21.24805 ], [ 102.8189815, 21.2472266 ], [ 102.8182439, 21.252386 ], [ 102.8057336, 21.2645015 ], [ 102.807735, 21.2681853 ], [ 102.8367257, 21.2851935 ], [ 102.8413174, 21.2930233 ], [ 102.8448754, 21.2911609 ], [ 102.8472527, 21.2924722 ], [ 102.8492558, 21.2977939 ], [ 102.8529392, 21.3003915 ], [ 102.8727139, 21.3026085 ], [ 102.8813183, 21.3015516 ], [ 102.893286, 21.3050933 ], [ 102.895925, 21.3066613 ], [ 102.8974202, 21.310966 ], [ 102.8972688, 21.3167397 ], [ 102.8949676, 21.3227151 ], [ 102.8879934, 21.3331039 ], [ 102.8950112, 21.3618993 ], [ 102.8944245, 21.384239 ], [ 102.8969856, 21.3888188 ], [ 102.9030437, 21.3929766 ], [ 102.9137288, 21.4047749 ], [ 102.9271918, 21.4437585 ], [ 102.9407971, 21.4568767 ], [ 102.9385741, 21.4598394 ], [ 102.9350892, 21.4597598 ], [ 102.920692, 21.456417 ], [ 102.9116054, 21.444908 ], [ 102.9114885, 21.4391294 ], [ 102.9035789, 21.4339251 ], [ 102.9006502, 21.4331043 ], [ 102.8957465, 21.436005 ], [ 102.8930859, 21.4351904 ], [ 102.8849749, 21.4274693 ], [ 102.8710839, 21.4253904 ], [ 102.8687575, 21.428409 ], [ 102.8693732, 21.431086 ], [ 102.8762564, 21.4383376 ], [ 102.8762408, 21.4462665 ], [ 102.8873488, 21.4546534 ], [ 102.8921728, 21.4616874 ], [ 102.8850005, 21.4774438 ], [ 102.9008116, 21.478059 ], [ 102.9045254, 21.4796511 ], [ 102.9116904, 21.4928733 ], [ 102.9120163, 21.5009161 ], [ 102.913777, 21.5049098 ], [ 102.9193789, 21.5102703 ], [ 102.9354259, 21.5207479 ], [ 102.9461682, 21.5347798 ], [ 102.9588458, 21.5469306 ], [ 102.9587676, 21.5499418 ], [ 102.9562626, 21.5533999 ], [ 102.9641004, 21.5616124 ], [ 102.9666524, 21.5666917 ], [ 102.9756291, 21.5724187 ], [ 102.9835922, 21.5836975 ], [ 102.990185, 21.5878224 ], [ 102.9893863, 21.6032723 ], [ 102.982807, 21.6102337 ], [ 102.9836969, 21.6222283 ], [ 102.9807261, 21.6365676 ], [ 102.9848315, 21.6376582 ], [ 102.9847972, 21.6441433 ], [ 102.9778558, 21.652156 ], [ 102.9882781, 21.6854222 ], [ 102.9781919, 21.6912187 ], [ 102.9775187, 21.6964747 ], [ 102.9876687, 21.7090033 ], [ 102.9875131, 21.7150239 ], [ 102.9864809, 21.7237855 ], [ 102.9724199, 21.7377744 ], [ 102.9724997, 21.7450549 ], [ 102.9702869, 21.7475147 ], [ 102.9662533, 21.7476743 ], [ 102.9545637, 21.7323497 ], [ 102.9506154, 21.7292481 ], [ 102.9380705, 21.7262016 ], [ 102.9235747, 21.7258708 ], [ 102.8868277, 21.7137329 ], [ 102.8833912, 21.7116457 ], [ 102.8795172, 21.7057833 ], [ 102.8749608, 21.7054272 ], [ 102.8639255, 21.7164676 ], [ 102.8551696, 21.72254 ], [ 102.8562656, 21.7318523 ], [ 102.8522476, 21.7415481 ], [ 102.8580164, 21.756992 ], [ 102.8583672, 21.7640276 ], [ 102.857737, 21.7675268 ], [ 102.8547436, 21.7689633 ], [ 102.8541268, 21.7719608 ], [ 102.856135, 21.7772778 ], [ 102.8565679, 21.7913423 ], [ 102.8566168, 21.7996253 ], [ 102.8536584, 21.8098463 ], [ 102.8555272, 21.8204297 ], [ 102.8496493, 21.8393659 ], [ 102.8468833, 21.8423131 ], [ 102.8353336, 21.8420451 ], [ 102.8229503, 21.8396587 ], [ 102.819203, 21.837599 ], [ 102.8090171, 21.8235542 ], [ 102.8082994, 21.8188034 ], [ 102.8171753, 21.8028358 ], [ 102.8177451, 21.7973259 ], [ 102.8141041, 21.7913231 ], [ 102.8142517, 21.7858033 ], [ 102.8178184, 21.778785 ], [ 102.822786, 21.7351061 ], [ 102.8114975, 21.7308971 ], [ 102.8082584, 21.7199213 ], [ 102.8018262, 21.7170676 ], [ 102.7966414, 21.7081604 ], [ 102.7934256, 21.7067334 ], [ 102.7854307, 21.7082354 ], [ 102.7808241, 21.704748 ], [ 102.7675216, 21.6885526 ], [ 102.7613191, 21.6772545 ], [ 102.7581223, 21.6751514 ], [ 102.7534348, 21.6747028 ], [ 102.7492822, 21.6678458 ], [ 102.7446956, 21.663682 ], [ 102.7346537, 21.6607405 ], [ 102.7265868, 21.6649423 ], [ 102.6991681, 21.6629376 ], [ 102.6904703, 21.6637437 ], [ 102.6819853, 21.6567816 ], [ 102.6780302, 21.6560109 ], [ 102.6747326, 21.6576216 ], [ 102.6628373, 21.6826819 ], [ 102.6625957, 21.6914624 ], [ 102.6585642, 21.7065722 ], [ 102.6460098, 21.7346559 ], [ 102.6524219, 21.7719775 ], [ 102.659251, 21.7866705 ], [ 102.6590092, 21.7954493 ], [ 102.6463452, 21.8086591 ], [ 102.6451766, 21.8116716 ], [ 102.6481227, 21.8228917 ], [ 102.6449038, 21.8346388 ], [ 102.6406931, 21.8429833 ], [ 102.6431284, 21.8595957 ], [ 102.6358493, 21.8611094 ], [ 102.6130816, 21.8730583 ], [ 102.6093524, 21.8770218 ], [ 102.6095732, 21.8820943 ], [ 102.6147353, 21.891678 ], [ 102.616152, 21.9011814 ], [ 102.6156908, 21.905436 ], [ 102.6090122, 21.9195644 ], [ 102.5964483, 21.9274709 ], [ 102.5883711, 21.9285333 ], [ 102.5623271, 21.9407339 ], [ 102.5537976, 21.9479562 ], [ 102.5383268, 21.9573723 ], [ 102.5269203, 21.9638473 ], [ 102.5104667, 21.9695216 ], [ 102.5052672, 21.9741219 ], [ 102.4869322, 21.9949467 ], [ 102.4861439, 22.0076803 ], [ 102.4903753, 22.0150932 ], [ 102.4998633, 22.0144552 ], [ 102.5061951, 22.0159551 ], [ 102.51735, 22.0230737 ], [ 102.5193634, 22.0251717 ], [ 102.5176627, 22.0297009 ], [ 102.5074981, 22.0373245 ], [ 102.493541, 22.0358305 ], [ 102.4899467, 22.0401295 ], [ 102.4817754, 22.043897 ], [ 102.4699163, 22.0630341 ], [ 102.4586244, 22.0662008 ], [ 102.4571795, 22.0697167 ], [ 102.4514809, 22.0731267 ], [ 102.4397763, 22.0750285 ], [ 102.4386728, 22.0783438 ], [ 102.4426457, 22.0804278 ], [ 102.4433483, 22.0832659 ], [ 102.4412074, 22.0875999 ], [ 102.4361436, 22.0922788 ], [ 102.4388751, 22.1024797 ], [ 102.4321691, 22.1135938 ], [ 102.4328326, 22.1177886 ], [ 102.4204197, 22.1169558 ], [ 102.4016709, 22.1259909 ], [ 102.3874932, 22.1280366 ], [ 102.3828388, 22.1301128 ], [ 102.3815877, 22.1500318 ], [ 102.3576139, 22.1678704 ], [ 102.3456067, 22.1641591 ], [ 102.3332959, 22.1672533 ], [ 102.33281, 22.1873897 ], [ 102.3203348, 22.2031322 ], [ 102.3130004, 22.2074224 ], [ 102.312434, 22.2124692 ], [ 102.3074776, 22.2104934 ], [ 102.3066985, 22.2050229 ], [ 102.3026904, 22.2027792 ], [ 102.2988195, 22.2029722 ], [ 102.2955845, 22.2063934 ], [ 102.2823509, 22.2087796 ], [ 102.2767915, 22.2060089 ], [ 102.2750016, 22.2170587 ], [ 102.2763451, 22.2210837 ], [ 102.272141, 22.2254529 ], [ 102.2695166, 22.2258721 ], [ 102.2716323, 22.2355619 ], [ 102.2707423, 22.2373882 ], [ 102.2667287, 22.2388422 ], [ 102.2589094, 22.2347479 ], [ 102.2386928, 22.2399686 ], [ 102.2362275, 22.2490535 ], [ 102.240639, 22.2552988 ], [ 102.2372281, 22.26105 ], [ 102.2305045, 22.2657422 ], [ 102.2287579, 22.2752344 ], [ 102.2320095, 22.2783354 ], [ 102.232047, 22.2840781 ], [ 102.2260189, 22.2864524 ], [ 102.2097196, 22.2885887 ], [ 102.1895589, 22.3021909 ], [ 102.1795274, 22.3057496 ], [ 102.1758087, 22.3056525 ], [ 102.1755034, 22.3157727 ], [ 102.1779968, 22.3217014 ], [ 102.1933621, 22.33756 ], [ 102.1894485, 22.3407451 ], [ 102.1830106, 22.3421764 ], [ 102.1765024, 22.339608 ], [ 102.1663576, 22.3500035 ], [ 102.1616926, 22.3622295 ], [ 102.1686358, 22.3725381 ], [ 102.1660603, 22.3766308 ], [ 102.1606597, 22.3790599 ], [ 102.156621, 22.3853799 ], [ 102.1458648, 22.3919826 ], [ 102.1463935, 22.3973205 ], [ 102.1420832, 22.4017808 ], [ 102.152081, 22.4170939 ], [ 102.151693, 22.4259072 ], [ 102.1572986, 22.4309512 ], [ 102.167827, 22.430997 ], [ 102.184359, 22.436555 ], [ 102.2036054, 22.4280598 ], [ 102.2124112, 22.4294278 ], [ 102.2217654, 22.4261251 ], [ 102.2363627, 22.429541 ], [ 102.2425582, 22.422611 ], [ 102.2551411, 22.4159718 ], [ 102.2591075, 22.4153142 ], [ 102.2624508, 22.4172993 ], [ 102.266097, 22.422837 ], [ 102.2660112, 22.4303045 ], [ 102.256217, 22.4484099 ], [ 102.2469419, 22.4581723 ], [ 102.2472104, 22.4628633 ], [ 102.260364, 22.4691517 ], [ 102.263203, 22.4789722 ], [ 102.2748685, 22.4804109 ], [ 102.2757344, 22.4833446 ], [ 102.2734459, 22.4916408 ], [ 102.2767241, 22.5004592 ], [ 102.2801602, 22.503965 ], [ 102.2864836, 22.5065319 ], [ 102.2994215, 22.5340769 ], [ 102.319306, 22.5493444 ], [ 102.3199475, 22.5582536 ], [ 102.3358406, 22.5610254 ], [ 102.3534807, 22.5678319 ], [ 102.3525717, 22.5728512 ], [ 102.3471475, 22.5776825 ], [ 102.3441966, 22.5837321 ], [ 102.3455299, 22.590505 ], [ 102.3539442, 22.5936199 ], [ 102.3612083, 22.5927211 ], [ 102.370044, 22.5949852 ], [ 102.3835429, 22.6094666 ], [ 102.3883592, 22.6200644 ], [ 102.4010866, 22.6338019 ], [ 102.416383, 22.6371655 ], [ 102.4161795, 22.6406224 ], [ 102.4134199, 22.6431499 ], [ 102.4082382, 22.6436935 ], [ 102.4044876, 22.6415502 ], [ 102.3999657, 22.6438772 ], [ 102.3953318, 22.6574922 ], [ 102.3858084, 22.6675733 ], [ 102.3807939, 22.6812652 ], [ 102.381406, 22.6836965 ], [ 102.385434, 22.6877162 ], [ 102.3916849, 22.690462 ], [ 102.4048666, 22.6855441 ], [ 102.4088561, 22.6857139 ], [ 102.4113049, 22.6870346 ], [ 102.4129988, 22.6909954 ], [ 102.4224358, 22.6930502 ], [ 102.4331079, 22.7019225 ], [ 102.4425696, 22.7266468 ], [ 102.4540889, 22.7336844 ], [ 102.4535948, 22.7378679 ], [ 102.4482031, 22.7445351 ], [ 102.4500117, 22.7564599 ], [ 102.4540341, 22.7623417 ], [ 102.462319, 22.769832 ], [ 102.4775408, 22.77205 ], [ 102.4796056, 22.7796527 ], [ 102.4924688, 22.7810747 ], [ 102.5016812, 22.7782621 ], [ 102.5075308, 22.7784978 ], [ 102.5166603, 22.7681308 ], [ 102.5223273, 22.7643095 ], [ 102.5268194, 22.7634064 ], [ 102.5407181, 22.7492865 ], [ 102.5470157, 22.7476902 ], [ 102.5468719, 22.738753 ], [ 102.5507054, 22.733044 ], [ 102.5566031, 22.7315297 ], [ 102.5617434, 22.7252075 ], [ 102.5633786, 22.7164973 ], [ 102.566653, 22.7129847 ], [ 102.5664564, 22.7058878 ], [ 102.5822718, 22.7080214 ], [ 102.5861637, 22.7248787 ], [ 102.5935735, 22.7295709 ], [ 102.5972256, 22.7338037 ], [ 102.6040501, 22.7346131 ], [ 102.6114363, 22.7295413 ], [ 102.6252529, 22.7144924 ], [ 102.6360758, 22.7071074 ], [ 102.6406838, 22.7019677 ], [ 102.6473808, 22.7001938 ], [ 102.6535727, 22.6915916 ], [ 102.6679664, 22.6984749 ], [ 102.6808027, 22.7007147 ], [ 102.6846702, 22.7050669 ], [ 102.6865476, 22.7049872 ], [ 102.6961641, 22.6986875 ], [ 102.7002414, 22.6989707 ], [ 102.7048074, 22.6960946 ], [ 102.7068559, 22.6922263 ], [ 102.7076525, 22.6827328 ], [ 102.7160443, 22.6795116 ], [ 102.72216, 22.6811482 ], [ 102.7250461, 22.6735689 ], [ 102.7314859, 22.6682494 ], [ 102.7472474, 22.6697393 ], [ 102.7495497, 22.6687985 ], [ 102.7526379, 22.6635861 ], [ 102.7514765, 22.6595175 ], [ 102.7616118, 22.6487499 ], [ 102.7715193, 22.6487952 ], [ 102.7849436, 22.6450672 ], [ 102.7803017, 22.6360052 ], [ 102.7854229, 22.6273575 ], [ 102.7913906, 22.6269991 ], [ 102.7981663, 22.6239857 ], [ 102.8067529, 22.625802 ], [ 102.814465, 22.6228098 ], [ 102.8185058, 22.626883 ], [ 102.8226554, 22.626917 ], [ 102.8397813, 22.6198513 ], [ 102.8399377, 22.6140099 ], [ 102.8425949, 22.612268 ], [ 102.8546646, 22.611489 ], [ 102.8591278, 22.6097884 ], [ 102.8605497, 22.6041626 ], [ 102.8723357, 22.5964117 ], [ 102.8760644, 22.5895948 ], [ 102.8751502, 22.5862158 ], [ 102.8700702, 22.5809379 ], [ 102.8707426, 22.5757919 ], [ 102.8784954, 22.5686317 ], [ 102.8756617, 22.5594252 ], [ 102.8944287, 22.5456756 ], [ 102.8875618, 22.5396727 ], [ 102.8872183, 22.5374882 ], [ 102.9052046, 22.5227864 ], [ 102.9071884, 22.5186025 ], [ 102.9076332, 22.5118957 ], [ 102.9200931, 22.5062087 ], [ 102.9210563, 22.4950353 ], [ 102.9268769, 22.4848429 ], [ 102.9351727, 22.4862564 ], [ 102.946428, 22.4842843 ], [ 102.9530125, 22.4865884 ], [ 102.9626869, 22.4800537 ], [ 102.9833515, 22.4816683 ], [ 102.9910692, 22.4730767 ], [ 102.9886341, 22.465694 ], [ 102.9893682, 22.4642017 ], [ 103.0073829, 22.4605507 ], [ 103.0120937, 22.4534642 ], [ 103.0278796, 22.4444039 ], [ 103.0338472, 22.4466541 ], [ 103.0490485, 22.4478593 ], [ 103.0551991, 22.4527648 ], [ 103.0665293, 22.4482738 ], [ 103.0768375, 22.4515271 ], [ 103.0786288, 22.4595779 ], [ 103.0778258, 22.4700474 ], [ 103.0699066, 22.4764852 ], [ 103.069124, 22.4801503 ], [ 103.078132, 22.5088673 ], [ 103.0807886, 22.5118969 ], [ 103.0906944, 22.5128313 ], [ 103.0973301, 22.5173668 ], [ 103.108692, 22.5162419 ], [ 103.1172733, 22.5198521 ], [ 103.1209512, 22.5231843 ], [ 103.1216365, 22.5266344 ], [ 103.1297486, 22.5304035 ], [ 103.1361646, 22.5407034 ], [ 103.1397165, 22.543202 ], [ 103.1556119, 22.5413174 ], [ 103.1605133, 22.5471576 ], [ 103.1811713, 22.5611152 ], [ 103.1715653, 22.5697061 ], [ 103.162689, 22.5811948 ], [ 103.1559151, 22.5955906 ], [ 103.1577766, 22.6001883 ], [ 103.1640129, 22.6073902 ], [ 103.1647397, 22.615465 ], [ 103.1687617, 22.6218839 ], [ 103.1723771, 22.6259914 ], [ 103.1827448, 22.6326908 ], [ 103.1817945, 22.6428154 ], [ 103.184791, 22.6469092 ], [ 103.1931937, 22.6516948 ], [ 103.2053951, 22.6470641 ], [ 103.2248938, 22.648057 ], [ 103.2268714, 22.6495382 ], [ 103.2306381, 22.660123 ], [ 103.2462803, 22.669881 ], [ 103.2485043, 22.6739572 ], [ 103.2610961, 22.6723538 ], [ 103.2715083, 22.6774664 ], [ 103.2801749, 22.6842683 ], [ 103.2817467, 22.6865317 ], [ 103.2801023, 22.7030436 ], [ 103.2861013, 22.7096327 ], [ 103.2847945, 22.715686 ], [ 103.2862492, 22.7231173 ], [ 103.2831817, 22.7310568 ], [ 103.2837529, 22.73842 ], [ 103.29023, 22.7458171 ], [ 103.2965249, 22.7501344 ], [ 103.2990339, 22.7566682 ], [ 103.3075725, 22.7635297 ], [ 103.3080231, 22.7705398 ], [ 103.3178521, 22.7907803 ], [ 103.3158299, 22.8010764 ], [ 103.3162495, 22.8055067 ], [ 103.3193506, 22.8099783 ], [ 103.3166232, 22.8136435 ], [ 103.3177872, 22.8174328 ], [ 103.3248568, 22.8152955 ], [ 103.3330319, 22.8067044 ], [ 103.3425697, 22.8066678 ], [ 103.3471456, 22.8044015 ], [ 103.3572738, 22.8040638 ], [ 103.3694585, 22.8004459 ], [ 103.3745235, 22.7970949 ], [ 103.3813295, 22.7880166 ], [ 103.3884627, 22.7833994 ], [ 103.4128162, 22.7797512 ], [ 103.4151222, 22.7753171 ], [ 103.414832, 22.7664912 ], [ 103.4174569, 22.7628303 ], [ 103.424445, 22.7620028 ], [ 103.4386912, 22.7544468 ], [ 103.4403047, 22.7475264 ], [ 103.4389046, 22.7416599 ], [ 103.4276041, 22.7359004 ], [ 103.4259427, 22.7337062 ], [ 103.4289439, 22.7277468 ], [ 103.4258949, 22.7186653 ], [ 103.4305139, 22.7122453 ], [ 103.4298384, 22.7039699 ], [ 103.4314443, 22.7014821 ], [ 103.4525994, 22.687858 ], [ 103.4571971, 22.6831383 ], [ 103.4585514, 22.6800208 ], [ 103.4541748, 22.6620499 ], [ 103.463065, 22.6548114 ], [ 103.4627482, 22.6485293 ], [ 103.4737809, 22.641782 ], [ 103.4762307, 22.6322771 ], [ 103.4818917, 22.6238916 ], [ 103.503659, 22.6142641 ], [ 103.5048627, 22.6064765 ], [ 103.5091192, 22.6016848 ], [ 103.5274786, 22.5964054 ], [ 103.531538, 22.6000804 ], [ 103.5485917, 22.6273735 ], [ 103.5503001, 22.6371615 ], [ 103.5568589, 22.640372 ], [ 103.5700715, 22.6426876 ], [ 103.573838, 22.6591892 ], [ 103.5783992, 22.6651828 ], [ 103.5774407, 22.6708104 ], [ 103.5664411, 22.6803457 ], [ 103.5606609, 22.704064 ], [ 103.5787853, 22.7310554 ], [ 103.5901439, 22.7362507 ], [ 103.6027927, 22.7595261 ], [ 103.6167693, 22.7735832 ], [ 103.6178624, 22.7780669 ], [ 103.6157469, 22.7837385 ], [ 103.6174773, 22.7862603 ], [ 103.6372466, 22.7975265 ], [ 103.6562896, 22.7913066 ], [ 103.660984, 22.7875194 ], [ 103.6629763, 22.783374 ], [ 103.6640621, 22.7720541 ], [ 103.6837769, 22.7607637 ], [ 103.7369269, 22.7130014 ], [ 103.749554, 22.6887942 ], [ 103.762904, 22.6915803 ], [ 103.7669692, 22.6901155 ], [ 103.8116017, 22.6395242 ], [ 103.8185743, 22.6242351 ], [ 103.8239613, 22.6164056 ], [ 103.8342923, 22.6102099 ], [ 103.8471161, 22.5944134 ], [ 103.8606641, 22.5858065 ], [ 103.8725481, 22.5678512 ], [ 103.8802082, 22.5644105 ], [ 103.8818518, 22.5651588 ], [ 103.8838624, 22.5709238 ], [ 103.8879745, 22.5707193 ], [ 103.9109007, 22.5480671 ], [ 103.9257786, 22.5395261 ], [ 103.9291658, 22.5306648 ], [ 103.9314971, 22.5285387 ], [ 103.9435848, 22.5266608 ], [ 103.9627075, 22.5077788 ], [ 103.9643781, 22.5107471 ], [ 103.9679003, 22.5124194 ], [ 103.9711725, 22.5076522 ], [ 103.9758721, 22.5081838 ], [ 103.9881279, 22.5203561 ], [ 103.9919494, 22.520985 ], [ 104.0033744, 22.5181726 ], [ 104.0102654, 22.5243717 ], [ 104.0078901, 22.5337785 ], [ 104.0033781, 22.5391519 ], [ 104.0125847, 22.5521599 ], [ 104.0119286, 22.5547247 ], [ 104.008077, 22.5581261 ], [ 104.0080384, 22.5635269 ], [ 104.0134165, 22.5647456 ], [ 104.014185, 22.5663311 ], [ 104.0034404, 22.577034 ], [ 104.0121379, 22.5800517 ], [ 104.0120079, 22.5942693 ], [ 104.0211778, 22.6099116 ], [ 104.024258, 22.6187425 ], [ 104.0229311, 22.6271284 ], [ 104.0356654, 22.6749698 ], [ 104.0274874, 22.6877056 ], [ 104.0333149, 22.7037424 ], [ 104.0332853, 22.7079629 ], [ 104.0436746, 22.7325325 ], [ 104.0660973, 22.7573084 ], [ 104.0865069, 22.7715522 ], [ 104.1017323, 22.7993454 ], [ 104.1192519, 22.813739 ], [ 104.1257445, 22.8141491 ], [ 104.1333346, 22.8092891 ], [ 104.1392772, 22.8095936 ], [ 104.1534027, 22.8158642 ], [ 104.1627645, 22.8233729 ], [ 104.1749461, 22.8215594 ], [ 104.1843795, 22.8273945 ], [ 104.2124258, 22.8363829 ], [ 104.2174073, 22.8329527 ], [ 104.2200187, 22.8332233 ], [ 104.2389113, 22.8414159 ], [ 104.2488986, 22.8407144 ], [ 104.2549635, 22.8458487 ], [ 104.2617307, 22.8433614 ], [ 104.271225, 22.8344919 ], [ 104.2652336, 22.8114669 ], [ 104.2561691, 22.7865779 ], [ 104.254883, 22.7754914 ], [ 104.2564968, 22.7668623 ], [ 104.2683485, 22.7516849 ], [ 104.267276, 22.7422752 ], [ 104.2778373, 22.7427412 ], [ 104.2997152, 22.7313956 ], [ 104.3153959, 22.7329743 ], [ 104.3222632, 22.7309464 ], [ 104.3370951, 22.7218477 ], [ 104.3395137, 22.7157826 ], [ 104.339378, 22.7114702 ], [ 104.34932, 22.694767 ], [ 104.3527025, 22.6928064 ], [ 104.3595961, 22.692698 ], [ 104.377258, 22.6950824 ], [ 104.3814785, 22.7023833 ], [ 104.3848395, 22.7051876 ], [ 104.3979262, 22.70301 ], [ 104.3989756, 22.7093261 ], [ 104.4076282, 22.7267189 ], [ 104.4141411, 22.7302831 ], [ 104.4183005, 22.7354043 ], [ 104.42642, 22.7408801 ], [ 104.4680936, 22.7581125 ], [ 104.493255, 22.7782681 ], [ 104.4958803, 22.7863595 ], [ 104.5061312, 22.7895518 ], [ 104.5167375, 22.7993198 ], [ 104.5224319, 22.8079151 ], [ 104.5250428, 22.8169095 ], [ 104.5334203, 22.8246567 ], [ 104.5358956, 22.8289749 ], [ 104.5409619, 22.8279888 ], [ 104.541189, 22.8345329 ], [ 104.5521404, 22.8361037 ], [ 104.5515545, 22.8375647 ], [ 104.5464859, 22.8391669 ], [ 104.5451501, 22.8414726 ], [ 104.5549322, 22.8454263 ], [ 104.5672116, 22.8473847 ], [ 104.5735022, 22.8532523 ], [ 104.5895005, 22.8538665 ], [ 104.5912112, 22.8515597 ], [ 104.6001477, 22.834786 ], [ 104.6027975, 22.8329105 ], [ 104.6026078, 22.827663 ], [ 104.5985493, 22.8276148 ], [ 104.5961197, 22.8243197 ], [ 104.595562, 22.818843 ], [ 104.5979443, 22.8172521 ], [ 104.6067554, 22.8191488 ], [ 104.6113956, 22.8176877 ], [ 104.6149054, 22.8213217 ], [ 104.6148051, 22.8259344 ], [ 104.6183707, 22.8263578 ], [ 104.6213084, 22.8289748 ], [ 104.6213952, 22.8330923 ], [ 104.6168982, 22.8341337 ], [ 104.6160192, 22.8363976 ], [ 104.6176708, 22.8426231 ], [ 104.6231679, 22.848103 ], [ 104.6251062, 22.8397539 ], [ 104.62794, 22.8370372 ], [ 104.6357289, 22.8342979 ], [ 104.640566, 22.8373385 ], [ 104.6537863, 22.8349168 ], [ 104.6705988, 22.8190552 ], [ 104.7001616, 22.8274196 ], [ 104.7216081, 22.8217055 ], [ 104.7292742, 22.8240336 ], [ 104.7329376, 22.827546 ], [ 104.7336632, 22.8319046 ], [ 104.7299689, 22.8439831 ], [ 104.7225761, 22.8511191 ], [ 104.7347471, 22.8597182 ], [ 104.7509032, 22.8582465 ], [ 104.756186, 22.8602972 ], [ 104.7721219, 22.9026682 ], [ 104.7793119, 22.9075803 ], [ 104.7905866, 22.9074934 ], [ 104.7941793, 22.9117193 ], [ 104.8097379, 22.9212702 ], [ 104.8181813, 22.92448 ], [ 104.8312182, 22.925312 ], [ 104.8374, 22.9232503 ], [ 104.8376521, 22.9277846 ], [ 104.8501023, 22.9385008 ], [ 104.8591068, 22.9432099 ], [ 104.861981, 22.9459487 ], [ 104.8642463, 22.9520547 ], [ 104.8633266, 22.9631393 ], [ 104.8593765, 22.9794665 ], [ 104.8484399, 22.9783305 ], [ 104.8421819, 22.9850797 ], [ 104.8376684, 22.9844318 ], [ 104.8367856, 22.9966548 ], [ 104.8310505, 23.0006698 ], [ 104.826277, 23.0276333 ], [ 104.8184689, 23.0391984 ], [ 104.8194771, 23.0549945 ], [ 104.8135799, 23.0657445 ], [ 104.8145177, 23.0790214 ], [ 104.802427, 23.0992949 ], [ 104.799607, 23.1160392 ], [ 104.8000345, 23.1254349 ], [ 104.8180449, 23.1219577 ], [ 104.820601, 23.1197103 ], [ 104.8223147, 23.1108238 ], [ 104.825599, 23.1092523 ], [ 104.8292428, 23.1117315 ], [ 104.8319097, 23.1178101 ], [ 104.8365341, 23.113877 ], [ 104.8387224, 23.1138792 ], [ 104.836645, 23.1227656 ], [ 104.837737, 23.1245669 ], [ 104.8536606, 23.1273953 ], [ 104.8551242, 23.1231212 ], [ 104.8667608, 23.1258458 ], [ 104.8764658, 23.1325256 ], [ 104.8801333, 23.1450553 ], [ 104.8799312, 23.1653772 ], [ 104.8811796, 23.1683737 ], [ 104.8928354, 23.1791729 ], [ 104.9049303, 23.1802028 ], [ 104.9095385, 23.1825244 ], [ 104.9150174, 23.1811026 ], [ 104.9157022, 23.1749631 ], [ 104.9173406, 23.173459 ], [ 104.922227, 23.1732925 ], [ 104.924174, 23.1661266 ], [ 104.929185, 23.1698485 ], [ 104.9308031, 23.1632336 ], [ 104.9488914, 23.1511029 ], [ 104.9554124, 23.1612106 ], [ 104.9558519, 23.1697362 ], [ 104.952888, 23.1762824 ], [ 104.9561645, 23.1843565 ], [ 104.9549101, 23.1951678 ], [ 104.9565826, 23.2014146 ], [ 104.9661874, 23.2066932 ], [ 104.9718119, 23.2073912 ], [ 104.9806271, 23.2077146 ], [ 104.9896335, 23.2036669 ], [ 104.9931668, 23.2040756 ], [ 105.0022943, 23.2178981 ], [ 105.013358, 23.2176581 ], [ 105.0231194, 23.2203447 ], [ 105.0259328, 23.222629 ], [ 105.027456, 23.2270657 ], [ 105.0409702, 23.2363871 ], [ 105.0490152, 23.2484368 ], [ 105.0518686, 23.2498923 ], [ 105.055713, 23.2492337 ], [ 105.0577264, 23.255464 ], [ 105.0712694, 23.2617091 ], [ 105.0802089, 23.2696334 ], [ 105.085899, 23.2697717 ], [ 105.0955878, 23.2597835 ], [ 105.0999857, 23.2576053 ], [ 105.0998453, 23.2535681 ], [ 105.0961259, 23.2508504 ], [ 105.0963527, 23.249177 ], [ 105.1089801, 23.2471249 ], [ 105.1123192, 23.2504316 ], [ 105.1196949, 23.2529415 ], [ 105.1244158, 23.2582893 ], [ 105.1321975, 23.2572791 ], [ 105.1387533, 23.2627152 ], [ 105.1524185, 23.2672948 ], [ 105.161041, 23.276281 ], [ 105.1665385, 23.2865328 ], [ 105.1719954, 23.2899956 ], [ 105.1786706, 23.2874687 ], [ 105.1793468, 23.2799057 ], [ 105.1807838, 23.2782267 ], [ 105.1932235, 23.2824542 ], [ 105.1966639, 23.279359 ], [ 105.1967215, 23.2754187 ], [ 105.2014182, 23.2727769 ], [ 105.2067081, 23.2727697 ], [ 105.207958, 23.2682603 ], [ 105.2190837, 23.2686902 ], [ 105.2257071, 23.2638092 ], [ 105.2285487, 23.2638442 ], [ 105.231122, 23.2660655 ], [ 105.2350266, 23.2745066 ], [ 105.24375, 23.2773141 ], [ 105.2328563, 23.2826538 ], [ 105.2322321, 23.2876088 ], [ 105.2341166, 23.2899862 ], [ 105.2437093, 23.2934462 ], [ 105.2459351, 23.2979296 ], [ 105.2494029, 23.2998659 ], [ 105.2479205, 23.310765 ], [ 105.2540273, 23.3136246 ], [ 105.2562615, 23.3175508 ], [ 105.2567085, 23.320007 ], [ 105.2539933, 23.3261421 ], [ 105.2475504, 23.3332343 ], [ 105.2514359, 23.3394908 ], [ 105.2564797, 23.3441872 ], [ 105.2626347, 23.3439999 ], [ 105.2710112, 23.3406912 ], [ 105.2809359, 23.3428746 ], [ 105.285445, 23.3534079 ], [ 105.2855654, 23.35921 ], [ 105.29279, 23.363975 ], [ 105.2978881, 23.375918 ], [ 105.3059283, 23.3827203 ], [ 105.3100587, 23.3835112 ], [ 105.3209059, 23.3938414 ], [ 105.3235172, 23.3931859 ], [ 105.3282695, 23.3851156 ], [ 105.3474492, 23.3687006 ], [ 105.3488956, 23.3648943 ], [ 105.3479501, 23.3539846 ], [ 105.3502056, 23.3456461 ], [ 105.3685257, 23.3211478 ], [ 105.3832443, 23.3099052 ], [ 105.3871535, 23.312315 ], [ 105.3887433, 23.3117487 ], [ 105.409398, 23.2885314 ], [ 105.4153329, 23.2841561 ], [ 105.419707, 23.2846014 ], [ 105.4251109, 23.287922 ], [ 105.4235305, 23.2942236 ], [ 105.4274613, 23.3038467 ], [ 105.4361156, 23.3038469 ], [ 105.4393467, 23.3019089 ], [ 105.4439321, 23.2945553 ], [ 105.4449948, 23.286964 ], [ 105.4515411, 23.2769417 ], [ 105.4601419, 23.2692995 ], [ 105.4718335, 23.2520352 ], [ 105.4889786, 23.2386798 ], [ 105.4907526, 23.2342053 ], [ 105.4896522, 23.2236177 ], [ 105.4978229, 23.2109301 ], [ 105.4987873, 23.2027446 ], [ 105.5206628, 23.1928766 ], [ 105.5273259, 23.192098 ], [ 105.5403902, 23.194987 ], [ 105.5459795, 23.1901251 ], [ 105.5514193, 23.1884192 ], [ 105.5558696, 23.1800492 ], [ 105.5561373, 23.1752688 ], [ 105.5637044, 23.1699046 ], [ 105.5703046, 23.1589675 ], [ 105.5702834, 23.1509488 ], [ 105.5607002, 23.1412942 ], [ 105.561638, 23.1347973 ], [ 105.5584701, 23.1298385 ], [ 105.5694985, 23.0980833 ], [ 105.5688872, 23.0950712 ], [ 105.5626665, 23.0899463 ], [ 105.5657832, 23.0785489 ], [ 105.5685292, 23.0751926 ], [ 105.5777771, 23.070103 ], [ 105.5868031, 23.0731448 ], [ 105.589937, 23.076859 ], [ 105.6013743, 23.0778649 ], [ 105.6157836, 23.0700685 ], [ 105.6241724, 23.0732491 ], [ 105.6277549, 23.0793231 ], [ 105.631224, 23.0817153 ], [ 105.6409074, 23.0831423 ], [ 105.646012, 23.081871 ], [ 105.6508561, 23.0758857 ], [ 105.6583347, 23.0755222 ], [ 105.6637677, 23.0733705 ], [ 105.6746816, 23.0650921 ], [ 105.687896, 23.0637564 ], [ 105.7024528, 23.0647722 ], [ 105.7102396, 23.0632257 ], [ 105.707317, 23.0703882 ], [ 105.7088497, 23.072155 ], [ 105.7140605, 23.0657038 ], [ 105.7215652, 23.0651548 ], [ 105.7246897, 23.0523026 ], [ 105.7300851, 23.0472912 ], [ 105.730352, 23.0418525 ], [ 105.7351846, 23.0387115 ], [ 105.7408346, 23.0407074 ], [ 105.7525364, 23.0392613 ], [ 105.7542913, 23.0335872 ], [ 105.7790387, 23.0224187 ], [ 105.788549, 23.0058746 ], [ 105.8010991, 22.994989 ], [ 105.8127241, 22.9948859 ], [ 105.8149364, 23.0000155 ], [ 105.8224765, 23.0001639 ], [ 105.822834, 22.9972378 ], [ 105.8387805, 22.985373 ], [ 105.8348137, 22.9775973 ], [ 105.8391293, 22.9759863 ], [ 105.847614, 22.9858336 ], [ 105.8529098, 22.9814101 ], [ 105.8471641, 22.9707739 ], [ 105.8519274, 22.9657435 ], [ 105.8603755, 22.9416472 ], [ 105.8652604, 22.9397837 ], [ 105.8768703, 22.9222699 ], [ 105.8860919, 22.9226329 ], [ 105.883875, 22.9305239 ], [ 105.8876271, 22.943236 ], [ 105.8945489, 22.9435663 ], [ 105.8989665, 22.9478509 ], [ 105.907199, 22.9487235 ], [ 105.9163888, 22.9563405 ], [ 105.9205012, 22.9518705 ], [ 105.9267269, 22.953095 ], [ 105.9288261, 22.9495078 ], [ 105.9343435, 22.9459856 ], [ 105.9365952, 22.9406916 ], [ 105.9533641, 22.9417639 ], [ 105.9539778, 22.9506273 ], [ 105.9556638, 22.9518893 ], [ 105.9767989, 22.9486036 ], [ 105.987683, 22.9415023 ], [ 106.0004231, 22.9415687 ], [ 105.9995712, 22.9617229 ], [ 106.0040284, 22.97572 ], [ 105.9991845, 22.9903143 ], [ 105.9998243, 22.9932475 ], [ 106.0177936, 22.9925773 ], [ 106.0363402, 22.9951485 ], [ 106.0407688, 22.9911496 ], [ 106.0462124, 22.9965222 ], [ 106.0519749, 22.9951565 ], [ 106.0556585, 22.9920836 ], [ 106.0819611, 23.0016613 ], [ 106.0845607, 23.000435 ], [ 106.0876156, 22.9944877 ], [ 106.0925024, 22.9965592 ], [ 106.1009891, 22.9883705 ], [ 106.106957, 22.9914174 ], [ 106.1183933, 22.988949 ], [ 106.1241184, 22.9895968 ], [ 106.1290594, 22.9914792 ], [ 106.1297043, 22.9951596 ], [ 106.1334513, 22.9973478 ], [ 106.1423479, 22.9971856 ], [ 106.1528017, 22.9923137 ], [ 106.158516, 22.9926432 ], [ 106.1634418, 22.9865104 ], [ 106.1715293, 22.98473 ], [ 106.1797971, 22.9854553 ], [ 106.1834375, 22.9899515 ], [ 106.1885196, 22.9897168 ], [ 106.1941581, 22.992526 ], [ 106.2032825, 22.983156 ], [ 106.2094748, 22.973336 ], [ 106.2156272, 22.9710739 ], [ 106.2166431, 22.9662478 ], [ 106.2220357, 22.9653214 ], [ 106.2223013, 22.9595178 ], [ 106.2330707, 22.9559928 ], [ 106.2356964, 22.9536124 ], [ 106.2339746, 22.9505775 ], [ 106.2381544, 22.9444484 ], [ 106.2445832, 22.9411532 ], [ 106.246952, 22.9279333 ], [ 106.2503771, 22.9237894 ], [ 106.2555098, 22.9224392 ], [ 106.2591689, 22.9185164 ], [ 106.250804, 22.9115 ], [ 106.2560761, 22.9034189 ], [ 106.2668253, 22.8993314 ], [ 106.2656676, 22.8966881 ], [ 106.2606476, 22.8943808 ], [ 106.2609269, 22.8896265 ], [ 106.2738054, 22.885116 ], [ 106.2879447, 22.8716135 ], [ 106.289948, 22.8766049 ], [ 106.2936512, 22.8764136 ], [ 106.2987113, 22.8741836 ], [ 106.3093473, 22.8650676 ], [ 106.3135072, 22.8699468 ], [ 106.31879, 22.8682164 ], [ 106.3199802, 22.8767869 ], [ 106.3221747, 22.8792171 ], [ 106.3426118, 22.8588883 ], [ 106.3457554, 22.8586918 ], [ 106.3539448, 22.8606417 ], [ 106.3604297, 22.866628 ], [ 106.3605203, 22.8730397 ], [ 106.3636298, 22.8814727 ], [ 106.3719513, 22.8857189 ], [ 106.3795289, 22.8838921 ], [ 106.3825088, 22.8855378 ], [ 106.3899095, 22.884785 ], [ 106.3944258, 22.8814023 ], [ 106.399995, 22.8826808 ], [ 106.4023099, 22.8813821 ], [ 106.4051572, 22.875472 ], [ 106.4073671, 22.8752862 ], [ 106.4143412, 22.8782498 ], [ 106.4113817, 22.8872095 ], [ 106.422776, 22.8931714 ], [ 106.431324, 22.884002 ], [ 106.4414198, 22.8940258 ], [ 106.4470307, 22.9047416 ], [ 106.4527718, 22.9044781 ], [ 106.4588282, 22.8967532 ], [ 106.4629788, 22.8988782 ], [ 106.4634411, 22.902512 ], [ 106.4725315, 22.911179 ], [ 106.4766401, 22.909371 ], [ 106.4800345, 22.9051606 ], [ 106.4911837, 22.9083994 ], [ 106.49667, 22.9067746 ], [ 106.5019523, 22.9154756 ], [ 106.4974454, 22.9195495 ], [ 106.5009946, 22.9246288 ], [ 106.4989047, 22.9271067 ], [ 106.4972398, 22.9345458 ], [ 106.499479, 22.9359996 ], [ 106.5044174, 22.9326098 ], [ 106.5104042, 22.9473998 ], [ 106.5237675, 22.9494352 ], [ 106.528237, 22.9420179 ], [ 106.5308791, 22.9415992 ], [ 106.5314394, 22.9443468 ], [ 106.5398973, 22.9432817 ], [ 106.5393603, 22.9379283 ], [ 106.5421231, 22.9312513 ], [ 106.5499118, 22.9260299 ], [ 106.5640369, 22.920284 ], [ 106.5701311, 22.9255333 ], [ 106.5758684, 22.9273445 ], [ 106.5794592, 22.9266206 ], [ 106.5839176, 22.9322297 ], [ 106.587536, 22.933865 ], [ 106.5907162, 22.9342264 ], [ 106.6029244, 22.928106 ], [ 106.6068596, 22.9206922 ], [ 106.6076974, 22.9109499 ], [ 106.6133344, 22.9043053 ], [ 106.6234865, 22.8991384 ], [ 106.6289036, 22.8919055 ], [ 106.6278274, 22.8875114 ], [ 106.6353824, 22.8878914 ], [ 106.6380974, 22.881611 ], [ 106.6350129, 22.8776016 ], [ 106.6425371, 22.8754654 ], [ 106.6467626, 22.8685974 ], [ 106.6523591, 22.868809 ], [ 106.6638885, 22.8768767 ], [ 106.6653306, 22.8846964 ], [ 106.6636793, 22.889847 ], [ 106.6673789, 22.893735 ], [ 106.6772381, 22.8879127 ], [ 106.6834122, 22.8929218 ], [ 106.6893045, 22.8947234 ], [ 106.6965511, 22.8900714 ], [ 106.7071008, 22.8903778 ], [ 106.710199, 22.8887433 ], [ 106.7164317, 22.875333 ], [ 106.7057525, 22.8660614 ], [ 106.7139592, 22.8565338 ], [ 106.7262224, 22.8523136 ], [ 106.7399967, 22.8451004 ], [ 106.751778, 22.8348583 ], [ 106.7665937, 22.827763 ], [ 106.7631359, 22.8109917 ], [ 106.7746533, 22.8169346 ], [ 106.7776196, 22.8172237 ], [ 106.7841936, 22.8135907 ], [ 106.7978572, 22.8204703 ], [ 106.8085531, 22.8215731 ], [ 106.815906, 22.8208929 ], [ 106.8212495, 22.8142249 ], [ 106.8339802, 22.8061402 ], [ 106.8347497, 22.8043235 ], [ 106.830702, 22.7980595 ], [ 106.8313846, 22.7914578 ], [ 106.8217471, 22.7885778 ], [ 106.8203502, 22.7864845 ], [ 106.8200425, 22.7775419 ], [ 106.817363, 22.7746615 ], [ 106.8002585, 22.7662542 ], [ 106.7943754, 22.7709704 ], [ 106.7918227, 22.7675093 ], [ 106.7865121, 22.7686776 ], [ 106.7913167, 22.7622838 ], [ 106.7869221, 22.7601614 ], [ 106.7848297, 22.7528788 ], [ 106.7777383, 22.7521592 ], [ 106.7750667, 22.74637 ], [ 106.765729, 22.7453325 ], [ 106.7639353, 22.7435267 ], [ 106.7675262, 22.7382385 ], [ 106.7632387, 22.7345274 ], [ 106.7667407, 22.7291176 ], [ 106.7668145, 22.7208703 ], [ 106.7726631, 22.7188215 ], [ 106.7714242, 22.7148338 ], [ 106.7778684, 22.7088159 ], [ 106.7767104, 22.7067244 ], [ 106.7513448, 22.6970083 ], [ 106.7516964, 22.6923174 ], [ 106.7587099, 22.6860229 ], [ 106.7556457, 22.6754867 ], [ 106.7490155, 22.6714461 ], [ 106.7401352, 22.6709784 ], [ 106.7352484, 22.6638478 ], [ 106.7372521, 22.6582532 ], [ 106.7315821, 22.6542741 ], [ 106.72956, 22.6487479 ], [ 106.7301931, 22.6418538 ], [ 106.7273216, 22.634469 ], [ 106.7310699, 22.623576 ], [ 106.7277115, 22.6176481 ], [ 106.7225775, 22.6158042 ], [ 106.721292, 22.6110702 ], [ 106.7275437, 22.6054444 ], [ 106.7308517, 22.5963509 ], [ 106.7294934, 22.5945154 ], [ 106.704514, 22.577513 ], [ 106.6891771, 22.5842399 ], [ 106.6830897, 22.5817293 ], [ 106.6746242, 22.5850526 ], [ 106.660064, 22.5772312 ], [ 106.6533119, 22.5768041 ], [ 106.6458331, 22.5785071 ], [ 106.6439496, 22.584266 ], [ 106.6379151, 22.5865278 ], [ 106.6350965, 22.5914352 ], [ 106.63228, 22.5921813 ], [ 106.6302919, 22.5978454 ], [ 106.6318893, 22.6026122 ], [ 106.6295647, 22.6058882 ], [ 106.6120502, 22.605123 ], [ 106.6059894, 22.6022214 ], [ 106.6026476, 22.5974053 ], [ 106.6047737, 22.5961289 ], [ 106.6069774, 22.5823142 ], [ 106.5996373, 22.576861 ], [ 106.6018711, 22.5635756 ], [ 106.5962887, 22.5551129 ], [ 106.5882667, 22.5509033 ], [ 106.5871752, 22.5369798 ], [ 106.5791351, 22.5201289 ], [ 106.5777171, 22.504367 ], [ 106.58118, 22.4921497 ], [ 106.5828253, 22.4766726 ], [ 106.5765607, 22.470561 ], [ 106.5716337, 22.4724412 ], [ 106.5670183, 22.4708718 ], [ 106.5580801, 22.4514445 ], [ 106.5577294, 22.4364743 ], [ 106.5649453, 22.4299687 ], [ 106.5629458, 22.4107605 ], [ 106.5668575, 22.4098883 ], [ 106.5745862, 22.4012749 ], [ 106.5815102, 22.3916204 ], [ 106.5854714, 22.38299 ], [ 106.5842582, 22.377423 ], [ 106.5802549, 22.3740371 ], [ 106.5820148, 22.3682813 ], [ 106.5692638, 22.3592814 ], [ 106.5597513, 22.3606858 ], [ 106.5580456, 22.3495182 ], [ 106.5678892, 22.3437635 ], [ 106.5706933, 22.3468933 ], [ 106.5747067, 22.348098 ], [ 106.5790354, 22.340881 ], [ 106.5830401, 22.3413202 ], [ 106.587183, 22.3449149 ], [ 106.5994164, 22.3384808 ], [ 106.6122141, 22.3410803 ], [ 106.6178748, 22.3339448 ], [ 106.6342639, 22.3411464 ], [ 106.6472086, 22.3407263 ], [ 106.6509958, 22.3390018 ], [ 106.6579313, 22.334927 ], [ 106.6560764, 22.3254755 ], [ 106.666426, 22.3119289 ], [ 106.6668977, 22.3084802 ], [ 106.6643625, 22.3021926 ], [ 106.6686532, 22.3009049 ], [ 106.6700496, 22.297638 ], [ 106.6646827, 22.2902794 ], [ 106.67035, 22.2861364 ], [ 106.6806555, 22.2883843 ], [ 106.6815074, 22.28274 ], [ 106.6886202, 22.2801599 ], [ 106.6898523, 22.277679 ], [ 106.6887802, 22.273768 ], [ 106.6832831, 22.2683724 ], [ 106.6830933, 22.265361 ], [ 106.6880461, 22.2595699 ], [ 106.6920559, 22.2423689 ], [ 106.7002089, 22.2270617 ], [ 106.7002352, 22.220745 ], [ 106.6969049, 22.2195683 ], [ 106.6963627, 22.2104948 ], [ 106.6921364, 22.2060543 ], [ 106.6854193, 22.203992 ], [ 106.6791421, 22.2055946 ], [ 106.6773397, 22.1962032 ], [ 106.6687845, 22.1855448 ], [ 106.6842062, 22.1662566 ], [ 106.6884789, 22.1642417 ], [ 106.7014724, 22.1645218 ], [ 106.704341, 22.1601525 ], [ 106.7025113, 22.1561637 ], [ 106.6978145, 22.1563403 ], [ 106.6954253, 22.1543883 ], [ 106.6928742, 22.1440709 ], [ 106.6882075, 22.1398613 ], [ 106.6918589, 22.1327423 ], [ 106.6912873, 22.1203958 ], [ 106.69419, 22.1109258 ], [ 106.6974871, 22.1076807 ], [ 106.7083322, 22.1021332 ], [ 106.7102173, 22.0977575 ], [ 106.7100377, 22.0919416 ], [ 106.706723, 22.0848467 ], [ 106.7093374, 22.0661796 ], [ 106.7058098, 22.0653559 ], [ 106.7024298, 22.0567678 ], [ 106.6965352, 22.0529847 ], [ 106.6953349, 22.0469082 ], [ 106.6965229, 22.0432878 ], [ 106.7037945, 22.0397175 ], [ 106.7064471, 22.0262491 ], [ 106.6849115, 22.0071262 ], [ 106.6814606, 21.9979847 ], [ 106.6833897, 21.9852191 ], [ 106.6945586, 21.9795337 ], [ 106.696785, 21.9611624 ], [ 106.6989467, 21.9612202 ], [ 106.7052973, 21.9772674 ], [ 106.7125905, 21.975137 ], [ 106.7184668, 21.9764745 ], [ 106.7256721, 21.9876689 ], [ 106.7273272, 21.9950652 ], [ 106.7349542, 22.003243 ], [ 106.7358364, 22.0092896 ], [ 106.7397687, 22.0106343 ], [ 106.7479283, 22.0099699 ], [ 106.7551508, 22.0131357 ], [ 106.7636479, 22.0134055 ], [ 106.7819195, 22.0057841 ], [ 106.787285, 21.9938059 ], [ 106.7933158, 21.9938386 ], [ 106.8015563, 21.9893232 ], [ 106.8050578, 21.9833421 ], [ 106.8027771, 21.9786498 ], [ 106.8085723, 21.9752009 ], [ 106.830763, 21.9762786 ], [ 106.8316518, 21.9778433 ], [ 106.8295655, 21.9833523 ], [ 106.8335337, 21.9849332 ], [ 106.8377672, 21.9850753 ], [ 106.8452364, 21.9805542 ], [ 106.8500914, 21.9840593 ], [ 106.8557477, 21.9822885 ], [ 106.8593184, 21.9860268 ], [ 106.8694816, 21.9815186 ], [ 106.8789701, 21.9826466 ], [ 106.8950396, 21.977327 ], [ 106.90148, 21.9729188 ], [ 106.9048159, 21.9729352 ], [ 106.9101843, 21.9765616 ], [ 106.9153159, 21.9767067 ], [ 106.9180197, 21.9750398 ], [ 106.9186893, 21.970003 ], [ 106.921663, 21.9659373 ], [ 106.9223392, 21.9597004 ], [ 106.9199264, 21.9552484 ], [ 106.9276943, 21.9425652 ], [ 106.9283915, 21.9324877 ], [ 106.9359657, 21.9314439 ], [ 106.9501854, 21.9349918 ], [ 106.952118, 21.9334408 ], [ 106.9525515, 21.9244419 ], [ 106.9587284, 21.9207505 ], [ 106.9612944, 21.9206424 ], [ 106.9644813, 21.9243777 ], [ 106.9697403, 21.9244021 ], [ 106.9767762, 21.928035 ], [ 106.9856812, 21.942237 ], [ 106.9865414, 21.9494414 ], [ 106.9920316, 21.9545066 ], [ 106.9953808, 21.9518816 ], [ 106.9987925, 21.945205 ], [ 107.0049944, 21.9474067 ], [ 107.0168387, 21.9469879 ], [ 107.02507, 21.9385389 ], [ 107.0328844, 21.9377481 ], [ 107.0380797, 21.9316423 ], [ 107.0445105, 21.9303736 ], [ 107.0592406, 21.9320863 ], [ 107.0608174, 21.9186576 ], [ 107.0641932, 21.9108344 ], [ 107.0582961, 21.9044374 ], [ 107.0629561, 21.8951182 ], [ 107.0577928, 21.8930696 ], [ 107.0525127, 21.884685 ], [ 107.0372085, 21.8788379 ], [ 107.0279662, 21.86794 ], [ 107.0164836, 21.864369 ], [ 107.0019383, 21.8460782 ], [ 107.0038522, 21.8331818 ], [ 107.0122431, 21.8318888 ], [ 107.0225669, 21.8229621 ], [ 107.031684, 21.818117 ], [ 107.0417956, 21.817093 ], [ 107.0566786, 21.8114984 ], [ 107.0699563, 21.8100005 ], [ 107.0770107, 21.8114069 ], [ 107.0846983, 21.8096705 ], [ 107.086891, 21.8037389 ], [ 107.0988631, 21.7957005 ], [ 107.1115845, 21.7941013 ], [ 107.1126094, 21.7902152 ], [ 107.1202849, 21.7806563 ], [ 107.1321208, 21.776087 ], [ 107.1341684, 21.7685502 ], [ 107.1382154, 21.764204 ], [ 107.1435015, 21.7642244 ], [ 107.1581283, 21.7580321 ], [ 107.1602878, 21.7534425 ], [ 107.16319, 21.751685 ], [ 107.1690969, 21.7535935 ], [ 107.1743371, 21.7495457 ], [ 107.182396, 21.7485144 ], [ 107.1878278, 21.7437007 ], [ 107.1920136, 21.735817 ], [ 107.2002079, 21.7323097 ], [ 107.2065345, 21.7238437 ], [ 107.2281542, 21.7140753 ], [ 107.2315748, 21.708192 ], [ 107.2381251, 21.7063281 ], [ 107.2464284, 21.7065923 ], [ 107.2492451, 21.7186165 ], [ 107.2606149, 21.7300091 ], [ 107.2757021, 21.7350445 ], [ 107.2855216, 21.7340152 ], [ 107.2857585, 21.7380244 ], [ 107.2940452, 21.7432383 ], [ 107.2997079, 21.7433741 ], [ 107.307084, 21.7311451 ], [ 107.3116889, 21.7277495 ], [ 107.3203426, 21.726638 ], [ 107.3178649, 21.7155478 ], [ 107.3224244, 21.7070729 ], [ 107.3322613, 21.7005001 ], [ 107.3360086, 21.6900767 ], [ 107.3415468, 21.6893858 ], [ 107.344196, 21.6872713 ], [ 107.3467288, 21.6823267 ], [ 107.342967, 21.6786604 ], [ 107.3582981, 21.6648508 ], [ 107.357446, 21.6562407 ], [ 107.3617776, 21.6396271 ], [ 107.3605929, 21.6364989 ], [ 107.3524359, 21.6309331 ], [ 107.353716, 21.6242154 ], [ 107.3573727, 21.6213959 ], [ 107.3590349, 21.6131462 ], [ 107.3548401, 21.6076506 ], [ 107.360522, 21.6006742 ], [ 107.3676829, 21.6029705 ], [ 107.3815344, 21.5972312 ], [ 107.3918091, 21.6090521 ], [ 107.3964552, 21.6113053 ], [ 107.3934156, 21.6181365 ], [ 107.4054732, 21.6233577 ], [ 107.4059016, 21.6271913 ], [ 107.4148129, 21.6333467 ], [ 107.4140451, 21.6377077 ], [ 107.4154187, 21.641013 ], [ 107.4284717, 21.6505981 ], [ 107.4622063, 21.664773 ], [ 107.4718968, 21.6632634 ], [ 107.4780692, 21.6600944 ], [ 107.4821081, 21.6550336 ], [ 107.4867979, 21.6416021 ], [ 107.4905185, 21.6377784 ], [ 107.4953036, 21.6356668 ], [ 107.4905983, 21.6234941 ], [ 107.4945603, 21.6188195 ], [ 107.4952676, 21.6144271 ], [ 107.4896964, 21.6053279 ], [ 107.4807256, 21.5994483 ], [ 107.4874663, 21.5998601 ], [ 107.4968553, 21.5960909 ], [ 107.5137879, 21.5953251 ], [ 107.522076, 21.5913052 ], [ 107.5294069, 21.5915063 ], [ 107.5347699, 21.5952259 ], [ 107.5401491, 21.5900811 ], [ 107.5572873, 21.613355 ], [ 107.5672334, 21.6131755 ], [ 107.5724788, 21.6183196 ], [ 107.5794573, 21.6183472 ], [ 107.5900872, 21.6067808 ], [ 107.6199368, 21.6097957 ], [ 107.6475426, 21.6090748 ], [ 107.6655169, 21.614527 ], [ 107.6747261, 21.6095897 ], [ 107.6911915, 21.6168974 ], [ 107.713852, 21.6227462 ], [ 107.7194259, 21.6296665 ], [ 107.7289862, 21.6316804 ], [ 107.740411, 21.6398896 ], [ 107.7495349, 21.6437476 ], [ 107.7611051, 21.6437604 ], [ 107.7771834, 21.6493137 ], [ 107.7787824, 21.6546954 ], [ 107.7825254, 21.6568887 ], [ 107.7949012, 21.6548986 ], [ 107.8074724, 21.6588657 ], [ 107.8159777, 21.6575279 ], [ 107.8256817, 21.6540043 ], [ 107.8322991, 21.6446828 ], [ 107.8405339, 21.6424771 ], [ 107.8429822, 21.6443442 ], [ 107.8433765, 21.6499405 ], [ 107.8554513, 21.6557578 ], [ 107.8712803, 21.6469049 ], [ 107.8755668, 21.6409974 ], [ 107.8762063, 21.6323204 ], [ 107.8865503, 21.6260102 ], [ 107.8886637, 21.6163644 ], [ 107.8812887, 21.6128163 ], [ 107.8813475, 21.6097783 ], [ 107.8837413, 21.6076476 ], [ 107.8900931, 21.6071978 ], [ 107.8963654, 21.5953683 ], [ 107.8972802, 21.5889194 ], [ 107.9138275, 21.5870343 ], [ 107.922427, 21.5901822 ], [ 107.9276713, 21.5792039 ], [ 107.9402325, 21.5711324 ], [ 107.940633, 21.5652159 ], [ 107.9477856, 21.5461615 ], [ 107.9528273, 21.5381402 ], [ 107.9611411, 21.5381418 ], [ 107.9641594, 21.53617 ], [ 107.9746009, 21.5412581 ], [ 107.9776612, 21.5456186 ], [ 108.0030358, 21.548651 ], [ 108.0241078, 21.5494802 ], [ 108.0355475, 21.5465062 ], [ 108.0332775, 21.5456383 ], [ 108.0207582, 21.5475213 ], [ 108.0051874, 21.5445478 ], [ 108.0012948, 21.5420938 ], [ 108.0005798, 21.5373346 ], [ 108.0024068, 21.5345832 ], [ 108.0105094, 21.5341367 ], [ 108.0164669, 21.53079 ], [ 108.0197238, 21.5320539 ], [ 108.0215505, 21.5289305 ], [ 108.0218282, 21.5260674 ], [ 108.0204778, 21.5253982 ], [ 108.0073714, 21.5290429 ], [ 108.0029231, 21.5279276 ], [ 108.0064179, 21.5197473 ], [ 108.0022477, 21.5119017 ], [ 108.0021682, 21.5078859 ], [ 108.0096338, 21.4977717 ], [ 108.0114202, 21.4874714 ], [ 108.0197586, 21.4831574 ], [ 108.0526404, 21.4961667 ], [ 108.0667767, 21.4942293 ], [ 108.0676492, 21.4911055 ], [ 108.0662182, 21.4867181 ], [ 108.0523201, 21.4865731 ], [ 108.0344904, 21.4837133 ], [ 108.008759, 21.4731551 ], [ 107.9867632, 21.4541897 ], [ 107.9748548, 21.4373054 ], [ 107.9680271, 21.4341807 ], [ 107.9656452, 21.4343291 ], [ 107.9641759, 21.4366718 ], [ 107.9683031, 21.4457463 ], [ 107.9765194, 21.4593951 ], [ 107.9872388, 21.4666102 ], [ 107.9863649, 21.4726343 ], [ 107.9896603, 21.4766877 ], [ 107.9887862, 21.4850172 ], [ 107.9830678, 21.4894047 ], [ 107.9797322, 21.4897762 ], [ 107.9739349, 21.4876189 ], [ 107.9682557, 21.4926381 ], [ 107.9629343, 21.4941247 ], [ 107.9610288, 21.4914471 ], [ 107.9607129, 21.4822995 ], [ 107.9586491, 21.4776881 ], [ 107.9476119, 21.4727772 ], [ 107.9355439, 21.4648906 ], [ 107.9283966, 21.4664502 ], [ 107.9270453, 21.470094 ], [ 107.9291082, 21.4749289 ], [ 107.9339522, 21.475451 ], [ 107.9423527, 21.4846336 ], [ 107.9404991, 21.4906616 ], [ 107.9517766, 21.4905156 ], [ 107.9557465, 21.4952017 ], [ 107.9360864, 21.5055713 ], [ 107.9337036, 21.505645 ], [ 107.9313225, 21.5009591 ], [ 107.9220294, 21.5025921 ], [ 107.9212313, 21.5119621 ], [ 107.9172979, 21.5159393 ], [ 107.9173735, 21.5250119 ], [ 107.9158238, 21.5266845 ], [ 107.90129, 21.5216217 ], [ 107.8989065, 21.5226618 ], [ 107.8969171, 21.5294281 ], [ 107.8875437, 21.5295722 ], [ 107.8858384, 21.525221 ], [ 107.88759, 21.5183059 ], [ 107.8834987, 21.5151754 ], [ 107.8876749, 21.5088614 ], [ 107.8793359, 21.5075184 ], [ 107.8784987, 21.5127608 ], [ 107.8661074, 21.5134974 ], [ 107.8614102, 21.5287394 ], [ 107.8560087, 21.5286616 ], [ 107.8520786, 21.5261678 ], [ 107.8473182, 21.5190255 ], [ 107.8428811, 21.5054133 ], [ 107.8382763, 21.5031046 ], [ 107.8319558, 21.5104251 ], [ 107.8307605, 21.5148862 ], [ 107.8329005, 21.5201678 ], [ 107.8371111, 21.5192785 ], [ 107.83854, 21.5203207 ], [ 107.8390141, 21.5232957 ], [ 107.837105, 21.5265663 ], [ 107.8327755, 21.5269721 ], [ 107.8234113, 21.5170742 ], [ 107.8009756, 21.5138947 ], [ 107.798039, 21.5117354 ], [ 107.77976, 21.5210881 ], [ 107.7746714, 21.5253962 ], [ 107.7699517, 21.5197768 ], [ 107.751061, 21.5089733 ], [ 107.7452703, 21.5033147 ], [ 107.7593303, 21.5017687 ], [ 107.7700067, 21.5068742 ], [ 107.7728664, 21.5065797 ], [ 107.7790663, 21.5024214 ], [ 107.7943203, 21.4981227 ], [ 107.7944056, 21.4925451 ], [ 107.8009684, 21.4821764 ], [ 107.7974003, 21.4767441 ], [ 107.7946224, 21.4753285 ], [ 107.7924773, 21.4762189 ], [ 107.782437, 21.4712636 ], [ 107.783711, 21.4682156 ], [ 107.7802257, 21.4605517 ], [ 107.7719676, 21.4603202 ], [ 107.7700654, 21.4573433 ], [ 107.7675803, 21.4437673 ], [ 107.7594517, 21.4397734 ], [ 107.7489224, 21.4429288 ], [ 107.7461442, 21.4423306 ], [ 107.74933, 21.4347478 ], [ 107.7548557, 21.4286179 ], [ 107.7562907, 21.4239336 ], [ 107.7509721, 21.4234071 ], [ 107.750228, 21.4155592 ], [ 107.745794, 21.4065542 ], [ 107.7461173, 21.402166 ], [ 107.7343582, 21.4048837 ], [ 107.7273824, 21.4025157 ], [ 107.7288833, 21.4077986 ], [ 107.7259668, 21.410525 ], [ 107.7189566, 21.4102408 ], [ 107.7109718, 21.4145818 ], [ 107.7097823, 21.4136876 ], [ 107.7113788, 21.4078137 ], [ 107.7101132, 21.4047624 ], [ 107.7066208, 21.4044603 ], [ 107.7017677, 21.4113712 ], [ 107.6924816, 21.4100197 ], [ 107.6873152, 21.4139546 ], [ 107.6845803, 21.411459 ], [ 107.6866529, 21.4061809 ], [ 107.6802267, 21.4037915 ], [ 107.6768059, 21.4081751 ], [ 107.6746507, 21.415238 ], [ 107.6728237, 21.4158304 ], [ 107.6593907, 21.4025332 ], [ 107.6601966, 21.3956169 ], [ 107.6714762, 21.3910966 ], [ 107.6719582, 21.3877501 ], [ 107.6704552, 21.3846981 ], [ 107.6667273, 21.3830561 ], [ 107.6466093, 21.3810537 ], [ 107.6368436, 21.3824512 ], [ 107.6327662, 21.3769773 ], [ 107.6321385, 21.3731082 ], [ 107.634918, 21.3722945 ], [ 107.6389857, 21.361664 ], [ 107.6303809, 21.3582652 ], [ 107.6297516, 21.3552886 ], [ 107.6322163, 21.3529867 ], [ 107.6323831, 21.3486725 ], [ 107.6275484, 21.3453913 ], [ 107.6263338, 21.337318 ], [ 107.6230042, 21.3356014 ], [ 107.609822, 21.3401163 ], [ 107.6135716, 21.3301546 ], [ 107.6134231, 21.3250214 ], [ 107.6073938, 21.3243412 ], [ 107.605775, 21.3204328 ], [ 107.5975297, 21.3169959 ], [ 107.5978602, 21.3106731 ], [ 107.5960422, 21.307322 ], [ 107.6035106, 21.3024255 ], [ 107.6019362, 21.2963223 ], [ 107.5955046, 21.2987657 ], [ 107.5927175, 21.3035962 ], [ 107.577998, 21.3042754 ], [ 107.5676738, 21.3085704 ], [ 107.5691695, 21.3139296 ], [ 107.5717855, 21.3150506 ], [ 107.5678877, 21.3194322 ], [ 107.5585965, 21.3226871 ], [ 107.5476067, 21.3225534 ], [ 107.5391767, 21.3304959 ], [ 107.5349672, 21.3320493 ], [ 107.5339972, 21.3394863 ], [ 107.5242311, 21.3415485 ], [ 107.5228864, 21.3397602 ], [ 107.5250921, 21.3302058 ], [ 107.5224114, 21.3231328 ], [ 107.5139681, 21.3201016 ], [ 107.5114355, 21.3174923 ], [ 107.5124734, 21.3149652 ], [ 107.5098626, 21.3119093 ], [ 107.5027836, 21.3102214 ], [ 107.5034483, 21.3069107 ], [ 107.5104429, 21.3020162 ], [ 107.5099729, 21.2996345 ], [ 107.4869117, 21.3043808 ], [ 107.478799, 21.3117268 ], [ 107.4744038, 21.3085547 ], [ 107.4690886, 21.3082444 ], [ 107.4652588, 21.3159722 ], [ 107.4542305, 21.3155733 ], [ 107.4467456, 21.3247794 ], [ 107.444841, 21.324849 ], [ 107.4441704, 21.3234711 ], [ 107.4483969, 21.3161168 ], [ 107.4478605, 21.30942 ], [ 107.4330269, 21.3080435 ], [ 107.42764, 21.3051283 ], [ 107.4500158, 21.2907895 ], [ 107.4515375, 21.2857343 ], [ 107.4449597, 21.2832628 ], [ 107.421898, 21.2883 ], [ 107.4187183, 21.2903747 ], [ 107.4166346, 21.2973625 ], [ 107.4127414, 21.2990587 ], [ 107.4110037, 21.2966036 ], [ 107.4205067, 21.2759464 ], [ 107.4194149, 21.2696196 ], [ 107.4168715, 21.2712497 ], [ 107.4107307, 21.2819468 ], [ 107.4063578, 21.2850598 ], [ 107.4013049, 21.3020686 ], [ 107.392714, 21.3098709 ], [ 107.3885925, 21.3084461 ], [ 107.381669, 21.3148991 ], [ 107.3748353, 21.31793 ], [ 107.3712988, 21.3073561 ], [ 107.3614477, 21.311122 ], [ 107.3674723, 21.3006869 ], [ 107.369655, 21.2881946 ], [ 107.3666545, 21.2837967 ], [ 107.3643538, 21.2837901 ], [ 107.3606922, 21.2874994 ], [ 107.3587911, 21.2866011 ], [ 107.3621547, 21.2770136 ], [ 107.3683334, 21.2676198 ], [ 107.3642176, 21.2647809 ], [ 107.3626042, 21.2608702 ], [ 107.366878, 21.2272898 ], [ 107.3633982, 21.2121383 ], [ 107.3642937, 21.2050722 ], [ 107.3590275, 21.2027876 ], [ 107.3568194, 21.1990608 ], [ 107.3627805, 21.1949112 ], [ 107.3611316, 21.189921 ], [ 107.3609433, 21.1627233 ], [ 107.3566735, 21.1592135 ], [ 107.3555788, 21.1545967 ], [ 107.369683, 21.1570929 ], [ 107.370391, 21.1588065 ], [ 107.3681527, 21.1644555 ], [ 107.372975, 21.1688595 ], [ 107.378762, 21.1691735 ], [ 107.3787318, 21.1662341 ], [ 107.3756487, 21.1633978 ], [ 107.3766891, 21.1603498 ], [ 107.3817673, 21.159099 ], [ 107.3886219, 21.1349705 ], [ 107.3889167, 21.1294272 ], [ 107.3874176, 21.1271906 ], [ 107.3837744, 21.1261386 ], [ 107.3825934, 21.1236051 ], [ 107.3803916, 21.1180176 ], [ 107.3801453, 21.1082309 ], [ 107.3720113, 21.0989054 ], [ 107.3672475, 21.1014221 ], [ 107.3653265, 21.1004605 ], [ 107.3664723, 21.0960616 ], [ 107.3747805, 21.0880849 ], [ 107.3747862, 21.0862988 ], [ 107.3699575, 21.084499 ], [ 107.3580695, 21.0844648 ], [ 107.3492056, 21.0807177 ], [ 107.3491335, 21.0785592 ], [ 107.3529551, 21.0732864 ], [ 107.362435, 21.0703742 ], [ 107.3646667, 21.0664361 ], [ 107.3639779, 21.0468228 ], [ 107.3615192, 21.0412071 ], [ 107.3625023, 21.037664 ], [ 107.36906, 21.0312447 ], [ 107.370661, 21.026188 ], [ 107.3620769, 21.0103097 ], [ 107.3540625, 21.0022105 ], [ 107.349061, 21.0053964 ], [ 107.3398829, 21.0019453 ], [ 107.3378402, 20.9969522 ], [ 107.3354679, 20.9956797 ], [ 107.3256107, 20.994124 ], [ 107.3129935, 21.0002631 ], [ 107.3044371, 21.0004596 ], [ 107.3005442, 20.9925202 ], [ 107.2937309, 20.9927218 ], [ 107.2920357, 21.0014251 ], [ 107.2734284, 20.9989084 ], [ 107.2717534, 21.0019547 ], [ 107.2638712, 21.0018914 ], [ 107.2637274, 20.9980204 ], [ 107.2580319, 20.9958427 ], [ 107.2572287, 20.9987429 ], [ 107.2509701, 20.9987963 ], [ 107.2499283, 21.0019189 ], [ 107.2477087, 21.0022835 ], [ 107.243848, 20.9968368 ], [ 107.2369517, 20.9979296 ], [ 107.2343492, 20.9949432 ], [ 107.2256093, 20.991526 ], [ 107.223312, 20.991518 ], [ 107.2217182, 20.9938942 ], [ 107.2187092, 20.9935859 ], [ 107.2138187, 20.9909257 ], [ 107.2142173, 20.9877641 ], [ 107.2293524, 20.9864776 ], [ 107.224509, 20.978415 ], [ 107.211324, 20.968661 ], [ 107.1979597, 20.9634023 ], [ 107.1860929, 20.9499123 ], [ 107.1738962, 20.9505474 ], [ 107.1798291, 20.9428278 ], [ 107.1845315, 20.9451528 ], [ 107.1891364, 20.9424155 ], [ 107.1902584, 20.9392187 ], [ 107.1885677, 20.9363465 ], [ 107.1819039, 20.9390762 ], [ 107.1769289, 20.9357079 ], [ 107.1743941, 20.9358473 ], [ 107.1721574, 20.9403799 ], [ 107.1697787, 20.9410409 ], [ 107.1675702, 20.9389483 ], [ 107.1670089, 20.9338847 ], [ 107.1641118, 20.932831 ], [ 107.1608059, 20.9288099 ], [ 107.1532949, 20.9253457 ], [ 107.1521834, 20.9260114 ], [ 107.1530951, 20.9325537 ], [ 107.1611625, 20.9372863 ], [ 107.1635984, 20.941762 ], [ 107.1628716, 20.9450346 ], [ 107.154935, 20.9395144 ], [ 107.1496176, 20.9394512 ], [ 107.1454733, 20.9322772 ], [ 107.1423554, 20.9352937 ], [ 107.1432864, 20.9413492 ], [ 107.13995, 20.9436439 ], [ 107.1356641, 20.9391294 ], [ 107.1191967, 20.9380905 ], [ 107.107453, 20.9407235 ], [ 107.0988626, 20.9488026 ], [ 107.0922338, 20.9521625 ], [ 107.0832892, 20.9510834 ], [ 107.080443, 20.9500294 ], [ 107.077847, 20.9462966 ], [ 107.073569, 20.9465765 ], [ 107.0661226, 20.9552173 ], [ 107.0658733, 20.9609481 ], [ 107.0620092, 20.9625605 ], [ 107.0559031, 20.9579012 ], [ 107.0456163, 20.9534108 ], [ 107.0275931, 20.9476693 ], [ 107.0026231, 20.9546656 ], [ 106.9899565, 20.9537849 ], [ 106.983529, 20.9574594 ], [ 106.9771494, 20.9519426 ], [ 106.9691356, 20.9525913 ], [ 106.9628526, 20.9564031 ], [ 106.9490069, 20.9581211 ], [ 106.9459491, 20.9579693 ], [ 106.9404444, 20.9524556 ], [ 106.9347675, 20.9518795 ], [ 106.9228252, 20.9601328 ], [ 106.9167292, 20.9574875 ], [ 106.916615, 20.9552694 ], [ 106.9141648, 20.9538682 ], [ 106.9038746, 20.9558266 ], [ 106.9028976, 20.9539839 ], [ 106.9125563, 20.9484581 ], [ 106.9227012, 20.9380336 ], [ 106.926703, 20.9315579 ], [ 106.9264067, 20.9129682 ], [ 106.9232276, 20.9112629 ], [ 106.9080847, 20.910813 ], [ 106.8989435, 20.9062613 ], [ 106.8969434, 20.9075657 ], [ 106.8978328, 20.9170852 ], [ 106.8920143, 20.9188031 ], [ 106.8872723, 20.9230222 ], [ 106.8857458, 20.9274594 ], [ 106.8873154, 20.9316043 ], [ 106.8809546, 20.933991 ], [ 106.8812324, 20.9324651 ], [ 106.8775715, 20.9287952 ], [ 106.8737879, 20.9286013 ], [ 106.8718666, 20.9263644 ], [ 106.8713244, 20.9086458 ], [ 106.8699347, 20.9074239 ], [ 106.8570739, 20.901891 ], [ 106.8526672, 20.9021719 ], [ 106.8453113, 20.9069743 ], [ 106.8400785, 20.9039644 ], [ 106.8411225, 20.8990311 ], [ 106.8398162, 20.8906258 ], [ 106.8427732, 20.8820602 ], [ 106.8541107, 20.8649568 ], [ 106.8609185, 20.8602449 ], [ 106.8640435, 20.855879 ], [ 106.8699035, 20.8369225 ], [ 106.8655554, 20.8356946 ], [ 106.8650514, 20.8329358 ], [ 106.8706039, 20.8320927 ], [ 106.8765212, 20.8262593 ], [ 106.8796628, 20.8207286 ], [ 106.8799541, 20.8139156 ], [ 106.8857313, 20.8177483 ], [ 106.8880882, 20.8171263 ], [ 106.8912976, 20.8143691 ], [ 106.8941232, 20.8051914 ], [ 106.9002527, 20.8061729 ], [ 106.9016921, 20.8042783 ], [ 106.9014969, 20.8016228 ], [ 106.885902, 20.7952054 ], [ 106.8815189, 20.7942982 ], [ 106.8791291, 20.7981137 ], [ 106.8748438, 20.7981982 ], [ 106.8707001, 20.7932862 ], [ 106.8677746, 20.792208 ], [ 106.8499609, 20.7919033 ], [ 106.8471333, 20.793377 ], [ 106.8420662, 20.8192249 ], [ 106.8299589, 20.8368777 ], [ 106.829987, 20.8510177 ], [ 106.8194665, 20.8539538 ], [ 106.8094515, 20.8497042 ], [ 106.7988369, 20.8495435 ], [ 106.7942317, 20.8509626 ], [ 106.7845285, 20.8450295 ], [ 106.780853, 20.8452845 ], [ 106.7728826, 20.8358204 ], [ 106.7863548, 20.8225952 ], [ 106.7969168, 20.8202343 ], [ 106.8074614, 20.8206946 ], [ 106.8040811, 20.814092 ], [ 106.7958421, 20.8096127 ], [ 106.7791589, 20.8108649 ], [ 106.7730128, 20.8136527 ], [ 106.7700512, 20.8086643 ], [ 106.7633516, 20.813197 ], [ 106.7589058, 20.810415 ], [ 106.7579636, 20.8044309 ], [ 106.7448549, 20.7817808 ], [ 106.7401619, 20.7802759 ], [ 106.733302, 20.7833274 ], [ 106.7314582, 20.781973 ], [ 106.7356264, 20.7764872 ], [ 106.7556057, 20.7718973 ], [ 106.7777733, 20.7476298 ], [ 106.7890372, 20.7233668 ], [ 106.7910407, 20.7218994 ], [ 106.7990099, 20.7232869 ], [ 106.7991747, 20.7196591 ], [ 106.7912738, 20.7072514 ], [ 106.7902334, 20.7027434 ], [ 106.7915411, 20.6985841 ], [ 106.7952503, 20.6976636 ], [ 106.7962581, 20.6959219 ], [ 106.7941747, 20.6873088 ], [ 106.7999864, 20.6846691 ], [ 106.8062029, 20.6768907 ], [ 106.8006591, 20.6751134 ], [ 106.7903307, 20.687019 ], [ 106.7899951, 20.6952156 ], [ 106.7829692, 20.6975467 ], [ 106.7844247, 20.7003342 ], [ 106.7836758, 20.7023374 ], [ 106.7718415, 20.7053297 ], [ 106.7649473, 20.7142959 ], [ 106.7460096, 20.706158 ], [ 106.7148394, 20.6882202 ], [ 106.7047041, 20.6870077 ], [ 106.6985893, 20.6876636 ], [ 106.6968262, 20.6893987 ], [ 106.6906163, 20.6890049 ], [ 106.6949663, 20.6811845 ], [ 106.702355, 20.6726945 ], [ 106.6942113, 20.6570205 ], [ 106.6874108, 20.6507527 ], [ 106.6653946, 20.636205 ], [ 106.6471025, 20.6312498 ], [ 106.6237814, 20.6292603 ], [ 106.6238, 20.6266079 ], [ 106.6279885, 20.6216749 ], [ 106.6287708, 20.6146446 ], [ 106.6243362, 20.6025073 ], [ 106.6179169, 20.5947398 ], [ 106.6038123, 20.5856549 ], [ 106.5947356, 20.5739483 ], [ 106.5863602, 20.5667438 ], [ 106.5723719, 20.5589259 ], [ 106.5729952, 20.5571999 ], [ 106.5771693, 20.5568878 ], [ 106.5802149, 20.5548402 ], [ 106.5839363, 20.5441528 ], [ 106.5775118, 20.5398431 ], [ 106.5741771, 20.5249838 ], [ 106.587189, 20.481162 ], [ 106.5848159, 20.4718466 ], [ 106.5852852, 20.4620582 ], [ 106.5915734, 20.4558219 ], [ 106.5972574, 20.4411706 ], [ 106.5908244, 20.43071 ], [ 106.5913729, 20.4283282 ], [ 106.5952351, 20.4268464 ], [ 106.5828549, 20.3941263 ], [ 106.5778368, 20.3719977 ], [ 106.5732, 20.3705867 ], [ 106.5696773, 20.373063 ], [ 106.5684549, 20.3839895 ], [ 106.5663277, 20.3843523 ], [ 106.5647574, 20.3812034 ], [ 106.5642605, 20.3749232 ], [ 106.5672912, 20.3684241 ], [ 106.5741577, 20.3667008 ], [ 106.5771005, 20.3637067 ], [ 106.5786575, 20.3504083 ], [ 106.5777583, 20.3462592 ], [ 106.5825591, 20.3432769 ], [ 106.5828274, 20.3322113 ], [ 106.5872415, 20.3186104 ], [ 106.5867588, 20.3081546 ], [ 106.5880679, 20.3042344 ], [ 106.5864198, 20.2958941 ], [ 106.5770323, 20.2841218 ], [ 106.5724262, 20.2810367 ], [ 106.5671543, 20.2806969 ], [ 106.5646303, 20.2821883 ], [ 106.5613099, 20.2767418 ], [ 106.5761779, 20.2624186 ], [ 106.5757126, 20.2609135 ], [ 106.5695396, 20.2584702 ], [ 106.5704451, 20.2431545 ], [ 106.5643388, 20.2316985 ], [ 106.5486875, 20.2248953 ], [ 106.5422097, 20.2301739 ], [ 106.5454118, 20.2386064 ], [ 106.5445861, 20.2398883 ], [ 106.5274364, 20.2350965 ], [ 106.5172422, 20.2400061 ], [ 106.5139931, 20.2379243 ], [ 106.5131084, 20.2350001 ], [ 106.4921493, 20.226123 ], [ 106.4913031, 20.2209323 ], [ 106.4798947, 20.2180082 ], [ 106.4363551, 20.2137426 ], [ 106.4244259, 20.207768 ], [ 106.4032451, 20.2072339 ], [ 106.4023883, 20.203644 ], [ 106.3950937, 20.1993208 ], [ 106.3532192, 20.1788808 ], [ 106.3528339, 20.1768191 ], [ 106.3553464, 20.1749315 ], [ 106.3392408, 20.1556706 ], [ 106.3231831, 20.1406025 ], [ 106.2937984, 20.1077465 ], [ 106.2857057, 20.1017293 ], [ 106.2677057, 20.0798257 ], [ 106.231578, 20.041714 ], [ 106.1957767, 20.0000002 ], [ 106.1930933, 19.9986788 ], [ 106.1931154, 20.0004992 ], [ 106.1866502, 20.0003265 ], [ 106.1808806, 19.9885659 ], [ 106.1812482, 19.9785898 ], [ 106.1795342, 19.9736238 ], [ 106.1568926, 19.9534695 ], [ 106.1528924, 19.9534359 ], [ 106.1491937, 19.9567763 ], [ 106.1609407, 19.9602466 ], [ 106.1601421, 19.9624526 ], [ 106.1462758, 19.9598072 ], [ 106.1433478, 19.9638916 ], [ 106.1445383, 19.9672732 ], [ 106.1366144, 19.968451 ], [ 106.104626, 19.9580376 ], [ 106.105449, 19.9539654 ], [ 106.1072269, 19.9535925 ], [ 106.1140271, 19.9561099 ], [ 106.1146153, 19.951715 ], [ 106.1123142, 19.9456865 ], [ 106.1047492, 19.9471948 ], [ 106.0911301, 19.9428853 ], [ 106.081317, 19.9233438 ], [ 106.0735956, 19.9198547 ], [ 106.0642897, 19.9182128 ], [ 106.0632994, 19.9213242 ], [ 106.0543313, 19.9270953 ], [ 106.0545694, 19.9307376 ], [ 106.0493962, 19.9443099 ], [ 106.0513576, 19.9469924 ], [ 106.0373336, 19.9596526 ], [ 106.0300827, 19.9617493 ], [ 106.0253869, 19.9666791 ], [ 106.0236685, 19.9709149 ], [ 106.0099379, 19.9624407 ], [ 106.0075126, 19.9680539 ], [ 105.9979032, 19.9713114 ], [ 105.9986211, 19.9587049 ], [ 105.994128, 19.9514862 ], [ 105.961372, 19.9317068 ], [ 105.9527825, 19.9220098 ], [ 105.9480279, 19.9083411 ], [ 105.9459691, 19.8918928 ], [ 105.9295049, 19.8908596 ], [ 105.9132129, 19.8845559 ], [ 105.9101166, 19.8882677 ], [ 105.9081919, 19.8875828 ], [ 105.908705, 19.8829757 ], [ 105.9131436, 19.8801628 ], [ 105.9285094, 19.8862382 ], [ 105.9454384, 19.887166 ], [ 105.9608019, 19.8913946 ], [ 105.9634846, 19.8905187 ], [ 105.9432024, 19.8624923 ], [ 105.9306042, 19.830582 ], [ 105.9288844, 19.8116272 ], [ 105.9346425, 19.7947156 ], [ 105.9318104, 19.7906369 ], [ 105.9306224, 19.7782477 ], [ 105.9085551, 19.7513789 ], [ 105.8949857, 19.7223627 ], [ 105.8873271, 19.7232209 ], [ 105.8821236, 19.7294864 ], [ 105.8773445, 19.7316129 ], [ 105.8644061, 19.720721 ], [ 105.8532021, 19.7060126 ], [ 105.8474156, 19.6956018 ], [ 105.8343832, 19.663634 ], [ 105.8231578, 19.6231369 ], [ 105.8190368, 19.5944661 ], [ 105.8160759, 19.5857381 ], [ 105.8108775, 19.5818546 ], [ 105.8074961, 19.5815101 ], [ 105.8060617, 19.582842 ], [ 105.8124507, 19.5925883 ], [ 105.8164046, 19.605313 ], [ 105.8131576, 19.6178466 ], [ 105.8106199, 19.6215263 ], [ 105.8031168, 19.6216448 ], [ 105.7956441, 19.615978 ], [ 105.7922695, 19.6116357 ], [ 105.7916315, 19.6037184 ], [ 105.7887355, 19.5990293 ], [ 105.7849113, 19.5991978 ], [ 105.7766198, 19.6081229 ], [ 105.7752142, 19.606866 ], [ 105.7780179, 19.6003706 ], [ 105.7874074, 19.5890142 ], [ 105.7973411, 19.60098 ], [ 105.7984565, 19.6086541 ], [ 105.8019863, 19.6126677 ], [ 105.8064181, 19.6130587 ], [ 105.8092894, 19.6067952 ], [ 105.8001158, 19.5872352 ], [ 105.8042763, 19.5715883 ], [ 105.8087792, 19.5692516 ], [ 105.8075206, 19.5744168 ], [ 105.810026, 19.5749597 ], [ 105.8121131, 19.5738414 ], [ 105.8132475, 19.5700211 ], [ 105.8072508, 19.5457799 ], [ 105.803754, 19.4964239 ], [ 105.8048057, 19.4624616 ], [ 105.8069229, 19.4446378 ], [ 105.8109336, 19.4290178 ], [ 105.8088459, 19.4269938 ], [ 105.8017, 19.4312924 ], [ 105.7957924, 19.4277732 ], [ 105.7916368, 19.4200843 ], [ 105.7906392, 19.4056264 ], [ 105.7878125, 19.4029677 ], [ 105.7855085, 19.4084598 ], [ 105.7877759, 19.415506 ], [ 105.7860094, 19.4179641 ], [ 105.7774534, 19.4185651 ], [ 105.7721331, 19.4149346 ], [ 105.7784096, 19.4108718 ], [ 105.7816543, 19.4058151 ], [ 105.7849041, 19.3749425 ], [ 105.7911256, 19.3547212 ], [ 105.797616, 19.3427813 ], [ 105.8132995, 19.3259332 ], [ 105.8154996, 19.3179854 ], [ 105.8031897, 19.3160443 ], [ 105.8015054, 19.3177275 ], [ 105.8031109, 19.3231124 ], [ 105.8020276, 19.3249192 ], [ 105.7933156, 19.3244275 ], [ 105.7980979, 19.3120538 ], [ 105.8061201, 19.3111025 ], [ 105.8098719, 19.3078306 ], [ 105.8038425, 19.2973426 ], [ 105.7987107, 19.2792403 ], [ 105.7929839, 19.2733604 ], [ 105.790167, 19.2733978 ], [ 105.7879917, 19.2778193 ], [ 105.782054, 19.2765473 ], [ 105.778484, 19.2726734 ], [ 105.7724664, 19.2596855 ], [ 105.7677835, 19.2368493 ], [ 105.7654667, 19.2329397 ], [ 105.7559213, 19.2266572 ], [ 105.7558314, 19.2365902 ], [ 105.7489668, 19.2421752 ], [ 105.744779, 19.2366784 ], [ 105.7458903, 19.2346811 ], [ 105.7449382, 19.2301227 ], [ 105.7345799, 19.21799 ], [ 105.7277019, 19.1786305 ], [ 105.7270235, 19.1361017 ], [ 105.7282808, 19.1191459 ], [ 105.7357665, 19.1053857 ], [ 105.723886, 19.1042521 ], [ 105.7162948, 19.0995265 ], [ 105.7145632, 19.1023366 ], [ 105.7149295, 19.1073908 ], [ 105.7096392, 19.1057193 ], [ 105.7084494, 19.0984342 ], [ 105.7004577, 19.0916836 ], [ 105.6905413, 19.0861245 ], [ 105.6886303, 19.0861043 ], [ 105.678732, 19.0971103 ], [ 105.6727743, 19.0980569 ], [ 105.668532, 19.0976076 ], [ 105.6615675, 19.0938969 ], [ 105.6517931, 19.0854082 ], [ 105.6409085, 19.0721594 ], [ 105.6221519, 19.0338738 ], [ 105.6179231, 19.0148366 ], [ 105.6166226, 18.9906789 ], [ 105.6124194, 18.9871983 ], [ 105.6111924, 18.9833461 ], [ 105.616231, 18.9791583 ], [ 105.6184675, 18.9565032 ], [ 105.6257914, 18.9210221 ], [ 105.6279385, 18.9189239 ], [ 105.6338527, 18.899035 ], [ 105.6372795, 18.8963444 ], [ 105.6467568, 18.8933149 ], [ 105.6484139, 18.8877762 ], [ 105.6557062, 18.8855815 ], [ 105.6592512, 18.8907721 ], [ 105.664768, 18.8817385 ], [ 105.6717608, 18.8824195 ], [ 105.6742524, 18.8780007 ], [ 105.6784219, 18.8752163 ], [ 105.6826298, 18.8781909 ], [ 105.6877466, 18.8760226 ], [ 105.6929123, 18.8651153 ], [ 105.7033682, 18.8524656 ], [ 105.7099069, 18.8492807 ], [ 105.7148699, 18.8511514 ], [ 105.7180722, 18.8493664 ], [ 105.7136745, 18.8444707 ], [ 105.7134928, 18.8418419 ], [ 105.7183073, 18.8355201 ], [ 105.7137854, 18.8348465 ], [ 105.7149347, 18.8226097 ], [ 105.7263572, 18.8021681 ], [ 105.7566301, 18.7693408 ], [ 105.7572013, 18.7657092 ], [ 105.7538381, 18.7631485 ], [ 105.7591394, 18.7581737 ], [ 105.7693087, 18.7599815 ], [ 105.7759893, 18.7577145 ], [ 105.7975212, 18.6672974 ], [ 105.8064565, 18.6402552 ], [ 105.8182658, 18.6117249 ], [ 105.8353741, 18.5777384 ], [ 105.8549498, 18.5451383 ], [ 105.8562271, 18.539643 ], [ 105.8627565, 18.5331382 ], [ 105.8976924, 18.4838559 ], [ 105.9153796, 18.462903 ], [ 105.9156316, 18.4590648 ], [ 105.9103644, 18.4566897 ], [ 105.9251523, 18.4505556 ], [ 105.9309303, 18.4637472 ], [ 105.9380389, 18.4723044 ], [ 105.9407394, 18.4721784 ], [ 105.9411985, 18.4687464 ], [ 105.9367858, 18.4655715 ], [ 105.9389678, 18.459326 ], [ 105.9570115, 18.4288215 ], [ 105.9883477, 18.3860567 ], [ 106.0262313, 18.3430423 ], [ 106.063279, 18.3040738 ], [ 106.0890313, 18.2822545 ], [ 106.1113832, 18.2709013 ], [ 106.1135348, 18.2680416 ], [ 106.1116582, 18.2633765 ], [ 106.1050635, 18.2615267 ], [ 106.1032764, 18.2626431 ], [ 106.1064996, 18.2661617 ], [ 106.1057755, 18.2685329 ], [ 106.0984741, 18.2676781 ], [ 106.0811602, 18.249604 ], [ 106.088424, 18.2472303 ], [ 106.0948649, 18.2547396 ], [ 106.0971345, 18.2547594 ], [ 106.1008317, 18.2499806 ], [ 106.1000051, 18.2435584 ], [ 106.1044596, 18.2418468 ], [ 106.1045204, 18.2454521 ], [ 106.1102382, 18.2570436 ], [ 106.117937, 18.2569217 ], [ 106.1206741, 18.2596812 ], [ 106.1224848, 18.2664891 ], [ 106.1574332, 18.2682359 ], [ 106.1844872, 18.2531485 ], [ 106.2010073, 18.2379089 ], [ 106.2312794, 18.218252 ], [ 106.2408521, 18.2180467 ], [ 106.2476805, 18.2157434 ], [ 106.3025784, 18.1579322 ], [ 106.3541231, 18.1137238 ], [ 106.3543874, 18.1110369 ], [ 106.3523249, 18.110318 ], [ 106.3388363, 18.1174107 ], [ 106.3323964, 18.1166418 ], [ 106.3167577, 18.111073 ], [ 106.3073742, 18.1153692 ], [ 106.3051046, 18.1143573 ], [ 106.3079683, 18.1086921 ], [ 106.3144445, 18.1051447 ], [ 106.3210996, 18.105813 ], [ 106.3304127, 18.1097911 ], [ 106.3414502, 18.1003157 ], [ 106.3374667, 18.0885151 ], [ 106.3276893, 18.0887484 ], [ 106.3172847, 18.0869205 ], [ 106.3191254, 18.0840327 ], [ 106.3313023, 18.0806553 ], [ 106.3346674, 18.0764664 ], [ 106.3363668, 18.0659427 ], [ 106.3264095, 18.0549147 ], [ 106.33195, 18.0547038 ], [ 106.3415548, 18.0620761 ], [ 106.3422671, 18.0668102 ], [ 106.3394961, 18.0770688 ], [ 106.3401053, 18.0812882 ], [ 106.3481544, 18.0950729 ], [ 106.3610427, 18.1084312 ], [ 106.365119, 18.1091815 ], [ 106.3909794, 18.0997633 ], [ 106.4028008, 18.0992339 ], [ 106.4056823, 18.1016193 ], [ 106.4047237, 18.1139477 ], [ 106.410555, 18.123653 ], [ 106.4187956, 18.1277222 ], [ 106.4234444, 18.1241068 ], [ 106.4335279, 18.1234884 ], [ 106.4310274, 18.1162466 ], [ 106.4213134, 18.1048662 ], [ 106.4202645, 18.091652 ], [ 106.4286626, 18.0756767 ], [ 106.4398591, 18.0451237 ], [ 106.4560912, 18.0155819 ], [ 106.4664138, 17.999875 ], [ 106.4712727, 17.9956512 ], [ 106.4805248, 17.9828431 ], [ 106.4903036, 17.9664433 ], [ 106.4929617, 17.9648183 ], [ 106.502915, 17.9652254 ], [ 106.5082611, 17.9617597 ], [ 106.5082716, 17.9603588 ], [ 106.5029687, 17.9580933 ], [ 106.5037567, 17.9505841 ], [ 106.5065909, 17.945095 ], [ 106.5139871, 17.9430443 ], [ 106.5051927, 17.9364881 ], [ 106.4960556, 17.9225735 ], [ 106.4868704, 17.9238789 ], [ 106.4817662, 17.921869 ], [ 106.4681442, 17.903591 ], [ 106.457814, 17.8811958 ], [ 106.4467424, 17.877423 ], [ 106.4497603, 17.8740055 ], [ 106.4430511, 17.8564753 ], [ 106.4417936, 17.8303541 ], [ 106.4479264, 17.8024066 ], [ 106.4593859, 17.7655221 ], [ 106.4707969, 17.7394641 ], [ 106.4865916, 17.7142231 ], [ 106.4886349, 17.7090781 ], [ 106.4873455, 17.7079804 ], [ 106.4937551, 17.7015837 ], [ 106.4985555, 17.6835854 ], [ 106.5039327, 17.6726025 ], [ 106.5243366, 17.6440034 ], [ 106.5234504, 17.6419986 ], [ 106.5179287, 17.642393 ], [ 106.5158059, 17.6358202 ], [ 106.5198434, 17.6384895 ], [ 106.5224971, 17.6376704 ], [ 106.530271, 17.6296741 ], [ 106.5447586, 17.6198319 ], [ 106.5570013, 17.5932268 ], [ 106.5666652, 17.5764358 ], [ 106.5908809, 17.5394264 ], [ 106.6238479, 17.4969588 ], [ 106.6259598, 17.4926501 ], [ 106.6259865, 17.487724 ], [ 106.6286489, 17.483126 ], [ 106.6316083, 17.4833935 ], [ 106.6437245, 17.4641824 ], [ 106.6839287, 17.4167788 ], [ 106.7048314, 17.3942672 ], [ 106.7327267, 17.3680124 ], [ 106.7510763, 17.3474259 ], [ 106.8302085, 17.2824918 ], [ 106.8937588, 17.2364672 ], [ 106.9462442, 17.1948 ], [ 107.0232621, 17.1404797 ], [ 107.074527, 17.1085007 ], [ 107.0989569, 17.096284 ], [ 107.112085, 17.086612 ], [ 107.1131237, 17.0803481 ], [ 107.1093433, 17.0717949 ], [ 107.1129351, 17.0469529 ], [ 107.1074682, 17.039041 ], [ 107.1100751, 17.0210034 ], [ 107.1057914, 17.0122857 ], [ 107.1105039, 17.0129536 ], [ 107.1168774, 16.9997947 ], [ 107.1319409, 16.9758089 ], [ 107.1658214, 16.9334143 ], [ 107.1885849, 16.9103724 ], [ 107.1879322, 16.9052902 ], [ 107.1973091, 16.903488 ], [ 107.2113722, 16.8870578 ], [ 107.2445331, 16.8559413 ], [ 107.3403817, 16.7747079 ], [ 107.3565894, 16.7648132 ], [ 107.4069044, 16.728479 ], [ 107.506936, 16.6490175 ], [ 107.5817955, 16.5960506 ], [ 107.6057426, 16.5823144 ], [ 107.6126005, 16.5755273 ], [ 107.6358499, 16.5695472 ], [ 107.6505727, 16.562529 ], [ 107.6553439, 16.5570574 ], [ 107.6659344, 16.5543447 ], [ 107.7069694, 16.5261466 ], [ 107.7813053, 16.4684494 ], [ 107.8848775, 16.3776489 ], [ 107.8975539, 16.3693439 ], [ 107.9066917, 16.3655399 ], [ 107.921088, 16.3550883 ], [ 107.9330121, 16.342066 ], [ 107.9409584, 16.3410408 ], [ 107.9430227, 16.3427338 ], [ 107.943772, 16.3479929 ], [ 107.9460246, 16.3476308 ], [ 107.9587607, 16.3315849 ], [ 107.9742782, 16.3186516 ], [ 107.9897307, 16.3147843 ], [ 108.0088056, 16.3150929 ], [ 108.0220101, 16.3236653 ], [ 108.0240176, 16.3280538 ], [ 108.0232784, 16.3296869 ], [ 108.0142471, 16.3381079 ], [ 108.0157265, 16.3435171 ], [ 108.0176282, 16.3450479 ], [ 108.0218539, 16.3444352 ], [ 108.0271352, 16.3380046 ], [ 108.0317832, 16.3367792 ], [ 108.039386, 16.3200395 ], [ 108.0399133, 16.3158548 ], [ 108.0365852, 16.3114156 ], [ 108.0409136, 16.3001878 ], [ 108.0870394, 16.2302599 ], [ 108.0864049, 16.2280147 ], [ 108.0848211, 16.2279132 ], [ 108.0805987, 16.2299562 ], [ 108.0752181, 16.2411853 ], [ 108.0671709, 16.253002 ], [ 108.0616798, 16.2527995 ], [ 108.0560597, 16.262982 ], [ 108.045025, 16.2654851 ], [ 108.0348072, 16.2613789 ], [ 108.0320608, 16.256123 ], [ 108.0328777, 16.2474219 ], [ 108.0384446, 16.2307078 ], [ 108.0548064, 16.2174868 ], [ 108.0567068, 16.2172822 ], [ 108.071385, 16.2258513 ], [ 108.0788809, 16.224726 ], [ 108.0852144, 16.2217637 ], [ 108.0931346, 16.2255368 ], [ 108.1177806, 16.2132258 ], [ 108.1250675, 16.216794 ], [ 108.1301355, 16.2171993 ], [ 108.1405588, 16.213799 ], [ 108.1430444, 16.2202785 ], [ 108.1468465, 16.221909 ], [ 108.1675303, 16.2102584 ], [ 108.179041, 16.2139235 ], [ 108.1811551, 16.2167796 ], [ 108.1922769, 16.2115824 ], [ 108.1914346, 16.2018181 ], [ 108.178079, 16.2005537 ], [ 108.1726642, 16.1953783 ], [ 108.1641124, 16.1942112 ], [ 108.154371, 16.1902634 ], [ 108.151357, 16.1830189 ], [ 108.1517637, 16.1624013 ], [ 108.146644, 16.1616393 ], [ 108.1432698, 16.1662346 ], [ 108.136935, 16.163636 ], [ 108.1345273, 16.1539668 ], [ 108.1376091, 16.1461312 ], [ 108.1334372, 16.1414898 ], [ 108.1238336, 16.142057 ], [ 108.1210867, 16.1372104 ], [ 108.1211365, 16.1322091 ], [ 108.1229521, 16.1243234 ], [ 108.1321826, 16.1194187 ], [ 108.1299636, 16.1149291 ], [ 108.1307531, 16.1119687 ], [ 108.1420872, 16.0985908 ], [ 108.1526057, 16.0899844 ], [ 108.1676864, 16.0813485 ], [ 108.1847988, 16.0749808 ], [ 108.1970098, 16.0740768 ], [ 108.2048998, 16.0777183 ], [ 108.2128776, 16.0893462 ], [ 108.216623, 16.0890873 ], [ 108.2206819, 16.0862253 ], [ 108.2227352, 16.0825488 ], [ 108.2216205, 16.0523635 ], [ 108.2280252, 16.0490141 ], [ 108.2315766, 16.0413297 ], [ 108.2324382, 16.0338523 ], [ 108.2306421, 16.0313536 ], [ 108.2225176, 16.0289636 ], [ 108.2164191, 16.0223099 ], [ 108.209031, 16.0176731 ], [ 108.2050438, 16.0121398 ], [ 108.2044075, 16.0087211 ], [ 108.2134814, 16.0121826 ], [ 108.2154376, 16.0168758 ], [ 108.2222481, 16.0237584 ], [ 108.2336119, 16.0227512 ], [ 108.2370427, 16.025146 ], [ 108.2348748, 16.0428827 ], [ 108.2294283, 16.0536822 ], [ 108.2257231, 16.0890014 ], [ 108.2220919, 16.0970685 ], [ 108.2246262, 16.098852 ], [ 108.2303757, 16.0979274 ], [ 108.2321662, 16.0951186 ], [ 108.2293683, 16.0934885 ], [ 108.2292597, 16.0907839 ], [ 108.2344829, 16.0911865 ], [ 108.2409814, 16.0991915 ], [ 108.2402814, 16.1094245 ], [ 108.2376473, 16.1126936 ], [ 108.2306346, 16.1166308 ], [ 108.2206119, 16.1184786 ], [ 108.2150705, 16.1172594 ], [ 108.2110934, 16.1233618 ], [ 108.2126789, 16.1258099 ], [ 108.2183779, 16.1262124 ], [ 108.2198352, 16.1319522 ], [ 108.2262249, 16.1363854 ], [ 108.2304852, 16.1473275 ], [ 108.2452189, 16.156191 ], [ 108.25039, 16.1557257 ], [ 108.2579847, 16.1521954 ], [ 108.2708904, 16.1349814 ], [ 108.2734228, 16.134672 ], [ 108.2817129, 16.1387439 ], [ 108.2856696, 16.1381263 ], [ 108.292707, 16.1332942 ], [ 108.298185, 16.1267033 ], [ 108.3037475, 16.1239652 ], [ 108.3084996, 16.1261529 ], [ 108.3099186, 16.1395981 ], [ 108.3124063, 16.1444937 ], [ 108.3154689, 16.1457141 ], [ 108.3220061, 16.1418258 ], [ 108.3374295, 16.1193475 ], [ 108.3177959, 16.115652 ], [ 108.3109577, 16.1120641 ], [ 108.3086833, 16.108393 ], [ 108.3085382, 16.0997941 ], [ 108.3067406, 16.097245 ], [ 108.301834, 16.0971498 ], [ 108.2974668, 16.1049641 ], [ 108.2938284, 16.106296 ], [ 108.2833256, 16.1037074 ], [ 108.2787544, 16.0982783 ], [ 108.266197, 16.0973246 ], [ 108.2605865, 16.1035831 ], [ 108.2519279, 16.0986431 ], [ 108.2468492, 16.0872686 ], [ 108.2445356, 16.0718335 ], [ 108.2452611, 16.0612177 ], [ 108.2534056, 16.0363548 ], [ 108.2818037, 15.9779364 ], [ 108.3041614, 15.9444785 ], [ 108.3269537, 15.9235719 ], [ 108.3876031, 15.8851951 ], [ 108.3897064, 15.8827416 ], [ 108.3895277, 15.880031 ], [ 108.398575, 15.8730907 ], [ 108.4035698, 15.8711567 ], [ 108.4015418, 15.8584018 ], [ 108.4039446, 15.8478842 ], [ 108.4106872, 15.8211803 ], [ 108.4209067, 15.795388 ], [ 108.4493472, 15.7458266 ], [ 108.50642, 15.6558781 ], [ 108.554505, 15.588036 ], [ 108.5876439, 15.547222 ], [ 108.6170118, 15.5161103 ], [ 108.6298191, 15.507091 ], [ 108.6439569, 15.5003115 ], [ 108.6438583, 15.4956781 ], [ 108.6351322, 15.4966924 ], [ 108.6320533, 15.4839377 ], [ 108.6299478, 15.4816328 ], [ 108.6267772, 15.4832929 ], [ 108.6209344, 15.491949 ], [ 108.6137916, 15.4929051 ], [ 108.6066004, 15.4966674 ], [ 108.5989023, 15.4921769 ], [ 108.5975747, 15.4843669 ], [ 108.6061366, 15.4826544 ], [ 108.6101403, 15.4775381 ], [ 108.6244012, 15.4750484 ], [ 108.6265813, 15.4686379 ], [ 108.6207328, 15.4605557 ], [ 108.6205239, 15.4557846 ], [ 108.6219728, 15.4535201 ], [ 108.625583, 15.449303 ], [ 108.6381755, 15.4416689 ], [ 108.6492967, 15.4395007 ], [ 108.6520837, 15.4410619 ], [ 108.652675, 15.4438226 ], [ 108.642558, 15.4464902 ], [ 108.6409477, 15.4487553 ], [ 108.6437491, 15.4547742 ], [ 108.6436719, 15.4609902 ], [ 108.6476603, 15.4738491 ], [ 108.649866, 15.4756004 ], [ 108.6543312, 15.4756496 ], [ 108.6563808, 15.4691765 ], [ 108.6654857, 15.4537032 ], [ 108.6716889, 15.4512352 ], [ 108.671254, 15.4469044 ], [ 108.673672, 15.4444482 ], [ 108.6773061, 15.4477015 ], [ 108.6786166, 15.4525946 ], [ 108.6751136, 15.4595121 ], [ 108.6672278, 15.4619854 ], [ 108.6674301, 15.4644334 ], [ 108.6837263, 15.4742869 ], [ 108.6849416, 15.4773094 ], [ 108.6828678, 15.4851038 ], [ 108.6839741, 15.4869211 ], [ 108.6878564, 15.4867831 ], [ 108.6899203, 15.4847673 ], [ 108.6917057, 15.477039 ], [ 108.7002177, 15.4591803 ], [ 108.6950691, 15.4484608 ], [ 108.6977516, 15.4384065 ], [ 108.7082551, 15.42638 ], [ 108.7395297, 15.3986488 ], [ 108.7567026, 15.3897989 ], [ 108.7690438, 15.3863645 ], [ 108.7725975, 15.3685208 ], [ 108.7701058, 15.3596144 ], [ 108.7692118, 15.3456794 ], [ 108.7697162, 15.3422872 ], [ 108.7720355, 15.3400186 ], [ 108.7837789, 15.3419137 ], [ 108.7790008, 15.3519225 ], [ 108.7808758, 15.3684908 ], [ 108.776646, 15.3785517 ], [ 108.7766147, 15.3872162 ], [ 108.7783032, 15.388968 ], [ 108.7846454, 15.3898238 ], [ 108.7965656, 15.3945514 ], [ 108.805198, 15.4019278 ], [ 108.804826, 15.4059474 ], [ 108.7945222, 15.4176639 ], [ 108.7933726, 15.4214353 ], [ 108.7942902, 15.4244456 ], [ 108.7980399, 15.4238038 ], [ 108.8042217, 15.4166231 ], [ 108.8105497, 15.4137112 ], [ 108.8207966, 15.4200762 ], [ 108.8246765, 15.4196845 ], [ 108.8268678, 15.417667 ], [ 108.8217835, 15.4082688 ], [ 108.8252165, 15.4014748 ], [ 108.8312226, 15.3991285 ], [ 108.8318521, 15.3949195 ], [ 108.826524, 15.3811902 ], [ 108.8337757, 15.3674122 ], [ 108.843777, 15.3541254 ], [ 108.8495777, 15.3494564 ], [ 108.8559732, 15.3478613 ], [ 108.8639499, 15.3531031 ], [ 108.8693444, 15.3518256 ], [ 108.8688159, 15.3492535 ], [ 108.8635539, 15.343687 ], [ 108.8633381, 15.3386023 ], [ 108.8650649, 15.3341376 ], [ 108.8716804, 15.3312227 ], [ 108.8810534, 15.3304937 ], [ 108.8830458, 15.3277229 ], [ 108.877762, 15.3171341 ], [ 108.8702525, 15.3075587 ], [ 108.8680305, 15.3020427 ], [ 108.8686646, 15.2991521 ], [ 108.8888655, 15.269121 ], [ 108.9047257, 15.2525423 ], [ 108.9094272, 15.2487553 ], [ 108.9180746, 15.2457047 ], [ 108.9234459, 15.2471256 ], [ 108.9339157, 15.246829 ], [ 108.9386747, 15.2416599 ], [ 108.9399102, 15.2363178 ], [ 108.9400122, 15.2304785 ], [ 108.9336157, 15.2169452 ], [ 108.9258993, 15.2113282 ], [ 108.9205195, 15.2149301 ], [ 108.914466, 15.2139745 ], [ 108.915136, 15.2106212 ], [ 108.920671, 15.2056375 ], [ 108.9172306, 15.202262 ], [ 108.9148869, 15.2020209 ], [ 108.9134187, 15.2060139 ], [ 108.9097078, 15.207097 ], [ 108.9009038, 15.2037126 ], [ 108.8955057, 15.1959501 ], [ 108.8928639, 15.1830906 ], [ 108.8967633, 15.1518083 ], [ 108.8952687, 15.1498683 ], [ 108.8956789, 15.1258208 ], [ 108.900735, 15.1008121 ], [ 108.8984441, 15.0958069 ], [ 108.9014135, 15.093652 ], [ 108.901924, 15.0778287 ], [ 108.9200083, 15.0073079 ], [ 108.9409743, 14.9485116 ], [ 108.9635047, 14.8956087 ], [ 108.9778021, 14.863398 ], [ 108.9980822, 14.8288356 ], [ 109.0030372, 14.8134932 ], [ 109.0336755, 14.7634343 ], [ 109.0657962, 14.7161896 ], [ 109.0747658, 14.7057228 ], [ 109.0758961, 14.7000667 ], [ 109.0731694, 14.6964391 ], [ 109.0732757, 14.6921695 ], [ 109.0806789, 14.6783202 ], [ 109.0816819, 14.6730415 ], [ 109.0788152, 14.6672802 ], [ 109.0732692, 14.6666803 ], [ 109.0717331, 14.6686971 ], [ 109.0711778, 14.6855252 ], [ 109.0695292, 14.6906815 ], [ 109.0646417, 14.6928406 ], [ 109.0637207, 14.6893294 ], [ 109.0664568, 14.6703558 ], [ 109.0630413, 14.6581934 ], [ 109.0630096, 14.6521666 ], [ 109.0683397, 14.6242027 ], [ 109.071542, 14.5961869 ], [ 109.0800346, 14.5818932 ], [ 109.0783402, 14.5782606 ], [ 109.0699681, 14.578805 ], [ 109.0676397, 14.5770588 ], [ 109.064114, 14.5681619 ], [ 109.0655046, 14.5594791 ], [ 109.0777326, 14.5247136 ], [ 109.0949927, 14.4885164 ], [ 109.1208328, 14.4456434 ], [ 109.1200248, 14.4392445 ], [ 109.1160134, 14.4356246 ], [ 109.1127387, 14.4254721 ], [ 109.1142366, 14.4169268 ], [ 109.1237039, 14.3945919 ], [ 109.1192759, 14.3853246 ], [ 109.1190081, 14.3718295 ], [ 109.1334058, 14.3472598 ], [ 109.1616861, 14.3076952 ], [ 109.1798462, 14.283863 ], [ 109.1843032, 14.2826654 ], [ 109.1827049, 14.2794574 ], [ 109.1774061, 14.2774419 ], [ 109.1773684, 14.2709594 ], [ 109.1869122, 14.2544183 ], [ 109.1918601, 14.2501684 ], [ 109.1963007, 14.2355235 ], [ 109.1961023, 14.2330084 ], [ 109.1918325, 14.2276671 ], [ 109.1859695, 14.2304485 ], [ 109.1804434, 14.2242114 ], [ 109.1799561, 14.213753 ], [ 109.1841316, 14.1986348 ], [ 109.1931432, 14.1795217 ], [ 109.2123097, 14.1480308 ], [ 109.2195577, 14.1388605 ], [ 109.2249642, 14.1401058 ], [ 109.2258046, 14.1381032 ], [ 109.2192944, 14.127415 ], [ 109.2152639, 14.1268794 ], [ 109.2014891, 14.1307563 ], [ 109.1922551, 14.149365 ], [ 109.173225, 14.1755258 ], [ 109.1597831, 14.1707714 ], [ 109.162261, 14.1617954 ], [ 109.1593525, 14.1600909 ], [ 109.1592865, 14.1584819 ], [ 109.1648844, 14.1534568 ], [ 109.1661992, 14.1380605 ], [ 109.1714618, 14.1262006 ], [ 109.1851423, 14.1236276 ], [ 109.1963535, 14.1273244 ], [ 109.2028847, 14.1262963 ], [ 109.2078309, 14.1274804 ], [ 109.2037485, 14.1213351 ], [ 109.2034764, 14.1128426 ], [ 109.2125182, 14.0850334 ], [ 109.2300193, 14.0517203 ], [ 109.245866, 14.0252564 ], [ 109.2504653, 14.023521 ], [ 109.2519699, 14.0183354 ], [ 109.2504605, 14.0141511 ], [ 109.2446582, 14.0097849 ], [ 109.2476443, 13.9992342 ], [ 109.2536209, 13.9939949 ], [ 109.2552816, 13.9883943 ], [ 109.2524555, 13.9850992 ], [ 109.2474459, 13.9864151 ], [ 109.2465115, 13.981887 ], [ 109.2515504, 13.9675543 ], [ 109.2567362, 13.9666436 ], [ 109.2575683, 13.9641539 ], [ 109.2516941, 13.9607979 ], [ 109.2466045, 13.9601031 ], [ 109.2409127, 13.9562022 ], [ 109.2412582, 13.9434139 ], [ 109.2529653, 13.9179284 ], [ 109.2690866, 13.8959363 ], [ 109.2799666, 13.8872005 ], [ 109.2931227, 13.8867844 ], [ 109.295898, 13.8819016 ], [ 109.2918448, 13.8773711 ], [ 109.2906579, 13.8697431 ], [ 109.2911562, 13.8523734 ], [ 109.2969966, 13.8287212 ], [ 109.2966029, 13.8267362 ], [ 109.2872713, 13.8174775 ], [ 109.2832522, 13.805483 ], [ 109.2901281, 13.7846474 ], [ 109.2912978, 13.7763286 ], [ 109.2908488, 13.7713735 ], [ 109.2868249, 13.7622114 ], [ 109.2869909, 13.7554737 ], [ 109.2846628, 13.7550795 ], [ 109.2785717, 13.7631654 ], [ 109.2738597, 13.7630187 ], [ 109.26414, 13.7583231 ], [ 109.2513296, 13.7600321 ], [ 109.2486945, 13.7630515 ], [ 109.2549775, 13.7665141 ], [ 109.2590994, 13.7724682 ], [ 109.2518, 13.7782858 ], [ 109.2523546, 13.7860109 ], [ 109.2581872, 13.7840516 ], [ 109.2588429, 13.7936135 ], [ 109.273951, 13.7918027 ], [ 109.2772429, 13.7936494 ], [ 109.2782682, 13.7954514 ], [ 109.2771225, 13.8076781 ], [ 109.2807873, 13.8118557 ], [ 109.2812266, 13.8152944 ], [ 109.2803225, 13.8185371 ], [ 109.2760901, 13.8189709 ], [ 109.2672469, 13.8022544 ], [ 109.2639043, 13.801866 ], [ 109.2620077, 13.8038021 ], [ 109.2571874, 13.8152047 ], [ 109.2530848, 13.8511307 ], [ 109.2429313, 13.8972723 ], [ 109.2405305, 13.9021658 ], [ 109.2351088, 13.903445 ], [ 109.2253479, 13.9229569 ], [ 109.220955, 13.9250226 ], [ 109.2254105, 13.9145168 ], [ 109.2218048, 13.9090935 ], [ 109.2259013, 13.9048537 ], [ 109.2210192, 13.899701 ], [ 109.228499, 13.8997713 ], [ 109.2293609, 13.897411 ], [ 109.2237778, 13.8857027 ], [ 109.2262238, 13.8736627 ], [ 109.2258434, 13.8530033 ], [ 109.2210927, 13.8520315 ], [ 109.2187121, 13.8385207 ], [ 109.2237849, 13.8263945 ], [ 109.2242965, 13.8083711 ], [ 109.2268948, 13.8035745 ], [ 109.2263832, 13.7974042 ], [ 109.2213883, 13.7920091 ], [ 109.2191448, 13.7866896 ], [ 109.2367277, 13.7824815 ], [ 109.2378531, 13.7766853 ], [ 109.2467805, 13.7750438 ], [ 109.249204, 13.7727591 ], [ 109.2483803, 13.7709476 ], [ 109.2384009, 13.7713466 ], [ 109.2283973, 13.767772 ], [ 109.2205829, 13.7614599 ], [ 109.2145416, 13.7507669 ], [ 109.2138222, 13.7469114 ], [ 109.2177548, 13.7350262 ], [ 109.2163749, 13.7177793 ], [ 109.2202133, 13.7096409 ], [ 109.224926, 13.6926431 ], [ 109.2321526, 13.6789794 ], [ 109.2284161, 13.6654362 ], [ 109.2304533, 13.6570244 ], [ 109.2236961, 13.6425906 ], [ 109.2414088, 13.6084912 ], [ 109.2572358, 13.5891583 ], [ 109.2687118, 13.5791581 ], [ 109.2781857, 13.5736529 ], [ 109.2894381, 13.5743794 ], [ 109.2929116, 13.5735637 ], [ 109.2956748, 13.5704821 ], [ 109.2954929, 13.5677476 ], [ 109.289012, 13.570039 ], [ 109.2877206, 13.5691195 ], [ 109.2861785, 13.5606511 ], [ 109.2833899, 13.5583498 ], [ 109.2784125, 13.5576182 ], [ 109.2762969, 13.5547167 ], [ 109.2746558, 13.5465468 ], [ 109.2760136, 13.5365377 ], [ 109.2834931, 13.5318563 ], [ 109.2804917, 13.5279006 ], [ 109.2774456, 13.5275878 ], [ 109.2696021, 13.5335626 ], [ 109.2726208, 13.5403001 ], [ 109.271047, 13.5536553 ], [ 109.2680091, 13.5601312 ], [ 109.2661915, 13.5615992 ], [ 109.2607064, 13.5608371 ], [ 109.254541, 13.5704111 ], [ 109.2466732, 13.5728088 ], [ 109.2393811, 13.5919599 ], [ 109.230131, 13.6009223 ], [ 109.2235744, 13.6190092 ], [ 109.2203758, 13.6385671 ], [ 109.2178724, 13.6387139 ], [ 109.2118824, 13.6330519 ], [ 109.2096474, 13.6327997 ], [ 109.2111999, 13.6434549 ], [ 109.2086999, 13.649861 ], [ 109.2055993, 13.6520644 ], [ 109.2023347, 13.6494335 ], [ 109.2008404, 13.6313926 ], [ 109.1951973, 13.6270529 ], [ 109.192063, 13.6176982 ], [ 109.1939504, 13.6164291 ], [ 109.2033228, 13.6220062 ], [ 109.2058949, 13.6220578 ], [ 109.2118943, 13.6180495 ], [ 109.2215401, 13.6070986 ], [ 109.2370835, 13.5869064 ], [ 109.2379913, 13.5748797 ], [ 109.2443849, 13.5692787 ], [ 109.2424953, 13.5590237 ], [ 109.244166, 13.5556361 ], [ 109.2645372, 13.5567078 ], [ 109.2675721, 13.5551664 ], [ 109.26729, 13.5533135 ], [ 109.2582868, 13.5525061 ], [ 109.2523072, 13.5483026 ], [ 109.245419, 13.5282749 ], [ 109.2456693, 13.5249619 ], [ 109.2651475, 13.518919 ], [ 109.2814301, 13.510443 ], [ 109.28807, 13.5121911 ], [ 109.2924238, 13.5160722 ], [ 109.2921134, 13.5204453 ], [ 109.2878889, 13.5262994 ], [ 109.2904073, 13.5287346 ], [ 109.2929025, 13.5275273 ], [ 109.2980067, 13.521734 ], [ 109.3003187, 13.5077782 ], [ 109.2980816, 13.5069972 ], [ 109.2957485, 13.5123761 ], [ 109.2925661, 13.5118657 ], [ 109.2871168, 13.5058718 ], [ 109.2861229, 13.4984601 ], [ 109.2945153, 13.4780765 ], [ 109.3040139, 13.4669912 ], [ 109.3110335, 13.4648949 ], [ 109.3165256, 13.4671126 ], [ 109.3207799, 13.4765569 ], [ 109.3261891, 13.4711917 ], [ 109.3285077, 13.464178 ], [ 109.3261373, 13.4630756 ], [ 109.3210209, 13.4657411 ], [ 109.3162701, 13.4619799 ], [ 109.3140581, 13.4538535 ], [ 109.3183386, 13.4448289 ], [ 109.3112763, 13.4426382 ], [ 109.3087722, 13.4397009 ], [ 109.3095137, 13.4156754 ], [ 109.3006761, 13.4159692 ], [ 109.2979293, 13.4132328 ], [ 109.2975222, 13.406891 ], [ 109.2942192, 13.4063127 ], [ 109.290905, 13.4104028 ], [ 109.292095, 13.4149643 ], [ 109.2884097, 13.4183783 ], [ 109.2658275, 13.4136099 ], [ 109.2563381, 13.4281681 ], [ 109.2608585, 13.4348438 ], [ 109.2728024, 13.4347724 ], [ 109.2772222, 13.4412426 ], [ 109.288888, 13.4485144 ], [ 109.2909359, 13.4522466 ], [ 109.2882883, 13.4603394 ], [ 109.2839623, 13.46389 ], [ 109.2756129, 13.4655191 ], [ 109.2665846, 13.4785328 ], [ 109.2499781, 13.4848725 ], [ 109.2437675, 13.493096 ], [ 109.2390459, 13.4934908 ], [ 109.2339859, 13.4875728 ], [ 109.2268606, 13.4872469 ], [ 109.2257186, 13.483001 ], [ 109.2307063, 13.4767346 ], [ 109.2316138, 13.4722086 ], [ 109.2254903, 13.4645188 ], [ 109.2180289, 13.4484824 ], [ 109.2252815, 13.4332116 ], [ 109.2282569, 13.4311763 ], [ 109.2345483, 13.4323506 ], [ 109.2370115, 13.4297416 ], [ 109.2314087, 13.4248838 ], [ 109.2260191, 13.4264504 ], [ 109.2180737, 13.4181371 ], [ 109.2188158, 13.4160288 ], [ 109.2268209, 13.415016 ], [ 109.2292991, 13.4120447 ], [ 109.2260842, 13.3987572 ], [ 109.224858, 13.3975702 ], [ 109.2196395, 13.3985101 ], [ 109.2128943, 13.4062822 ], [ 109.2114955, 13.4053235 ], [ 109.21272, 13.3958634 ], [ 109.2211565, 13.3901424 ], [ 109.2333088, 13.3935976 ], [ 109.2421081, 13.3897364 ], [ 109.2435174, 13.3781565 ], [ 109.2464008, 13.3703779 ], [ 109.2609904, 13.3584034 ], [ 109.2596502, 13.3568662 ], [ 109.2545553, 13.3577897 ], [ 109.2465145, 13.3645488 ], [ 109.2383662, 13.3658762 ], [ 109.2353952, 13.3635758 ], [ 109.2299542, 13.3521638 ], [ 109.2348372, 13.3528597 ], [ 109.2398524, 13.3590592 ], [ 109.2433339, 13.3602218 ], [ 109.253315, 13.3524615 ], [ 109.2611028, 13.3510006 ], [ 109.2687879, 13.3654979 ], [ 109.2737887, 13.3663339 ], [ 109.2799091, 13.3644218 ], [ 109.2902098, 13.3662706 ], [ 109.2932861, 13.3638691 ], [ 109.2938186, 13.3567923 ], [ 109.2900257, 13.355083 ], [ 109.2892563, 13.3507841 ], [ 109.2915807, 13.3454414 ], [ 109.2963239, 13.3424633 ], [ 109.297459, 13.3355979 ], [ 109.2931497, 13.3348689 ], [ 109.2873456, 13.3379948 ], [ 109.281718, 13.3383335 ], [ 109.2784231, 13.3347696 ], [ 109.2771357, 13.3290244 ], [ 109.2774107, 13.3191673 ], [ 109.2887553, 13.2869392 ], [ 109.2863444, 13.2861051 ], [ 109.284317, 13.287606 ], [ 109.2754203, 13.3051924 ], [ 109.2666842, 13.3167622 ], [ 109.2645432, 13.3175575 ], [ 109.2599878, 13.3153349 ], [ 109.2569131, 13.3104136 ], [ 109.2642558, 13.2994395 ], [ 109.2638241, 13.2942092 ], [ 109.2585135, 13.2908174 ], [ 109.2460863, 13.2904996 ], [ 109.2520555, 13.2874323 ], [ 109.2597316, 13.2860664 ], [ 109.2603609, 13.2829327 ], [ 109.2547474, 13.2789069 ], [ 109.2544541, 13.2758521 ], [ 109.2558687, 13.2706109 ], [ 109.2611611, 13.2711663 ], [ 109.2625999, 13.2698373 ], [ 109.2629823, 13.2671453 ], [ 109.2596255, 13.260881 ], [ 109.2604064, 13.2540542 ], [ 109.280574, 13.2320734 ], [ 109.2819741, 13.2326029 ], [ 109.2846075, 13.2506568 ], [ 109.2831763, 13.2570964 ], [ 109.2753975, 13.273722 ], [ 109.2760344, 13.2837682 ], [ 109.283154, 13.281231 ], [ 109.2894831, 13.2839068 ], [ 109.2925015, 13.287752 ], [ 109.2918864, 13.2930375 ], [ 109.2935343, 13.2932231 ], [ 109.3065263, 13.2765401 ], [ 109.314466, 13.2581762 ], [ 109.3120714, 13.254352 ], [ 109.3010216, 13.2506545 ], [ 109.3016745, 13.2357349 ], [ 109.3062821, 13.2307673 ], [ 109.2968953, 13.2255679 ], [ 109.2916069, 13.217629 ], [ 109.296576, 13.1989668 ], [ 109.3045127, 13.188233 ], [ 109.2990354, 13.1857482 ], [ 109.2961119, 13.1809249 ], [ 109.2911722, 13.1648666 ], [ 109.2909104, 13.1550392 ], [ 109.2943343, 13.1406172 ], [ 109.3006278, 13.1266912 ], [ 109.3275406, 13.0904614 ], [ 109.3218565, 13.0903014 ], [ 109.3137286, 13.0861223 ], [ 109.3096036, 13.0822401 ], [ 109.3078472, 13.0737524 ], [ 109.3006428, 13.068708 ], [ 109.3110757, 13.0695949 ], [ 109.3170753, 13.0763109 ], [ 109.3277856, 13.0795712 ], [ 109.329405, 13.0764079 ], [ 109.322955, 13.0731665 ], [ 109.3334358, 13.0708485 ], [ 109.3322396, 13.0785136 ], [ 109.3275664, 13.0862006 ], [ 109.328266, 13.0878372 ], [ 109.330097, 13.0869248 ], [ 109.3344535, 13.0809772 ], [ 109.3428219, 13.0617159 ], [ 109.3650243, 13.0222895 ], [ 109.3875783, 12.9924149 ], [ 109.390439, 12.9840565 ], [ 109.4179736, 12.9524922 ], [ 109.4167179, 12.9510452 ], [ 109.4126999, 12.9532842 ], [ 109.4092, 12.9532493 ], [ 109.4062731, 12.9502999 ], [ 109.4103096, 12.9507387 ], [ 109.4118558, 12.9477272 ], [ 109.4189931, 12.9454052 ], [ 109.42585, 12.9462491 ], [ 109.4000099, 12.9759382 ], [ 109.3912186, 12.9870712 ], [ 109.3911848, 12.9894941 ], [ 109.3936965, 12.9883899 ], [ 109.4090827, 12.9692033 ], [ 109.4297581, 12.9479125 ], [ 109.4302726, 12.9449438 ], [ 109.4269977, 12.9414753 ], [ 109.4273049, 12.9389397 ], [ 109.4412848, 12.9203785 ], [ 109.4539959, 12.9145678 ], [ 109.4499221, 12.9009338 ], [ 109.4515151, 12.8991213 ], [ 109.4561813, 12.899352 ], [ 109.457086, 12.8975442 ], [ 109.4528112, 12.8905363 ], [ 109.4578232, 12.8830142 ], [ 109.4497907, 12.8797853 ], [ 109.4520041, 12.8631437 ], [ 109.450724, 12.8605253 ], [ 109.4355418, 12.8569696 ], [ 109.426251, 12.8485317 ], [ 109.41831, 12.8499361 ], [ 109.4179226, 12.8519466 ], [ 109.4252242, 12.8602107 ], [ 109.4326215, 12.8656966 ], [ 109.4359471, 12.8710786 ], [ 109.4356233, 12.8820963 ], [ 109.4262379, 12.882141 ], [ 109.4166748, 12.8731413 ], [ 109.3995298, 12.8677195 ], [ 109.4009851, 12.8597721 ], [ 109.3903876, 12.8473066 ], [ 109.3768568, 12.838932 ], [ 109.362726, 12.8378413 ], [ 109.355147, 12.8247169 ], [ 109.3573853, 12.7992576 ], [ 109.3631816, 12.7773974 ], [ 109.3758966, 12.7477056 ], [ 109.3917784, 12.717993 ], [ 109.4250961, 12.6698134 ], [ 109.4417937, 12.665535 ], [ 109.4514878, 12.6700091 ], [ 109.4597208, 12.6517156 ], [ 109.4595901, 12.6494651 ], [ 109.4577702, 12.6486333 ], [ 109.4471318, 12.6508828 ], [ 109.4366338, 12.6486842 ], [ 109.4326706, 12.6417129 ], [ 109.4319284, 12.6366335 ], [ 109.434416, 12.6157162 ], [ 109.4275822, 12.5994402 ], [ 109.428118, 12.5969038 ], [ 109.4345131, 12.594234 ], [ 109.4385735, 12.5718247 ], [ 109.4371382, 12.5685702 ], [ 109.4316255, 12.5663188 ], [ 109.4255418, 12.5751774 ], [ 109.4145164, 12.5816676 ], [ 109.4126163, 12.5856764 ], [ 109.4128982, 12.6043229 ], [ 109.410504, 12.6059148 ], [ 109.401166, 12.6054704 ], [ 109.3982395, 12.6074034 ], [ 109.3955397, 12.6173835 ], [ 109.3884388, 12.6287247 ], [ 109.390486, 12.6321633 ], [ 109.4067676, 12.6371025 ], [ 109.4096151, 12.648547 ], [ 109.4057793, 12.6709933 ], [ 109.3957891, 12.6789022 ], [ 109.3944696, 12.6870163 ], [ 109.3916459, 12.6874102 ], [ 109.3885103, 12.6840723 ], [ 109.3928501, 12.673593 ], [ 109.39172, 12.6702983 ], [ 109.3780547, 12.6713634 ], [ 109.3720879, 12.6757176 ], [ 109.3676135, 12.674846 ], [ 109.364536, 12.6686931 ], [ 109.3691471, 12.658663 ], [ 109.3658806, 12.6470704 ], [ 109.3632247, 12.6439356 ], [ 109.3612032, 12.6442863 ], [ 109.3587644, 12.6479231 ], [ 109.3496949, 12.6652235 ], [ 109.3465607, 12.6648307 ], [ 109.342587, 12.6616476 ], [ 109.337186, 12.6533515 ], [ 109.3325095, 12.6594412 ], [ 109.3328802, 12.6635665 ], [ 109.3424787, 12.6684027 ], [ 109.3472157, 12.6859342 ], [ 109.3529527, 12.695748 ], [ 109.3556079, 12.6958248 ], [ 109.3567479, 12.689213 ], [ 109.3652526, 12.6901526 ], [ 109.3687552, 12.6941452 ], [ 109.3694827, 12.7029403 ], [ 109.3769846, 12.7080138 ], [ 109.37846, 12.7115316 ], [ 109.3777477, 12.7163584 ], [ 109.372321, 12.7216849 ], [ 109.3673803, 12.7311736 ], [ 109.3554442, 12.7602402 ], [ 109.3539376, 12.7663856 ], [ 109.3554089, 12.7865288 ], [ 109.3544533, 12.7979812 ], [ 109.353098, 12.8010673 ], [ 109.3474734, 12.8029233 ], [ 109.3426577, 12.8028414 ], [ 109.3239608, 12.795566 ], [ 109.3220207, 12.7910372 ], [ 109.322382, 12.776061 ], [ 109.3180705, 12.7681883 ], [ 109.3112716, 12.7655848 ], [ 109.2941962, 12.7632319 ], [ 109.2897287, 12.7546467 ], [ 109.2696687, 12.7329836 ], [ 109.2595936, 12.713061 ], [ 109.2539094, 12.7080664 ], [ 109.2390407, 12.7033695 ], [ 109.226792, 12.6959546 ], [ 109.2213411, 12.6850663 ], [ 109.2096467, 12.6710242 ], [ 109.2072149, 12.653777 ], [ 109.1963809, 12.6459774 ], [ 109.1808581, 12.6229129 ], [ 109.1815482, 12.6201136 ], [ 109.1863542, 12.6225444 ], [ 109.1903621, 12.6223342 ], [ 109.1992649, 12.6136725 ], [ 109.1997824, 12.6107803 ], [ 109.1944367, 12.5943947 ], [ 109.1933738, 12.5856394 ], [ 109.1887314, 12.5784052 ], [ 109.1930143, 12.5698826 ], [ 109.2074684, 12.5579627 ], [ 109.2073158, 12.5390557 ], [ 109.2100505, 12.539443 ], [ 109.2131216, 12.5504383 ], [ 109.2131655, 12.5578249 ], [ 109.2088587, 12.5688628 ], [ 109.2202927, 12.5843769 ], [ 109.2313589, 12.5952591 ], [ 109.2327124, 12.5931022 ], [ 109.2315608, 12.5834386 ], [ 109.2392187, 12.584334 ], [ 109.2423517, 12.5827038 ], [ 109.2416382, 12.5777386 ], [ 109.2354771, 12.5757601 ], [ 109.2325776, 12.5708076 ], [ 109.2282108, 12.5490753 ], [ 109.2291994, 12.5317443 ], [ 109.2372633, 12.509806 ], [ 109.2499519, 12.5073139 ], [ 109.2744818, 12.4870897 ], [ 109.2821574, 12.4913408 ], [ 109.2916349, 12.4781219 ], [ 109.2912311, 12.4650575 ], [ 109.2869206, 12.4578917 ], [ 109.2832837, 12.4421684 ], [ 109.2878942, 12.4282515 ], [ 109.2906545, 12.4247556 ], [ 109.2947197, 12.4228594 ], [ 109.318762, 12.4188203 ], [ 109.3273258, 12.4091547 ], [ 109.3363071, 12.4078742 ], [ 109.3397874, 12.4013342 ], [ 109.3367373, 12.3903117 ], [ 109.3285568, 12.389937 ], [ 109.3245826, 12.3871706 ], [ 109.32426, 12.3848625 ], [ 109.3286262, 12.3791286 ], [ 109.3263535, 12.3743978 ], [ 109.3218412, 12.3761435 ], [ 109.3129147, 12.3890904 ], [ 109.3087151, 12.3905185 ], [ 109.3048543, 12.3882004 ], [ 109.300072, 12.3797454 ], [ 109.2978797, 12.3557063 ], [ 109.2918356, 12.3480631 ], [ 109.2888286, 12.3474101 ], [ 109.2787004, 12.351078 ], [ 109.2768469, 12.358403 ], [ 109.2750475, 12.3601498 ], [ 109.2652886, 12.3592348 ], [ 109.2612054, 12.3611391 ], [ 109.2582546, 12.3696164 ], [ 109.2591649, 12.3724245 ], [ 109.26238, 12.3747112 ], [ 109.2625078, 12.3780698 ], [ 109.2442875, 12.3960859 ], [ 109.2426917, 12.4030781 ], [ 109.2391714, 12.4079331 ], [ 109.2156122, 12.4296233 ], [ 109.175565, 12.4571608 ], [ 109.1738063, 12.4515125 ], [ 109.1611999, 12.4353154 ], [ 109.1582162, 12.4333515 ], [ 109.1532282, 12.4330016 ], [ 109.1496415, 12.4303178 ], [ 109.1494209, 12.4265646 ], [ 109.1552379, 12.4248895 ], [ 109.1567903, 12.419227 ], [ 109.1537879, 12.4181438 ], [ 109.1470196, 12.4212562 ], [ 109.1399555, 12.4110243 ], [ 109.148454, 12.406501 ], [ 109.1545066, 12.4071291 ], [ 109.1666163, 12.4037873 ], [ 109.1821726, 12.4048126 ], [ 109.1976012, 12.3944791 ], [ 109.1990707, 12.3898133 ], [ 109.1945489, 12.3792621 ], [ 109.1939348, 12.3630699 ], [ 109.1997808, 12.3391194 ], [ 109.2285508, 12.3138053 ], [ 109.2409693, 12.3071226 ], [ 109.2326113, 12.2976031 ], [ 109.2151817, 12.2985253 ], [ 109.2045317, 12.2916111 ], [ 109.2009651, 12.2806924 ], [ 109.2010722, 12.277037 ], [ 109.2043485, 12.2709383 ], [ 109.2021298, 12.2673468 ], [ 109.1973441, 12.2658696 ], [ 109.1885102, 12.2692416 ], [ 109.1728432, 12.2707519 ], [ 109.1745859, 12.2680346 ], [ 109.183306, 12.266983 ], [ 109.1898444, 12.2631854 ], [ 109.1976714, 12.2619503 ], [ 109.1949093, 12.2525326 ], [ 109.19581, 12.2377665 ], [ 109.2028204, 12.2224019 ], [ 109.2153147, 12.21137 ], [ 109.2138956, 12.2051212 ], [ 109.210652, 12.2018753 ], [ 109.2051199, 12.2010909 ], [ 109.2006161, 12.2028395 ], [ 109.1948443, 12.2083131 ], [ 109.1815879, 12.21002 ], [ 109.1748279, 12.2039821 ], [ 109.1672555, 12.2088755 ], [ 109.1653178, 12.2083422 ], [ 109.1648769, 12.2056404 ], [ 109.1681342, 12.2014349 ], [ 109.1689358, 12.1966244 ], [ 109.17225, 12.1962433 ], [ 109.1765146, 12.2009349 ], [ 109.1826151, 12.2044373 ], [ 109.1881887, 12.2044514 ], [ 109.2062436, 12.1885707 ], [ 109.2075144, 12.1853896 ], [ 109.2060808, 12.176602 ], [ 109.1973538, 12.1727979 ], [ 109.1964451, 12.1670451 ], [ 109.2028615, 12.1617494 ], [ 109.2188473, 12.1549476 ], [ 109.2205788, 12.1518546 ], [ 109.2207546, 12.1427408 ], [ 109.214482, 12.1402315 ], [ 109.2127733, 12.1380088 ], [ 109.2102507, 12.1327091 ], [ 109.2088708, 12.1235762 ], [ 109.2046468, 12.1188209 ], [ 109.1966453, 12.1191884 ], [ 109.1939411, 12.1174818 ], [ 109.1920605, 12.1070442 ], [ 109.1929942, 12.0888886 ], [ 109.200312, 12.0634838 ], [ 109.2176852, 12.026809 ], [ 109.2291449, 12.0057869 ], [ 109.2448463, 11.9819172 ], [ 109.2522306, 11.9758418 ], [ 109.2577055, 11.9799062 ], [ 109.2685183, 11.9751754 ], [ 109.2700936, 11.9674274 ], [ 109.2692321, 11.9570125 ], [ 109.271606, 11.9523403 ], [ 109.2747856, 11.9516725 ], [ 109.2822616, 11.9559903 ], [ 109.2832754, 11.9548049 ], [ 109.2811824, 11.9467401 ], [ 109.2743011, 11.9448694 ], [ 109.2727936, 11.9361294 ], [ 109.2694491, 11.9348583 ], [ 109.2676859, 11.9374513 ], [ 109.2653673, 11.9374652 ], [ 109.2604354, 11.9336867 ], [ 109.2576293, 11.9298343 ], [ 109.2560636, 11.9202847 ], [ 109.2608262, 11.9030732 ], [ 109.2660141, 11.8984904 ], [ 109.2725323, 11.8842271 ], [ 109.2783081, 11.8811198 ], [ 109.2784606, 11.8777051 ], [ 109.2701323, 11.8666765 ], [ 109.2700503, 11.861247 ], [ 109.2609343, 11.8625751 ], [ 109.2590316, 11.8657604 ], [ 109.2555626, 11.8670328 ], [ 109.25265, 11.8645467 ], [ 109.2498303, 11.8550571 ], [ 109.2474697, 11.8542615 ], [ 109.2456322, 11.856703 ], [ 109.2463878, 11.8639011 ], [ 109.2397408, 11.8666713 ], [ 109.2350607, 11.8785329 ], [ 109.2297527, 11.8824328 ], [ 109.212262, 11.884241 ], [ 109.202854, 11.8808811 ], [ 109.2014706, 11.8821407 ], [ 109.2053758, 11.8957735 ], [ 109.2042489, 11.9079485 ], [ 109.2100183, 11.9185268 ], [ 109.2112892, 11.9253121 ], [ 109.2065585, 11.9238853 ], [ 109.2031436, 11.928321 ], [ 109.2106311, 11.9313098 ], [ 109.2140455, 11.9409132 ], [ 109.2119336, 11.9461475 ], [ 109.2039722, 11.9526797 ], [ 109.2046799, 11.9547241 ], [ 109.2114105, 11.9557097 ], [ 109.2119983, 11.957072 ], [ 109.2133865, 11.9760689 ], [ 109.2127063, 11.9786903 ], [ 109.2087987, 11.9810028 ], [ 109.2095402, 11.9883076 ], [ 109.204487, 12.0000002 ], [ 109.2052595, 12.015142 ], [ 109.2005631, 12.0305498 ], [ 109.1997738, 12.0417253 ], [ 109.1980772, 12.0439804 ], [ 109.1924957, 12.0446857 ], [ 109.1870348, 12.0563368 ], [ 109.18226, 12.0586091 ], [ 109.1810884, 12.0728746 ], [ 109.1771102, 12.0848544 ], [ 109.1771496, 12.0917031 ], [ 109.173259, 12.0991913 ], [ 109.1794523, 12.1054445 ], [ 109.1796059, 12.1122927 ], [ 109.170293, 12.1188569 ], [ 109.1607776, 12.1199762 ], [ 109.1512308, 12.105432 ], [ 109.1515571, 12.1026232 ], [ 109.1563766, 12.0979372 ], [ 109.1728505, 12.0876289 ], [ 109.1788883, 12.0571123 ], [ 109.1756919, 12.0563442 ], [ 109.1733503, 12.0654515 ], [ 109.1710748, 12.0662501 ], [ 109.1699013, 12.0604183 ], [ 109.171355, 12.0455339 ], [ 109.1756582, 12.04057 ], [ 109.1871323, 12.0338817 ], [ 109.1980727, 12.0237716 ], [ 109.2007685, 12.0170201 ], [ 109.1998574, 12.0074263 ], [ 109.1959744, 11.996779 ], [ 109.1982694, 11.9912271 ], [ 109.2034901, 11.9885135 ], [ 109.2046844, 11.9838244 ], [ 109.2041503, 11.9820573 ], [ 109.2012489, 11.9825114 ], [ 109.1979788, 11.9785469 ], [ 109.1848738, 11.9482359 ], [ 109.1875046, 11.942076 ], [ 109.1851721, 11.9396993 ], [ 109.1806462, 11.9389281 ], [ 109.1755685, 11.9329252 ], [ 109.1668982, 11.9172904 ], [ 109.1649948, 11.908404 ], [ 109.1613696, 11.9066511 ], [ 109.1562785, 11.9111932 ], [ 109.1525347, 11.9099273 ], [ 109.1499037, 11.9062931 ], [ 109.1538699, 11.903726 ], [ 109.1541591, 11.901399 ], [ 109.1513346, 11.8980054 ], [ 109.1465625, 11.8957349 ], [ 109.1377893, 11.9116297 ], [ 109.1338473, 11.9118881 ], [ 109.130453, 11.9087059 ], [ 109.1187206, 11.8882671 ], [ 109.118879, 11.8768319 ], [ 109.114394, 11.8681955 ], [ 109.1089533, 11.8501825 ], [ 109.1115225, 11.8454295 ], [ 109.1161699, 11.843755 ], [ 109.1160013, 11.8333602 ], [ 109.1222723, 11.8259239 ], [ 109.1326895, 11.8200677 ], [ 109.1423496, 11.8190899 ], [ 109.1505987, 11.8294423 ], [ 109.158835, 11.8469651 ], [ 109.1599454, 11.8564554 ], [ 109.1657533, 11.854302 ], [ 109.1709298, 11.86704 ], [ 109.1786677, 11.8714219 ], [ 109.1848246, 11.8773217 ], [ 109.1892574, 11.8761773 ], [ 109.1905896, 11.8741614 ], [ 109.1896705, 11.8719213 ], [ 109.179303, 11.8600921 ], [ 109.1760253, 11.8451676 ], [ 109.1806664, 11.8175291 ], [ 109.1833047, 11.8156684 ], [ 109.1908221, 11.8158897 ], [ 109.1933684, 11.8122099 ], [ 109.1859915, 11.8113552 ], [ 109.1843351, 11.8091236 ], [ 109.1845345, 11.7951967 ], [ 109.1891947, 11.788358 ], [ 109.2094759, 11.773645 ], [ 109.2128881, 11.7654487 ], [ 109.2096653, 11.760533 ], [ 109.2191681, 11.7553169 ], [ 109.2231252, 11.7577524 ], [ 109.2261253, 11.7563279 ], [ 109.2250732, 11.7531583 ], [ 109.2192106, 11.7494987 ], [ 109.2231475, 11.7469904 ], [ 109.2271234, 11.7495163 ], [ 109.2290768, 11.748408 ], [ 109.2308876, 11.7285752 ], [ 109.227964, 11.7234582 ], [ 109.211641, 11.7203364 ], [ 109.2048678, 11.7160117 ], [ 109.203191, 11.7163045 ], [ 109.2025577, 11.7203893 ], [ 109.1972938, 11.7280258 ], [ 109.193342, 11.7242579 ], [ 109.2020373, 11.7083746 ], [ 109.1861428, 11.6916925 ], [ 109.1882821, 11.6851381 ], [ 109.1812272, 11.6792328 ], [ 109.1756358, 11.6785937 ], [ 109.172162, 11.6655038 ], [ 109.1654711, 11.6232246 ], [ 109.1600502, 11.6254317 ], [ 109.1562019, 11.6251865 ], [ 109.1527307, 11.6234002 ], [ 109.1488978, 11.6182039 ], [ 109.1384672, 11.5908088 ], [ 109.1273899, 11.5786781 ], [ 109.1293279, 11.5678073 ], [ 109.1271807, 11.564334 ], [ 109.120731, 11.573745 ], [ 109.1042994, 11.5805162 ], [ 109.0906456, 11.5886695 ], [ 109.0774119, 11.5880157 ], [ 109.0675303, 11.5825438 ], [ 109.0548599, 11.5853976 ], [ 109.0414927, 11.604134 ], [ 109.0351604, 11.6098151 ], [ 109.0360878, 11.6136286 ], [ 109.0425559, 11.6204399 ], [ 109.0431806, 11.6242055 ], [ 109.0387301, 11.6296738 ], [ 109.0364594, 11.6386544 ], [ 109.0335757, 11.6407162 ], [ 109.0310581, 11.6418195 ], [ 109.023078, 11.6404699 ], [ 109.0210249, 11.6335375 ], [ 109.0120414, 11.6332833 ], [ 109.0093067, 11.6313129 ], [ 109.0149416, 11.617644 ], [ 109.0356286, 11.6026228 ], [ 109.0420338, 11.5922277 ], [ 109.0415757, 11.5904756 ], [ 109.0340112, 11.5889312 ], [ 109.0301373, 11.5864285 ], [ 109.0234583, 11.5745892 ], [ 109.0240869, 11.5612377 ], [ 109.0322862, 11.5489818 ], [ 109.0303532, 11.5401639 ], [ 109.0283027, 11.5386344 ], [ 109.0268803, 11.5400518 ], [ 109.0274844, 11.5507903 ], [ 109.0105449, 11.5468305 ], [ 109.0033783, 11.5430566 ], [ 109.0172156, 11.5412218 ], [ 109.0240045, 11.5374218 ], [ 109.0148154, 11.5293321 ], [ 109.0104202, 11.5143205 ], [ 109.0096485, 11.5027589 ], [ 109.012645, 11.4728448 ], [ 109.0092916, 11.4450699 ], [ 109.0116838, 11.4229252 ], [ 109.0095122, 11.4171537 ], [ 109.0062117, 11.414208 ], [ 109.0053337, 11.4099815 ], [ 109.0062222, 11.3872731 ], [ 109.0101726, 11.377242 ], [ 109.0185152, 11.3706564 ], [ 109.0191504, 11.363853 ], [ 109.0167196, 11.3602084 ], [ 108.9997558, 11.3502172 ], [ 108.9931887, 11.3508123 ], [ 108.985977, 11.3361812 ], [ 108.9727993, 11.3280642 ], [ 108.9598938, 11.316843 ], [ 108.947461, 11.3149253 ], [ 108.9311506, 11.308089 ], [ 108.9162592, 11.3090628 ], [ 108.9144402, 11.3166509 ], [ 108.8924243, 11.3343428 ], [ 108.8845432, 11.3382298 ], [ 108.8779182, 11.3387698 ], [ 108.8713546, 11.333642 ], [ 108.8542568, 11.3350246 ], [ 108.8441417, 11.3333207 ], [ 108.8394909, 11.3293549 ], [ 108.8364837, 11.3242194 ], [ 108.8254546, 11.3209645 ], [ 108.785932, 11.3140524 ], [ 108.7816215, 11.3084102 ], [ 108.7751339, 11.2891788 ], [ 108.7609375, 11.2868725 ], [ 108.755716, 11.283747 ], [ 108.7525493, 11.2796718 ], [ 108.7428648, 11.231398 ], [ 108.7318626, 11.212632 ], [ 108.7274592, 11.1857669 ], [ 108.714082, 11.1771546 ], [ 108.7047604, 11.1657445 ], [ 108.7019102, 11.1660047 ], [ 108.6999932, 11.1798724 ], [ 108.6931595, 11.1845767 ], [ 108.6698832, 11.1925484 ], [ 108.6426572, 11.1925012 ], [ 108.6320238, 11.1907237 ], [ 108.6238696, 11.186767 ], [ 108.6155901, 11.1768421 ], [ 108.61346, 11.1776082 ], [ 108.6134338, 11.1827489 ], [ 108.6105301, 11.1841157 ], [ 108.5955873, 11.185656 ], [ 108.5877245, 11.1848957 ], [ 108.5744863, 11.1787355 ], [ 108.5643997, 11.1667127 ], [ 108.5596846, 11.1640738 ], [ 108.5288236, 11.1571051 ], [ 108.5224721, 11.1540758 ], [ 108.516962, 11.1497444 ], [ 108.5067989, 11.13763 ], [ 108.4936482, 11.1144883 ], [ 108.4767598, 11.0721183 ], [ 108.4728693, 11.0543498 ], [ 108.4747878, 11.0488639 ], [ 108.4667288, 11.0466569 ], [ 108.4573501, 11.0416765 ], [ 108.445741, 11.0489997 ], [ 108.4324339, 11.0485459 ], [ 108.4235662, 11.0424604 ], [ 108.4165054, 11.0309815 ], [ 108.4122794, 11.0276533 ], [ 108.4084892, 11.0343291 ], [ 108.3957213, 11.0339273 ], [ 108.3788212, 11.0365267 ], [ 108.3739832, 11.0350213 ], [ 108.36168, 11.0265022 ], [ 108.3524315, 11.015205 ], [ 108.3443999, 10.9952735 ], [ 108.336559, 10.9543224 ], [ 108.3345627, 10.9519581 ], [ 108.3298776, 10.9520015 ], [ 108.3253775, 10.9590284 ], [ 108.3204912, 10.961509 ], [ 108.3118487, 10.9605212 ], [ 108.3074638, 10.9576123 ], [ 108.3003317, 10.9484661 ], [ 108.2964795, 10.9396527 ], [ 108.2932155, 10.9275033 ], [ 108.2939284, 10.9155546 ], [ 108.2894604, 10.914367 ], [ 108.2793474, 10.91735 ], [ 108.2783715, 10.919401 ], [ 108.2796655, 10.9387267 ], [ 108.2759363, 10.9427116 ], [ 108.2475328, 10.9527552 ], [ 108.2273972, 10.9560505 ], [ 108.2069287, 10.9510692 ], [ 108.1871179, 10.9380907 ], [ 108.1562788, 10.9311018 ], [ 108.1339448, 10.9354933 ], [ 108.1166131, 10.9277857 ], [ 108.1068149, 10.9185896 ], [ 108.1047757, 10.9186353 ], [ 108.1045511, 10.9224748 ], [ 108.0932663, 10.9209175 ], [ 108.0878358, 10.9180118 ], [ 108.0756542, 10.9071489 ], [ 108.0669953, 10.8943537 ], [ 108.0438888, 10.8505172 ], [ 108.0279081, 10.8082957 ], [ 108.0135301, 10.7383071 ], [ 108.0026797, 10.7197509 ], [ 107.9932404, 10.7076466 ], [ 107.9919877, 10.7004251 ], [ 107.9811908, 10.7064194 ], [ 107.9746365, 10.7076082 ], [ 107.9696942, 10.7069725 ], [ 107.9621061, 10.7019666 ], [ 107.9569221, 10.7077887 ], [ 107.9390786, 10.7153095 ], [ 107.912217, 10.7216698 ], [ 107.8960321, 10.7230337 ], [ 107.8773978, 10.7200443 ], [ 107.8568426, 10.712956 ], [ 107.8437683, 10.7052348 ], [ 107.8342488, 10.7078341 ], [ 107.8254705, 10.7054012 ], [ 107.8120782, 10.6963383 ], [ 107.788231, 10.6688696 ], [ 107.7742871, 10.655629 ], [ 107.7515692, 10.642074 ], [ 107.7266222, 10.6325874 ], [ 107.7039196, 10.6343003 ], [ 107.682495, 10.6270322 ], [ 107.6738747, 10.6223399 ], [ 107.6548416, 10.6080303 ], [ 107.61186, 10.5927489 ], [ 107.5895361, 10.5821878 ], [ 107.5603308, 10.5650078 ], [ 107.5483361, 10.554099 ], [ 107.5147351, 10.5070071 ], [ 107.5100611, 10.5026243 ], [ 107.4794209, 10.5016518 ], [ 107.4683683, 10.4985313 ], [ 107.459863, 10.491014 ], [ 107.4414879, 10.4692288 ], [ 107.4180644, 10.4675442 ], [ 107.3937481, 10.469288 ], [ 107.3712898, 10.4684096 ], [ 107.3471173, 10.4573914 ], [ 107.3471093, 10.4599227 ], [ 107.357844, 10.4676315 ], [ 107.3546137, 10.4684382 ], [ 107.3462677, 10.4643295 ], [ 107.3390714, 10.4630821 ], [ 107.3351952, 10.4589054 ], [ 107.3347896, 10.4563728 ], [ 107.3429724, 10.4595831 ], [ 107.3413138, 10.4553643 ], [ 107.3277739, 10.4506345 ], [ 107.3117941, 10.4409441 ], [ 107.2856741, 10.417426 ], [ 107.2553986, 10.3813225 ], [ 107.2396299, 10.3787459 ], [ 107.2160281, 10.4059756 ], [ 107.2037769, 10.4069921 ], [ 107.1755821, 10.4011995 ], [ 107.1757878, 10.402884 ], [ 107.1839518, 10.4070725 ], [ 107.1870731, 10.4103468 ], [ 107.1862781, 10.4232873 ], [ 107.1873975, 10.4299691 ], [ 107.1858224, 10.4306237 ], [ 107.1729792, 10.4131383 ], [ 107.1685092, 10.4096953 ], [ 107.1574746, 10.3899269 ], [ 107.1411836, 10.3832143 ], [ 107.1211018, 10.3707099 ], [ 107.1048491, 10.3562984 ], [ 107.0983968, 10.3485129 ], [ 107.0827413, 10.3239067 ], [ 107.0699297, 10.3356216 ], [ 107.0698667, 10.3394703 ], [ 107.0727133, 10.3427755 ], [ 107.0717704, 10.3470672 ], [ 107.0589023, 10.3570767 ], [ 107.060965, 10.3687397 ], [ 107.0536841, 10.3759583 ], [ 107.0561387, 10.3867879 ], [ 107.059459, 10.3882097 ], [ 107.062892, 10.3866134 ], [ 107.0712896, 10.3746645 ], [ 107.0755204, 10.3735876 ], [ 107.0813836, 10.3790597 ], [ 107.0782556, 10.3866891 ], [ 107.0798737, 10.3910517 ], [ 107.0900604, 10.3893674 ], [ 107.0999803, 10.3940255 ], [ 107.1027396, 10.3973309 ], [ 107.1062515, 10.4075406 ], [ 107.1139228, 10.412519 ], [ 107.1162137, 10.4118042 ], [ 107.1197453, 10.4072502 ], [ 107.1219303, 10.4084429 ], [ 107.1226615, 10.4121113 ], [ 107.125417, 10.4148042 ], [ 107.1388407, 10.4151521 ], [ 107.1440721, 10.418353 ], [ 107.1477323, 10.4241881 ], [ 107.1505918, 10.4442058 ], [ 107.1521377, 10.4455353 ], [ 107.1552335, 10.4443747 ], [ 107.1617478, 10.4456524 ], [ 107.1651868, 10.4483695 ], [ 107.1577713, 10.4506196 ], [ 107.1529499, 10.4629386 ], [ 107.1599345, 10.4727249 ], [ 107.1657296, 10.4774664 ], [ 107.1627309, 10.4782973 ], [ 107.1577599, 10.4767715 ], [ 107.1516742, 10.4686159 ], [ 107.1391169, 10.4704919 ], [ 107.1379063, 10.4687848 ], [ 107.1388528, 10.4608787 ], [ 107.1372333, 10.4598708 ], [ 107.1324225, 10.4696633 ], [ 107.1259357, 10.467734 ], [ 107.1249491, 10.4611215 ], [ 107.1217964, 10.4627104 ], [ 107.1153675, 10.4709938 ], [ 107.1137083, 10.4791973 ], [ 107.1047793, 10.4787589 ], [ 107.0961637, 10.4720479 ], [ 107.0868415, 10.4729743 ], [ 107.0868473, 10.4716726 ], [ 107.0917304, 10.4689904 ], [ 107.09843, 10.4686188 ], [ 107.1011678, 10.4691312 ], [ 107.1067219, 10.4754629 ], [ 107.1097655, 10.4756761 ], [ 107.1106112, 10.4678698 ], [ 107.1147368, 10.4642826 ], [ 107.1123527, 10.4523576 ], [ 107.1159319, 10.4459648 ], [ 107.1028496, 10.4442072 ], [ 107.1001459, 10.4359856 ], [ 107.0809381, 10.4315123 ], [ 107.0718444, 10.4342603 ], [ 107.0526556, 10.4477911 ], [ 107.0411071, 10.4653607 ], [ 107.0407961, 10.466761 ], [ 107.0450411, 10.4704851 ], [ 107.0471368, 10.4748107 ], [ 107.046545, 10.4818532 ], [ 107.0503465, 10.4863296 ], [ 107.0554932, 10.4872039 ], [ 107.0564951, 10.4944943 ], [ 107.0525294, 10.493531 ], [ 107.0436711, 10.4848469 ], [ 107.0398, 10.475042 ], [ 107.0275292, 10.4787288 ], [ 107.0238896, 10.4704396 ], [ 107.018319, 10.4743914 ], [ 106.9903148, 10.4725948 ], [ 106.9706875, 10.4807865 ], [ 106.9649233, 10.4640794 ], [ 106.961836, 10.4642633 ], [ 106.9461146, 10.4296466 ], [ 106.9609957, 10.4205394 ], [ 106.9718634, 10.4181808 ], [ 106.9729698, 10.4130221 ], [ 106.9692603, 10.4079468 ], [ 106.9029062, 10.3801135 ], [ 106.8884321, 10.3776543 ], [ 106.8768079, 10.3779827 ], [ 106.8642065, 10.3435987 ], [ 106.8299145, 10.3317761 ], [ 106.7974363, 10.3166972 ], [ 106.7808741, 10.3073014 ], [ 106.7807097, 10.2979695 ], [ 106.7788629, 10.291444 ], [ 106.773569, 10.2833473 ], [ 106.7676063, 10.2783313 ], [ 106.7690475, 10.2429114 ], [ 106.7753443, 10.2358957 ], [ 106.7796387, 10.2269251 ], [ 106.7784163, 10.2211795 ], [ 106.7735151, 10.2172397 ], [ 106.7718576, 10.1722376 ], [ 106.7760572, 10.1689011 ], [ 106.789753, 10.149751 ], [ 106.7893248, 10.14246 ], [ 106.7826982, 10.1310759 ], [ 106.7883519, 10.1210546 ], [ 106.7891843, 10.1129959 ], [ 106.787954, 10.1086469 ], [ 106.7797123, 10.0954187 ], [ 106.7490422, 10.0582379 ], [ 106.7311289, 10.0467221 ], [ 106.7139373, 10.0286056 ], [ 106.6881196, 10.0185991 ], [ 106.6703334, 10.0020283 ], [ 106.6630947, 9.9980021 ], [ 106.6538364, 9.9838704 ], [ 106.6475514, 9.9771492 ], [ 106.6592913, 9.9302246 ], [ 106.6624114, 9.9260759 ], [ 106.670546, 9.9067276 ], [ 106.6868938, 9.8867204 ], [ 106.6858853, 9.875771 ], [ 106.6750781, 9.8572281 ], [ 106.6601901, 9.8365275 ], [ 106.6476578, 9.8222996 ], [ 106.6413188, 9.8183662 ], [ 106.6502274, 9.8323424 ], [ 106.6502959, 9.8398906 ], [ 106.6314822, 9.8195735 ], [ 106.6364229, 9.8178923 ], [ 106.6361638, 9.8122665 ], [ 106.6307787, 9.8144028 ], [ 106.6274771, 9.8120998 ], [ 106.6248126, 9.8067407 ], [ 106.6178016, 9.8036277 ], [ 106.602087, 9.80929 ], [ 106.5606382, 9.745352 ], [ 106.5642479, 9.7428193 ], [ 106.5689244, 9.7314848 ], [ 106.5686605, 9.6971008 ], [ 106.5747012, 9.6960055 ], [ 106.5771735, 9.6916181 ], [ 106.5777949, 9.6744322 ], [ 106.5764166, 9.6660411 ], [ 106.5595553, 9.6228823 ], [ 106.544996, 9.6003379 ], [ 106.5269875, 9.5787634 ], [ 106.4984303, 9.5573967 ], [ 106.4611395, 9.5434905 ], [ 106.410516, 9.5281989 ], [ 106.4063396, 9.5300134 ], [ 106.4110287, 9.5361563 ], [ 106.4049907, 9.5373886 ], [ 106.4034669, 9.5393976 ], [ 106.3932624, 9.5320438 ], [ 106.3785063, 9.5285212 ], [ 106.3743318, 9.5300511 ], [ 106.3740246, 9.5326052 ], [ 106.3744305, 9.535733 ], [ 106.3789809, 9.5411655 ], [ 106.3674567, 9.5554211 ], [ 106.3414171, 9.580357 ], [ 106.3280643, 9.5893414 ], [ 106.3137597, 9.5938567 ], [ 106.2904956, 9.5749755 ], [ 106.2888355, 9.5674339 ], [ 106.2769996, 9.5407762 ], [ 106.2644623, 9.5210726 ], [ 106.2572043, 9.5137689 ], [ 106.2396423, 9.5031122 ], [ 106.2355659, 9.5038217 ], [ 106.2040585, 9.4955103 ], [ 106.2038105, 9.4884665 ], [ 106.1979164, 9.4661165 ], [ 106.1772061, 9.4390974 ], [ 106.1703644, 9.4259734 ], [ 106.1592236, 9.4204796 ], [ 106.1562289, 9.4109771 ], [ 106.1609352, 9.4164448 ], [ 106.1686118, 9.4133201 ], [ 106.1792314, 9.4128449 ], [ 106.1822511, 9.4120192 ], [ 106.1875058, 9.4039713 ], [ 106.1848953, 9.3871785 ], [ 106.1863409, 9.3787446 ], [ 106.1797353, 9.3694922 ], [ 106.1632757, 9.3555724 ], [ 106.1420132, 9.3447587 ], [ 106.1352369, 9.3443497 ], [ 106.1270249, 9.3384875 ], [ 106.1077299, 9.3395653 ], [ 106.1056562, 9.3425192 ], [ 106.09929, 9.3414444 ], [ 105.8741557, 9.2656682 ], [ 105.8123333, 9.2409398 ], [ 105.7403009, 9.2088105 ], [ 105.7392938, 9.2073918 ], [ 105.7402899, 9.2026319 ], [ 105.737797, 9.2004151 ], [ 105.7275008, 9.1974717 ], [ 105.6772817, 9.1767825 ], [ 105.6413057, 9.1590806 ], [ 105.5737619, 9.13387 ], [ 105.5399704, 9.1195635 ], [ 105.4991175, 9.0960159 ], [ 105.4778484, 9.0819415 ], [ 105.4566421, 9.063016 ], [ 105.4274995, 9.0260905 ], [ 105.4222296, 9.0213714 ], [ 105.4192457, 9.0209467 ], [ 105.4137539, 9.0235936 ], [ 105.4122805, 9.0167236 ], [ 105.3965922, 8.9982288 ], [ 105.3914542, 8.9849703 ], [ 105.3862329, 8.9583915 ], [ 105.3795316, 8.939083 ], [ 105.36789, 8.9210948 ], [ 105.3597635, 8.8949848 ], [ 105.3445428, 8.8611223 ], [ 105.3285921, 8.8352913 ], [ 105.3169826, 8.825344 ], [ 105.3073243, 8.8110249 ], [ 105.2688672, 8.7700789 ], [ 105.2541963, 8.7631037 ], [ 105.2334526, 8.7574288 ], [ 105.2211842, 8.7551814 ], [ 105.2165469, 8.7567454 ], [ 105.2155114, 8.7545403 ], [ 105.1925838, 8.7472118 ], [ 105.1798076, 8.7403828 ], [ 105.1700659, 8.7239235 ], [ 105.148631, 8.7047931 ], [ 105.1332196, 8.6790882 ], [ 105.1307411, 8.6759146 ], [ 105.1267468, 8.6748765 ], [ 105.1281763, 8.6608099 ], [ 105.1169986, 8.6466237 ], [ 105.1071446, 8.637095 ], [ 105.081092, 8.6288132 ], [ 105.0713654, 8.6235205 ], [ 105.0663366, 8.626028 ], [ 105.0576608, 8.624893 ], [ 105.0276263, 8.6108398 ], [ 105.0182317, 8.6083117 ], [ 105.0007186, 8.5982087 ], [ 104.9920795, 8.6006908 ], [ 104.9817592, 8.5999951 ], [ 104.9744032, 8.5979502 ], [ 104.9653278, 8.5906619 ], [ 104.9600684, 8.5885974 ], [ 104.931147, 8.5837507 ], [ 104.8872926, 8.5732112 ], [ 104.853186, 8.5683261 ], [ 104.8435075, 8.5649496 ], [ 104.8279681, 8.5658839 ], [ 104.8216205, 8.5682101 ], [ 104.8187991, 8.5720961 ], [ 104.8124866, 8.5763871 ], [ 104.8010442, 8.5807303 ], [ 104.7573019, 8.5901395 ], [ 104.7204045, 8.603053 ], [ 104.7151453, 8.6112218 ], [ 104.7143317, 8.6234083 ], [ 104.7114796, 8.6349373 ], [ 104.7156183, 8.6435167 ], [ 104.7263843, 8.648991 ], [ 104.7343526, 8.6483954 ], [ 104.7430176, 8.6453217 ], [ 104.7470312, 8.6410617 ], [ 104.7493771, 8.6340905 ], [ 104.754583, 8.6376427 ], [ 104.7562885, 8.6421228 ], [ 104.7992377, 8.6549027 ], [ 104.8032391, 8.655619 ], [ 104.81014, 8.6517295 ], [ 104.8155819, 8.6528605 ], [ 104.8039441, 8.661066 ], [ 104.788665, 8.6791706 ], [ 104.7816515, 8.698647 ], [ 104.7883125, 8.7145358 ], [ 104.7976963, 8.7246367 ], [ 104.8038916, 8.7240231 ], [ 104.8093742, 8.7273882 ], [ 104.8082743, 8.7287384 ], [ 104.8096218, 8.7305009 ], [ 104.8153197, 8.7310371 ], [ 104.8216437, 8.734918 ], [ 104.8221181, 8.7372744 ], [ 104.8290824, 8.7370744 ], [ 104.857515, 8.7445265 ], [ 104.8690648, 8.7509214 ], [ 104.8758745, 8.7608503 ], [ 104.8844804, 8.7810264 ], [ 104.8886404, 8.784457 ], [ 104.8957923, 8.7861435 ], [ 104.9003223, 8.7969957 ], [ 104.9004968, 8.8030457 ], [ 104.8980728, 8.8080439 ], [ 104.8946409, 8.8021798 ], [ 104.8722443, 8.7924968 ], [ 104.8235039, 8.7754226 ], [ 104.8089858, 8.773422 ], [ 104.8011445, 8.7776201 ], [ 104.7856759, 8.7966388 ], [ 104.7794233, 8.8113273 ], [ 104.7788799, 8.8176566 ], [ 104.7820275, 8.839946 ], [ 104.7949894, 8.8913567 ], [ 104.7996352, 8.9251413 ], [ 104.8022113, 8.9831449 ], [ 104.8004892, 9.0256 ], [ 104.8031181, 9.0297581 ], [ 104.8141903, 9.0323199 ], [ 104.8155886, 9.0350709 ], [ 104.8136971, 9.0379592 ], [ 104.8057126, 9.040591 ], [ 104.8018466, 9.0458146 ], [ 104.8072436, 9.123572 ], [ 104.8062658, 9.1822188 ], [ 104.8123175, 9.2065746 ], [ 104.8192126, 9.2629526 ], [ 104.826819, 9.4123106 ], [ 104.829609, 9.4147364 ], [ 104.8279846, 9.4174889 ], [ 104.8294801, 9.4621124 ], [ 104.834693, 9.5538627 ], [ 104.8561142, 9.7206678 ], [ 104.8610788, 9.7394419 ], [ 104.8711445, 9.7674392 ], [ 104.885188, 9.8276358 ], [ 104.895761, 9.8491547 ], [ 104.9002437, 9.8521927 ], [ 104.9056544, 9.8527757 ], [ 104.9115672, 9.8511852 ], [ 104.9140593, 9.8486242 ], [ 104.9321758, 9.8478693 ], [ 104.9419967, 9.8499426 ], [ 104.9542552, 9.8552239 ], [ 104.9639087, 9.8628347 ], [ 105.004306, 9.9078076 ], [ 105.0299917, 9.9311367 ], [ 105.0418156, 9.9396474 ], [ 105.0579432, 9.9480754 ], [ 105.07346, 9.9505277 ], [ 105.0791917, 9.9472022 ], [ 105.086219, 9.9286817 ], [ 105.0961945, 9.9279637 ], [ 105.1013081, 9.9303757 ], [ 105.1072279, 9.9517419 ], [ 105.0999799, 9.9555422 ], [ 105.0722626, 10.0138086 ], [ 105.0077872, 10.0808113 ], [ 104.9949096, 10.091524 ], [ 104.9822626, 10.0995629 ], [ 104.9715236, 10.1007822 ], [ 104.9527958, 10.0987086 ], [ 104.9034801, 10.0868615 ], [ 104.8910201, 10.0870056 ], [ 104.881991, 10.0905534 ], [ 104.8735574, 10.0970603 ], [ 104.864151, 10.1094107 ], [ 104.8460793, 10.1403992 ], [ 104.812856, 10.1862353 ], [ 104.7961806, 10.2020045 ], [ 104.7682458, 10.219799 ], [ 104.7466605, 10.2264397 ], [ 104.7312357, 10.2279683 ], [ 104.7190495, 10.2240749 ], [ 104.7025157, 10.2144449 ], [ 104.6897767, 10.2043862 ], [ 104.6709195, 10.1841699 ], [ 104.6468245, 10.1505139 ], [ 104.6471285, 10.1419423 ], [ 104.6422007, 10.1372985 ], [ 104.6377858, 10.1380216 ], [ 104.6312725, 10.1446651 ], [ 104.6156031, 10.1481836 ], [ 104.6112075, 10.1477156 ], [ 104.6064739, 10.143471 ], [ 104.5982373, 10.1453222 ], [ 104.5985849, 10.1485035 ], [ 104.6079998, 10.160168 ], [ 104.6081253, 10.1639567 ], [ 104.5955907, 10.1808129 ], [ 104.5875856, 10.1877658 ], [ 104.5936281, 10.1898727 ], [ 104.5948425, 10.193804 ], [ 104.5932787, 10.1995856 ], [ 104.5894062, 10.2045665 ], [ 104.5833961, 10.2084824 ], [ 104.590311, 10.2163149 ], [ 104.5845303, 10.2409168 ], [ 104.5854294, 10.248368 ], [ 104.5657935, 10.2775958 ], [ 104.5515464, 10.2897302 ], [ 104.5421756, 10.2926183 ], [ 104.5361426, 10.2863211 ], [ 104.5330953, 10.2782702 ], [ 104.5291195, 10.2780917 ], [ 104.5288428, 10.2810169 ], [ 104.5323636, 10.2879488 ], [ 104.5255281, 10.3022594 ], [ 104.5301459, 10.3115762 ], [ 104.5252939, 10.3248216 ], [ 104.5127434, 10.3427434 ], [ 104.4849519, 10.3718418 ], [ 104.4850609, 10.3776474 ], [ 104.4821648, 10.3802707 ], [ 104.4804131, 10.3795945 ], [ 104.4758764, 10.3836691 ], [ 104.4696256, 10.3827592 ], [ 104.443759, 10.3652336 ], [ 104.4413396, 10.3656706 ], [ 104.4406603, 10.3700805 ], [ 104.4442653, 10.3777896 ], [ 104.4414313, 10.3862478 ], [ 104.444062, 10.3907671 ], [ 104.4494008, 10.3948837 ], [ 104.4507615, 10.4006568 ], [ 104.4460567, 10.4136711 ], [ 104.4369374, 10.4229987 ], [ 104.4590299, 10.4291809 ], [ 104.4777149, 10.4284682 ], [ 104.4850623, 10.4234545 ], [ 104.4935407, 10.4121091 ], [ 104.4967398, 10.4166032 ], [ 104.5095574, 10.4215336 ], [ 104.5137968, 10.4399936 ], [ 104.5197217, 10.4486963 ], [ 104.5235242, 10.4519312 ], [ 104.5313651, 10.4532249 ], [ 104.5350891, 10.4493617 ], [ 104.5379045, 10.453391 ], [ 104.5471575, 10.4597581 ], [ 104.54798, 10.4703585 ], [ 104.5532434, 10.4832986 ], [ 104.5530358, 10.4941601 ], [ 104.5564485, 10.4997514 ], [ 104.563153, 10.5022199 ], [ 104.5706647, 10.4990165 ], [ 104.5810484, 10.5046593 ], [ 104.5794917, 10.5169949 ], [ 104.5817343, 10.5278812 ], [ 104.5893469, 10.53749 ], [ 104.5964924, 10.5408217 ], [ 104.6098775, 10.5390915 ], [ 104.6269675, 10.5311013 ], [ 104.6394019, 10.5323284 ], [ 104.6475687, 10.5406796 ], [ 104.6917024, 10.5393252 ], [ 104.7511658, 10.5202173 ], [ 104.7579181, 10.519808 ], [ 104.8652908, 10.5224676 ], [ 104.868891, 10.5245764 ], [ 104.8955269, 10.5475784 ], [ 104.9334366, 10.615445 ], [ 104.9604889, 10.6466695 ], [ 105.072089, 10.71024 ], [ 105.0910878, 10.7221757 ], [ 105.0925207, 10.7251134 ], [ 105.0876944, 10.7534968 ], [ 105.0831673, 10.760729 ], [ 105.060778, 10.7793845 ], [ 105.0587598, 10.8172934 ], [ 105.0298917, 10.8752561 ], [ 105.0282473, 10.8869072 ], [ 105.0296488, 10.8920347 ], [ 105.0377028, 10.9001179 ], [ 105.037883, 10.9133227 ], [ 105.0491241, 10.9310843 ], [ 105.0586708, 10.9378196 ], [ 105.0745223, 10.9446424 ], [ 105.0769408, 10.9596413 ], [ 105.0902487, 10.9545887 ], [ 105.0961318, 10.9546701 ], [ 105.1122081, 10.9621664 ], [ 105.1152419, 10.9556609 ], [ 105.1146292, 10.9469231 ], [ 105.0973201, 10.9226792 ], [ 105.1015649, 10.9208123 ], [ 105.1075236, 10.9190608 ], [ 105.129339, 10.9237609 ], [ 105.1575356, 10.9230441 ], [ 105.1721082, 10.9151727 ], [ 105.1806666, 10.9130874 ], [ 105.1980937, 10.9133206 ], [ 105.2186511, 10.9014919 ], [ 105.2342926, 10.8965643 ], [ 105.2480107, 10.8967445 ], [ 105.2613286, 10.8991189 ], [ 105.2717085, 10.8907074 ], [ 105.2858151, 10.8869178 ], [ 105.334527, 10.8609999 ], [ 105.336083, 10.8583111 ], [ 105.3576476, 10.8877536 ], [ 105.3662131, 10.8889035 ], [ 105.3673007, 10.8979996 ], [ 105.3712628, 10.9047383 ], [ 105.3783267, 10.903167 ], [ 105.3845493, 10.9195393 ], [ 105.4038293, 10.9307271 ], [ 105.4089094, 10.9446382 ], [ 105.4241786, 10.9741065 ], [ 105.4309105, 10.9741889 ], [ 105.4409228, 10.9610467 ], [ 105.4496284, 10.9559063 ], [ 105.4541423, 10.9568566 ], [ 105.4618472, 10.9643643 ], [ 105.4691297, 10.9656385 ], [ 105.4764548, 10.9629407 ], [ 105.4825967, 10.9531031 ], [ 105.4949442, 10.9484784 ], [ 105.4970787, 10.9542897 ], [ 105.5033986, 10.950231 ], [ 105.5371459, 10.9538149 ], [ 105.5504155, 10.9606213 ], [ 105.575452, 10.964761 ], [ 105.6379615, 10.9825809 ], [ 105.6668706, 10.9888917 ], [ 105.6909564, 11.0011336 ], [ 105.7063603, 11.0162723 ], [ 105.7244238, 11.0258786 ], [ 105.7753952, 11.0332681 ], [ 105.7829372, 11.0303892 ], [ 105.8097244, 10.9733987 ], [ 105.8172831, 10.9602745 ], [ 105.8623972, 10.9024292 ], [ 105.8628061, 10.8987663 ], [ 105.8486381, 10.8707524 ], [ 105.8483212, 10.8656155 ], [ 105.8513176, 10.8627127 ], [ 105.8818484, 10.8501889 ], [ 105.9067519, 10.8438384 ], [ 105.9297673, 10.8407665 ], [ 105.9319655, 10.8433549 ], [ 105.9315763, 10.8451844 ], [ 105.9251932, 10.8531884 ], [ 105.9251005, 10.8623546 ], [ 105.9283703, 10.8689872 ], [ 105.9471561, 10.8812726 ], [ 105.9482391, 10.8842167 ], [ 105.9439991, 10.9003102 ], [ 105.9383158, 10.9123559 ], [ 105.9382642, 10.9174894 ], [ 105.9416015, 10.9175221 ], [ 106.0074344, 10.859485 ], [ 106.0604424, 10.8211141 ], [ 106.0731096, 10.8142641 ], [ 106.0894411, 10.8118468 ], [ 106.1598195, 10.8156207 ], [ 106.188789, 10.7909872 ], [ 106.1877967, 10.8284806 ], [ 106.1852852, 10.8420204 ], [ 106.160634, 10.8790403 ], [ 106.1600945, 10.8869349 ], [ 106.1339805, 10.9157843 ], [ 106.1371548, 10.9259201 ], [ 106.1477641, 10.9419476 ], [ 106.1440991, 10.9526727 ], [ 106.1413444, 10.9777702 ], [ 106.1535098, 10.9842237 ], [ 106.1849481, 10.9728117 ], [ 106.2014992, 10.9764112 ], [ 106.1938647, 10.9922262 ], [ 106.1872488, 11.0489085 ], [ 106.1725223, 11.0748983 ], [ 106.1535182, 11.1017496 ], [ 106.1461086, 11.1034692 ], [ 106.1355253, 11.0958986 ], [ 106.126668, 11.0919855 ], [ 106.1051573, 11.0705194 ], [ 106.1026266, 11.0704966 ], [ 106.0991207, 11.073279 ], [ 106.098076, 11.0835881 ], [ 106.0846164, 11.1019147 ], [ 106.0776938, 11.0977864 ], [ 106.07453, 11.0977575 ], [ 106.0639387, 11.1136077 ], [ 106.0505365, 11.1253666 ], [ 106.0250928, 11.1385756 ], [ 106.0187124, 11.1438316 ], [ 106.0129114, 11.1872455 ], [ 106.0100414, 11.1894075 ], [ 105.9792675, 11.1963069 ], [ 105.9646946, 11.1974175 ], [ 105.953271, 11.2001211 ], [ 105.9335382, 11.2105613 ], [ 105.9204102, 11.225131 ], [ 105.9088378, 11.2422177 ], [ 105.9049235, 11.2534382 ], [ 105.9092222, 11.2666171 ], [ 105.9071882, 11.2797333 ], [ 105.8893809, 11.2867492 ], [ 105.8798774, 11.2869664 ], [ 105.8659959, 11.2818216 ], [ 105.8631361, 11.2827309 ], [ 105.8608639, 11.288025 ], [ 105.8680531, 11.2971686 ], [ 105.8686311, 11.3024918 ], [ 105.8643576, 11.3174623 ], [ 105.8649519, 11.3212218 ], [ 105.8709242, 11.3256614 ], [ 105.8807362, 11.3570406 ], [ 105.8802997, 11.3686102 ], [ 105.871374, 11.3738379 ], [ 105.8681245, 11.3816254 ], [ 105.8750005, 11.3907667 ], [ 105.8752751, 11.3948362 ], [ 105.8723553, 11.401376 ], [ 105.8858895, 11.4102716 ], [ 105.8849407, 11.4166234 ], [ 105.8873017, 11.4228029 ], [ 105.8905605, 11.4259135 ], [ 105.8995312, 11.4294231 ], [ 105.9018245, 11.4422707 ], [ 105.8962012, 11.4500805 ], [ 105.8836431, 11.4521998 ], [ 105.876199, 11.4579167 ], [ 105.8727469, 11.4626982 ], [ 105.8829432, 11.4848017 ], [ 105.883124, 11.4901376 ], [ 105.8818967, 11.4947635 ], [ 105.8783275, 11.4977425 ], [ 105.8772926, 11.506545 ], [ 105.8783541, 11.5124532 ], [ 105.8837462, 11.5212212 ], [ 105.8843844, 11.5279535 ], [ 105.8838775, 11.5329625 ], [ 105.875657, 11.5501332 ], [ 105.8637016, 11.5608737 ], [ 105.8591945, 11.5670041 ], [ 105.8472325, 11.5609751 ], [ 105.825725, 11.5642331 ], [ 105.8147234, 11.570171 ], [ 105.8150579, 11.5838819 ], [ 105.8077919, 11.5972145 ], [ 105.811749, 11.6006636 ], [ 105.8143498, 11.6107166 ], [ 105.8091812, 11.6194244 ], [ 105.8104299, 11.6213149 ], [ 105.8256717, 11.6199082 ], [ 105.829752, 11.6240182 ], [ 105.8331053, 11.6368824 ], [ 105.831076, 11.6487526 ], [ 105.8562548, 11.6680991 ], [ 105.8815356, 11.6780559 ], [ 105.9224208, 11.6515511 ], [ 105.9374068, 11.6441883 ], [ 105.9475958, 11.6405328 ], [ 105.9523542, 11.6405791 ], [ 105.9680724, 11.6551258 ], [ 105.9768378, 11.6671015 ], [ 105.9786393, 11.6774455 ], [ 105.974089, 11.6883546 ], [ 105.9772422, 11.6950522 ], [ 105.9964272, 11.7079707 ], [ 106.0055138, 11.7199489 ], [ 106.0092184, 11.7306244 ], [ 106.0067407, 11.7568895 ], [ 106.0110688, 11.7688232 ], [ 106.0208362, 11.7764264 ], [ 106.0366719, 11.7803302 ], [ 106.0697154, 11.7775058 ], [ 106.0943127, 11.7611425 ], [ 106.1061758, 11.748418 ], [ 106.1100047, 11.7462617 ], [ 106.1337863, 11.746117 ], [ 106.1507174, 11.7380846 ], [ 106.153861, 11.7386029 ], [ 106.1661156, 11.7499691 ], [ 106.1880331, 11.7537725 ], [ 106.1957966, 11.7432092 ], [ 106.2051886, 11.7357362 ], [ 106.2131595, 11.7318087 ], [ 106.2532544, 11.7265032 ], [ 106.2665924, 11.7189225 ], [ 106.2705181, 11.7138611 ], [ 106.2677204, 11.7104222 ], [ 106.2673453, 11.7068842 ], [ 106.2993315, 11.6765652 ], [ 106.3145011, 11.6776465 ], [ 106.3291742, 11.68749 ], [ 106.3355227, 11.6827705 ], [ 106.3377668, 11.682937 ], [ 106.3520798, 11.6923384 ], [ 106.3790612, 11.7016638 ], [ 106.4016104, 11.6918351 ], [ 106.4098272, 11.6841849 ], [ 106.431929, 11.6722182 ], [ 106.4506061, 11.673753 ], [ 106.4522804, 11.6899034 ], [ 106.4483696, 11.6979438 ], [ 106.4395742, 11.7069568 ], [ 106.4251625, 11.7285361 ], [ 106.4125952, 11.7663646 ], [ 106.418751, 11.7826105 ], [ 106.4466986, 11.8263621 ], [ 106.4374579, 11.8403267 ], [ 106.437642, 11.8547952 ], [ 106.4398849, 11.8601647 ], [ 106.4455761, 11.8674404 ], [ 106.4542912, 11.864611 ], [ 106.4639845, 11.8675202 ], [ 106.4085843, 11.976557 ], [ 106.4231043, 11.9726031 ], [ 106.4291196, 11.9725868 ], [ 106.4313509, 11.9738221 ], [ 106.4358557, 11.9823925 ], [ 106.4424457, 11.988229 ], [ 106.4545252, 11.9896202 ], [ 106.4634136, 11.984042 ], [ 106.469366, 11.976706 ], [ 106.4739533, 11.9744242 ], [ 106.4847279, 11.9727656 ], [ 106.495777, 11.9738575 ], [ 106.5138508, 11.9820885 ], [ 106.5249277, 11.9794171 ], [ 106.5310673, 11.9699884 ], [ 106.6256465, 11.9760498 ], [ 106.6276881, 11.9652345 ], [ 106.6308228, 11.9621128 ], [ 106.6334251, 11.9633941 ], [ 106.6350285, 11.9724128 ], [ 106.6394381, 11.9759462 ], [ 106.641438, 11.9754025 ], [ 106.6444295, 11.966068 ], [ 106.6513717, 11.9636954 ], [ 106.6572725, 11.9651833 ], [ 106.6571063, 11.9692742 ], [ 106.6520823, 11.9726433 ], [ 106.6497999, 11.9779465 ], [ 106.6507387, 11.9849623 ], [ 106.6525827, 11.9878515 ], [ 106.6560798, 11.9888927 ], [ 106.6818368, 11.9693787 ], [ 106.6905516, 11.9661743 ], [ 106.7104479, 11.9684158 ], [ 106.7224114, 11.9755205 ], [ 106.7386369, 11.9966572 ], [ 106.7431047, 12.0036016 ], [ 106.7575567, 12.0388263 ], [ 106.7793769, 12.069613 ], [ 106.7911102, 12.0823675 ], [ 106.7983458, 12.084259 ], [ 106.8211607, 12.0841235 ], [ 106.8408373, 12.0694311 ], [ 106.8472827, 12.0686735 ], [ 106.8547957, 12.0689787 ], [ 106.8633616, 12.0729897 ], [ 106.8724762, 12.0748888 ], [ 106.8868347, 12.0743701 ], [ 106.9074903, 12.0693381 ], [ 106.9104831, 12.0673955 ], [ 106.9127433, 12.0630015 ], [ 106.9180815, 12.0626578 ], [ 106.9443409, 12.0687322 ], [ 106.9768562, 12.0888082 ], [ 106.9921575, 12.0958755 ], [ 107.0016166, 12.113353 ], [ 107.0101082, 12.1203472 ], [ 107.0444563, 12.1344253 ], [ 107.0507714, 12.1482723 ], [ 107.0575642, 12.1575451 ], [ 107.0766768, 12.1637314 ], [ 107.0781214, 12.1667886 ], [ 107.0770098, 12.170732 ], [ 107.0684098, 12.1776935 ], [ 107.0729202, 12.1881226 ], [ 107.0752886, 12.1884919 ], [ 107.0844317, 12.1824298 ], [ 107.0904495, 12.1820969 ], [ 107.0942502, 12.1883946 ], [ 107.098181, 12.2065382 ], [ 107.1247098, 12.2280075 ], [ 107.1362968, 12.2400387 ], [ 107.143388, 12.2528523 ], [ 107.1506945, 12.2719969 ], [ 107.1548575, 12.2762949 ], [ 107.1719999, 12.2805174 ], [ 107.1811025, 12.2848606 ], [ 107.1894509, 12.2954827 ], [ 107.1922722, 12.2970192 ], [ 107.2063089, 12.2994058 ], [ 107.2209143, 12.2962294 ], [ 107.2289364, 12.2973358 ], [ 107.2590709, 12.315863 ], [ 107.268612, 12.3259968 ], [ 107.2787717, 12.3237484 ], [ 107.2828684, 12.3242571 ], [ 107.2895645, 12.3293344 ], [ 107.3056672, 12.3334907 ], [ 107.3086716, 12.3315743 ], [ 107.310587, 12.3246489 ], [ 107.3125172, 12.3230598 ], [ 107.3365369, 12.3284532 ], [ 107.3463182, 12.3288587 ], [ 107.3690191, 12.3111836 ], [ 107.3752435, 12.3040224 ], [ 107.3881155, 12.2722613 ], [ 107.3976286, 12.2618458 ], [ 107.4100117, 12.2541807 ], [ 107.4161719, 12.2479863 ], [ 107.4229503, 12.2519501 ], [ 107.4332012, 12.2535999 ], [ 107.436307, 12.2563116 ], [ 107.4395847, 12.2631691 ], [ 107.4417277, 12.2888243 ], [ 107.4443756, 12.2913042 ], [ 107.4626242, 12.2980661 ], [ 107.4683192, 12.3032285 ], [ 107.4697232, 12.3120614 ], [ 107.504659, 12.3273499 ], [ 107.5169143, 12.3386924 ], [ 107.5432136, 12.3538684 ], [ 107.5457039, 12.3616977 ], [ 107.5447842, 12.3699926 ], [ 107.5461283, 12.3739941 ], [ 107.5523688, 12.3804924 ], [ 107.5461387, 12.4040763 ], [ 107.5458512, 12.4163741 ], [ 107.5642059, 12.4519816 ], [ 107.5643128, 12.4733222 ], [ 107.5741613, 12.4790398 ], [ 107.5779444, 12.4930801 ], [ 107.5684616, 12.5063667 ], [ 107.5639152, 12.5198953 ], [ 107.5643404, 12.5277124 ], [ 107.5784406, 12.5481707 ], [ 107.5872197, 12.5566349 ], [ 107.5878253, 12.5589353 ], [ 107.5789944, 12.5754621 ], [ 107.5786193, 12.5847083 ], [ 107.5818797, 12.6042075 ], [ 107.5810049, 12.6117044 ], [ 107.5704964, 12.6320399 ], [ 107.5674021, 12.646367 ], [ 107.5689414, 12.6642154 ], [ 107.5744265, 12.6826971 ], [ 107.5725847, 12.6916147 ], [ 107.5608154, 12.7052886 ], [ 107.5578452, 12.7136809 ], [ 107.565497, 12.7287437 ], [ 107.5657072, 12.7320945 ], [ 107.5601816, 12.7419565 ], [ 107.5589717, 12.7480661 ], [ 107.5579869, 12.7607586 ], [ 107.5607917, 12.7920313 ], [ 107.5586219, 12.7990796 ], [ 107.5448007, 12.8240881 ], [ 107.4995429, 12.8753562 ], [ 107.4973061, 12.8803304 ], [ 107.4939932, 12.892036 ], [ 107.4945465, 12.9156014 ], [ 107.4920378, 12.9259267 ], [ 107.4935621, 12.9346127 ], [ 107.4854745, 12.9458576 ], [ 107.4835298, 12.9569716 ], [ 107.5048693, 12.9755453 ], [ 107.4835422, 13.0215077 ], [ 107.4889032, 13.0382849 ], [ 107.6299361, 13.3617042 ], [ 107.6159975, 13.5291359 ], [ 107.5704169, 13.6228361 ], [ 107.5671446, 13.6675146 ], [ 107.5492647, 13.6909957 ], [ 107.531861, 13.7438297 ], [ 107.4853651, 13.7756981 ], [ 107.472069, 13.7787085 ], [ 107.4488595, 13.7944187 ], [ 107.4571016, 13.807281 ], [ 107.4597021, 13.8141759 ], [ 107.4596905, 13.8185129 ], [ 107.4531192, 13.8274254 ], [ 107.4549415, 13.831512 ], [ 107.4612144, 13.8363754 ], [ 107.4703422, 13.8514507 ], [ 107.4682293, 13.8580787 ], [ 107.4551082, 13.8669749 ], [ 107.4524783, 13.8707951 ], [ 107.4558584, 13.8802436 ], [ 107.4691863, 13.8927787 ], [ 107.4709543, 13.9180413 ], [ 107.4672767, 13.921604 ], [ 107.4589529, 13.9232414 ], [ 107.4525365, 13.9318149 ], [ 107.450856, 13.946986 ], [ 107.4525594, 13.9590555 ], [ 107.4506653, 13.981767 ], [ 107.4452284, 13.9977158 ], [ 107.4029547, 13.990116 ], [ 107.3834572, 13.9901687 ], [ 107.3547674, 14.0200963 ], [ 107.3547574, 14.0232428 ], [ 107.361179, 14.0373006 ], [ 107.3601268, 14.0554507 ], [ 107.3615979, 14.0622324 ], [ 107.3633283, 14.0656262 ], [ 107.3658127, 14.0666018 ], [ 107.3775057, 14.0659102 ], [ 107.3789944, 14.0671248 ], [ 107.3804499, 14.0792314 ], [ 107.3772034, 14.0833367 ], [ 107.3650066, 14.0857211 ], [ 107.3408395, 14.0970239 ], [ 107.3343578, 14.1011185 ], [ 107.3308493, 14.1088531 ], [ 107.3333078, 14.1178168 ], [ 107.3471487, 14.146422 ], [ 107.3599454, 14.1626765 ], [ 107.3572703, 14.1718688 ], [ 107.3659542, 14.1803669 ], [ 107.3736665, 14.181358 ], [ 107.377636, 14.1854847 ], [ 107.3845496, 14.2036593 ], [ 107.4026313, 14.2337267 ], [ 107.403969, 14.2573766 ], [ 107.4075139, 14.2666615 ], [ 107.4072373, 14.2761014 ], [ 107.4041509, 14.2930969 ], [ 107.3906847, 14.3155124 ], [ 107.3891649, 14.3239806 ], [ 107.3896513, 14.3278552 ], [ 107.4070031, 14.349885 ], [ 107.4077902, 14.3632902 ], [ 107.4157917, 14.3660734 ], [ 107.4196665, 14.3731907 ], [ 107.4183411, 14.3885554 ], [ 107.4195179, 14.4004112 ], [ 107.4172896, 14.4078003 ], [ 107.4179565, 14.411272 ], [ 107.4222166, 14.4171622 ], [ 107.43397, 14.4174505 ], [ 107.441188, 14.4251513 ], [ 107.4458262, 14.4271494 ], [ 107.4545597, 14.4198972 ], [ 107.459043, 14.4077784 ], [ 107.4646938, 14.4064918 ], [ 107.47228, 14.4094816 ], [ 107.4812444, 14.4042723 ], [ 107.4837663, 14.404655 ], [ 107.4867373, 14.4076929 ], [ 107.4883034, 14.4164746 ], [ 107.4874021, 14.4297837 ], [ 107.4944306, 14.4391213 ], [ 107.4985221, 14.4484899 ], [ 107.4998314, 14.4529774 ], [ 107.4982946, 14.4656793 ], [ 107.5013377, 14.4750588 ], [ 107.5018538, 14.4836468 ], [ 107.5102316, 14.5007442 ], [ 107.5069704, 14.5093725 ], [ 107.5076185, 14.5110024 ], [ 107.5140076, 14.5140102 ], [ 107.5190654, 14.5209053 ], [ 107.5204406, 14.5311206 ], [ 107.5242815, 14.5366035 ], [ 107.5254426, 14.5464119 ], [ 107.5299417, 14.5543427 ], [ 107.5287311, 14.5586524 ], [ 107.5218804, 14.5654783 ], [ 107.5209727, 14.5779688 ], [ 107.5162138, 14.5841582 ], [ 107.5158264, 14.5870268 ], [ 107.520275, 14.590457 ], [ 107.5230048, 14.5982216 ], [ 107.5349046, 14.6027792 ], [ 107.5406229, 14.6070135 ], [ 107.5434137, 14.6123027 ], [ 107.5372508, 14.6242366 ], [ 107.5476678, 14.6533803 ], [ 107.5481761, 14.6791539 ], [ 107.5580536, 14.6899858 ], [ 107.5551641, 14.7060979 ], [ 107.5552472, 14.7202153 ], [ 107.553853, 14.7221119 ], [ 107.5483763, 14.7234706 ], [ 107.5200615, 14.7267584 ], [ 107.519743, 14.7291938 ], [ 107.5228605, 14.7336161 ], [ 107.5356642, 14.7427797 ], [ 107.5386269, 14.7467448 ], [ 107.5390864, 14.7510089 ], [ 107.5307311, 14.7679383 ], [ 107.5225341, 14.7766406 ], [ 107.5070288, 14.7854951 ], [ 107.5053633, 14.7906559 ], [ 107.5072656, 14.7954015 ], [ 107.5121248, 14.8005772 ], [ 107.5207248, 14.8059307 ], [ 107.522533, 14.8138933 ], [ 107.5378267, 14.8221395 ], [ 107.5425078, 14.8297695 ], [ 107.5563222, 14.8389426 ], [ 107.5679529, 14.8525978 ], [ 107.5816882, 14.8592291 ], [ 107.5858559, 14.8638092 ], [ 107.5875753, 14.8741419 ], [ 107.5861666, 14.8820979 ], [ 107.5815291, 14.8940269 ], [ 107.5705611, 14.8945978 ], [ 107.5594017, 14.9031265 ], [ 107.5479102, 14.9040338 ], [ 107.5384116, 14.9088395 ], [ 107.5314296, 14.9167831 ], [ 107.5264362, 14.930319 ], [ 107.5177278, 14.9315695 ], [ 107.5076317, 14.9306998 ], [ 107.5044076, 14.9319623 ], [ 107.4966333, 14.9426124 ], [ 107.4888765, 14.9459807 ], [ 107.4781434, 14.9555223 ], [ 107.4768206, 14.9620385 ], [ 107.4788045, 14.9692402 ], [ 107.4781874, 14.9722021 ], [ 107.4644831, 14.9850379 ], [ 107.4663911, 14.9879215 ], [ 107.4745751, 14.9884498 ], [ 107.4759635, 14.9903159 ], [ 107.4674043, 14.9999471 ], [ 107.4653761, 15.0095097 ], [ 107.4727453, 15.0222285 ], [ 107.4847572, 15.0249672 ], [ 107.5019996, 15.0258548 ], [ 107.5093071, 15.0293432 ], [ 107.5391325, 15.0505772 ], [ 107.5474121, 15.0485628 ], [ 107.5779722, 15.0304393 ], [ 107.581544, 15.030023 ], [ 107.5864188, 15.0313025 ], [ 107.5875285, 15.0423118 ], [ 107.5938718, 15.0498596 ], [ 107.6141709, 15.0479498 ], [ 107.6193891, 15.0521927 ], [ 107.6174577, 15.0601482 ], [ 107.5982435, 15.0866485 ], [ 107.5978009, 15.0901192 ], [ 107.6051921, 15.0974147 ], [ 107.6138053, 15.1037808 ], [ 107.6193783, 15.1054842 ], [ 107.6210286, 15.1081966 ], [ 107.6211105, 15.1109909 ], [ 107.6160436, 15.1205884 ], [ 107.6082743, 15.1279407 ], [ 107.6077472, 15.1301412 ], [ 107.609225, 15.1320067 ], [ 107.6194567, 15.1358354 ], [ 107.6225442, 15.1390584 ], [ 107.6234108, 15.1416848 ], [ 107.6219637, 15.1465932 ], [ 107.6241788, 15.1504073 ], [ 107.62217, 15.1527746 ], [ 107.6154546, 15.1553028 ], [ 107.6093066, 15.1711403 ], [ 107.6008971, 15.183304 ], [ 107.5931585, 15.1916777 ], [ 107.5820166, 15.1991574 ], [ 107.5816569, 15.2017843 ], [ 107.5919038, 15.2058342 ], [ 107.5909374, 15.2100484 ], [ 107.5928332, 15.2119691 ], [ 107.5957295, 15.2109821 ], [ 107.6005524, 15.2055961 ], [ 107.6094919, 15.2128716 ], [ 107.619275, 15.2150595 ], [ 107.6196519, 15.2173568 ], [ 107.6168205, 15.2222641 ], [ 107.6187655, 15.2273864 ], [ 107.621818, 15.2262677 ], [ 107.6312149, 15.2309642 ], [ 107.630744, 15.2323237 ], [ 107.624567, 15.2315836 ], [ 107.6216765, 15.236674 ], [ 107.6219644, 15.2408886 ], [ 107.6189078, 15.2505252 ], [ 107.6185396, 15.2669144 ], [ 107.6161256, 15.2706607 ], [ 107.6138219, 15.2884956 ], [ 107.6223745, 15.311291 ], [ 107.6315461, 15.3134152 ], [ 107.6328771, 15.3194922 ], [ 107.6241246, 15.3299335 ], [ 107.6127246, 15.3336449 ], [ 107.6076541, 15.3376604 ], [ 107.604167, 15.367151 ], [ 107.5962954, 15.38282 ], [ 107.5975127, 15.3858444 ], [ 107.6114586, 15.3967834 ], [ 107.6150639, 15.4062186 ], [ 107.6219489, 15.416072 ], [ 107.6198212, 15.4184834 ], [ 107.6101964, 15.4185968 ], [ 107.6071598, 15.4212049 ], [ 107.6013095, 15.4219506 ], [ 107.5983027, 15.4157576 ], [ 107.5854992, 15.4126575 ], [ 107.5719505, 15.3994252 ], [ 107.5642218, 15.3961729 ], [ 107.557816, 15.396324 ], [ 107.542575, 15.4063292 ], [ 107.53589, 15.4077996 ], [ 107.5284018, 15.4062121 ], [ 107.5170836, 15.4165637 ], [ 107.517573, 15.4253872 ], [ 107.5253607, 15.4405752 ], [ 107.5247974, 15.4442961 ], [ 107.5213843, 15.4467618 ], [ 107.5181353, 15.4568291 ], [ 107.5141618, 15.462497 ], [ 107.5123524, 15.47368 ], [ 107.4984365, 15.4766831 ], [ 107.4899897, 15.4803788 ], [ 107.4774931, 15.4787897 ], [ 107.4754127, 15.4821706 ], [ 107.480377, 15.4865461 ], [ 107.4807751, 15.488961 ], [ 107.4692702, 15.4985926 ], [ 107.4590205, 15.4994348 ], [ 107.4534528, 15.5041171 ], [ 107.4361003, 15.5048644 ], [ 107.4302007, 15.5025913 ], [ 107.4294471, 15.492844 ], [ 107.4276444, 15.4911343 ], [ 107.3977726, 15.4936615 ], [ 107.3899615, 15.4964083 ], [ 107.383332, 15.4940851 ], [ 107.3804601, 15.4948164 ], [ 107.3778208, 15.5022698 ], [ 107.3783006, 15.5097781 ], [ 107.3761668, 15.5183332 ], [ 107.3727532, 15.5238055 ], [ 107.372202, 15.5323019 ], [ 107.362514, 15.551493 ], [ 107.3640607, 15.5618885 ], [ 107.3628302, 15.5704527 ], [ 107.3576712, 15.5730237 ], [ 107.3522892, 15.5702511 ], [ 107.341326, 15.575714 ], [ 107.3414029, 15.5803604 ], [ 107.3438313, 15.5843907 ], [ 107.351257, 15.5906725 ], [ 107.3473796, 15.6019074 ], [ 107.3402723, 15.6043417 ], [ 107.3410577, 15.6145982 ], [ 107.3303453, 15.6231272 ], [ 107.318872, 15.6264245 ], [ 107.2879625, 15.6251766 ], [ 107.273869, 15.6353024 ], [ 107.269131, 15.6410755 ], [ 107.2624531, 15.6578327 ], [ 107.2664879, 15.6706847 ], [ 107.2739246, 15.6830294 ], [ 107.2709163, 15.689076 ], [ 107.275387, 15.6973557 ], [ 107.2653854, 15.7100871 ], [ 107.264859, 15.72149 ], [ 107.2566814, 15.7229899 ], [ 107.2500099, 15.721518 ], [ 107.2478092, 15.7267569 ], [ 107.2479409, 15.731241 ], [ 107.252113, 15.7396977 ], [ 107.245414, 15.7460633 ], [ 107.2231614, 15.7442474 ], [ 107.2148415, 15.7402438 ], [ 107.2113682, 15.7416942 ], [ 107.2093772, 15.7580973 ], [ 107.2146649, 15.7608454 ], [ 107.2170344, 15.7778026 ], [ 107.2261673, 15.7828043 ], [ 107.2276675, 15.7853989 ], [ 107.2236154, 15.8061603 ], [ 107.2156776, 15.8189562 ], [ 107.2085609, 15.8271061 ], [ 107.2099699, 15.8298347 ], [ 107.2194869, 15.8367317 ], [ 107.2297156, 15.8389972 ], [ 107.2316968, 15.8447818 ], [ 107.2406526, 15.8409397 ], [ 107.2477578, 15.840855 ], [ 107.2584253, 15.8511218 ], [ 107.26965, 15.8530486 ], [ 107.2704738, 15.8613735 ], [ 107.2742203, 15.8624349 ], [ 107.276945, 15.8592615 ], [ 107.2797014, 15.858918 ], [ 107.295434, 15.8698135 ], [ 107.3023714, 15.8677977 ], [ 107.3079451, 15.8724553 ], [ 107.3141014, 15.8854399 ], [ 107.3257702, 15.8905033 ], [ 107.3362771, 15.886302 ], [ 107.3451377, 15.8942248 ], [ 107.3583464, 15.8953948 ], [ 107.3688195, 15.8988405 ], [ 107.3829841, 15.8881505 ], [ 107.3900269, 15.8932612 ], [ 107.3983503, 15.8967851 ], [ 107.4047762, 15.9085872 ], [ 107.4141476, 15.9142181 ], [ 107.4177107, 15.9265621 ], [ 107.4233369, 15.928894 ], [ 107.4264447, 15.9328434 ], [ 107.4262988, 15.9396005 ], [ 107.4305957, 15.9534174 ], [ 107.438642, 15.9711955 ], [ 107.4448068, 15.9806624 ], [ 107.4451002, 15.983858 ], [ 107.4414429, 15.9918714 ], [ 107.4478954, 15.9913249 ], [ 107.450761, 15.9946856 ], [ 107.455375, 16.0061911 ], [ 107.4627422, 16.0175844 ], [ 107.4654049, 16.0259931 ], [ 107.4613872, 16.029337 ], [ 107.4570043, 16.0297418 ], [ 107.4541981, 16.035865 ], [ 107.4450453, 16.0406683 ], [ 107.4446434, 16.0549064 ], [ 107.4522296, 16.0689763 ], [ 107.4594038, 16.0732034 ], [ 107.4568992, 16.0802093 ], [ 107.4528422, 16.0858376 ], [ 107.4482652, 16.090525 ], [ 107.4456345, 16.0908679 ], [ 107.4417394, 16.0842437 ], [ 107.4256544, 16.0793102 ], [ 107.4191291, 16.0792911 ], [ 107.4117094, 16.0846776 ], [ 107.4072032, 16.0850075 ], [ 107.4018534, 16.0790207 ], [ 107.4012663, 16.0674371 ], [ 107.3992883, 16.0641684 ], [ 107.3869838, 16.0632786 ], [ 107.3760844, 16.0746569 ], [ 107.3720216, 16.071911 ], [ 107.3683913, 16.0651598 ], [ 107.3645196, 16.0623185 ], [ 107.3448042, 16.0625819 ], [ 107.3382128, 16.0568859 ], [ 107.3320608, 16.0559296 ], [ 107.3279453, 16.0609518 ], [ 107.326549, 16.0691041 ], [ 107.3157906, 16.0719689 ], [ 107.3056896, 16.0822656 ], [ 107.2938002, 16.0998845 ], [ 107.2900242, 16.1095544 ], [ 107.2838338, 16.1147132 ], [ 107.2821738, 16.1196866 ], [ 107.2758066, 16.1168704 ], [ 107.2683377, 16.1184385 ], [ 107.2631204, 16.1281235 ], [ 107.2611166, 16.1376347 ], [ 107.2527101, 16.1370259 ], [ 107.2460521, 16.1424925 ], [ 107.2439981, 16.1476313 ], [ 107.2418019, 16.1486779 ], [ 107.2374792, 16.1484442 ], [ 107.219641, 16.1414666 ], [ 107.2125957, 16.1424238 ], [ 107.2047679, 16.1464127 ], [ 107.1924542, 16.1460806 ], [ 107.1743331, 16.1594259 ], [ 107.1695163, 16.1667325 ], [ 107.1576411, 16.1695515 ], [ 107.1556593, 16.1727351 ], [ 107.1537157, 16.1838735 ], [ 107.1477344, 16.190168 ], [ 107.1476836, 16.2006557 ], [ 107.1449891, 16.2045964 ], [ 107.1428379, 16.2133081 ], [ 107.1439369, 16.219989 ], [ 107.1529071, 16.2318786 ], [ 107.1495302, 16.2387802 ], [ 107.1544445, 16.2517096 ], [ 107.154063, 16.2585889 ], [ 107.1502721, 16.2631109 ], [ 107.1489521, 16.268281 ], [ 107.1459533, 16.2707954 ], [ 107.0855585, 16.3125023 ], [ 107.0785668, 16.3137633 ], [ 107.0689921, 16.304679 ], [ 107.0503227, 16.3076713 ], [ 107.0449861, 16.301918 ], [ 107.0422081, 16.3009312 ], [ 107.0258347, 16.3120806 ], [ 107.0229901, 16.3104494 ], [ 107.0187417, 16.3039721 ], [ 107.0136065, 16.304214 ], [ 107.0128076, 16.3098332 ], [ 107.0035921, 16.3142212 ], [ 106.9934828, 16.3090523 ], [ 106.9798246, 16.3054011 ], [ 106.9676446, 16.3030146 ], [ 106.9642052, 16.3040244 ], [ 106.9619145, 16.3134455 ], [ 106.9654595, 16.3485587 ], [ 106.9622643, 16.35771 ], [ 106.9602079, 16.3592333 ], [ 106.9550204, 16.3583945 ], [ 106.9457149, 16.3613314 ], [ 106.9233779, 16.3702745 ], [ 106.9154487, 16.3756708 ], [ 106.9108099, 16.3821156 ], [ 106.8961505, 16.3927971 ], [ 106.8952302, 16.4026986 ], [ 106.8901791, 16.4098988 ], [ 106.8976591, 16.4230415 ], [ 106.8978988, 16.4272049 ], [ 106.8898774, 16.4271329 ], [ 106.8842425, 16.4224489 ], [ 106.8725086, 16.4269316 ], [ 106.8700187, 16.4300887 ], [ 106.87031, 16.4366516 ], [ 106.8749733, 16.4408141 ], [ 106.8782367, 16.4465126 ], [ 106.8864902, 16.4509126 ], [ 106.8844482, 16.4561572 ], [ 106.8855434, 16.4622414 ], [ 106.8820272, 16.4675764 ], [ 106.875996, 16.4704847 ], [ 106.8749354, 16.473123 ], [ 106.8764244, 16.4839225 ], [ 106.8843666, 16.4910058 ], [ 106.8853145, 16.4941986 ], [ 106.8868728, 16.5173888 ], [ 106.8833797, 16.5228926 ], [ 106.8775221, 16.5252708 ], [ 106.8735678, 16.5329512 ], [ 106.8652994, 16.5356481 ], [ 106.8424291, 16.5482131 ], [ 106.8316439, 16.5505838 ], [ 106.8283921, 16.5488496 ], [ 106.8273345, 16.539764 ], [ 106.8224855, 16.5308773 ], [ 106.8224152, 16.5276379 ], [ 106.8260682, 16.5233887 ], [ 106.8255425, 16.5188357 ], [ 106.8217911, 16.51424 ], [ 106.8127906, 16.4897485 ], [ 106.804768, 16.4774432 ], [ 106.8006023, 16.4651295 ], [ 106.7908364, 16.4760711 ], [ 106.7794926, 16.47152 ], [ 106.7711923, 16.4703001 ], [ 106.768989, 16.4681338 ], [ 106.7734308, 16.4598041 ], [ 106.7712087, 16.4545141 ], [ 106.7719973, 16.4409617 ], [ 106.7698868, 16.4342394 ], [ 106.7645615, 16.4283501 ], [ 106.756468, 16.4252378 ], [ 106.7452885, 16.4249344 ], [ 106.7437464, 16.4233586 ], [ 106.7435091, 16.416204 ], [ 106.7405709, 16.4123037 ], [ 106.7377558, 16.4112653 ], [ 106.7332228, 16.4253406 ], [ 106.734374, 16.4385296 ], [ 106.7322447, 16.4405608 ], [ 106.7226741, 16.4367573 ], [ 106.7231108, 16.434648 ], [ 106.7284277, 16.430592 ], [ 106.7280643, 16.4279576 ], [ 106.7249274, 16.4263475 ], [ 106.714935, 16.4334412 ], [ 106.7037379, 16.4357925 ], [ 106.6944684, 16.4400283 ], [ 106.6866044, 16.4396739 ], [ 106.6846206, 16.4409561 ], [ 106.684946, 16.4451137 ], [ 106.690987, 16.44917 ], [ 106.6907611, 16.4513486 ], [ 106.6820025, 16.4582098 ], [ 106.6768144, 16.4532048 ], [ 106.673493, 16.4540019 ], [ 106.6719604, 16.4616905 ], [ 106.6727554, 16.4748094 ], [ 106.6709743, 16.4773872 ], [ 106.6663214, 16.4767453 ], [ 106.6607002, 16.4731679 ], [ 106.6587883, 16.4741778 ], [ 106.6586844, 16.4791503 ], [ 106.661343, 16.4878527 ], [ 106.657984, 16.4941673 ], [ 106.663033, 16.5042471 ], [ 106.6618192, 16.5063514 ], [ 106.6531807, 16.5105893 ], [ 106.6506173, 16.519191 ], [ 106.6457772, 16.5252236 ], [ 106.6463314, 16.5424283 ], [ 106.6599653, 16.5566492 ], [ 106.668661, 16.5600072 ], [ 106.6704113, 16.5621979 ], [ 106.6698285, 16.5649192 ], [ 106.6608378, 16.5739579 ], [ 106.6612313, 16.5784565 ], [ 106.6647927, 16.5843372 ], [ 106.6624183, 16.585719 ], [ 106.6534697, 16.5830745 ], [ 106.6514132, 16.5844241 ], [ 106.6471853, 16.5936622 ], [ 106.6427277, 16.5950648 ], [ 106.6301502, 16.5913405 ], [ 106.6291439, 16.5836362 ], [ 106.6263962, 16.5828013 ], [ 106.6238383, 16.5851692 ], [ 106.622314, 16.5912224 ], [ 106.6237188, 16.6025397 ], [ 106.6146162, 16.6068071 ], [ 106.5998529, 16.6076654 ], [ 106.586725, 16.6018913 ], [ 106.5823374, 16.6032931 ], [ 106.5804447, 16.6113191 ], [ 106.5828923, 16.6146732 ], [ 106.5890823, 16.6180518 ], [ 106.588534, 16.6242841 ], [ 106.5637274, 16.6432782 ], [ 106.5625328, 16.6477456 ], [ 106.5653772, 16.6533241 ], [ 106.5628467, 16.6664472 ], [ 106.5564923, 16.675291 ], [ 106.5497841, 16.6956256 ], [ 106.5504367, 16.7533861 ], [ 106.5479195, 16.8691146 ], [ 106.5368275, 16.8723214 ], [ 106.528311, 16.8860276 ], [ 106.5174856, 16.8902008 ], [ 106.5136152, 16.8975662 ], [ 106.517793, 16.9034473 ], [ 106.5145129, 16.9135242 ], [ 106.5185788, 16.9248942 ], [ 106.5249338, 16.9275883 ], [ 106.533624, 16.925628 ], [ 106.5457971, 16.926945 ], [ 106.5484154, 17.008982 ], [ 106.5472093, 17.0102824 ], [ 106.5437939, 17.0092519 ], [ 106.54205, 16.9968802 ], [ 106.5349592, 16.9927077 ], [ 106.5292649, 16.9806591 ], [ 106.5146016, 16.9726685 ], [ 106.5064596, 16.9737853 ], [ 106.4957595, 16.9811142 ], [ 106.483665, 16.9835788 ], [ 106.4753878, 16.9830519 ], [ 106.4695629, 16.9849724 ], [ 106.4615769, 16.9915504 ], [ 106.4606999, 16.9979642 ], [ 106.458864, 17.0002126 ], [ 106.4370587, 16.9964933 ], [ 106.4318901, 17.0043168 ], [ 106.4260992, 17.0068521 ], [ 106.4254841, 17.0189514 ], [ 106.4218744, 17.0296372 ], [ 106.4004556, 17.0532221 ], [ 106.4044528, 17.0626446 ], [ 106.410264, 17.0677829 ], [ 106.4147888, 17.0793561 ], [ 106.3903015, 17.1031129 ], [ 106.3818317, 17.1050609 ], [ 106.3723348, 17.1115893 ], [ 106.3678434, 17.1258705 ], [ 106.3622276, 17.1315029 ], [ 106.355889, 17.1350231 ], [ 106.3508333, 17.147569 ], [ 106.3459326, 17.1490003 ], [ 106.3539084, 17.1598714 ], [ 106.3346587, 17.1712642 ], [ 106.3259696, 17.1815655 ], [ 106.3202387, 17.191888 ], [ 106.3198056, 17.1934376 ], [ 106.325548, 17.1996371 ], [ 106.3016809, 17.2091295 ], [ 106.3072129, 17.2189598 ], [ 106.3134327, 17.2203557 ], [ 106.3239501, 17.2180944 ], [ 106.3281354, 17.2262696 ], [ 106.3318402, 17.2276815 ], [ 106.3329407, 17.2331553 ], [ 106.3316227, 17.2357345 ], [ 106.3280982, 17.2375722 ], [ 106.3158327, 17.2373504 ], [ 106.3072478, 17.2406951 ], [ 106.3074997, 17.2429615 ], [ 106.313639, 17.2439799 ], [ 106.3168874, 17.2475119 ], [ 106.3150793, 17.2530805 ], [ 106.3088669, 17.2528942 ], [ 106.3035585, 17.2582964 ], [ 106.3063044, 17.2741928 ], [ 106.3044633, 17.2918955 ], [ 106.3024464, 17.2958399 ], [ 106.2900323, 17.2974321 ], [ 106.2755197, 17.296958 ], [ 106.2735726, 17.2882761 ], [ 106.2785743, 17.2780758 ], [ 106.2789372, 17.2736885 ], [ 106.2741108, 17.2636263 ], [ 106.2608855, 17.2555068 ], [ 106.2524613, 17.2538206 ], [ 106.2499068, 17.2517637 ], [ 106.2381692, 17.2505448 ], [ 106.2322803, 17.2517151 ], [ 106.2064653, 17.2718311 ], [ 106.1907918, 17.28009 ], [ 106.1736769, 17.2968994 ], [ 106.144486, 17.313739 ], [ 106.142058, 17.3193681 ], [ 106.1434226, 17.3261821 ], [ 106.1341561, 17.3350428 ], [ 106.1170417, 17.3471225 ], [ 106.1102911, 17.3495795 ], [ 106.1005403, 17.3568537 ], [ 106.0878057, 17.3636149 ], [ 105.8588736, 17.6195834 ], [ 105.8562888, 17.6214593 ], [ 105.8506948, 17.621292 ], [ 105.8499761, 17.6230744 ], [ 105.8532564, 17.6323904 ], [ 105.8520702, 17.6342801 ], [ 105.8491583, 17.6340275 ], [ 105.8439816, 17.6276006 ], [ 105.8341569, 17.6305225 ], [ 105.8303562, 17.6357757 ], [ 105.826888, 17.6556154 ], [ 105.8214317, 17.6534355 ], [ 105.8153436, 17.6450974 ], [ 105.8066268, 17.6531742 ], [ 105.8030466, 17.6606316 ], [ 105.7973498, 17.6591198 ], [ 105.7883488, 17.6716667 ], [ 105.7842729, 17.6711776 ], [ 105.7774705, 17.674687 ], [ 105.7686004, 17.6753787 ], [ 105.7662735, 17.6749074 ], [ 105.7584243, 17.6677799 ], [ 105.7488347, 17.6702529 ], [ 105.7419524, 17.7218536 ], [ 105.7403019, 17.7234022 ], [ 105.7329864, 17.7205297 ], [ 105.7286484, 17.7224974 ], [ 105.7263354, 17.7309732 ], [ 105.7263869, 17.7366777 ], [ 105.7288876, 17.7424079 ], [ 105.7280329, 17.7457542 ], [ 105.7201579, 17.750928 ], [ 105.7165855, 17.7572653 ], [ 105.7127234, 17.758343 ], [ 105.7091229, 17.7569628 ], [ 105.7014958, 17.7607965 ], [ 105.6916896, 17.7714289 ], [ 105.685811, 17.7853461 ], [ 105.6743825, 17.7948419 ], [ 105.6739723, 17.799982 ], [ 105.6825941, 17.8210998 ], [ 105.6813914, 17.8341718 ], [ 105.6752909, 17.8369023 ], [ 105.6722571, 17.8468231 ], [ 105.6597702, 17.8566419 ], [ 105.6533687, 17.8551188 ], [ 105.6444478, 17.8593836 ], [ 105.6370981, 17.8590799 ], [ 105.6337346, 17.8670953 ], [ 105.6198131, 17.8794682 ], [ 105.6134863, 17.8814116 ], [ 105.6071711, 17.8920779 ], [ 105.6067563, 17.8974412 ], [ 105.6151793, 17.9056977 ], [ 105.616501, 17.9123102 ], [ 105.6209505, 17.9209699 ], [ 105.6217523, 17.9417789 ], [ 105.6260093, 17.9470814 ], [ 105.6266417, 17.9527915 ], [ 105.6376514, 17.9598449 ], [ 105.6412206, 17.9641332 ], [ 105.6416334, 17.9932295 ], [ 105.6391103, 17.9943029 ], [ 105.6314227, 17.9925418 ], [ 105.6271891, 17.9949556 ], [ 105.6178493, 18.0043582 ], [ 105.6131951, 18.012582 ], [ 105.6042209, 18.0109175 ], [ 105.5955495, 18.0035531 ], [ 105.5924859, 18.0057556 ], [ 105.5905562, 18.0107662 ], [ 105.581426, 18.012342 ], [ 105.5798886, 18.0138903 ], [ 105.5816797, 18.0202842 ], [ 105.5780803, 18.0280716 ], [ 105.5838536, 18.0432317 ], [ 105.5777894, 18.0615025 ], [ 105.5720474, 18.062892 ], [ 105.5709727, 18.0647808 ], [ 105.5737027, 18.0708496 ], [ 105.5695664, 18.0842214 ], [ 105.5671913, 18.0873256 ], [ 105.559656, 18.0824329 ], [ 105.5549936, 18.0814859 ], [ 105.538733, 18.0829794 ], [ 105.5371881, 18.094479 ], [ 105.5377366, 18.1067849 ], [ 105.5354152, 18.1149211 ], [ 105.5270573, 18.1197459 ], [ 105.5200692, 18.1271577 ], [ 105.5135419, 18.1257412 ], [ 105.5092742, 18.1212198 ], [ 105.5054996, 18.1239718 ], [ 105.5022766, 18.131787 ], [ 105.501925, 18.13869 ], [ 105.5052228, 18.1459958 ], [ 105.5105428, 18.1505293 ], [ 105.5044772, 18.1774061 ], [ 105.5000058, 18.1889828 ], [ 105.4967172, 18.1901748 ], [ 105.4953342, 18.1885935 ], [ 105.4899843, 18.1771272 ], [ 105.4869395, 18.1775393 ], [ 105.4853718, 18.1813226 ], [ 105.4857303, 18.1899361 ], [ 105.4915747, 18.1992837 ], [ 105.4896519, 18.2033984 ], [ 105.4774537, 18.1972194 ], [ 105.469473, 18.1995864 ], [ 105.4587475, 18.2062814 ], [ 105.4402879, 18.2051702 ], [ 105.4397279, 18.2032629 ], [ 105.4446811, 18.199967 ], [ 105.4449566, 18.1967278 ], [ 105.4408188, 18.1912004 ], [ 105.4374289, 18.1821039 ], [ 105.4312611, 18.1799067 ], [ 105.4247741, 18.1843022 ], [ 105.4190463, 18.1842342 ], [ 105.417081, 18.1825337 ], [ 105.4129676, 18.1752171 ], [ 105.4121812, 18.1638031 ], [ 105.4083138, 18.1555947 ], [ 105.4046804, 18.156334 ], [ 105.39842, 18.1612906 ], [ 105.3896629, 18.1605146 ], [ 105.3802878, 18.1711356 ], [ 105.3754259, 18.167499 ], [ 105.3738709, 18.1613305 ], [ 105.3659098, 18.1622404 ], [ 105.3610642, 18.1662068 ], [ 105.3537226, 18.1819946 ], [ 105.350763, 18.1847538 ], [ 105.3353527, 18.1831117 ], [ 105.3357107, 18.1912782 ], [ 105.3258522, 18.1940641 ], [ 105.3182785, 18.2007911 ], [ 105.3198366, 18.2066243 ], [ 105.3241033, 18.2110374 ], [ 105.3215161, 18.2294537 ], [ 105.3220313, 18.2346031 ], [ 105.3271512, 18.2451759 ], [ 105.3290186, 18.2541432 ], [ 105.3274723, 18.2647455 ], [ 105.316433, 18.2680754 ], [ 105.3081453, 18.2668548 ], [ 105.3033539, 18.2579629 ], [ 105.3042758, 18.2503717 ], [ 105.2982505, 18.2376629 ], [ 105.2964844, 18.2385353 ], [ 105.2941744, 18.2449913 ], [ 105.2967164, 18.2564507 ], [ 105.2875691, 18.2576546 ], [ 105.2803716, 18.2622604 ], [ 105.2777526, 18.2570847 ], [ 105.2741522, 18.2552506 ], [ 105.2690487, 18.2606649 ], [ 105.2544163, 18.2609576 ], [ 105.2560495, 18.2703399 ], [ 105.2410507, 18.2975414 ], [ 105.2350639, 18.2990306 ], [ 105.2290334, 18.3036494 ], [ 105.215425, 18.3063823 ], [ 105.2075444, 18.3148274 ], [ 105.1895376, 18.3209047 ], [ 105.1828338, 18.3280287 ], [ 105.1825564, 18.3309544 ], [ 105.1882047, 18.3483781 ], [ 105.1857876, 18.3571185 ], [ 105.1768884, 18.3716059 ], [ 105.1829831, 18.3870896 ], [ 105.1781862, 18.3913363 ], [ 105.1707137, 18.3933937 ], [ 105.1655377, 18.3925722 ], [ 105.1619959, 18.3878939 ], [ 105.1502495, 18.3891407 ], [ 105.1466596, 18.3956647 ], [ 105.1443698, 18.4058684 ], [ 105.1365083, 18.4113665 ], [ 105.1389728, 18.4203399 ], [ 105.1289752, 18.4175151 ], [ 105.1199146, 18.4200883 ], [ 105.1172519, 18.4325486 ], [ 105.114398, 18.4348806 ], [ 105.108181, 18.4357675 ], [ 105.1022197, 18.4500149 ], [ 105.1057455, 18.4557709 ], [ 105.1029551, 18.4614428 ], [ 105.1065876, 18.467631 ], [ 105.1073386, 18.4857374 ], [ 105.1118443, 18.4939836 ], [ 105.1079533, 18.5054573 ], [ 105.1083417, 18.509771 ], [ 105.1118263, 18.5184343 ], [ 105.1178311, 18.5245458 ], [ 105.1133648, 18.5290105 ], [ 105.1144506, 18.5396883 ], [ 105.1228447, 18.5445386 ], [ 105.1262802, 18.5488924 ], [ 105.1270611, 18.557304 ], [ 105.1383701, 18.5635924 ], [ 105.1323972, 18.5707302 ], [ 105.134342, 18.5845422 ], [ 105.1325398, 18.5920579 ], [ 105.1398771, 18.5999092 ], [ 105.1545257, 18.6096868 ], [ 105.1570569, 18.6142434 ], [ 105.1623732, 18.6135588 ], [ 105.1793351, 18.6037628 ], [ 105.186711, 18.603571 ], [ 105.1901421, 18.6059489 ], [ 105.189672, 18.6152053 ], [ 105.1915299, 18.6195374 ], [ 105.1892551, 18.6286627 ], [ 105.1916363, 18.6359094 ], [ 105.1962344, 18.6381226 ], [ 105.1968858, 18.6399619 ], [ 105.194756, 18.6468273 ], [ 105.1921333, 18.6486244 ], [ 105.1867202, 18.6481237 ], [ 105.1803542, 18.6590267 ], [ 105.1757142, 18.6597204 ], [ 105.1672739, 18.6576722 ], [ 105.1507085, 18.6787803 ], [ 105.1437138, 18.6782579 ], [ 105.1372245, 18.6818344 ], [ 105.1322535, 18.6897385 ], [ 105.1366504, 18.6980889 ], [ 105.1429091, 18.7026942 ], [ 105.1357243, 18.7074461 ], [ 105.1317612, 18.7159018 ], [ 105.1137051, 18.7146941 ], [ 105.1014318, 18.7043002 ], [ 105.0786435, 18.7100266 ], [ 105.050224, 18.7069513 ], [ 105.0480461, 18.7090757 ], [ 105.0487788, 18.7129626 ], [ 105.0568936, 18.7237901 ], [ 105.0564001, 18.7251374 ], [ 105.0494697, 18.7295568 ], [ 105.0379746, 18.7226311 ], [ 105.0286502, 18.7288225 ], [ 105.0203398, 18.7305143 ], [ 105.0159947, 18.7360962 ], [ 105.0196387, 18.7456235 ], [ 105.0193442, 18.7494555 ], [ 104.9985134, 18.7373694 ], [ 104.9946872, 18.7381615 ], [ 104.9908434, 18.7446303 ], [ 104.988887, 18.7452903 ], [ 104.9848703, 18.7442339 ], [ 104.9808887, 18.7397778 ], [ 104.9659641, 18.7436043 ], [ 104.9571003, 18.740698 ], [ 104.9407571, 18.7395714 ], [ 104.9373237, 18.7542905 ], [ 104.9336513, 18.758712 ], [ 104.9366585, 18.7736973 ], [ 104.9173969, 18.7852086 ], [ 104.9152476, 18.7889702 ], [ 104.9112977, 18.7916417 ], [ 104.9093237, 18.7911787 ], [ 104.9070966, 18.7876153 ], [ 104.8947341, 18.788064 ], [ 104.889421, 18.7849309 ], [ 104.8712045, 18.7874802 ], [ 104.8551207, 18.7746639 ], [ 104.8494446, 18.7781308 ], [ 104.8454087, 18.7835908 ], [ 104.8397327, 18.7863745 ], [ 104.828535, 18.7865353 ], [ 104.8134295, 18.7832201 ], [ 104.7953037, 18.7841117 ], [ 104.7865445, 18.7922398 ], [ 104.7821705, 18.8033888 ], [ 104.7747951, 18.8027541 ], [ 104.7568272, 18.7961302 ], [ 104.7468753, 18.8014094 ], [ 104.7368408, 18.8018508 ], [ 104.73453, 18.8091318 ], [ 104.7345186, 18.8163591 ], [ 104.7200313, 18.8179883 ], [ 104.7168847, 18.8201015 ], [ 104.7114357, 18.8288292 ], [ 104.7101941, 18.8342907 ], [ 104.7115352, 18.8415746 ], [ 104.697352, 18.8410575 ], [ 104.6863391, 18.8362022 ], [ 104.6751637, 18.8385731 ], [ 104.667039, 18.853867 ], [ 104.6576775, 18.8595977 ], [ 104.6544994, 18.8652826 ], [ 104.6452005, 18.8691348 ], [ 104.6351901, 18.8703105 ], [ 104.6256083, 18.8801934 ], [ 104.6273556, 18.8871396 ], [ 104.6265154, 18.8887882 ], [ 104.6184389, 18.8929829 ], [ 104.5954777, 18.8990235 ], [ 104.5870376, 18.9047525 ], [ 104.5773612, 18.9027959 ], [ 104.5763824, 18.911785 ], [ 104.5636971, 18.9292829 ], [ 104.562965, 18.9349719 ], [ 104.5596317, 18.941053 ], [ 104.5437209, 18.9560947 ], [ 104.5417273, 18.9746982 ], [ 104.5282424, 18.9864439 ], [ 104.5182513, 18.9815049 ], [ 104.5106153, 18.9828685 ], [ 104.5021656, 18.9981525 ], [ 104.4960596, 19.0041029 ], [ 104.4870807, 19.0066433 ], [ 104.4810599, 19.0061369 ], [ 104.4708977, 18.989815 ], [ 104.460555, 18.9921087 ], [ 104.450989, 18.9871368 ], [ 104.4463137, 18.9874689 ], [ 104.4383627, 18.9966898 ], [ 104.4337279, 18.9993618 ], [ 104.4299624, 19.0055401 ], [ 104.4241197, 19.005256 ], [ 104.4195521, 19.0078412 ], [ 104.42113, 19.0189137 ], [ 104.4132833, 19.0286765 ], [ 104.4044908, 19.0360727 ], [ 104.4021633, 19.041071 ], [ 104.4057342, 19.0477547 ], [ 104.3981098, 19.0584627 ], [ 104.382345, 19.0616797 ], [ 104.3658979, 19.0748065 ], [ 104.3498036, 19.0720051 ], [ 104.3370359, 19.0768632 ], [ 104.3196059, 19.0861537 ], [ 104.3097888, 19.0890963 ], [ 104.3038051, 19.0961855 ], [ 104.3022516, 19.1063795 ], [ 104.2991782, 19.113224 ], [ 104.2806795, 19.1202131 ], [ 104.270335, 19.120513 ], [ 104.2538846, 19.1155627 ], [ 104.2431974, 19.1162814 ], [ 104.2313163, 19.1127262 ], [ 104.2140855, 19.1197933 ], [ 104.209465, 19.1275091 ], [ 104.2179976, 19.1431697 ], [ 104.2251996, 19.1500794 ], [ 104.2243299, 19.154708 ], [ 104.2204906, 19.1585674 ], [ 104.1986801, 19.163636 ], [ 104.1933066, 19.1808306 ], [ 104.1848697, 19.1936384 ], [ 104.1796166, 19.1986801 ], [ 104.1542611, 19.199471 ], [ 104.1290023, 19.204086 ], [ 104.1165835, 19.2202941 ], [ 104.1116467, 19.2234465 ], [ 104.1076673, 19.2211773 ], [ 104.1053804, 19.2149459 ], [ 104.1015333, 19.2140007 ], [ 104.0914636, 19.2305824 ], [ 104.0761814, 19.2390487 ], [ 104.0695679, 19.2476563 ], [ 104.0600399, 19.243772 ], [ 104.0537211, 19.2453601 ], [ 104.0096645, 19.2352987 ], [ 104.001638, 19.2310962 ], [ 103.9977136, 19.2315069 ], [ 103.992675, 19.238822 ], [ 103.9790719, 19.2448862 ], [ 103.9730433, 19.2453927 ], [ 103.9601539, 19.2521805 ], [ 103.9449578, 19.2680799 ], [ 103.9230133, 19.2859896 ], [ 103.9165336, 19.2952263 ], [ 103.916154, 19.3015545 ], [ 103.9144634, 19.3033704 ], [ 103.8984111, 19.3096051 ], [ 103.8923649, 19.308106 ], [ 103.8884067, 19.3020736 ], [ 103.8848792, 19.3010373 ], [ 103.8819652, 19.3021945 ], [ 103.880541, 19.3056472 ], [ 103.8729052, 19.3080006 ], [ 103.8732008, 19.3189948 ], [ 103.8823127, 19.3269085 ], [ 103.8905438, 19.3320581 ], [ 103.9052891, 19.3310503 ], [ 103.9100905, 19.3331738 ], [ 103.9132061, 19.3350872 ], [ 103.9171782, 19.3427961 ], [ 103.9315163, 19.3469877 ], [ 103.9447627, 19.3567948 ], [ 103.9502212, 19.3589829 ], [ 103.9591516, 19.3768964 ], [ 103.9548807, 19.3845409 ], [ 103.9640474, 19.3919164 ], [ 103.9698169, 19.3927362 ], [ 103.9732252, 19.3997019 ], [ 103.9859018, 19.4008623 ], [ 103.9921812, 19.4061858 ], [ 103.9988774, 19.4058089 ], [ 104.0060373, 19.4029432 ], [ 104.0115559, 19.4031866 ], [ 104.019315, 19.4101682 ], [ 104.0211711, 19.4168727 ], [ 104.0296194, 19.4172046 ], [ 104.0483452, 19.4269076 ], [ 104.0500911, 19.4260473 ], [ 104.0521045, 19.4193416 ], [ 104.0675469, 19.4172591 ], [ 104.0703161, 19.4224443 ], [ 104.070861, 19.4359729 ], [ 104.0743421, 19.4492653 ], [ 104.0730641, 19.4511356 ], [ 104.0647852, 19.4521298 ], [ 104.0635993, 19.4542557 ], [ 104.0695205, 19.4568211 ], [ 104.0795433, 19.4666057 ], [ 104.0844707, 19.4684024 ], [ 104.083323, 19.4728956 ], [ 104.0843375, 19.4799902 ], [ 104.0913412, 19.4899739 ], [ 104.1009155, 19.4924419 ], [ 104.1110256, 19.49059 ], [ 104.1156199, 19.4963627 ], [ 104.1213828, 19.4990276 ], [ 104.1209585, 19.5051266 ], [ 104.113921, 19.5103118 ], [ 104.1018398, 19.5247225 ], [ 104.1051963, 19.5267346 ], [ 104.1076773, 19.5322557 ], [ 104.1084303, 19.5420723 ], [ 104.1032502, 19.5502695 ], [ 104.1035984, 19.5627998 ], [ 104.1063771, 19.5693709 ], [ 104.0970061, 19.5773185 ], [ 104.0846894, 19.5824804 ], [ 104.0713179, 19.6007385 ], [ 104.0685818, 19.6074718 ], [ 104.0616684, 19.6116636 ], [ 104.059975, 19.6150242 ], [ 104.0592506, 19.6187106 ], [ 104.061366, 19.6267639 ], [ 104.0667206, 19.6354919 ], [ 104.0669595, 19.6398121 ], [ 104.0579704, 19.6501318 ], [ 104.05824, 19.6529111 ], [ 104.0689817, 19.6688256 ], [ 104.0694113, 19.6836306 ], [ 104.0762223, 19.6801122 ], [ 104.0909404, 19.6664609 ], [ 104.105207, 19.6616686 ], [ 104.1354079, 19.6627228 ], [ 104.1493452, 19.6666787 ], [ 104.1543616, 19.6704031 ], [ 104.1564821, 19.6740765 ], [ 104.1553992, 19.6854115 ], [ 104.1566407, 19.6920007 ], [ 104.1596806, 19.6967291 ], [ 104.1632772, 19.6970147 ], [ 104.1748636, 19.6891286 ], [ 104.179616, 19.694406 ], [ 104.1914931, 19.6957259 ], [ 104.1983309, 19.6934143 ], [ 104.2098728, 19.7040032 ], [ 104.2348457, 19.7085149 ], [ 104.2390823, 19.7060647 ], [ 104.2551796, 19.7037802 ], [ 104.2609664, 19.7047231 ], [ 104.2656969, 19.6989229 ], [ 104.2689087, 19.6973172 ], [ 104.2853992, 19.6948888 ], [ 104.2983413, 19.6984193 ], [ 104.3036003, 19.6977659 ], [ 104.3199452, 19.6863534 ], [ 104.3209463, 19.683068 ], [ 104.3169332, 19.67263 ], [ 104.3182247, 19.6680947 ], [ 104.3365271, 19.677725 ], [ 104.3397618, 19.6818876 ], [ 104.3413246, 19.688215 ], [ 104.35034, 19.6932586 ], [ 104.3604128, 19.692526 ], [ 104.3667103, 19.6970621 ], [ 104.3812558, 19.696818 ], [ 104.3890097, 19.7003389 ], [ 104.3971685, 19.6977265 ], [ 104.4012153, 19.7001934 ], [ 104.4006264, 19.703092 ], [ 104.4020074, 19.7048226 ], [ 104.4144533, 19.7075424 ], [ 104.4214488, 19.7005939 ], [ 104.4185752, 19.6938765 ], [ 104.4216269, 19.688133 ], [ 104.4186741, 19.6817604 ], [ 104.4241561, 19.6736097 ], [ 104.429247, 19.6722155 ], [ 104.4439125, 19.673308 ], [ 104.4468933, 19.6700787 ], [ 104.442905, 19.6603426 ], [ 104.4438223, 19.6580955 ], [ 104.4508946, 19.6534783 ], [ 104.4621841, 19.6499446 ], [ 104.4682081, 19.6507804 ], [ 104.4756596, 19.6562093 ], [ 104.4897983, 19.6540126 ], [ 104.4928408, 19.6513607 ], [ 104.4969314, 19.6377151 ], [ 104.5045336, 19.6305655 ], [ 104.5055493, 19.6227334 ], [ 104.5132333, 19.6219095 ], [ 104.5258111, 19.6141917 ], [ 104.5369805, 19.6131221 ], [ 104.5444816, 19.6199116 ], [ 104.5543118, 19.6148354 ], [ 104.567976, 19.6143486 ], [ 104.5722371, 19.6227022 ], [ 104.5771582, 19.6267263 ], [ 104.5886414, 19.6314527 ], [ 104.6094015, 19.6347988 ], [ 104.6173357, 19.6293355 ], [ 104.6293658, 19.6277897 ], [ 104.6333154, 19.6232108 ], [ 104.6404677, 19.6235514 ], [ 104.6454417, 19.6259821 ], [ 104.6504954, 19.6394704 ], [ 104.6497466, 19.6448371 ], [ 104.6448335, 19.6530715 ], [ 104.6447329, 19.6561168 ], [ 104.6477252, 19.6591402 ], [ 104.6583406, 19.6621183 ], [ 104.6591192, 19.6736248 ], [ 104.6654498, 19.6794454 ], [ 104.6688573, 19.6853137 ], [ 104.6614529, 19.7025578 ], [ 104.6681523, 19.7053602 ], [ 104.6776643, 19.7132596 ], [ 104.6836229, 19.7224665 ], [ 104.6940048, 19.7265238 ], [ 104.6994913, 19.7378001 ], [ 104.7129047, 19.747118 ], [ 104.7218266, 19.7555601 ], [ 104.7253164, 19.7566738 ], [ 104.7299775, 19.7562126 ], [ 104.7381258, 19.7496872 ], [ 104.744598, 19.7516528 ], [ 104.7548432, 19.7508815 ], [ 104.7563426, 19.7574581 ], [ 104.7660719, 19.765841 ], [ 104.7613696, 19.7747029 ], [ 104.7622664, 19.7764701 ], [ 104.774947, 19.7773263 ], [ 104.7820854, 19.7848161 ], [ 104.7973576, 19.7911554 ], [ 104.8037757, 19.7875796 ], [ 104.8108368, 19.7879132 ], [ 104.8152675, 19.7851621 ], [ 104.8177748, 19.7853139 ], [ 104.8270204, 19.7891864 ], [ 104.8338907, 19.7968322 ], [ 104.8369325, 19.8061763 ], [ 104.8338789, 19.8157092 ], [ 104.8350309, 19.8243797 ], [ 104.8388348, 19.8333421 ], [ 104.8445029, 19.8370467 ], [ 104.8476143, 19.8436451 ], [ 104.8454734, 19.8464296 ], [ 104.8341507, 19.8532816 ], [ 104.8365309, 19.8598695 ], [ 104.8445208, 19.8647612 ], [ 104.8485019, 19.8718795 ], [ 104.8398063, 19.8880916 ], [ 104.845544, 19.9103257 ], [ 104.8477999, 19.9125733 ], [ 104.8413089, 19.9174409 ], [ 104.8426022, 19.9264813 ], [ 104.863064, 19.9461102 ], [ 104.8858878, 19.9539339 ], [ 104.8967206, 19.9613552 ], [ 104.9086993, 19.9781362 ], [ 104.909662, 19.989801 ], [ 104.9150106, 19.9940291 ], [ 104.9103394, 20.002546 ], [ 104.916896, 20.0168499 ], [ 104.923179, 20.0222212 ], [ 104.9252473, 20.0272334 ], [ 104.9361609, 20.0407667 ], [ 104.9478064, 20.0481266 ], [ 104.9583893, 20.0516877 ], [ 104.9616267, 20.0584919 ], [ 104.9705379, 20.0629059 ], [ 104.9742791, 20.0797978 ], [ 104.9795139, 20.0869058 ], [ 104.9904841, 20.0956147 ], [ 104.9629904, 20.1012111 ], [ 104.9588939, 20.1056988 ], [ 104.9590722, 20.113083 ], [ 104.9520269, 20.1156843 ], [ 104.9462563, 20.1226168 ], [ 104.9337691, 20.1266642 ], [ 104.919904, 20.1422483 ], [ 104.9211429, 20.1472942 ], [ 104.9295473, 20.1515407 ], [ 104.925587, 20.1596739 ], [ 104.9099957, 20.1560184 ], [ 104.9056191, 20.1518049 ], [ 104.897275, 20.1484118 ], [ 104.8609323, 20.1434208 ], [ 104.8491356, 20.1498722 ], [ 104.8394151, 20.1501478 ], [ 104.8347375, 20.1571158 ], [ 104.8293258, 20.1566227 ], [ 104.8220671, 20.1616386 ], [ 104.8185573, 20.1718062 ], [ 104.8004604, 20.1811159 ], [ 104.7852361, 20.1935923 ], [ 104.7779098, 20.1953641 ], [ 104.7699346, 20.2007136 ], [ 104.7630617, 20.1999205 ], [ 104.7558832, 20.2013601 ], [ 104.7507818, 20.1997625 ], [ 104.7410377, 20.1998259 ], [ 104.7306764, 20.2032241 ], [ 104.7183714, 20.2016338 ], [ 104.7137456, 20.2066391 ], [ 104.7054567, 20.2072762 ], [ 104.69915, 20.2134553 ], [ 104.6862597, 20.2175746 ], [ 104.6710474, 20.2174602 ], [ 104.6671577, 20.2192926 ], [ 104.6651771, 20.2280502 ], [ 104.658763, 20.2346877 ], [ 104.6496678, 20.2338343 ], [ 104.6412384, 20.2354586 ], [ 104.6293351, 20.2303177 ], [ 104.6122295, 20.2435936 ], [ 104.6108739, 20.2527753 ], [ 104.6074242, 20.2573348 ], [ 104.6097127, 20.2634128 ], [ 104.6091428, 20.2775838 ], [ 104.6100072, 20.280881 ], [ 104.6145368, 20.2840215 ], [ 104.6150379, 20.2930847 ], [ 104.6195988, 20.2980433 ], [ 104.6173749, 20.2975649 ], [ 104.6152243, 20.3000891 ], [ 104.6136088, 20.3118032 ], [ 104.6181627, 20.3225739 ], [ 104.6161724, 20.3302919 ], [ 104.6197923, 20.3428236 ], [ 104.613505, 20.3488842 ], [ 104.614384, 20.3616502 ], [ 104.6198942, 20.3666467 ], [ 104.6368277, 20.3738263 ], [ 104.6471356, 20.3814112 ], [ 104.6687492, 20.3909167 ], [ 104.6751943, 20.3960821 ], [ 104.6813008, 20.4041186 ], [ 104.69754, 20.3998778 ], [ 104.7100566, 20.3997885 ], [ 104.7144539, 20.4028518 ], [ 104.7164991, 20.4077016 ], [ 104.7087689, 20.4109527 ], [ 104.7032829, 20.4159204 ], [ 104.6953955, 20.4298906 ], [ 104.6870192, 20.4336846 ], [ 104.6834588, 20.443246 ], [ 104.676543, 20.4459317 ], [ 104.6700045, 20.4508594 ], [ 104.6630512, 20.4528523 ], [ 104.6614595, 20.4601603 ], [ 104.6689751, 20.4653697 ], [ 104.66582, 20.4711552 ], [ 104.6524254, 20.4751253 ], [ 104.631313, 20.4643127 ], [ 104.623818, 20.462215 ], [ 104.6112708, 20.4468969 ], [ 104.6167416, 20.4415855 ], [ 104.6159035, 20.434909 ], [ 104.6126127, 20.4287019 ], [ 104.6093158, 20.4242702 ], [ 104.5989763, 20.4185537 ], [ 104.582772, 20.4155588 ], [ 104.5710264, 20.4176129 ], [ 104.563407, 20.4171713 ], [ 104.5444995, 20.4094735 ], [ 104.5324167, 20.4112436 ], [ 104.5267312, 20.4147972 ], [ 104.5253938, 20.4130237 ], [ 104.5256858, 20.3993313 ], [ 104.5183956, 20.3889892 ], [ 104.5112769, 20.3862593 ], [ 104.4943775, 20.3840769 ], [ 104.4903137, 20.3789851 ], [ 104.4799138, 20.3742301 ], [ 104.4729177, 20.3684785 ], [ 104.4679289, 20.3671171 ], [ 104.4631645, 20.3673272 ], [ 104.4550965, 20.37142 ], [ 104.4503456, 20.3793358 ], [ 104.4455247, 20.3810106 ], [ 104.4379459, 20.3770832 ], [ 104.4251117, 20.379896 ], [ 104.4189965, 20.3774906 ], [ 104.4156826, 20.3796043 ], [ 104.4056927, 20.3898875 ], [ 104.4030574, 20.4029423 ], [ 104.4043822, 20.4146549 ], [ 104.4124872, 20.4272618 ], [ 104.3953908, 20.4356295 ], [ 104.3889419, 20.441957 ], [ 104.384949, 20.4436901 ], [ 104.3804414, 20.4441694 ], [ 104.3763144, 20.4425797 ], [ 104.3748042, 20.4435925 ], [ 104.3802207, 20.4494921 ], [ 104.3771126, 20.4602089 ], [ 104.372894, 20.4648662 ], [ 104.3725922, 20.4679509 ], [ 104.3788346, 20.475501 ], [ 104.3895118, 20.4799649 ], [ 104.3853678, 20.4858685 ], [ 104.3854748, 20.490666 ], [ 104.3896238, 20.4884745 ], [ 104.3943658, 20.4885983 ], [ 104.4032018, 20.4908409 ], [ 104.4131569, 20.4907496 ], [ 104.4190859, 20.4928289 ], [ 104.4233973, 20.4977868 ], [ 104.4318885, 20.5028815 ], [ 104.4364046, 20.5100558 ], [ 104.4427233, 20.5082443 ], [ 104.4482866, 20.511654 ], [ 104.4724338, 20.5180363 ], [ 104.4757367, 20.5220547 ], [ 104.4809728, 20.5246744 ], [ 104.4829604, 20.5324756 ], [ 104.4851165, 20.5349999 ], [ 104.489815, 20.5362506 ], [ 104.4905952, 20.5418422 ], [ 104.4953024, 20.5453522 ], [ 104.5054433, 20.5445911 ], [ 104.5125568, 20.550352 ], [ 104.5208702, 20.5505757 ], [ 104.5263041, 20.5572778 ], [ 104.522194, 20.562792 ], [ 104.5245139, 20.5712892 ], [ 104.5329227, 20.5785912 ], [ 104.5331274, 20.5877464 ], [ 104.5368664, 20.592139 ], [ 104.5398942, 20.599402 ], [ 104.542603, 20.6011964 ], [ 104.5523248, 20.6035386 ], [ 104.5559227, 20.607652 ], [ 104.5591324, 20.6088086 ], [ 104.5763474, 20.6080854 ], [ 104.5812847, 20.6112049 ], [ 104.5946507, 20.6094984 ], [ 104.599448, 20.6066218 ], [ 104.601097, 20.6074771 ], [ 104.6109489, 20.6221282 ], [ 104.6240603, 20.6266861 ], [ 104.6286578, 20.6339714 ], [ 104.6296475, 20.6432759 ], [ 104.6371038, 20.6579806 ], [ 104.6377634, 20.6665883 ], [ 104.6349226, 20.6723534 ], [ 104.6270761, 20.6745616 ], [ 104.601048, 20.6736088 ], [ 104.5951732, 20.6764225 ], [ 104.5901842, 20.676161 ], [ 104.5834294, 20.6830865 ], [ 104.5835839, 20.6980477 ], [ 104.5804346, 20.7031387 ], [ 104.5673055, 20.7132835 ], [ 104.5645393, 20.7174352 ], [ 104.5515585, 20.7215539 ], [ 104.533572, 20.7185642 ], [ 104.5267977, 20.7126265 ], [ 104.5255957, 20.7058774 ], [ 104.5210632, 20.7019338 ], [ 104.5183245, 20.7017523 ], [ 104.5162045, 20.7053145 ], [ 104.5095918, 20.7095661 ], [ 104.4944702, 20.7145353 ], [ 104.4894914, 20.7218315 ], [ 104.4855353, 20.73214 ], [ 104.4869711, 20.7462449 ], [ 104.4820102, 20.7538405 ], [ 104.479996, 20.7609759 ], [ 104.4820607, 20.7687063 ], [ 104.4690958, 20.7746527 ], [ 104.4678064, 20.7809466 ], [ 104.4572506, 20.7809388 ], [ 104.4498641, 20.7830786 ], [ 104.447, 20.7910755 ], [ 104.4463973, 20.7999613 ], [ 104.429647, 20.7984235 ], [ 104.4234839, 20.7952357 ], [ 104.4180682, 20.7967149 ], [ 104.4136878, 20.801829 ], [ 104.4097393, 20.8034241 ], [ 104.4047528, 20.8121692 ], [ 104.3965093, 20.8168512 ], [ 104.3943087, 20.8219312 ], [ 104.3779324, 20.8305122 ], [ 104.3757685, 20.8283105 ], [ 104.3780188, 20.8258586 ], [ 104.3762354, 20.8216352 ], [ 104.3678095, 20.8255296 ], [ 104.3597157, 20.8378632 ], [ 104.3452684, 20.8466347 ], [ 104.3454811, 20.8522839 ], [ 104.3380282, 20.8525292 ], [ 104.3345426, 20.8580939 ], [ 104.3341837, 20.8615445 ], [ 104.3315548, 20.8606252 ], [ 104.3290347, 20.8565277 ], [ 104.3264184, 20.8575442 ], [ 104.324252, 20.8606881 ], [ 104.3336862, 20.8736799 ], [ 104.3301874, 20.8773086 ], [ 104.3295898, 20.8843266 ], [ 104.3251379, 20.8904049 ], [ 104.3167311, 20.8943664 ], [ 104.3164896, 20.8980721 ], [ 104.3109864, 20.9013904 ], [ 104.3098903, 20.9049206 ], [ 104.3030554, 20.9073639 ], [ 104.2999597, 20.9103536 ], [ 104.2965497, 20.9092365 ], [ 104.2934399, 20.9103825 ], [ 104.2916137, 20.9136237 ], [ 104.2925915, 20.9176263 ], [ 104.2891759, 20.9245274 ], [ 104.284997, 20.9238811 ], [ 104.2814841, 20.9281537 ], [ 104.2776145, 20.9279964 ], [ 104.2732072, 20.9226226 ], [ 104.2690624, 20.9227601 ], [ 104.2595941, 20.9180378 ], [ 104.2575228, 20.9135788 ], [ 104.26181, 20.9085592 ], [ 104.2575643, 20.905031 ], [ 104.2566656, 20.9007761 ], [ 104.2542654, 20.899422 ], [ 104.2456821, 20.9022718 ], [ 104.24389, 20.9062506 ], [ 104.2368468, 20.911822 ], [ 104.2333892, 20.9182608 ], [ 104.2396818, 20.9262249 ], [ 104.239439, 20.9337321 ], [ 104.2288411, 20.9354638 ], [ 104.2253713, 20.9399666 ], [ 104.2127861, 20.9392444 ], [ 104.2109849, 20.9436373 ], [ 104.2020175, 20.9471928 ], [ 104.1922682, 20.9468407 ], [ 104.1893595, 20.9564443 ], [ 104.1872803, 20.9574683 ], [ 104.1766122, 20.9551873 ], [ 104.1545928, 20.9567176 ], [ 104.1365499, 20.9493065 ], [ 104.1296793, 20.9496471 ], [ 104.1251831, 20.9575632 ], [ 104.1244162, 20.9653142 ], [ 104.1189471, 20.9715772 ], [ 104.1126114, 20.973332 ], [ 104.1020966, 20.9793214 ], [ 104.0900639, 20.9656076 ], [ 104.0798071, 20.9624077 ], [ 104.0775499, 20.9600636 ], [ 104.0737832, 20.9620703 ], [ 104.0696652, 20.9620432 ], [ 104.0636335, 20.9560145 ], [ 104.0491593, 20.9517011 ], [ 104.055102, 20.9427063 ], [ 104.0510606, 20.935284 ], [ 104.0458926, 20.9314589 ], [ 104.0466022, 20.9158034 ], [ 104.03948, 20.9092702 ], [ 104.0349683, 20.9093736 ], [ 104.0277413, 20.9032067 ], [ 104.0181505, 20.9060065 ], [ 103.991524, 20.9053175 ], [ 103.9874433, 20.9106814 ], [ 103.9752362, 20.9107589 ], [ 103.9723147, 20.9153191 ], [ 103.969953, 20.9147987 ], [ 103.9672188, 20.9067531 ], [ 103.9583943, 20.8997252 ], [ 103.9422905, 20.895121 ], [ 103.9366734, 20.9024144 ], [ 103.9283323, 20.9051641 ], [ 103.9166623, 20.901838 ], [ 103.8945038, 20.90781 ], [ 103.8864801, 20.901278 ], [ 103.8795703, 20.898891 ], [ 103.8766997, 20.8920859 ], [ 103.8703289, 20.8874043 ], [ 103.8668935, 20.8818327 ], [ 103.8556566, 20.8732342 ], [ 103.8480947, 20.8623998 ], [ 103.8377455, 20.8651085 ], [ 103.8311055, 20.8719656 ], [ 103.8275438, 20.8735114 ], [ 103.8213389, 20.8726106 ], [ 103.814479, 20.8668349 ], [ 103.8082095, 20.8666699 ], [ 103.8098899, 20.8614477 ], [ 103.8094525, 20.8544339 ], [ 103.8026436, 20.8543046 ], [ 103.7983034, 20.8510419 ], [ 103.8023287, 20.8324981 ], [ 103.7956342, 20.8236825 ], [ 103.773424, 20.8062504 ], [ 103.7771115, 20.7977246 ], [ 103.775763, 20.7921214 ], [ 103.786325, 20.7794169 ], [ 103.7834224, 20.7607159 ], [ 103.7905085, 20.7501107 ], [ 103.7877735, 20.747477 ], [ 103.7789759, 20.7443587 ], [ 103.7687148, 20.7364639 ], [ 103.762965, 20.7396265 ], [ 103.7516797, 20.7338316 ], [ 103.732737, 20.7355866 ], [ 103.7304563, 20.7346205 ], [ 103.7283941, 20.7303856 ], [ 103.7296848, 20.7251093 ], [ 103.7275646, 20.7212881 ], [ 103.735116, 20.7096327 ], [ 103.73237, 20.7030795 ], [ 103.7328949, 20.6947454 ], [ 103.7396488, 20.6904041 ], [ 103.7445803, 20.6798037 ], [ 103.7330242, 20.6686541 ], [ 103.7215531, 20.6670949 ], [ 103.7123502, 20.6692674 ], [ 103.6975256, 20.6643684 ], [ 103.6818476, 20.6626789 ], [ 103.6728788, 20.6697413 ], [ 103.6708465, 20.6797057 ], [ 103.6721341, 20.6834653 ], [ 103.6663737, 20.6937251 ], [ 103.6658726, 20.700861 ], [ 103.6622007, 20.7008349 ], [ 103.6551117, 20.6970303 ], [ 103.6453097, 20.701816 ], [ 103.6346738, 20.7219821 ], [ 103.6250439, 20.7266549 ], [ 103.6203384, 20.7268381 ], [ 103.6126276, 20.7321707 ], [ 103.6064064, 20.7322313 ], [ 103.6046167, 20.7399403 ], [ 103.598007, 20.7457266 ], [ 103.562284, 20.7482282 ], [ 103.5537125, 20.7427243 ], [ 103.5353416, 20.754799 ], [ 103.5198553, 20.7508895 ], [ 103.5053388, 20.7559417 ], [ 103.5013629, 20.7626831 ], [ 103.4986644, 20.7737441 ], [ 103.4928422, 20.7820542 ], [ 103.4876774, 20.7862812 ], [ 103.4824505, 20.7858324 ], [ 103.4795825, 20.7929254 ], [ 103.4771663, 20.7951008 ], [ 103.4765676, 20.7990617 ], [ 103.4791594, 20.8111929 ], [ 103.4738345, 20.8148979 ], [ 103.4618389, 20.8292722 ], [ 103.4587943, 20.8293685 ], [ 103.4502766, 20.8239612 ], [ 103.4441611, 20.8225503 ], [ 103.4397318, 20.8116305 ], [ 103.4387386, 20.7990381 ], [ 103.4358719, 20.7955119 ], [ 103.4335299, 20.7947701 ], [ 103.4288895, 20.7977249 ], [ 103.4211364, 20.795068 ], [ 103.412654, 20.7983589 ], [ 103.4073147, 20.7933941 ], [ 103.4063841, 20.7890757 ], [ 103.4020443, 20.7855183 ], [ 103.3976589, 20.7839014 ], [ 103.3930117, 20.7871328 ] ] ], [ [ [ 103.4394368, 9.2646238 ], [ 103.4359257, 9.2646936 ], [ 103.4351389, 9.2683502 ], [ 103.4385678, 9.267514 ], [ 103.4394368, 9.2646238 ] ] ], [ [ [ 103.4625843, 9.2896178 ], [ 103.4584935, 9.290119 ], [ 103.4583044, 9.2935768 ], [ 103.4623068, 9.2934211 ], [ 103.4625843, 9.2896178 ] ] ], [ [ [ 103.4774874, 9.3034297 ], [ 103.4757419, 9.3047193 ], [ 103.4764315, 9.3061921 ], [ 103.4804351, 9.3057769 ], [ 103.4806158, 9.3042213 ], [ 103.4774874, 9.3034297 ] ] ], [ [ [ 103.4514438, 9.2931456 ], [ 103.44338, 9.2940529 ], [ 103.4417538, 9.304412 ], [ 103.4309681, 9.3131602 ], [ 103.4309534, 9.3164584 ], [ 103.4328401, 9.3186656 ], [ 103.4517672, 9.3273869 ], [ 103.4776934, 9.3260851 ], [ 103.4802453, 9.3207558 ], [ 103.4793099, 9.3177676 ], [ 103.4568018, 9.2966242 ], [ 103.4514438, 9.2931456 ] ] ], [ [ [ 103.4873636, 9.3213066 ], [ 103.4864763, 9.3236277 ], [ 103.487835, 9.3249897 ], [ 103.4911528, 9.3241319 ], [ 103.4910649, 9.3219035 ], [ 103.4873636, 9.3213066 ] ] ], [ [ [ 103.5044011, 9.3223269 ], [ 103.5006989, 9.3219238 ], [ 103.4970714, 9.3268489 ], [ 103.500969, 9.327156 ], [ 103.5034128, 9.3255194 ], [ 103.5044011, 9.3223269 ] ] ], [ [ [ 104.0247888, 9.7997481 ], [ 104.0273201, 9.801639 ], [ 104.0292604, 9.7989525 ], [ 104.0265302, 9.7972038 ], [ 104.0247888, 9.7997481 ] ] ], [ [ [ 104.0424239, 9.8212577 ], [ 104.0459624, 9.8251726 ], [ 104.0473363, 9.8232877 ], [ 104.0431123, 9.8198166 ], [ 104.0424239, 9.8212577 ] ] ], [ [ [ 104.0926814, 9.8520078 ], [ 104.0973099, 9.8515354 ], [ 104.0937962, 9.8436828 ], [ 104.0911375, 9.8490661 ], [ 104.0926814, 9.8520078 ] ] ], [ [ [ 103.9890386, 9.9039217 ], [ 103.9913238, 9.9063533 ], [ 103.9935762, 9.9041192 ], [ 103.9913906, 9.9018466 ], [ 103.9890386, 9.9039217 ] ] ], [ [ [ 104.0182982, 9.9091174 ], [ 104.0208308, 9.9110088 ], [ 104.0227722, 9.9083218 ], [ 104.0200406, 9.9065727 ], [ 104.0182982, 9.9091174 ] ] ], [ [ [ 103.9871449, 9.9152936 ], [ 103.9928989, 9.9144445 ], [ 103.9932472, 9.9138255 ], [ 103.989559, 9.9100426 ], [ 103.9865331, 9.9100263 ], [ 103.9836925, 9.9134338 ], [ 103.9871449, 9.9152936 ] ] ], [ [ [ 104.0090331, 9.9132762 ], [ 104.0134451, 9.9136698 ], [ 104.0164857, 9.9150691 ], [ 104.013606, 9.9107322 ], [ 104.0090331, 9.9132762 ] ] ], [ [ [ 104.0204345, 9.9215316 ], [ 104.0232364, 9.9196563 ], [ 104.0238312, 9.9172445 ], [ 104.0199084, 9.9178128 ], [ 104.0204345, 9.9215316 ] ] ], [ [ [ 103.9939366, 9.9218128 ], [ 103.9999777, 9.9237641 ], [ 104.0013706, 9.9163099 ], [ 103.9944694, 9.920243 ], [ 103.9939366, 9.9218128 ] ] ], [ [ [ 103.9774852, 9.920586 ], [ 103.9800177, 9.9224779 ], [ 103.9819597, 9.9197913 ], [ 103.9792283, 9.9180415 ], [ 103.9774852, 9.920586 ] ] ], [ [ [ 103.989449, 9.9300268 ], [ 103.9919816, 9.9319186 ], [ 103.9939236, 9.9292318 ], [ 103.991192, 9.9274822 ], [ 103.989449, 9.9300268 ] ] ], [ [ [ 104.016741, 9.9346907 ], [ 104.0195214, 9.9343994 ], [ 104.021303, 9.9319551 ], [ 104.0162987, 9.9288655 ], [ 104.0143258, 9.9322354 ], [ 104.016741, 9.9346907 ] ] ], [ [ [ 104.0108974, 9.952189 ], [ 104.0110107, 9.9620808 ], [ 104.0076829, 9.9658522 ], [ 104.0087367, 9.9692025 ], [ 104.0116696, 9.9700657 ], [ 104.0152594, 9.9685194 ], [ 104.0209058, 9.9605535 ], [ 104.0209368, 9.9536919 ], [ 104.023914, 9.9469873 ], [ 104.0214777, 9.9414918 ], [ 104.0091261, 9.9491279 ], [ 104.0108974, 9.952189 ] ] ], [ [ [ 104.0118813, 9.9856162 ], [ 104.0154347, 9.9857558 ], [ 104.0202267, 9.9818868 ], [ 104.0248912, 9.969591 ], [ 104.0144273, 9.9778163 ], [ 104.0118813, 9.9856162 ] ] ], [ [ [ 104.0401528, 9.9946976 ], [ 104.0403997, 9.9918463 ], [ 104.0369057, 9.9938746 ], [ 104.0347994, 9.9985947 ], [ 104.0401528, 9.9946976 ] ] ], [ [ [ 104.0052291, 10.0023006 ], [ 104.0124964, 9.9953665 ], [ 104.0100293, 9.9917776 ], [ 104.0052713, 9.9962466 ], [ 104.0052291, 10.0023006 ] ] ], [ [ [ 104.0273281, 10.0077828 ], [ 104.033953, 10.0026723 ], [ 104.0342977, 9.9997276 ], [ 104.0264977, 10.0060534 ], [ 104.0273281, 10.0077828 ] ] ], [ [ [ 104.0636758, 10.3884907 ], [ 104.0717266, 10.3769424 ], [ 104.0785933, 10.3560689 ], [ 104.0729054, 10.350957 ], [ 104.0705713, 10.3409482 ], [ 104.0720512, 10.3307835 ], [ 104.0786887, 10.3101594 ], [ 104.0779236, 10.3021372 ], [ 104.0734083, 10.288585 ], [ 104.0730873, 10.2781445 ], [ 104.0796659, 10.2479316 ], [ 104.0760431, 10.2381925 ], [ 104.0546625, 10.2017288 ], [ 104.0415806, 10.1583969 ], [ 104.0304068, 10.142937 ], [ 104.0292756, 10.1383169 ], [ 104.0342004, 10.1234042 ], [ 104.0335665, 10.1183096 ], [ 104.0302352, 10.1138901 ], [ 104.0161097, 10.0829963 ], [ 104.020338, 10.0755233 ], [ 104.0340542, 10.0739225 ], [ 104.0411866, 10.0703355 ], [ 104.028227, 10.0327631 ], [ 104.0356967, 10.0230533 ], [ 104.0493862, 10.0111623 ], [ 104.0500301, 10.0063584 ], [ 104.041335, 10.0110102 ], [ 104.0175655, 10.0192066 ], [ 104.0141697, 10.017938 ], [ 104.011319, 10.0113163 ], [ 104.0073337, 10.0120066 ], [ 104.0060883, 10.0250083 ], [ 104.0014106, 10.0386015 ], [ 103.9892589, 10.0495529 ], [ 103.9854195, 10.0846769 ], [ 103.9681991, 10.17001 ], [ 103.9591597, 10.2073728 ], [ 103.951705, 10.228409 ], [ 103.9352172, 10.258586 ], [ 103.9149944, 10.2885081 ], [ 103.9093479, 10.2922527 ], [ 103.8962202, 10.2908105 ], [ 103.8897063, 10.2918684 ], [ 103.883033, 10.3008828 ], [ 103.8740119, 10.3076492 ], [ 103.8668073, 10.3090315 ], [ 103.8577987, 10.306652 ], [ 103.8546832, 10.3086227 ], [ 103.8427599, 10.352557 ], [ 103.8319392, 10.3684678 ], [ 103.8341425, 10.3778275 ], [ 103.8438613, 10.3790367 ], [ 103.9182376, 10.36085 ], [ 103.9258958, 10.3625233 ], [ 103.9319394, 10.3680608 ], [ 103.9406557, 10.3832398 ], [ 103.9447968, 10.4021948 ], [ 103.9525908, 10.4067822 ], [ 103.9660491, 10.4106317 ], [ 103.9713795, 10.4407611 ], [ 103.9791468, 10.4481894 ], [ 103.9893841, 10.4521651 ], [ 103.9958817, 10.4522892 ], [ 104.0027135, 10.4497598 ], [ 104.0264582, 10.4162892 ], [ 104.0315793, 10.4133492 ], [ 104.0365781, 10.4167449 ], [ 104.0389838, 10.4163942 ], [ 104.0636758, 10.3884907 ] ] ], [ [ [ 103.8098144, 10.3599453 ], [ 103.8121026, 10.3623808 ], [ 103.8143619, 10.3601468 ], [ 103.8121735, 10.3578706 ], [ 103.8098144, 10.3599453 ] ] ], [ [ [ 104.0720283, 10.389145 ], [ 104.0743365, 10.3913331 ], [ 104.0765754, 10.3888796 ], [ 104.0743152, 10.3868195 ], [ 104.0720283, 10.389145 ] ] ], [ [ [ 104.0586144, 10.4082896 ], [ 104.060637, 10.4107931 ], [ 104.063142, 10.4087917 ], [ 104.0612767, 10.4063275 ], [ 104.0586144, 10.4082896 ] ] ], [ [ [ 104.0500198, 10.4152311 ], [ 104.0525562, 10.4170932 ], [ 104.0545007, 10.4144059 ], [ 104.0519321, 10.412624 ], [ 104.0500198, 10.4152311 ] ] ], [ [ [ 104.044401, 10.4171524 ], [ 104.0469534, 10.4192572 ], [ 104.0489241, 10.4166382 ], [ 104.0465025, 10.4147661 ], [ 104.044401, 10.4171524 ] ] ], [ [ [ 104.5631125, 8.8841546 ], [ 104.5660527, 8.8831229 ], [ 104.5651404, 8.880886 ], [ 104.561783, 8.8829937 ], [ 104.5631125, 8.8841546 ] ] ], [ [ [ 104.5219144, 8.9486301 ], [ 104.5206499, 8.9565056 ], [ 104.524438, 8.9600181 ], [ 104.5306032, 8.9497559 ], [ 104.5292668, 8.9438984 ], [ 104.5272962, 8.9436878 ], [ 104.5219144, 8.9486301 ] ] ], [ [ [ 104.3876711, 9.6367975 ], [ 104.3863885, 9.639918 ], [ 104.3985096, 9.6435512 ], [ 104.3928095, 9.6346347 ], [ 104.3876711, 9.6367975 ] ] ], [ [ [ 104.3566879, 9.6477926 ], [ 104.3593811, 9.6445059 ], [ 104.3589358, 9.6431484 ], [ 104.3564798, 9.6453457 ], [ 104.3566879, 9.6477926 ] ] ], [ [ [ 104.3901003, 9.6494659 ], [ 104.3923874, 9.651892 ], [ 104.3946327, 9.6496546 ], [ 104.3924454, 9.6473873 ], [ 104.3901003, 9.6494659 ] ] ], [ [ [ 104.3550904, 9.651882 ], [ 104.3546926, 9.6491234 ], [ 104.3524453, 9.6475178 ], [ 104.3525286, 9.6507652 ], [ 104.3550904, 9.651882 ] ] ], [ [ [ 104.3840825, 9.6557732 ], [ 104.3820536, 9.6517281 ], [ 104.3805097, 9.6522628 ], [ 104.3809861, 9.6573237 ], [ 104.383475, 9.6581687 ], [ 104.3840825, 9.6557732 ] ] ], [ [ [ 104.3567913, 9.6575269 ], [ 104.3586809, 9.6549854 ], [ 104.3554919, 9.6536071 ], [ 104.3541787, 9.657023 ], [ 104.3567913, 9.6575269 ] ] ], [ [ [ 104.3911985, 9.6734808 ], [ 104.3927959, 9.6773038 ], [ 104.3983784, 9.6753186 ], [ 104.3942143, 9.6702272 ], [ 104.3951894, 9.6638164 ], [ 104.3882875, 9.6602081 ], [ 104.3915436, 9.6678549 ], [ 104.3911985, 9.6734808 ] ] ], [ [ [ 104.3762769, 9.6797616 ], [ 104.37881, 9.6816479 ], [ 104.3807445, 9.6789587 ], [ 104.378013, 9.677215 ], [ 104.3762769, 9.6797616 ] ] ], [ [ [ 104.3930638, 9.6812509 ], [ 104.3953513, 9.6836771 ], [ 104.3975969, 9.6814395 ], [ 104.3954092, 9.6791721 ], [ 104.3930638, 9.6812509 ] ] ], [ [ [ 104.3390395, 9.6866889 ], [ 104.3434376, 9.6886921 ], [ 104.3483142, 9.6949689 ], [ 104.3459027, 9.7059342 ], [ 104.3463665, 9.7110333 ], [ 104.3484322, 9.7117573 ], [ 104.3515139, 9.7098848 ], [ 104.3558959, 9.6971649 ], [ 104.350584, 9.6919815 ], [ 104.3536297, 9.6686447 ], [ 104.3562578, 9.6618659 ], [ 104.3552548, 9.6593704 ], [ 104.3487698, 9.6596894 ], [ 104.340458, 9.6692402 ], [ 104.3383258, 9.6800722 ], [ 104.3390395, 9.6866889 ] ] ], [ [ [ 104.3946711, 9.6862731 ], [ 104.3969614, 9.688386 ], [ 104.399207, 9.6861483 ], [ 104.3970193, 9.6838809 ], [ 104.3946711, 9.6862731 ] ] ], [ [ [ 104.3865828, 9.6937327 ], [ 104.38931, 9.6918535 ], [ 104.3860233, 9.6856966 ], [ 104.3796214, 9.6820544 ], [ 104.3788562, 9.6857332 ], [ 104.3806776, 9.6894034 ], [ 104.3865828, 9.6937327 ] ] ], [ [ [ 104.3750757, 9.7110662 ], [ 104.3808107, 9.7074573 ], [ 104.380411, 9.7018701 ], [ 104.3770414, 9.6982549 ], [ 104.3748354, 9.7082394 ], [ 104.3750757, 9.7110662 ] ] ], [ [ [ 104.3360051, 9.71608 ], [ 104.3383109, 9.7039424 ], [ 104.3370555, 9.7018197 ], [ 104.3346985, 9.7121086 ], [ 104.3360051, 9.71608 ] ] ], [ [ [ 104.3562168, 9.7112622 ], [ 104.3587501, 9.7131489 ], [ 104.3606852, 9.7104597 ], [ 104.3579534, 9.7087156 ], [ 104.3562168, 9.7112622 ] ] ], [ [ [ 104.3463621, 9.7294851 ], [ 104.3483387, 9.7281925 ], [ 104.3486515, 9.72349 ], [ 104.3467003, 9.7195218 ], [ 104.3444393, 9.7264817 ], [ 104.3463621, 9.7294851 ] ] ], [ [ [ 104.3331226, 9.7300239 ], [ 104.3354099, 9.732451 ], [ 104.3376567, 9.7302138 ], [ 104.3354691, 9.7279456 ], [ 104.3331226, 9.7300239 ] ] ], [ [ [ 104.3541696, 9.7428285 ], [ 104.3591934, 9.7410084 ], [ 104.358398, 9.7384311 ], [ 104.3536235, 9.7367369 ], [ 104.3541696, 9.7428285 ] ] ], [ [ [ 104.4916256, 9.977792 ], [ 104.4939176, 9.9802184 ], [ 104.4961653, 9.9779786 ], [ 104.4939734, 9.975711 ], [ 104.4916256, 9.977792 ] ] ], [ [ [ 104.5520113, 10.0394099 ], [ 104.5595033, 10.0286183 ], [ 104.5596254, 10.0254072 ], [ 104.5567508, 10.0178131 ], [ 104.549394, 10.0161099 ], [ 104.5411896, 10.0309874 ], [ 104.5472427, 10.0390531 ], [ 104.5520113, 10.0394099 ] ] ], [ [ [ 104.506371, 10.0878839 ], [ 104.5029079, 10.0851422 ], [ 104.5001927, 10.0855904 ], [ 104.5051368, 10.08942 ], [ 104.506371, 10.0878839 ] ] ], [ [ [ 104.5067254, 10.0911932 ], [ 104.5092648, 10.0930793 ], [ 104.5112015, 10.0903869 ], [ 104.5084634, 10.0886436 ], [ 104.5067254, 10.0911932 ] ] ], [ [ [ 104.5116892, 10.1078714 ], [ 104.5147707, 10.1054763 ], [ 104.5109298, 10.0962869 ], [ 104.5092222, 10.0991284 ], [ 104.5092419, 10.1058829 ], [ 104.5116892, 10.1078714 ] ] ], [ [ [ 104.4945224, 10.1035322 ], [ 104.4965708, 10.1129151 ], [ 104.4993796, 10.1136247 ], [ 104.5033709, 10.1087292 ], [ 104.498677, 10.1079816 ], [ 104.4964779, 10.1040289 ], [ 104.4945224, 10.1035322 ] ] ], [ [ [ 104.4946473, 10.1308211 ], [ 104.4972486, 10.1273219 ], [ 104.4967424, 10.1226676 ], [ 104.4922136, 10.1281152 ], [ 104.4927857, 10.1303483 ], [ 104.4946473, 10.1308211 ] ] ], [ [ [ 104.5430583, 10.1352098 ], [ 104.5429169, 10.1267227 ], [ 104.5404207, 10.1234339 ], [ 104.5383618, 10.1255908 ], [ 104.5399003, 10.1333194 ], [ 104.5408794, 10.1353588 ], [ 104.5430583, 10.1352098 ] ] ], [ [ [ 104.5496973, 10.1347232 ], [ 104.5519917, 10.1371496 ], [ 104.5542406, 10.1349085 ], [ 104.5520463, 10.1326409 ], [ 104.5496973, 10.1347232 ] ] ], [ [ [ 104.4930564, 10.1388672 ], [ 104.4951465, 10.1383451 ], [ 104.4946924, 10.1358712 ], [ 104.492038, 10.1364279 ], [ 104.4930564, 10.1388672 ] ] ], [ [ [ 104.5418547, 10.1374049 ], [ 104.544164, 10.1396776 ], [ 104.5464005, 10.1372769 ], [ 104.5441613, 10.1351654 ], [ 104.5418547, 10.1374049 ] ] ], [ [ [ 104.4940942, 10.1404626 ], [ 104.4963905, 10.1425761 ], [ 104.49864, 10.1403356 ], [ 104.4964464, 10.1380674 ], [ 104.4940942, 10.1404626 ] ] ], [ [ [ 104.4938253, 10.1448952 ], [ 104.4941978, 10.1431484 ], [ 104.491181, 10.1390019 ], [ 104.491197, 10.1426476 ], [ 104.4938253, 10.1448952 ] ] ], [ [ [ 104.5183025, 10.1451855 ], [ 104.5216212, 10.1405196 ], [ 104.5215018, 10.1394415 ], [ 104.5174638, 10.1397725 ], [ 104.5183025, 10.1451855 ] ] ], [ [ [ 104.528134, 10.1426962 ], [ 104.5306742, 10.1445822 ], [ 104.5326111, 10.1418894 ], [ 104.5298721, 10.1401462 ], [ 104.528134, 10.1426962 ] ] ], [ [ [ 104.5498461, 10.1470725 ], [ 104.5513933, 10.1445168 ], [ 104.5488074, 10.1402654 ], [ 104.5464803, 10.1403764 ], [ 104.546714, 10.1462232 ], [ 104.5498461, 10.1470725 ] ] ], [ [ [ 104.5481887, 10.154287 ], [ 104.5532633, 10.1501146 ], [ 104.5528276, 10.1486067 ], [ 104.5472241, 10.1520933 ], [ 104.5481887, 10.154287 ] ] ], [ [ [ 104.5020426, 10.152987 ], [ 104.5045827, 10.1548733 ], [ 104.50652, 10.1521807 ], [ 104.5037812, 10.1504372 ], [ 104.5020426, 10.152987 ] ] ], [ [ [ 104.5844357, 10.155285 ], [ 104.590913, 10.1546321 ], [ 104.5877979, 10.1529097 ], [ 104.583896, 10.1536979 ], [ 104.5844357, 10.155285 ] ] ], [ [ [ 104.523086, 10.1611494 ], [ 104.5249607, 10.1588964 ], [ 104.5187889, 10.14873 ], [ 104.5162501, 10.1524061 ], [ 104.523086, 10.1611494 ] ] ], [ [ [ 104.5755243, 10.1580874 ], [ 104.5802551, 10.1565154 ], [ 104.5800435, 10.1547957 ], [ 104.5734627, 10.1537744 ], [ 104.5700388, 10.1553951 ], [ 104.5702502, 10.1572326 ], [ 104.5755243, 10.1580874 ] ] ], [ [ [ 104.5262494, 10.1628207 ], [ 104.5285439, 10.1652475 ], [ 104.5307933, 10.1630066 ], [ 104.528599, 10.1607386 ], [ 104.5262494, 10.1628207 ] ] ], [ [ [ 104.5746174, 10.1705599 ], [ 104.5771455, 10.1724267 ], [ 104.5791003, 10.1697801 ], [ 104.5764543, 10.1679723 ], [ 104.5746174, 10.1705599 ] ] ], [ [ [ 104.5742114, 10.1756256 ], [ 104.5769998, 10.1773285 ], [ 104.5786774, 10.174762 ], [ 104.5760257, 10.1729262 ], [ 104.5742114, 10.1756256 ] ] ], [ [ [ 104.5916575, 10.1813202 ], [ 104.5913499, 10.1774333 ], [ 104.5897882, 10.1765865 ], [ 104.5890165, 10.1801059 ], [ 104.5916575, 10.1813202 ] ] ], [ [ [ 104.5262742, 10.182309 ], [ 104.5221034, 10.1862399 ], [ 104.5251115, 10.1899161 ], [ 104.5286878, 10.1889463 ], [ 104.5313218, 10.1853359 ], [ 104.5327499, 10.1729266 ], [ 104.5316376, 10.1706777 ], [ 104.5282089, 10.1712435 ], [ 104.5287135, 10.1768802 ], [ 104.5262742, 10.182309 ] ] ], [ [ [ 104.5676914, 10.1808426 ], [ 104.5702324, 10.1827282 ], [ 104.5721692, 10.1800349 ], [ 104.5694294, 10.1782921 ], [ 104.5676914, 10.1808426 ] ] ], [ [ [ 104.3221679, 10.2876111 ], [ 104.3302988, 10.2896536 ], [ 104.3323366, 10.2875415 ], [ 104.323142, 10.2844066 ], [ 104.3221679, 10.2876111 ] ] ], [ [ [ 104.3106225, 10.2933273 ], [ 104.313709, 10.2944807 ], [ 104.3148597, 10.291675 ], [ 104.3117346, 10.2904183 ], [ 104.3106225, 10.2933273 ] ] ], [ [ [ 104.3395225, 10.2987546 ], [ 104.3413067, 10.2972168 ], [ 104.3408027, 10.2934634 ], [ 104.3366838, 10.2906357 ], [ 104.3356982, 10.2920738 ], [ 104.3368467, 10.2959704 ], [ 104.3395225, 10.2987546 ] ] ], [ [ [ 104.3500747, 10.2976814 ], [ 104.3448359, 10.2970119 ], [ 104.3442336, 10.2980753 ], [ 104.3478321, 10.301938 ], [ 104.350114, 10.3001603 ], [ 104.3500747, 10.2976814 ] ] ], [ [ [ 104.318538, 10.3075299 ], [ 104.3190859, 10.3046744 ], [ 104.3140609, 10.3011492 ], [ 104.3152213, 10.3059474 ], [ 104.318538, 10.3075299 ] ] ], [ [ [ 104.3181258, 10.3148147 ], [ 104.3212126, 10.315968 ], [ 104.3223634, 10.3131621 ], [ 104.3192379, 10.3119056 ], [ 104.3181258, 10.3148147 ] ] ], [ [ [ 104.3332275, 10.3234132 ], [ 104.3365695, 10.3225926 ], [ 104.3362665, 10.320157 ], [ 104.3265207, 10.3137781 ], [ 104.3222771, 10.3194476 ], [ 104.3220971, 10.323251 ], [ 104.3235367, 10.3238216 ], [ 104.3278585, 10.3200081 ], [ 104.3332275, 10.3234132 ] ] ], [ [ [ 104.2729885, 10.358154 ], [ 104.2754337, 10.3560833 ], [ 104.2760174, 10.3539132 ], [ 104.2715185, 10.3554548 ], [ 104.2729885, 10.358154 ] ] ], [ [ [ 104.3194915, 10.3615764 ], [ 104.3196269, 10.3549882 ], [ 104.3181909, 10.3542473 ], [ 104.3173748, 10.3592299 ], [ 104.3179499, 10.3615903 ], [ 104.3194915, 10.3615764 ] ] ], [ [ [ 104.3044112, 10.3636146 ], [ 104.3067052, 10.3660447 ], [ 104.3089592, 10.3638054 ], [ 104.3067653, 10.3615343 ], [ 104.3044112, 10.3636146 ] ] ], [ [ [ 104.3289126, 10.4025596 ], [ 104.3312354, 10.4017259 ], [ 104.3297041, 10.3962514 ], [ 104.3281092, 10.3943403 ], [ 104.325595, 10.394498 ], [ 104.3242174, 10.3956172 ], [ 104.3243657, 10.3987136 ], [ 104.3289126, 10.4025596 ] ] ], [ [ [ 104.3319723, 10.40468 ], [ 104.3352084, 10.4056279 ], [ 104.3360761, 10.4027234 ], [ 104.3331369, 10.4016226 ], [ 104.3319723, 10.40468 ] ] ], [ [ [ 104.3272525, 10.407452 ], [ 104.3305089, 10.4079861 ], [ 104.3310847, 10.4050121 ], [ 104.3277704, 10.4043827 ], [ 104.3272525, 10.407452 ] ] ], [ [ [ 104.3425229, 10.42856 ], [ 104.3433986, 10.4247863 ], [ 104.3412322, 10.4233085 ], [ 104.3402942, 10.4272202 ], [ 104.3425229, 10.42856 ] ] ], [ [ [ 104.3185763, 10.4423168 ], [ 104.3206079, 10.4459217 ], [ 104.3307828, 10.4410382 ], [ 104.3317332, 10.4391729 ], [ 104.3305771, 10.4342207 ], [ 104.3233749, 10.4303956 ], [ 104.3119923, 10.4332457 ], [ 104.3186414, 10.4386839 ], [ 104.3185763, 10.4423168 ] ] ], [ [ [ 104.3291086, 10.4535511 ], [ 104.3319253, 10.4549319 ], [ 104.333349, 10.451898 ], [ 104.33026, 10.4507445 ], [ 104.3291086, 10.4535511 ] ] ], [ [ [ 104.877086, 8.3835051 ], [ 104.8794979, 8.3844743 ], [ 104.8804557, 8.3820267 ], [ 104.8779306, 8.3811573 ], [ 104.877086, 8.3835051 ] ] ], [ [ [ 104.857207, 8.418647 ], [ 104.8538304, 8.412614 ], [ 104.8491144, 8.4116536 ], [ 104.846936, 8.4141882 ], [ 104.8467282, 8.4172985 ], [ 104.8504483, 8.4210291 ], [ 104.8564322, 8.4199793 ], [ 104.857207, 8.418647 ] ] ], [ [ [ 104.835241, 8.436821 ], [ 104.8378522, 8.4275323 ], [ 104.8305149, 8.422874 ], [ 104.822494, 8.4213462 ], [ 104.8161237, 8.4270902 ], [ 104.8250087, 8.4381349 ], [ 104.8291631, 8.4408969 ], [ 104.8300297, 8.444986 ], [ 104.8353005, 8.4481913 ], [ 104.8405905, 8.4553205 ], [ 104.8450384, 8.4488544 ], [ 104.8443169, 8.4435604 ], [ 104.8399103, 8.4395213 ], [ 104.8364592, 8.4394169 ], [ 104.835241, 8.436821 ] ] ], [ [ [ 104.7977461, 9.1804845 ], [ 104.8001949, 9.1810709 ], [ 104.8007898, 9.1783996 ], [ 104.7982796, 9.1779275 ], [ 104.7977461, 9.1804845 ] ] ], [ [ [ 104.6235468, 9.8005191 ], [ 104.6128813, 9.7973764 ], [ 104.6110554, 9.7995055 ], [ 104.6135115, 9.8096034 ], [ 104.6159411, 9.8135529 ], [ 104.6255401, 9.8210732 ], [ 104.6339355, 9.8240021 ], [ 104.6536481, 9.8206261 ], [ 104.6552628, 9.8192173 ], [ 104.6557779, 9.8126914 ], [ 104.6491841, 9.7990328 ], [ 104.6393773, 9.7962797 ], [ 104.6235468, 9.8005191 ] ] ], [ [ [ 104.8268668, 9.9685055 ], [ 104.8489396, 9.9801899 ], [ 104.8521927, 9.9776478 ], [ 104.8438177, 9.9726349 ], [ 104.8389248, 9.9523903 ], [ 104.8355198, 9.9497044 ], [ 104.8275584, 9.9548478 ], [ 104.8255829, 9.9580679 ], [ 104.8250226, 9.964115 ], [ 104.8268668, 9.9685055 ] ] ], [ [ [ 106.0780595, 8.5801493 ], [ 106.0808073, 8.5828515 ], [ 106.0834238, 8.5801866 ], [ 106.0806934, 8.5775146 ], [ 106.0780595, 8.5801493 ] ] ], [ [ [ 106.1514498, 8.6092776 ], [ 106.1500641, 8.6071878 ], [ 106.148429, 8.6081039 ], [ 106.1492908, 8.6102702 ], [ 106.1514498, 8.6092776 ] ] ], [ [ [ 106.1348007, 8.6136296 ], [ 106.1375497, 8.6163312 ], [ 106.1401591, 8.6138202 ], [ 106.137652, 8.6109971 ], [ 106.1348007, 8.6136296 ] ] ], [ [ [ 105.9857531, 18.7974331 ], [ 105.9860568, 18.7988504 ], [ 105.9881812, 18.7984659 ], [ 105.9878837, 18.7964424 ], [ 105.9857531, 18.7974331 ] ] ], [ [ [ 105.7676329, 18.8018505 ], [ 105.7763624, 18.8081536 ], [ 105.7794682, 18.8054067 ], [ 105.7798767, 18.8020766 ], [ 105.7699641, 18.7972771 ], [ 105.7676329, 18.8018505 ] ] ], [ [ [ 105.9638389, 18.8045042 ], [ 105.9657857, 18.800784 ], [ 105.9640219, 18.7970291 ], [ 105.9580496, 18.8004085 ], [ 105.9518904, 18.8115658 ], [ 105.954542, 18.8114897 ], [ 105.9638389, 18.8045042 ] ] ], [ [ [ 105.8133426, 19.3350907 ], [ 105.8207457, 19.3431246 ], [ 105.8233012, 19.3417027 ], [ 105.8237727, 19.3335062 ], [ 105.8212778, 19.3260128 ], [ 105.8250002, 19.3167734 ], [ 105.8253702, 19.3098031 ], [ 105.8208373, 19.3064123 ], [ 105.8182205, 19.3097401 ], [ 105.819136, 19.316002 ], [ 105.813646, 19.3306313 ], [ 105.8133426, 19.3350907 ] ] ], [ [ [ 105.8969115, 19.3499683 ], [ 105.9035084, 19.3432206 ], [ 105.9030254, 19.3423391 ], [ 105.8961503, 19.346307 ], [ 105.8969115, 19.3499683 ] ] ], [ [ [ 105.9294158, 19.3580132 ], [ 105.9342865, 19.3550261 ], [ 105.9331056, 19.3476617 ], [ 105.9282389, 19.3502812 ], [ 105.927907, 19.3542304 ], [ 105.9294158, 19.3580132 ] ] ], [ [ [ 105.8773875, 19.3534608 ], [ 105.8757082, 19.3514097 ], [ 105.8756, 19.3555979 ], [ 105.8765484, 19.3553079 ], [ 105.8773875, 19.3534608 ] ] ], [ [ [ 105.8730506, 19.3582662 ], [ 105.8715538, 19.3568153 ], [ 105.8693921, 19.3585897 ], [ 105.8722133, 19.3599337 ], [ 105.8730506, 19.3582662 ] ] ], [ [ [ 105.9086827, 19.368329 ], [ 105.90667, 19.3679267 ], [ 105.9051723, 19.3722029 ], [ 105.9072714, 19.3720697 ], [ 105.9086827, 19.368329 ] ] ], [ [ [ 105.9294691, 19.3621498 ], [ 105.9242672, 19.3598027 ], [ 105.916628, 19.368278 ], [ 105.9120558, 19.3704404 ], [ 105.9128815, 19.3838675 ], [ 105.9173786, 19.3796824 ], [ 105.9270973, 19.3851975 ], [ 105.93569, 19.3781096 ], [ 105.9356241, 19.3751678 ], [ 105.9294691, 19.3621498 ] ] ], [ [ [ 106.1068762, 19.8954938 ], [ 106.1260137, 19.9068873 ], [ 106.1127836, 19.8956347 ], [ 106.1069129, 19.8917603 ], [ 106.1027338, 19.8910356 ], [ 106.1068762, 19.8954938 ] ] ], [ [ [ 106.0102397, 19.9123454 ], [ 106.0044354, 19.9122927 ], [ 106.0028304, 19.9144421 ], [ 106.0079109, 19.9164859 ], [ 106.0105628, 19.9151782 ], [ 106.0102397, 19.9123454 ] ] ], [ [ [ 106.1354359, 19.9187147 ], [ 106.1350633, 19.920759 ], [ 106.1368266, 19.9210665 ], [ 106.1373826, 19.9183134 ], [ 106.1298108, 19.911271 ], [ 106.1280887, 19.9112772 ], [ 106.1354359, 19.9187147 ] ] ], [ [ [ 106.1448776, 19.9311735 ], [ 106.1468424, 19.9387557 ], [ 106.1490796, 19.9392351 ], [ 106.1498832, 19.9363361 ], [ 106.148367, 19.9330769 ], [ 106.1426973, 19.9240766 ], [ 106.1407321, 19.9236547 ], [ 106.1448776, 19.9311735 ] ] ], [ [ [ 106.5560634, 8.6302267 ], [ 106.556367, 8.6282814 ], [ 106.5544556, 8.6282064 ], [ 106.5542317, 8.6293241 ], [ 106.5560634, 8.6302267 ] ] ], [ [ [ 106.6285715, 8.6391525 ], [ 106.6338552, 8.6370745 ], [ 106.627604, 8.6323548 ], [ 106.6265328, 8.6363956 ], [ 106.6285715, 8.6391525 ] ] ], [ [ [ 106.6173666, 8.6390878 ], [ 106.6181041, 8.6359828 ], [ 106.6159216, 8.6347213 ], [ 106.6155246, 8.6384603 ], [ 106.6173666, 8.6390878 ] ] ], [ [ [ 106.5598864, 8.651162 ], [ 106.5617501, 8.6524999 ], [ 106.5739683, 8.6455544 ], [ 106.5698107, 8.6409464 ], [ 106.5633863, 8.6396272 ], [ 106.5567599, 8.6302359 ], [ 106.555423, 8.6337732 ], [ 106.550953, 8.635305 ], [ 106.552317, 8.6384109 ], [ 106.5510042, 8.6478345 ], [ 106.5470174, 8.643646 ], [ 106.5453395, 8.6464278 ], [ 106.5399357, 8.64687 ], [ 106.5378093, 8.653606 ], [ 106.5383451, 8.6607517 ], [ 106.542822, 8.6608177 ], [ 106.5461865, 8.6573563 ], [ 106.5485814, 8.6646627 ], [ 106.5513666, 8.6641468 ], [ 106.553236, 8.656571 ], [ 106.5558495, 8.6553831 ], [ 106.5565952, 8.6518482 ], [ 106.5598864, 8.651162 ] ] ], [ [ [ 106.6904516, 8.6693733 ], [ 106.6945317, 8.6797216 ], [ 106.7007369, 8.6766292 ], [ 106.7025663, 8.6693484 ], [ 106.7062164, 8.6705172 ], [ 106.7090191, 8.6679832 ], [ 106.7036106, 8.6635176 ], [ 106.6999062, 8.6649419 ], [ 106.6940464, 8.6606292 ], [ 106.6800485, 8.6682386 ], [ 106.6769281, 8.6628739 ], [ 106.676374, 8.6561053 ], [ 106.6749665, 8.656018 ], [ 106.6696329, 8.6590299 ], [ 106.666195, 8.6665163 ], [ 106.6599367, 8.672614 ], [ 106.6594544, 8.6802743 ], [ 106.6612441, 8.6819476 ], [ 106.6701489, 8.6815101 ], [ 106.6740756, 8.6785044 ], [ 106.6787258, 8.669425 ], [ 106.68438, 8.6751903 ], [ 106.6904516, 8.6693733 ] ] ], [ [ [ 106.5560142, 8.6892895 ], [ 106.5580725, 8.6849742 ], [ 106.5567806, 8.6834096 ], [ 106.5533658, 8.6841478 ], [ 106.5527828, 8.6871102 ], [ 106.5560142, 8.6892895 ] ] ], [ [ [ 106.6678915, 8.7516082 ], [ 106.663793, 8.7480797 ], [ 106.6596335, 8.7475069 ], [ 106.6572104, 8.7535023 ], [ 106.652315, 8.754187 ], [ 106.6502313, 8.7448142 ], [ 106.6535739, 8.7453168 ], [ 106.6620188, 8.7413638 ], [ 106.6616652, 8.7335579 ], [ 106.6588327, 8.730255 ], [ 106.6426467, 8.7312509 ], [ 106.6382903, 8.7275645 ], [ 106.6351452, 8.719792 ], [ 106.6354858, 8.7127712 ], [ 106.6572047, 8.6968881 ], [ 106.6577473, 8.6928766 ], [ 106.6552267, 8.6935525 ], [ 106.6500213, 8.6912846 ], [ 106.642778, 8.6982614 ], [ 106.633176, 8.7005432 ], [ 106.6283519, 8.6965687 ], [ 106.6251781, 8.6875492 ], [ 106.6210405, 8.6919263 ], [ 106.5982952, 8.6763119 ], [ 106.5956383, 8.6686172 ], [ 106.6083967, 8.6498863 ], [ 106.6112953, 8.6402864 ], [ 106.6044146, 8.6405426 ], [ 106.5875414, 8.6461657 ], [ 106.5841227, 8.6449977 ], [ 106.5749242, 8.6459962 ], [ 106.5787932, 8.6483447 ], [ 106.5696252, 8.656732 ], [ 106.5596478, 8.6759105 ], [ 106.5592613, 8.6811582 ], [ 106.5661929, 8.6881494 ], [ 106.5670646, 8.6925053 ], [ 106.5732205, 8.6913716 ], [ 106.577307, 8.7067337 ], [ 106.5814559, 8.7048692 ], [ 106.5881445, 8.7068363 ], [ 106.5869983, 8.7165703 ], [ 106.5908166, 8.7244837 ], [ 106.5968481, 8.7250561 ], [ 106.5990698, 8.7238276 ], [ 106.6003064, 8.7265932 ], [ 106.6075588, 8.7301092 ], [ 106.6106921, 8.7337534 ], [ 106.6177661, 8.7302505 ], [ 106.6224671, 8.7359198 ], [ 106.6224037, 8.7384323 ], [ 106.6201083, 8.7397721 ], [ 106.6205681, 8.7430951 ], [ 106.6261456, 8.7454356 ], [ 106.6285153, 8.7440954 ], [ 106.6314148, 8.7451174 ], [ 106.63783, 8.7522567 ], [ 106.6506461, 8.7547132 ], [ 106.6530479, 8.7606875 ], [ 106.662218, 8.7611645 ], [ 106.6624992, 8.7576168 ], [ 106.6662798, 8.7564179 ], [ 106.6678915, 8.7516082 ] ] ], [ [ [ 106.5448253, 8.7041025 ], [ 106.5346837, 8.7054611 ], [ 106.5346989, 8.7091941 ], [ 106.5469936, 8.7083757 ], [ 106.5448253, 8.7041025 ] ] ], [ [ [ 106.5818144, 8.7356498 ], [ 106.5869178, 8.7374798 ], [ 106.5863581, 8.7353199 ], [ 106.5818144, 8.7356498 ] ] ], [ [ [ 106.4717685, 17.8847446 ], [ 106.4726798, 17.8782065 ], [ 106.4682479, 17.8722906 ], [ 106.4662386, 17.8723313 ], [ 106.4638644, 17.8750094 ], [ 106.4644708, 17.8782585 ], [ 106.4684944, 17.8849965 ], [ 106.4717685, 17.8847446 ] ] ], [ [ [ 106.4938369, 17.9155315 ], [ 106.4961233, 17.909278 ], [ 106.4935005, 17.906895 ], [ 106.4890278, 17.9137382 ], [ 106.4918812, 17.9160129 ], [ 106.4938369, 17.9155315 ] ] ], [ [ [ 106.5297781, 17.9387659 ], [ 106.5337836, 17.9367582 ], [ 106.5332366, 17.9330699 ], [ 106.5303756, 17.9317307 ], [ 106.5253186, 17.9323013 ], [ 106.5230619, 17.9385003 ], [ 106.5297781, 17.9387659 ] ] ], [ [ [ 106.5221515, 17.9412438 ], [ 106.5192847, 17.9406743 ], [ 106.51673, 17.9444514 ], [ 106.521029, 17.9454706 ], [ 106.5227684, 17.9432278 ], [ 106.5221515, 17.9412438 ] ] ], [ [ [ 106.4621999, 18.1079859 ], [ 106.4624114, 18.1029305 ], [ 106.4505345, 18.1009772 ], [ 106.4584079, 18.108014 ], [ 106.4621999, 18.1079859 ] ] ], [ [ [ 106.5723351, 20.2163075 ], [ 106.5733044, 20.2148169 ], [ 106.5623832, 20.2075787 ], [ 106.5637882, 20.2120333 ], [ 106.5723351, 20.2163075 ] ] ], [ [ [ 106.59597, 20.2234216 ], [ 106.5975415, 20.2194475 ], [ 106.5960658, 20.2184701 ], [ 106.59597, 20.2234216 ] ] ], [ [ [ 106.583205, 20.2308711 ], [ 106.5849572, 20.2388958 ], [ 106.5860894, 20.235753 ], [ 106.5850275, 20.2291696 ], [ 106.575186, 20.2141641 ], [ 106.5749393, 20.2192671 ], [ 106.583205, 20.2308711 ] ] ], [ [ [ 106.6020512, 20.2776625 ], [ 106.6042188, 20.2759704 ], [ 106.5987024, 20.2642996 ], [ 106.5914534, 20.254578 ], [ 106.588656, 20.2544583 ], [ 106.5781803, 20.2742505 ], [ 106.5800542, 20.2830211 ], [ 106.5848485, 20.2898754 ], [ 106.5899931, 20.2928576 ], [ 106.5916643, 20.3001032 ], [ 106.5954428, 20.2985997 ], [ 106.5964605, 20.2917829 ], [ 106.59851, 20.2911849 ], [ 106.6015087, 20.2933427 ], [ 106.603239, 20.2922334 ], [ 106.6020512, 20.2776625 ] ] ], [ [ [ 106.60871, 20.289757 ], [ 106.6073189, 20.2823325 ], [ 106.6044651, 20.277582 ], [ 106.6046363, 20.2825106 ], [ 106.60871, 20.289757 ] ] ], [ [ [ 106.6071022, 20.4328381 ], [ 106.608408, 20.438647 ], [ 106.6058115, 20.4459168 ], [ 106.6067739, 20.4474084 ], [ 106.6097099, 20.4450218 ], [ 106.6111591, 20.441211 ], [ 106.6103202, 20.4328584 ], [ 106.5989657, 20.4194163 ], [ 106.595824, 20.4179512 ], [ 106.5962625, 20.4206725 ], [ 106.6071022, 20.4328381 ] ] ], [ [ [ 106.5990827, 20.4853239 ], [ 106.6011092, 20.4903714 ], [ 106.5981255, 20.49896 ], [ 106.6007126, 20.4977584 ], [ 106.6040196, 20.492014 ], [ 106.6056189, 20.4726162 ], [ 106.6030832, 20.4666721 ], [ 106.6015261, 20.4681239 ], [ 106.6024992, 20.4762507 ], [ 106.5990827, 20.4853239 ] ] ], [ [ [ 106.7405683, 8.6871481 ], [ 106.737965, 8.6823717 ], [ 106.7369572, 8.6871224 ], [ 106.733663, 8.6885276 ], [ 106.7309938, 8.6878025 ], [ 106.7344834, 8.6951517 ], [ 106.7380831, 8.6988142 ], [ 106.7414014, 8.6934631 ], [ 106.7405683, 8.6871481 ] ] ], [ [ [ 106.7138621, 8.7864969 ], [ 106.7152455, 8.7820736 ], [ 106.7126349, 8.7813831 ], [ 106.7116406, 8.7855197 ], [ 106.7138621, 8.7864969 ] ] ], [ [ [ 107.0715553, 10.3851652 ], [ 107.076676, 10.3799198 ], [ 107.0748764, 10.3761803 ], [ 107.0716455, 10.3775196 ], [ 107.0694894, 10.382961 ], [ 107.0715553, 10.3851652 ] ] ], [ [ [ 107.0973346, 10.4068628 ], [ 107.0961179, 10.3969064 ], [ 107.093679, 10.3951398 ], [ 107.0927041, 10.3976233 ], [ 107.0941605, 10.4036296 ], [ 107.0973346, 10.4068628 ] ] ], [ [ [ 106.9708832, 10.4693241 ], [ 106.9727812, 10.4731161 ], [ 106.9759432, 10.4748046 ], [ 106.9741268, 10.4694128 ], [ 106.9750515, 10.4614156 ], [ 106.9673536, 10.4527943 ], [ 106.9660248, 10.4531515 ], [ 106.9662372, 10.4548983 ], [ 106.9717299, 10.4621995 ], [ 106.9708832, 10.4693241 ] ] ], [ [ [ 106.8162345, 20.6692842 ], [ 106.8156083, 20.6665753 ], [ 106.8115935, 20.6684196 ], [ 106.8124249, 20.6698701 ], [ 106.8162345, 20.6692842 ] ] ], [ [ [ 107.0727213, 20.7054854 ], [ 107.0746115, 20.703816 ], [ 107.0716696, 20.7031653 ], [ 107.0727213, 20.7054854 ] ] ], [ [ [ 107.0342437, 20.7112012 ], [ 107.0387824, 20.7093934 ], [ 107.041184, 20.7035149 ], [ 107.0387025, 20.7037072 ], [ 107.0345868, 20.7072429 ], [ 107.0342437, 20.7112012 ] ] ], [ [ [ 107.0151127, 20.7152077 ], [ 107.0197367, 20.7167171 ], [ 107.0234898, 20.7116824 ], [ 107.0228744, 20.7105099 ], [ 107.0172807, 20.7109104 ], [ 107.0151127, 20.7152077 ] ] ], [ [ [ 107.0663647, 20.7151977 ], [ 107.065517, 20.7120466 ], [ 107.0616285, 20.7132485 ], [ 107.0615094, 20.7155833 ], [ 107.063442, 20.7174191 ], [ 107.0663647, 20.7151977 ] ] ], [ [ [ 107.0129892, 20.7218448 ], [ 107.0133389, 20.7197195 ], [ 107.0119311, 20.7188624 ], [ 107.00819, 20.721451 ], [ 107.0098156, 20.7239042 ], [ 107.0129892, 20.7218448 ] ] ], [ [ [ 107.0638617, 20.7198576 ], [ 107.0611658, 20.7197446 ], [ 107.0608169, 20.7250228 ], [ 107.0640589, 20.7237167 ], [ 107.0638617, 20.7198576 ] ] ], [ [ [ 107.0795546, 20.7313966 ], [ 107.0801197, 20.7259163 ], [ 107.0789366, 20.7252007 ], [ 107.0749208, 20.7304635 ], [ 107.0770665, 20.7329092 ], [ 107.0795546, 20.7313966 ] ] ], [ [ [ 107.0599105, 20.7340551 ], [ 107.0684259, 20.7353096 ], [ 107.0648795, 20.7325533 ], [ 107.0655505, 20.7275812 ], [ 107.0603708, 20.7280668 ], [ 107.0599105, 20.7340551 ] ] ], [ [ [ 107.0805171, 20.7386014 ], [ 107.0842529, 20.7342805 ], [ 107.0819948, 20.7323703 ], [ 107.0778149, 20.737402 ], [ 107.0805171, 20.7386014 ] ] ], [ [ [ 107.0701711, 20.7538966 ], [ 107.0686459, 20.7570375 ], [ 107.0700328, 20.7602921 ], [ 107.0764101, 20.7576793 ], [ 107.0845493, 20.7473574 ], [ 107.0790455, 20.7478422 ], [ 107.0749229, 20.7527998 ], [ 107.0701711, 20.7538966 ] ] ], [ [ [ 107.0527689, 20.7609294 ], [ 107.0616252, 20.7588352 ], [ 107.0618473, 20.7575163 ], [ 107.0541935, 20.7563669 ], [ 107.0527689, 20.7609294 ] ] ], [ [ [ 107.078807, 20.7664385 ], [ 107.0867098, 20.7605829 ], [ 107.0858616, 20.7574321 ], [ 107.0828348, 20.7587394 ], [ 107.078807, 20.7664385 ] ] ], [ [ [ 107.0613806, 20.7648242 ], [ 107.0684054, 20.7622143 ], [ 107.0674432, 20.7603827 ], [ 107.0584786, 20.7625782 ], [ 107.0613806, 20.7648242 ] ] ], [ [ [ 107.0785883, 20.7685636 ], [ 107.0725647, 20.764782 ], [ 107.0712634, 20.7661979 ], [ 107.0737273, 20.7698631 ], [ 107.0775028, 20.7699804 ], [ 107.0785883, 20.7685636 ] ] ], [ [ [ 107.0905078, 20.7650476 ], [ 107.0854379, 20.7649251 ], [ 107.0821915, 20.7670437 ], [ 107.0776144, 20.7767709 ], [ 107.0904572, 20.7759105 ], [ 107.0939421, 20.7689197 ], [ 107.0905078, 20.7650476 ] ] ], [ [ [ 106.8380713, 20.7761209 ], [ 106.8393279, 20.7698042 ], [ 106.8348589, 20.7696529 ], [ 106.8360402, 20.7759825 ], [ 106.8380713, 20.7761209 ] ] ], [ [ [ 107.0760869, 20.7742915 ], [ 107.0722208, 20.7718124 ], [ 107.0696731, 20.7750109 ], [ 107.0717971, 20.7777067 ], [ 107.0760869, 20.7742915 ] ] ], [ [ [ 106.9535521, 20.8557914 ], [ 106.9687308, 20.8573615 ], [ 106.9740813, 20.8512368 ], [ 106.9750421, 20.8562023 ], [ 106.9791947, 20.8589087 ], [ 106.9806597, 20.8575011 ], [ 106.9778741, 20.8468184 ], [ 106.9832681, 20.8494783 ], [ 106.9837678, 20.8591137 ], [ 106.9891591, 20.8623783 ], [ 106.9932296, 20.8624635 ], [ 107.0017502, 20.8571411 ], [ 106.9980645, 20.8456914 ], [ 107.0008034, 20.8463501 ], [ 107.0044528, 20.853151 ], [ 107.0081013, 20.8425706 ], [ 107.0134226, 20.840576 ], [ 107.009154, 20.8465618 ], [ 107.0066626, 20.855905 ], [ 107.0071283, 20.8608801 ], [ 107.0100663, 20.8623852 ], [ 107.019508, 20.8626796 ], [ 107.0233444, 20.8572974 ], [ 107.0228856, 20.8631992 ], [ 107.0334856, 20.8625646 ], [ 107.0352649, 20.8608063 ], [ 107.0345432, 20.8548488 ], [ 107.0406731, 20.8521002 ], [ 107.0443199, 20.8469438 ], [ 107.04451, 20.8409903 ], [ 107.0421629, 20.8382552 ], [ 107.0419103, 20.8295999 ], [ 107.0406787, 20.8291404 ], [ 107.0360997, 20.833006 ], [ 107.0351414, 20.8315384 ], [ 107.0433891, 20.8233994 ], [ 107.0440889, 20.8174226 ], [ 107.0498403, 20.8150252 ], [ 107.046486, 20.8193212 ], [ 107.0465567, 20.8241656 ], [ 107.0445151, 20.8289804 ], [ 107.0460944, 20.8351436 ], [ 107.0485866, 20.8356337 ], [ 107.0469595, 20.8282592 ], [ 107.0486284, 20.8270553 ], [ 107.0535837, 20.83399 ], [ 107.0577649, 20.8346638 ], [ 107.0593297, 20.8328034 ], [ 107.0590338, 20.8274027 ], [ 107.0567903, 20.8254251 ], [ 107.0588852, 20.8197344 ], [ 107.0633493, 20.8224252 ], [ 107.0673903, 20.8187081 ], [ 107.0637652, 20.8139997 ], [ 107.0689034, 20.8163932 ], [ 107.0707744, 20.8231835 ], [ 107.0748698, 20.8253876 ], [ 107.0877219, 20.8186897 ], [ 107.0915215, 20.8138325 ], [ 107.103103, 20.8061646 ], [ 107.1064675, 20.8019144 ], [ 107.1084519, 20.7926842 ], [ 107.1068549, 20.7880078 ], [ 107.1008815, 20.7965112 ], [ 107.0910552, 20.7980953 ], [ 107.0765488, 20.808187 ], [ 107.0765641, 20.8049384 ], [ 107.0929107, 20.7935345 ], [ 107.0942158, 20.7913065 ], [ 107.0937527, 20.7864823 ], [ 107.1003631, 20.780215 ], [ 107.0994005, 20.7783837 ], [ 107.0940038, 20.7788692 ], [ 107.091511, 20.7812955 ], [ 107.0880728, 20.7782356 ], [ 107.082243, 20.7790237 ], [ 107.0758565, 20.783464 ], [ 107.0753007, 20.7869134 ], [ 107.0638917, 20.8036161 ], [ 107.0607169, 20.8155876 ], [ 107.054868, 20.8175871 ], [ 107.0540959, 20.8210353 ], [ 107.051407, 20.8191965 ], [ 107.0529463, 20.8133151 ], [ 107.0606512, 20.804313 ], [ 107.0621921, 20.7980253 ], [ 107.0707634, 20.7881126 ], [ 107.0716076, 20.7807558 ], [ 107.0632166, 20.7756442 ], [ 107.0620231, 20.7770605 ], [ 107.0651333, 20.7809315 ], [ 107.0552282, 20.7766254 ], [ 107.0446592, 20.7757677 ], [ 107.0440243, 20.7732269 ], [ 107.0490649, 20.7727934 ], [ 107.0555916, 20.7684036 ], [ 107.0540891, 20.7667727 ], [ 107.0490187, 20.766751 ], [ 107.0456883, 20.7638939 ], [ 107.0405965, 20.7682374 ], [ 107.0400341, 20.772905 ], [ 107.0358166, 20.7749171 ], [ 107.0340382, 20.7854677 ], [ 107.0316701, 20.7843406 ], [ 107.0326914, 20.7741928 ], [ 107.0432826, 20.7594671 ], [ 107.0500976, 20.7556386 ], [ 107.060791, 20.7528416 ], [ 107.0701005, 20.7460787 ], [ 107.0702369, 20.7400891 ], [ 107.064534, 20.7371207 ], [ 107.0616114, 20.7392404 ], [ 107.0647231, 20.7414644 ], [ 107.0639538, 20.7456466 ], [ 107.0545515, 20.7492615 ], [ 107.0533826, 20.7456015 ], [ 107.0580553, 20.7385145 ], [ 107.0551812, 20.7305829 ], [ 107.0572176, 20.7221138 ], [ 107.0559366, 20.7193669 ], [ 107.0507778, 20.7155881 ], [ 107.0466918, 20.7130322 ], [ 107.0441003, 20.7136302 ], [ 107.0423598, 20.7166686 ], [ 107.0477326, 20.7207531 ], [ 107.0478276, 20.7233934 ], [ 107.0458778, 20.725111 ], [ 107.0395211, 20.723662 ], [ 107.034518, 20.7320672 ], [ 107.0318285, 20.730634 ], [ 107.0319817, 20.7214969 ], [ 107.0240686, 20.7293814 ], [ 107.0227763, 20.7289696 ], [ 107.0219383, 20.7239909 ], [ 107.0151208, 20.7284279 ], [ 107.0122407, 20.7327301 ], [ 107.0139537, 20.735276 ], [ 107.0215487, 20.7369302 ], [ 107.0359454, 20.7356926 ], [ 107.0397226, 20.7375217 ], [ 107.03701, 20.7407588 ], [ 107.0147625, 20.7399585 ], [ 107.0164223, 20.7513744 ], [ 107.0128905, 20.7536305 ], [ 107.0103798, 20.752862 ], [ 107.0099067, 20.7469907 ], [ 107.007399, 20.7456541 ], [ 106.9992364, 20.7520967 ], [ 106.9944397, 20.7488017 ], [ 106.9981879, 20.7422903 ], [ 106.999298, 20.7323698 ], [ 106.9975515, 20.7286981 ], [ 106.9928388, 20.738802 ], [ 106.9856351, 20.7389022 ], [ 106.9787375, 20.7479964 ], [ 106.9638443, 20.7597839 ], [ 106.9690625, 20.7613404 ], [ 106.975113, 20.7581836 ], [ 106.9769444, 20.7599825 ], [ 106.972376, 20.7664192 ], [ 106.9681397, 20.769475 ], [ 106.9649818, 20.7765847 ], [ 106.9607391, 20.7784616 ], [ 106.9595076, 20.7828502 ], [ 106.954352, 20.7894446 ], [ 106.9492803, 20.7928611 ], [ 106.9275176, 20.7953303 ], [ 106.9156094, 20.7990914 ], [ 106.9153221, 20.8032414 ], [ 106.9167255, 20.8042447 ], [ 106.918683, 20.800601 ], [ 106.9264445, 20.7983141 ], [ 106.9497894, 20.7964337 ], [ 106.947736, 20.8016547 ], [ 106.9381072, 20.8074587 ], [ 106.9326067, 20.8161193 ], [ 106.9465735, 20.8213892 ], [ 106.9444184, 20.8249666 ], [ 106.9372551, 20.8265696 ], [ 106.9366938, 20.8279588 ], [ 106.9450188, 20.8357124 ], [ 106.948483, 20.8447241 ], [ 106.9421261, 20.8472374 ], [ 106.940491, 20.8520325 ], [ 106.94144, 20.8536621 ], [ 106.9445922, 20.8508448 ], [ 106.9480918, 20.8510205 ], [ 106.9494138, 20.8606811 ], [ 106.9420012, 20.8626611 ], [ 106.9412725, 20.8656031 ], [ 106.945468, 20.8693224 ], [ 106.9497007, 20.8684855 ], [ 106.9480169, 20.875712 ], [ 106.9500222, 20.8800623 ], [ 106.9542125, 20.8757931 ], [ 106.9526485, 20.8709283 ], [ 106.9535521, 20.8557914 ] ] ], [ [ [ 106.9387899, 20.8249514 ], [ 106.9395775, 20.8221158 ], [ 106.9368814, 20.823514 ], [ 106.9387899, 20.8249514 ] ] ], [ [ [ 107.0720628, 20.8288203 ], [ 107.072929, 20.8271587 ], [ 107.0656489, 20.8238984 ], [ 107.0637107, 20.8253536 ], [ 107.06413, 20.8274243 ], [ 107.0720628, 20.8288203 ] ] ], [ [ [ 106.9365969, 20.8313797 ], [ 106.9345873, 20.8275319 ], [ 106.9326934, 20.8270524 ], [ 106.9334244, 20.8312334 ], [ 106.9365969, 20.8313797 ] ] ], [ [ [ 107.0757743, 20.8407616 ], [ 107.0855212, 20.834296 ], [ 107.0837265, 20.8311933 ], [ 107.0782972, 20.8315497 ], [ 107.0704283, 20.837644 ], [ 107.0757743, 20.8407616 ] ] ], [ [ [ 106.9379821, 20.8344465 ], [ 106.9284885, 20.8358243 ], [ 106.9301161, 20.8402366 ], [ 106.9253438, 20.8412367 ], [ 106.925895, 20.8439976 ], [ 106.9336163, 20.8474607 ], [ 106.9415073, 20.8458081 ], [ 106.9446983, 20.8404847 ], [ 106.9425502, 20.836248 ], [ 106.9379821, 20.8344465 ] ] ], [ [ [ 107.0485613, 20.8448497 ], [ 107.0508079, 20.8402043 ], [ 107.0480239, 20.8394263 ], [ 107.0473105, 20.8444024 ], [ 107.0485613, 20.8448497 ] ] ], [ [ [ 107.1081291, 20.828577 ], [ 107.1045132, 20.828057 ], [ 107.0944387, 20.8331325 ], [ 107.0937164, 20.8351217 ], [ 107.097627, 20.8392097 ], [ 107.0938452, 20.8455108 ], [ 107.092306, 20.8450623 ], [ 107.0891292, 20.8365217 ], [ 107.0846996, 20.8380194 ], [ 107.0818883, 20.8412432 ], [ 107.0825141, 20.8467905 ], [ 107.0877743, 20.8540132 ], [ 107.0938828, 20.85906 ], [ 107.0985759, 20.8586371 ], [ 107.0965163, 20.8547756 ], [ 107.1023872, 20.8459563 ], [ 107.1027919, 20.8380937 ], [ 107.1093772, 20.8340776 ], [ 107.1081291, 20.828577 ] ] ], [ [ [ 107.0498422, 20.8494547 ], [ 107.0548637, 20.852102 ], [ 107.0559282, 20.849653 ], [ 107.0523244, 20.8472271 ], [ 107.0498422, 20.8494547 ] ] ], [ [ [ 107.0477579, 20.8570215 ], [ 107.0465724, 20.8536159 ], [ 107.0441141, 20.8526749 ], [ 107.041083, 20.8575229 ], [ 107.0436134, 20.8589481 ], [ 107.0477579, 20.8570215 ] ] ], [ [ [ 106.8787195, 20.8498227 ], [ 106.8793267, 20.8536203 ], [ 106.8817778, 20.85355 ], [ 106.8860303, 20.8583381 ], [ 106.8912714, 20.8603506 ], [ 106.884734, 20.8650311 ], [ 106.8868845, 20.8739944 ], [ 106.888647, 20.8738254 ], [ 106.8907337, 20.8719387 ], [ 106.8960022, 20.8580621 ], [ 106.8941552, 20.854433 ], [ 106.8948793, 20.8508528 ], [ 106.887358, 20.8461311 ], [ 106.8787195, 20.8498227 ] ] ], [ [ [ 107.0643468, 20.866875 ], [ 107.0675093, 20.8659845 ], [ 107.0704088, 20.8626392 ], [ 107.0661077, 20.8575849 ], [ 107.0616279, 20.8611816 ], [ 107.0620896, 20.8651222 ], [ 107.0643468, 20.866875 ] ] ], [ [ [ 106.9578774, 20.8642572 ], [ 106.9583447, 20.8604589 ], [ 106.9550113, 20.859274 ], [ 106.9537851, 20.8655187 ], [ 106.9578774, 20.8642572 ] ] ], [ [ [ 107.0858816, 20.8646487 ], [ 107.0824681, 20.8636871 ], [ 107.0803739, 20.8672156 ], [ 107.084728, 20.8676758 ], [ 107.0858816, 20.8646487 ] ] ], [ [ [ 106.9856434, 20.8668995 ], [ 106.9841763, 20.8647096 ], [ 106.9803776, 20.8654353 ], [ 106.9806104, 20.8680376 ], [ 106.9856434, 20.8668995 ] ] ], [ [ [ 106.9938369, 20.8697756 ], [ 106.9960401, 20.8658928 ], [ 106.9953381, 20.8647217 ], [ 106.9921931, 20.8681554 ], [ 106.9938369, 20.8697756 ] ] ], [ [ [ 107.0272425, 20.8659722 ], [ 107.0236032, 20.8660853 ], [ 107.0231022, 20.8701507 ], [ 107.0264718, 20.869068 ], [ 107.0272425, 20.8659722 ] ] ], [ [ [ 106.9742179, 20.8724317 ], [ 106.9751822, 20.8659883 ], [ 106.9701401, 20.8612401 ], [ 106.962717, 20.8599665 ], [ 106.95921, 20.8648357 ], [ 106.9622044, 20.866913 ], [ 106.9613337, 20.8728879 ], [ 106.9584071, 20.8750826 ], [ 106.9567851, 20.8791149 ], [ 106.9642295, 20.8765105 ], [ 106.9637051, 20.8732079 ], [ 106.9687361, 20.8740568 ], [ 106.9742179, 20.8724317 ] ] ], [ [ [ 106.9572311, 20.8734447 ], [ 106.9604471, 20.8688328 ], [ 106.9566921, 20.866162 ], [ 106.9546651, 20.8704693 ], [ 106.9572311, 20.8734447 ] ] ], [ [ [ 106.9410635, 20.8739247 ], [ 106.9426717, 20.8693335 ], [ 106.9422736, 20.8685611 ], [ 106.9383261, 20.8713675 ], [ 106.9410635, 20.8739247 ] ] ], [ [ [ 107.0378659, 20.8766398 ], [ 107.0436377, 20.875761 ], [ 107.0453205, 20.8686015 ], [ 107.0439579, 20.8664649 ], [ 107.0412123, 20.8663238 ], [ 107.0359776, 20.8697231 ], [ 107.0351962, 20.875014 ], [ 107.0378659, 20.8766398 ] ] ], [ [ [ 107.0035861, 20.8746106 ], [ 107.0082315, 20.8781551 ], [ 107.0131766, 20.8778545 ], [ 107.0103312, 20.8702876 ], [ 107.012488, 20.86468 ], [ 107.0060246, 20.866588 ], [ 107.0023943, 20.87164 ], [ 107.0035861, 20.8746106 ] ] ], [ [ [ 107.0156525, 20.8770262 ], [ 107.0183364, 20.8758114 ], [ 107.0195897, 20.8723304 ], [ 107.0161745, 20.8688287 ], [ 107.012809, 20.8690719 ], [ 107.0123203, 20.8706839 ], [ 107.0156525, 20.8770262 ] ] ], [ [ [ 107.0570123, 20.8786593 ], [ 107.0660314, 20.8735324 ], [ 107.0631729, 20.8682905 ], [ 107.0580175, 20.8695599 ], [ 107.0551741, 20.8754232 ], [ 107.0570123, 20.8786593 ] ] ], [ [ [ 106.9461223, 20.8742134 ], [ 106.9456979, 20.8718776 ], [ 106.9432529, 20.8714815 ], [ 106.944366, 20.8757426 ], [ 106.9461223, 20.8742134 ] ] ], [ [ [ 106.9360109, 20.8805101 ], [ 106.9379071, 20.8775684 ], [ 106.9343091, 20.8744358 ], [ 106.9321703, 20.876574 ], [ 106.9338009, 20.8800255 ], [ 106.9360109, 20.8805101 ] ] ], [ [ [ 106.9638734, 20.8823127 ], [ 106.9648387, 20.8772585 ], [ 106.9579101, 20.8813295 ], [ 106.9591815, 20.8822552 ], [ 106.9638734, 20.8823127 ] ] ], [ [ [ 107.0271556, 20.8765283 ], [ 107.0283567, 20.8835066 ], [ 107.0355613, 20.8845067 ], [ 107.0375131, 20.8785752 ], [ 107.0318798, 20.8791963 ], [ 107.0286683, 20.876083 ], [ 107.0271556, 20.8765283 ] ] ], [ [ [ 106.9722715, 20.8806597 ], [ 106.9705561, 20.8758413 ], [ 106.9673007, 20.8777169 ], [ 106.9689094, 20.8859548 ], [ 106.9705323, 20.8859346 ], [ 106.9722715, 20.8806597 ] ] ], [ [ [ 106.9890363, 20.87906 ], [ 106.9936573, 20.8783559 ], [ 106.9946947, 20.8711807 ], [ 106.9831551, 20.8705477 ], [ 106.9782223, 20.872048 ], [ 106.9778963, 20.8755276 ], [ 106.9838008, 20.8795436 ], [ 106.979333, 20.8803933 ], [ 106.9764366, 20.8897354 ], [ 106.9805912, 20.8899721 ], [ 106.9818369, 20.887222 ], [ 106.983917, 20.8867965 ], [ 106.9858952, 20.8911569 ], [ 106.9887382, 20.8920402 ], [ 106.991208, 20.8906736 ], [ 106.9928488, 20.8858946 ], [ 106.9873966, 20.8836215 ], [ 106.9890363, 20.87906 ] ] ], [ [ [ 107.0028652, 20.8802616 ], [ 106.9992153, 20.8823758 ], [ 106.9999876, 20.8924513 ], [ 107.0045657, 20.8968622 ], [ 107.007794, 20.8966831 ], [ 107.0106475, 20.8891419 ], [ 107.0103294, 20.8841691 ], [ 107.0055232, 20.8841475 ], [ 107.0028652, 20.8802616 ] ] ], [ [ [ 106.9529053, 20.888098 ], [ 106.9524844, 20.8933397 ], [ 106.9591914, 20.8878192 ], [ 106.9518798, 20.8840215 ], [ 106.9483382, 20.8852385 ], [ 106.9529053, 20.888098 ] ] ], [ [ [ 106.996772, 20.8947613 ], [ 106.9981673, 20.8932672 ], [ 106.9957824, 20.8873524 ], [ 106.9942869, 20.8894245 ], [ 106.996772, 20.8947613 ] ] ], [ [ [ 106.9631349, 20.8972147 ], [ 106.9647745, 20.8966672 ], [ 106.9661286, 20.8882219 ], [ 106.9639834, 20.8853741 ], [ 106.9605645, 20.8881341 ], [ 106.9631349, 20.8972147 ] ] ], [ [ [ 106.9722533, 20.8961499 ], [ 106.9739402, 20.8914618 ], [ 106.9732638, 20.8905326 ], [ 106.9696179, 20.8951611 ], [ 106.9722533, 20.8961499 ] ] ], [ [ [ 107.013359, 20.9028738 ], [ 107.0137675, 20.8967744 ], [ 107.0110229, 20.8963747 ], [ 107.0099042, 20.9003081 ], [ 107.0110578, 20.9030249 ], [ 107.013359, 20.9028738 ] ] ], [ [ [ 106.9682661, 20.9056378 ], [ 106.9710711, 20.9036879 ], [ 106.9692611, 20.9000407 ], [ 106.9668791, 20.8988805 ], [ 106.9649722, 20.9039467 ], [ 106.9682661, 20.9056378 ] ] ], [ [ [ 107.0103121, 20.907896 ], [ 107.0097817, 20.904149 ], [ 107.006345, 20.9047792 ], [ 107.0070081, 20.9094306 ], [ 107.0087918, 20.9097615 ], [ 107.0103121, 20.907896 ] ] ], [ [ [ 107.0122966, 20.9092607 ], [ 107.0153548, 20.9156013 ], [ 107.0203106, 20.9133637 ], [ 107.0226897, 20.9045293 ], [ 107.0211265, 20.9012942 ], [ 107.0170072, 20.9011468 ], [ 107.0125154, 20.9067437 ], [ 107.0122966, 20.9092607 ] ] ], [ [ [ 106.9478183, 20.9098019 ], [ 106.9471606, 20.9079107 ], [ 106.9402071, 20.9110243 ], [ 106.942363, 20.9114219 ], [ 106.9478183, 20.9098019 ] ] ], [ [ [ 106.9468485, 20.9181243 ], [ 106.9449792, 20.9122332 ], [ 106.9433348, 20.9122979 ], [ 106.9418782, 20.9155347 ], [ 106.9468485, 20.9181243 ] ] ], [ [ [ 106.9884192, 20.9412938 ], [ 106.9926532, 20.9392553 ], [ 106.9944241, 20.9347361 ], [ 106.9906711, 20.928271 ], [ 106.9899977, 20.9177041 ], [ 106.9885487, 20.9163255 ], [ 106.9774152, 20.9290332 ], [ 106.9743203, 20.9360156 ], [ 106.9804181, 20.9396108 ], [ 106.9884192, 20.9412938 ] ] ], [ [ [ 107.079916, 20.9370053 ], [ 107.0778585, 20.9341853 ], [ 107.0752319, 20.9357808 ], [ 107.077958, 20.9388906 ], [ 107.079916, 20.9370053 ] ] ], [ [ [ 107.0848659, 20.9464929 ], [ 107.085013, 20.9411002 ], [ 107.082225, 20.9381624 ], [ 107.0808161, 20.9398779 ], [ 107.0817541, 20.9476275 ], [ 107.0829065, 20.9486651 ], [ 107.0848659, 20.9464929 ] ] ], [ [ [ 107.1014733, 10.4099537 ], [ 107.0993134, 10.4121396 ], [ 107.1029333, 10.4152283 ], [ 107.1033842, 10.41384 ], [ 107.1014733, 10.4099537 ] ] ], [ [ [ 107.1370946, 10.4204219 ], [ 107.1240061, 10.4204678 ], [ 107.1164097, 10.4174324 ], [ 107.1122741, 10.4353364 ], [ 107.1197606, 10.4404742 ], [ 107.122481, 10.4449911 ], [ 107.1225666, 10.448696 ], [ 107.1184287, 10.4552869 ], [ 107.1256313, 10.4558176 ], [ 107.1379182, 10.453866 ], [ 107.1418572, 10.4582877 ], [ 107.1431399, 10.4660626 ], [ 107.1487862, 10.4631131 ], [ 107.1490416, 10.4510078 ], [ 107.1452797, 10.4405797 ], [ 107.1427155, 10.4228479 ], [ 107.1370946, 10.4204219 ] ] ], [ [ [ 107.1536655, 10.4553857 ], [ 107.1560132, 10.4495058 ], [ 107.1547352, 10.448552 ], [ 107.1508693, 10.4534376 ], [ 107.1536655, 10.4553857 ] ] ], [ [ [ 107.1494745, 20.6160524 ], [ 107.1488541, 20.6139364 ], [ 107.14416, 20.6154373 ], [ 107.1461776, 20.6180211 ], [ 107.1494745, 20.6160524 ] ] ], [ [ [ 107.2021979, 20.6191288 ], [ 107.207134, 20.614286 ], [ 107.2029521, 20.6145633 ], [ 107.1999615, 20.6169645 ], [ 107.2021979, 20.6191288 ] ] ], [ [ [ 107.141203, 20.619653 ], [ 107.1393958, 20.6169379 ], [ 107.134271, 20.6208808 ], [ 107.1389557, 20.6215597 ], [ 107.141203, 20.619653 ] ] ], [ [ [ 107.1589394, 20.6277133 ], [ 107.1599991, 20.6253396 ], [ 107.158477, 20.6213709 ], [ 107.1530782, 20.6239921 ], [ 107.1520141, 20.6273565 ], [ 107.1535405, 20.6303346 ], [ 107.1589394, 20.6277133 ] ] ], [ [ [ 107.1508505, 20.7350483 ], [ 107.1471941, 20.7353277 ], [ 107.1471823, 20.738042 ], [ 107.1513021, 20.738498 ], [ 107.1508505, 20.7350483 ] ] ], [ [ [ 107.1594347, 20.743349 ], [ 107.1559916, 20.7409426 ], [ 107.1544267, 20.7442606 ], [ 107.1566061, 20.7455321 ], [ 107.1594347, 20.743349 ] ] ], [ [ [ 107.1344213, 20.7516705 ], [ 107.1354137, 20.7468011 ], [ 107.1426415, 20.7467278 ], [ 107.1436243, 20.7439904 ], [ 107.1386745, 20.7412298 ], [ 107.1352092, 20.7442621 ], [ 107.1341508, 20.7396892 ], [ 107.1291853, 20.7404819 ], [ 107.1272138, 20.747175 ], [ 107.1243968, 20.749905 ], [ 107.1246007, 20.7525456 ], [ 107.1343772, 20.7616199 ], [ 107.1342495, 20.7660865 ], [ 107.1416844, 20.768146 ], [ 107.1431122, 20.7623647 ], [ 107.139246, 20.7583901 ], [ 107.141861, 20.7525118 ], [ 107.1388566, 20.7488451 ], [ 107.136034, 20.7528952 ], [ 107.1344213, 20.7516705 ] ] ], [ [ [ 107.1475614, 20.7563919 ], [ 107.1474551, 20.754167 ], [ 107.1445538, 20.753436 ], [ 107.1432491, 20.7557661 ], [ 107.1440956, 20.7595258 ], [ 107.1475614, 20.7563919 ] ] ], [ [ [ 107.149911, 20.7557765 ], [ 107.1449214, 20.7625233 ], [ 107.1470908, 20.7634758 ], [ 107.1519623, 20.7582496 ], [ 107.1533185, 20.7539539 ], [ 107.152274, 20.7506455 ], [ 107.1504327, 20.7511629 ], [ 107.149911, 20.7557765 ] ] ], [ [ [ 107.1248059, 20.7615528 ], [ 107.1224767, 20.7589735 ], [ 107.1202382, 20.7610101 ], [ 107.1224545, 20.7639037 ], [ 107.1248059, 20.7615528 ] ] ], [ [ [ 107.123774, 20.7679476 ], [ 107.12589, 20.7683755 ], [ 107.1325937, 20.7648879 ], [ 107.1329916, 20.7631586 ], [ 107.1297761, 20.7593171 ], [ 107.1285505, 20.7592074 ], [ 107.1275794, 20.764501 ], [ 107.123774, 20.7679476 ] ] ], [ [ [ 107.099848, 20.7749337 ], [ 107.099438, 20.770262 ], [ 107.0975064, 20.7680206 ], [ 107.0952141, 20.773798 ], [ 107.099848, 20.7749337 ] ] ], [ [ [ 107.1798439, 20.7772739 ], [ 107.1866244, 20.7774053 ], [ 107.1850614, 20.7727911 ], [ 107.1789147, 20.7742927 ], [ 107.1798439, 20.7772739 ] ] ], [ [ [ 107.1349389, 20.7764883 ], [ 107.1321614, 20.7743795 ], [ 107.1306997, 20.777206 ], [ 107.1329256, 20.7780015 ], [ 107.1349389, 20.7764883 ] ] ], [ [ [ 107.1726957, 20.7793766 ], [ 107.170413, 20.7764574 ], [ 107.1677222, 20.7764472 ], [ 107.1686554, 20.7803317 ], [ 107.1710265, 20.781087 ], [ 107.1726957, 20.7793766 ] ] ], [ [ [ 107.1342657, 20.7989289 ], [ 107.1354501, 20.7873095 ], [ 107.133108, 20.7801938 ], [ 107.1276084, 20.779563 ], [ 107.1292228, 20.7707432 ], [ 107.1215919, 20.7698271 ], [ 107.1148486, 20.785908 ], [ 107.1163535, 20.7990609 ], [ 107.1126702, 20.8022948 ], [ 107.1109188, 20.8077697 ], [ 107.1141536, 20.8082903 ], [ 107.1189138, 20.8055684 ], [ 107.1234338, 20.8082258 ], [ 107.1265631, 20.8082382 ], [ 107.1283086, 20.8039814 ], [ 107.1277886, 20.799614 ], [ 107.1342657, 20.7989289 ] ] ], [ [ [ 107.1026877, 20.7908842 ], [ 107.1006451, 20.7892516 ], [ 107.0971832, 20.7912679 ], [ 107.0997628, 20.7934103 ], [ 107.1026877, 20.7908842 ] ] ], [ [ [ 107.1778791, 20.7976315 ], [ 107.1757134, 20.7956829 ], [ 107.1702531, 20.7950855 ], [ 107.1739658, 20.8002917 ], [ 107.1778791, 20.7976315 ] ] ], [ [ [ 107.1703534, 20.8108198 ], [ 107.172928, 20.808417 ], [ 107.1716547, 20.8063144 ], [ 107.1677916, 20.8102333 ], [ 107.1703534, 20.8108198 ] ] ], [ [ [ 107.1880272, 20.8103611 ], [ 107.1862033, 20.8065782 ], [ 107.1842529, 20.8064137 ], [ 107.183172, 20.8116019 ], [ 107.1880272, 20.8103611 ] ] ], [ [ [ 107.1219582, 20.8101033 ], [ 107.1189909, 20.8072818 ], [ 107.1137101, 20.8121363 ], [ 107.116598, 20.8131395 ], [ 107.1219582, 20.8101033 ] ] ], [ [ [ 107.1267549, 20.816808 ], [ 107.1283331, 20.8120437 ], [ 107.1251785, 20.8115012 ], [ 107.1252018, 20.8159456 ], [ 107.1267549, 20.816808 ] ] ], [ [ [ 107.1649513, 20.8225996 ], [ 107.1710938, 20.8202628 ], [ 107.1724518, 20.8155478 ], [ 107.1712331, 20.8137076 ], [ 107.1683385, 20.8127003 ], [ 107.1639291, 20.8139423 ], [ 107.1631212, 20.8203376 ], [ 107.1649513, 20.8225996 ] ] ], [ [ [ 107.1707914, 20.8258208 ], [ 107.1780456, 20.8242746 ], [ 107.1787808, 20.8218124 ], [ 107.1740465, 20.8207458 ], [ 107.1691793, 20.8247134 ], [ 107.1707914, 20.8258208 ] ] ], [ [ [ 107.2561679, 20.8243785 ], [ 107.2534117, 20.8224348 ], [ 107.2509776, 20.8238477 ], [ 107.2533127, 20.8264216 ], [ 107.2561679, 20.8243785 ] ] ], [ [ [ 107.1783372, 20.8305846 ], [ 107.179473, 20.8273061 ], [ 107.1774654, 20.8262773 ], [ 107.1750893, 20.8300619 ], [ 107.1763991, 20.8314163 ], [ 107.1783372, 20.8305846 ] ] ], [ [ [ 107.1400921, 20.8320731 ], [ 107.1387005, 20.8295886 ], [ 107.1367732, 20.8293332 ], [ 107.1369215, 20.8354487 ], [ 107.1394643, 20.8352933 ], [ 107.1400921, 20.8320731 ] ] ], [ [ [ 107.2198739, 20.8344431 ], [ 107.2244511, 20.8330957 ], [ 107.223344, 20.8310989 ], [ 107.2180416, 20.8325486 ], [ 107.2198739, 20.8344431 ] ] ], [ [ [ 107.1650374, 20.8285262 ], [ 107.1605737, 20.8293484 ], [ 107.1615055, 20.8330754 ], [ 107.1561961, 20.8360445 ], [ 107.1641124, 20.836232 ], [ 107.1664939, 20.8399644 ], [ 107.1645301, 20.8428414 ], [ 107.1659173, 20.8444199 ], [ 107.1696625, 20.842179 ], [ 107.1733226, 20.8336969 ], [ 107.1666985, 20.8312071 ], [ 107.1650374, 20.8285262 ] ] ], [ [ [ 107.2621305, 20.8366465 ], [ 107.2579843, 20.8354183 ], [ 107.2558342, 20.8362206 ], [ 107.2589001, 20.8392668 ], [ 107.2621305, 20.8366465 ] ] ], [ [ [ 107.2034493, 20.8425132 ], [ 107.2072999, 20.8416879 ], [ 107.2132372, 20.834944 ], [ 107.2115116, 20.8342561 ], [ 107.2026274, 20.8389965 ], [ 107.2017276, 20.8408812 ], [ 107.2034493, 20.8425132 ] ] ], [ [ [ 107.1138583, 20.8359275 ], [ 107.1110883, 20.8409066 ], [ 107.1142944, 20.8431935 ], [ 107.1178846, 20.84071 ], [ 107.1234223, 20.8400084 ], [ 107.1257846, 20.8362277 ], [ 107.11797, 20.8341523 ], [ 107.1138583, 20.8359275 ] ] ], [ [ [ 107.1621654, 20.8435012 ], [ 107.1621098, 20.8386282 ], [ 107.1602018, 20.8371049 ], [ 107.1587681, 20.8410338 ], [ 107.1621654, 20.8435012 ] ] ], [ [ [ 107.1920677, 20.8443074 ], [ 107.1939681, 20.8431605 ], [ 107.193864, 20.8413771 ], [ 107.1897425, 20.8403132 ], [ 107.1886731, 20.8427216 ], [ 107.1920677, 20.8443074 ] ] ], [ [ [ 107.1553551, 20.8461274 ], [ 107.1566626, 20.8403112 ], [ 107.1517007, 20.8402398 ], [ 107.1521856, 20.8441224 ], [ 107.1553551, 20.8461274 ] ] ], [ [ [ 107.1707529, 20.8480042 ], [ 107.1703943, 20.8536667 ], [ 107.1727317, 20.8547243 ], [ 107.1821238, 20.8488857 ], [ 107.1854937, 20.8430246 ], [ 107.183661, 20.8412872 ], [ 107.177468, 20.8422606 ], [ 107.1707529, 20.8480042 ] ] ], [ [ [ 107.2421468, 20.8489949 ], [ 107.2497983, 20.8529542 ], [ 107.25399, 20.8503988 ], [ 107.2511027, 20.8472424 ], [ 107.2506152, 20.8435173 ], [ 107.2427366, 20.8478957 ], [ 107.2421468, 20.8489949 ] ] ], [ [ [ 107.2652343, 20.8554185 ], [ 107.2694222, 20.8538591 ], [ 107.2683194, 20.8505516 ], [ 107.2643005, 20.851692 ], [ 107.2652343, 20.8554185 ] ] ], [ [ [ 107.1141675, 20.8563946 ], [ 107.1174752, 20.851102 ], [ 107.1152632, 20.8512195 ], [ 107.1081376, 20.8560545 ], [ 107.1141675, 20.8563946 ] ] ], [ [ [ 107.1500942, 20.8605705 ], [ 107.1474463, 20.8564064 ], [ 107.1448702, 20.8607042 ], [ 107.146547, 20.8629671 ], [ 107.1500942, 20.8605705 ] ] ], [ [ [ 107.1301362, 20.8647101 ], [ 107.1326984, 20.8636397 ], [ 107.1369919, 20.8599577 ], [ 107.1292723, 20.8606755 ], [ 107.1259123, 20.8626571 ], [ 107.1301362, 20.8647101 ] ] ], [ [ [ 107.2169608, 20.8669938 ], [ 107.2217648, 20.8619212 ], [ 107.2209083, 20.8586008 ], [ 107.2167981, 20.8593588 ], [ 107.2169608, 20.8669938 ] ] ], [ [ [ 107.2658665, 20.8657984 ], [ 107.2644585, 20.867566 ], [ 107.2653254, 20.8683414 ], [ 107.2705483, 20.8672227 ], [ 107.2730257, 20.8637317 ], [ 107.272456, 20.8610033 ], [ 107.2636168, 20.8601106 ], [ 107.2621104, 20.8623777 ], [ 107.2658665, 20.8657984 ] ] ], [ [ [ 107.2254415, 20.8669101 ], [ 107.2298997, 20.8636993 ], [ 107.227496, 20.8606007 ], [ 107.2208499, 20.8671666 ], [ 107.2254415, 20.8669101 ] ] ], [ [ [ 107.1621941, 20.8684117 ], [ 107.1660126, 20.8661697 ], [ 107.1660788, 20.8634007 ], [ 107.1593229, 20.8654777 ], [ 107.1594759, 20.8678372 ], [ 107.1621941, 20.8684117 ] ] ], [ [ [ 107.2599277, 20.8681614 ], [ 107.2596861, 20.8645509 ], [ 107.2569388, 20.8627239 ], [ 107.2555139, 20.8688993 ], [ 107.2599277, 20.8681614 ] ] ], [ [ [ 107.2142361, 20.8716192 ], [ 107.2156451, 20.8697157 ], [ 107.2146071, 20.8634863 ], [ 107.2102837, 20.8691513 ], [ 107.2142361, 20.8716192 ] ] ], [ [ [ 107.2378236, 20.8700659 ], [ 107.242521, 20.8674464 ], [ 107.2413685, 20.8655793 ], [ 107.2368191, 20.8674268 ], [ 107.2378236, 20.8700659 ] ] ], [ [ [ 107.1946362, 20.8711642 ], [ 107.1942966, 20.8666273 ], [ 107.191735, 20.8670522 ], [ 107.1912664, 20.8689323 ], [ 107.1929997, 20.8707239 ], [ 107.1946362, 20.8711642 ] ] ], [ [ [ 107.1444216, 20.8699589 ], [ 107.1424602, 20.8705154 ], [ 107.1368061, 20.8694164 ], [ 107.1440771, 20.8740601 ], [ 107.1505571, 20.8667262 ], [ 107.1470025, 20.8645843 ], [ 107.1444216, 20.8699589 ] ] ], [ [ [ 107.2598385, 20.8753212 ], [ 107.2646789, 20.8732016 ], [ 107.2654133, 20.8706593 ], [ 107.2613555, 20.8703276 ], [ 107.2561766, 20.8725369 ], [ 107.2598385, 20.8753212 ] ] ], [ [ [ 107.1179543, 20.8735006 ], [ 107.1181826, 20.870996 ], [ 107.1165056, 20.8699155 ], [ 107.1137744, 20.8739952 ], [ 107.1156663, 20.8755367 ], [ 107.1179543, 20.8735006 ] ] ], [ [ [ 107.1838164, 20.8790448 ], [ 107.1878561, 20.8726188 ], [ 107.1853536, 20.8713095 ], [ 107.1808816, 20.8761385 ], [ 107.1838164, 20.8790448 ] ] ], [ [ [ 107.1400414, 20.8760957 ], [ 107.1380975, 20.8727035 ], [ 107.1348896, 20.8721269 ], [ 107.1350199, 20.8795632 ], [ 107.1400414, 20.8760957 ] ] ], [ [ [ 107.2114779, 20.8725637 ], [ 107.2059533, 20.8705217 ], [ 107.2060623, 20.8674775 ], [ 107.2028332, 20.8654209 ], [ 107.2025628, 20.8724635 ], [ 107.1923167, 20.8728807 ], [ 107.1873869, 20.8788837 ], [ 107.1812922, 20.8802699 ], [ 107.1808008, 20.882222 ], [ 107.1913125, 20.8878046 ], [ 107.2002503, 20.8825432 ], [ 107.2015174, 20.8799576 ], [ 107.2095063, 20.8761693 ], [ 107.2114779, 20.8725637 ] ] ], [ [ [ 107.2318409, 20.879997 ], [ 107.2349983, 20.8758273 ], [ 107.2343289, 20.8740073 ], [ 107.2316721, 20.8737709 ], [ 107.229392, 20.876035 ], [ 107.2291881, 20.8787154 ], [ 107.2318409, 20.879997 ] ] ], [ [ [ 107.2161502, 20.8823276 ], [ 107.2186727, 20.8799281 ], [ 107.2165257, 20.8730588 ], [ 107.2126941, 20.8765442 ], [ 107.2136933, 20.8804103 ], [ 107.2161502, 20.8823276 ] ] ], [ [ [ 107.1710247, 20.8791154 ], [ 107.1689027, 20.8768028 ], [ 107.1664563, 20.87703 ], [ 107.1669436, 20.8804 ], [ 107.1690047, 20.8822987 ], [ 107.1710247, 20.8791154 ] ] ], [ [ [ 107.203818, 20.8868882 ], [ 107.2064816, 20.8795115 ], [ 107.2027776, 20.8806209 ], [ 107.203818, 20.8868882 ] ] ], [ [ [ 107.2018076, 20.8878264 ], [ 107.1997504, 20.8848645 ], [ 107.1961073, 20.8863876 ], [ 107.198473, 20.8905325 ], [ 107.2018076, 20.8878264 ] ] ], [ [ [ 107.1077287, 20.8915202 ], [ 107.1039356, 20.8925596 ], [ 107.1048659, 20.8962142 ], [ 107.1082308, 20.8946863 ], [ 107.1077287, 20.8915202 ] ] ], [ [ [ 107.1552752, 20.8966967 ], [ 107.1613969, 20.8946917 ], [ 107.1609775, 20.892094 ], [ 107.1580534, 20.8913527 ], [ 107.153484, 20.8927956 ], [ 107.1523432, 20.8977402 ], [ 107.153543, 20.8990428 ], [ 107.1552752, 20.8966967 ] ] ], [ [ [ 107.1641315, 20.8994888 ], [ 107.1600813, 20.9002847 ], [ 107.1606735, 20.9027209 ], [ 107.1635062, 20.9047599 ], [ 107.1659198, 20.90412 ], [ 107.1641315, 20.8994888 ] ] ], [ [ [ 107.1088477, 20.910428 ], [ 107.1073208, 20.9053918 ], [ 107.104901, 20.9073292 ], [ 107.1064256, 20.9128521 ], [ 107.1088477, 20.910428 ] ] ], [ [ [ 107.153667, 20.910158 ], [ 107.1522109, 20.9083676 ], [ 107.1498397, 20.9091292 ], [ 107.1469455, 20.9113491 ], [ 107.1469377, 20.9131339 ], [ 107.1510672, 20.9139611 ], [ 107.153667, 20.910158 ] ] ], [ [ [ 107.1255414, 20.908123 ], [ 107.1229172, 20.9097207 ], [ 107.1258515, 20.9150928 ], [ 107.1281459, 20.9109207 ], [ 107.1255414, 20.908123 ] ] ], [ [ [ 107.2621753, 20.9115274 ], [ 107.259673, 20.9098557 ], [ 107.2560392, 20.9125573 ], [ 107.2590983, 20.9144059 ], [ 107.2621753, 20.9115274 ] ] ], [ [ [ 107.1081466, 20.9303506 ], [ 107.1078487, 20.9289149 ], [ 107.1046234, 20.9283281 ], [ 107.1048423, 20.9337224 ], [ 107.1081466, 20.9303506 ] ] ], [ [ [ 107.1350673, 20.9327255 ], [ 107.1324458, 20.9294218 ], [ 107.1269453, 20.9291302 ], [ 107.1330546, 20.9342833 ], [ 107.1350673, 20.9327255 ] ] ], [ [ [ 107.0968246, 20.9421242 ], [ 107.103349, 20.935104 ], [ 107.1016818, 20.9322752 ], [ 107.096457, 20.9294424 ], [ 107.0928506, 20.9322391 ], [ 107.0968246, 20.9421242 ] ] ], [ [ [ 107.1929165, 20.940764 ], [ 107.1989169, 20.9384051 ], [ 107.1980396, 20.935492 ], [ 107.1920484, 20.9356466 ], [ 107.1929165, 20.940764 ] ] ], [ [ [ 107.2609125, 20.9514592 ], [ 107.2569731, 20.9497305 ], [ 107.2539328, 20.9510068 ], [ 107.2574907, 20.9533062 ], [ 107.2603759, 20.952887 ], [ 107.2609125, 20.9514592 ] ] ], [ [ [ 107.2006247, 20.9613588 ], [ 107.1996213, 20.9549185 ], [ 107.197018, 20.9505885 ], [ 107.1957137, 20.9490847 ], [ 107.1913145, 20.9489805 ], [ 107.1910187, 20.9525946 ], [ 107.1990303, 20.9620584 ], [ 107.2006247, 20.9613588 ] ] ], [ [ [ 107.2177969, 20.9660299 ], [ 107.2181301, 20.9615096 ], [ 107.2143001, 20.959468 ], [ 107.2103019, 20.9527525 ], [ 107.2062037, 20.9500214 ], [ 107.2035015, 20.9508442 ], [ 107.2035447, 20.9569607 ], [ 107.2073545, 20.9639401 ], [ 107.2112756, 20.9665993 ], [ 107.2177969, 20.9660299 ] ] ], [ [ [ 107.2302125, 20.9718241 ], [ 107.2256827, 20.9691191 ], [ 107.2224386, 20.9726787 ], [ 107.2259832, 20.9759534 ], [ 107.230389, 20.9745581 ], [ 107.2302125, 20.9718241 ] ] ], [ [ [ 107.2685852, 20.9834843 ], [ 107.2684206, 20.9784757 ], [ 107.2646586, 20.9792404 ], [ 107.2624445, 20.9828595 ], [ 107.2685852, 20.9834843 ] ] ], [ [ [ 107.245924, 20.988234 ], [ 107.2528605, 20.9861415 ], [ 107.2542797, 20.9822668 ], [ 107.2475354, 20.9831256 ], [ 107.2447127, 20.986731 ], [ 107.245924, 20.988234 ] ] ], [ [ [ 107.2388866, 20.9921775 ], [ 107.2381585, 20.9867967 ], [ 107.2335991, 20.9914979 ], [ 107.2388866, 20.9921775 ] ] ], [ [ [ 107.3464055, 17.1596462 ], [ 107.3457365, 17.1543625 ], [ 107.3434568, 17.1519348 ], [ 107.3406026, 17.1502756 ], [ 107.3365966, 17.1510336 ], [ 107.3309764, 17.1556377 ], [ 107.3296908, 17.1637763 ], [ 107.3318542, 17.1667539 ], [ 107.3392861, 17.1678771 ], [ 107.3464055, 17.1596462 ] ] ], [ [ [ 107.3441117, 20.6866631 ], [ 107.3413515, 20.6892512 ], [ 107.3437465, 20.6929906 ], [ 107.3475391, 20.6902432 ], [ 107.3465171, 20.6873193 ], [ 107.3441117, 20.6866631 ] ] ], [ [ [ 107.3965537, 20.7578896 ], [ 107.3966555, 20.7523862 ], [ 107.3881967, 20.7471783 ], [ 107.3848078, 20.7468499 ], [ 107.3851347, 20.7506794 ], [ 107.3893542, 20.7564341 ], [ 107.3926509, 20.7592348 ], [ 107.3965537, 20.7578896 ] ] ], [ [ [ 107.4074488, 20.7704417 ], [ 107.4055576, 20.7791304 ], [ 107.3991153, 20.7792725 ], [ 107.3982428, 20.7873258 ], [ 107.398158, 20.8010838 ], [ 107.4008543, 20.8064348 ], [ 107.4047437, 20.8097951 ], [ 107.4165035, 20.8036454 ], [ 107.419825, 20.7984699 ], [ 107.4115145, 20.7713299 ], [ 107.4074488, 20.7704417 ] ] ], [ [ [ 107.3527374, 20.837453 ], [ 107.3677018, 20.8245764 ], [ 107.3784932, 20.8303094 ], [ 107.3812093, 20.82936 ], [ 107.3786589, 20.8182271 ], [ 107.3790724, 20.8086731 ], [ 107.3821104, 20.7991751 ], [ 107.381103, 20.7960618 ], [ 107.3780531, 20.7954949 ], [ 107.3667846, 20.8067485 ], [ 107.3491445, 20.8088506 ], [ 107.3451732, 20.8049308 ], [ 107.3426699, 20.805681 ], [ 107.338802, 20.8338627 ], [ 107.3321306, 20.8508297 ], [ 107.3323727, 20.8544192 ], [ 107.3355098, 20.8545085 ], [ 107.3427926, 20.8447608 ], [ 107.3483807, 20.8218085 ], [ 107.3501541, 20.8238874 ], [ 107.350194, 20.8373658 ], [ 107.3527374, 20.837453 ] ] ], [ [ [ 107.2730461, 20.8266305 ], [ 107.2705537, 20.8233165 ], [ 107.2685434, 20.825064 ], [ 107.2706802, 20.8277696 ], [ 107.2725396, 20.8281131 ], [ 107.2730461, 20.8266305 ] ] ], [ [ [ 107.3117523, 20.8346573 ], [ 107.3116825, 20.8304302 ], [ 107.3096527, 20.8289883 ], [ 107.307688, 20.8331293 ], [ 107.3117523, 20.8346573 ] ] ], [ [ [ 107.3560485, 20.8489868 ], [ 107.3585964, 20.8477182 ], [ 107.3618576, 20.8357649 ], [ 107.3607653, 20.8327311 ], [ 107.3544691, 20.839412 ], [ 107.3560485, 20.8489868 ] ] ], [ [ [ 107.2940768, 20.845687 ], [ 107.2880756, 20.8404839 ], [ 107.2799495, 20.836789 ], [ 107.2713099, 20.8344478 ], [ 107.2668915, 20.8369853 ], [ 107.2664525, 20.8409714 ], [ 107.2683889, 20.8446464 ], [ 107.2746625, 20.8449064 ], [ 107.2811805, 20.8478785 ], [ 107.2785239, 20.8554461 ], [ 107.2845581, 20.8517175 ], [ 107.2834839, 20.8440579 ], [ 107.2873798, 20.8452668 ], [ 107.2903365, 20.8483068 ], [ 107.2940768, 20.845687 ] ] ], [ [ [ 107.3892508, 20.845632 ], [ 107.3858786, 20.8449218 ], [ 107.3836971, 20.8475035 ], [ 107.3882697, 20.8484327 ], [ 107.3892508, 20.845632 ] ] ], [ [ [ 107.2743764, 20.8534388 ], [ 107.2788858, 20.8493065 ], [ 107.2766026, 20.8476243 ], [ 107.2716059, 20.8460128 ], [ 107.2684659, 20.8467202 ], [ 107.2743764, 20.8534388 ] ] ], [ [ [ 107.3416933, 20.856441 ], [ 107.3457795, 20.8516681 ], [ 107.3435022, 20.8480726 ], [ 107.3408656, 20.8504572 ], [ 107.3402577, 20.8546822 ], [ 107.3416933, 20.856441 ] ] ], [ [ [ 107.4150116, 20.8568613 ], [ 107.413884, 20.8514134 ], [ 107.4105134, 20.8501105 ], [ 107.4088458, 20.8530712 ], [ 107.4128376, 20.8570173 ], [ 107.4150116, 20.8568613 ] ] ], [ [ [ 107.2866655, 20.8596645 ], [ 107.2833892, 20.8552689 ], [ 107.2813091, 20.8564764 ], [ 107.2848031, 20.8600632 ], [ 107.2866655, 20.8596645 ] ] ], [ [ [ 107.2997321, 20.8678624 ], [ 107.3027935, 20.8630552 ], [ 107.3025586, 20.8611913 ], [ 107.2994643, 20.8616814 ], [ 107.2973779, 20.8640832 ], [ 107.297995, 20.8671753 ], [ 107.2997321, 20.8678624 ] ] ], [ [ [ 107.283059, 20.8684451 ], [ 107.2843229, 20.8664043 ], [ 107.2820593, 20.8643521 ], [ 107.2785346, 20.8636135 ], [ 107.2764988, 20.8653336 ], [ 107.2773127, 20.8673812 ], [ 107.283059, 20.8684451 ] ] ], [ [ [ 107.3215729, 20.8658459 ], [ 107.3199318, 20.8643568 ], [ 107.3166318, 20.8665053 ], [ 107.3203477, 20.8682708 ], [ 107.3215729, 20.8658459 ] ] ], [ [ [ 107.299198, 20.8752905 ], [ 107.3000072, 20.8719985 ], [ 107.2978412, 20.8696286 ], [ 107.2962901, 20.8709415 ], [ 107.2961804, 20.8745766 ], [ 107.299198, 20.8752905 ] ] ], [ [ [ 107.3059401, 20.8739601 ], [ 107.3022211, 20.8730714 ], [ 107.3013563, 20.8746877 ], [ 107.3040675, 20.8771922 ], [ 107.3060768, 20.8757819 ], [ 107.3059401, 20.8739601 ] ] ], [ [ [ 107.3521381, 20.8918128 ], [ 107.3606234, 20.8880642 ], [ 107.3711202, 20.8924793 ], [ 107.374117, 20.8923061 ], [ 107.3765389, 20.8905862 ], [ 107.3783483, 20.8839115 ], [ 107.3839176, 20.8801554 ], [ 107.3844443, 20.8817019 ], [ 107.3803237, 20.8857801 ], [ 107.3800252, 20.8884603 ], [ 107.3810329, 20.8907351 ], [ 107.3848484, 20.8914728 ], [ 107.3848363, 20.8876331 ], [ 107.3872619, 20.8846861 ], [ 107.3922387, 20.8849271 ], [ 107.3925509, 20.8777936 ], [ 107.3873991, 20.8794835 ], [ 107.383731, 20.8780191 ], [ 107.3746424, 20.8791751 ], [ 107.3708803, 20.8769378 ], [ 107.3863041, 20.8705905 ], [ 107.3891917, 20.8675978 ], [ 107.3889166, 20.8655597 ], [ 107.3801909, 20.8683614 ], [ 107.375418, 20.863318 ], [ 107.3667329, 20.859476 ], [ 107.3605678, 20.8607988 ], [ 107.3575644, 20.8631077 ], [ 107.3575077, 20.8656523 ], [ 107.3542177, 20.8669151 ], [ 107.3526225, 20.8670922 ], [ 107.3488682, 20.8626732 ], [ 107.3446021, 20.8680761 ], [ 107.3398485, 20.886458 ], [ 107.3378125, 20.888315 ], [ 107.3358242, 20.8832424 ], [ 107.3357112, 20.8738356 ], [ 107.3322062, 20.8743022 ], [ 107.3281832, 20.8778344 ], [ 107.3272066, 20.8807852 ], [ 107.3288823, 20.8853344 ], [ 107.3274089, 20.8921915 ], [ 107.3293273, 20.8964688 ], [ 107.3356413, 20.8943749 ], [ 107.3485972, 20.8859387 ], [ 107.3521381, 20.8918128 ] ] ], [ [ [ 107.2813883, 20.8782833 ], [ 107.2795043, 20.8759784 ], [ 107.2763391, 20.879025 ], [ 107.2790403, 20.8803434 ], [ 107.2813883, 20.8782833 ] ] ], [ [ [ 107.2974891, 20.8935979 ], [ 107.2896546, 20.9083408 ], [ 107.2981068, 20.9032559 ], [ 107.3069799, 20.8951956 ], [ 107.3212746, 20.8773589 ], [ 107.3219151, 20.8738164 ], [ 107.3193564, 20.8731269 ], [ 107.3143181, 20.8767467 ], [ 107.2974891, 20.8935979 ] ] ], [ [ [ 107.3519935, 20.8964455 ], [ 107.3460748, 20.8887486 ], [ 107.3406948, 20.893413 ], [ 107.3376722, 20.9011742 ], [ 107.3481178, 20.8992514 ], [ 107.3519935, 20.8964455 ] ] ], [ [ [ 107.3626081, 20.9018383 ], [ 107.3741144, 20.9006443 ], [ 107.3747485, 20.8988285 ], [ 107.3677447, 20.8976272 ], [ 107.3608736, 20.9001975 ], [ 107.3626081, 20.9018383 ] ] ], [ [ [ 107.3069917, 20.8986718 ], [ 107.3084767, 20.9024025 ], [ 107.3044897, 20.9091151 ], [ 107.3070343, 20.9138942 ], [ 107.3106043, 20.9157684 ], [ 107.3127966, 20.914004 ], [ 107.3171016, 20.9029519 ], [ 107.3169237, 20.8982865 ], [ 107.3217574, 20.8844265 ], [ 107.315809, 20.8856805 ], [ 107.3069917, 20.8986718 ] ] ], [ [ [ 107.3202426, 20.9100275 ], [ 107.3232958, 20.9076285 ], [ 107.324955, 20.9030442 ], [ 107.3224892, 20.9033093 ], [ 107.3173467, 20.9088825 ], [ 107.3174874, 20.9101098 ], [ 107.3202426, 20.9100275 ] ] ], [ [ [ 107.3015675, 20.9210194 ], [ 107.3036986, 20.9134683 ], [ 107.3005458, 20.912529 ], [ 107.2990271, 20.9143208 ], [ 107.2994054, 20.9188444 ], [ 107.3015675, 20.9210194 ] ] ], [ [ [ 107.30901, 20.9175737 ], [ 107.3060559, 20.9162015 ], [ 107.3048565, 20.9206581 ], [ 107.3079463, 20.9208537 ], [ 107.30901, 20.9175737 ] ] ], [ [ [ 107.3088156, 20.9246801 ], [ 107.3119213, 20.9277121 ], [ 107.3171418, 20.9289373 ], [ 107.3392207, 20.9232338 ], [ 107.3456784, 20.9201292 ], [ 107.3475216, 20.9171122 ], [ 107.3440445, 20.9153748 ], [ 107.3371683, 20.9159588 ], [ 107.3088156, 20.9246801 ] ] ], [ [ [ 107.4464974, 20.9483886 ], [ 107.417478, 20.9209153 ], [ 107.4076899, 20.917469 ], [ 107.4028776, 20.9141286 ], [ 107.3976572, 20.9142508 ], [ 107.3802086, 20.9067732 ], [ 107.3668546, 20.9038499 ], [ 107.3539529, 20.9030855 ], [ 107.3429708, 20.9064156 ], [ 107.3706975, 20.9111312 ], [ 107.3826668, 20.9165268 ], [ 107.3925488, 20.9172585 ], [ 107.4060418, 20.9225887 ], [ 107.4124057, 20.9280129 ], [ 107.4175256, 20.9413002 ], [ 107.4186744, 20.9492486 ], [ 107.4248593, 20.950219 ], [ 107.4335084, 20.9599419 ], [ 107.4467029, 20.9696757 ], [ 107.4515384, 20.9693697 ], [ 107.4524646, 20.9666914 ], [ 107.4464974, 20.9483886 ] ] ], [ [ [ 107.2898863, 20.9376594 ], [ 107.2879698, 20.9353217 ], [ 107.2848516, 20.9357434 ], [ 107.2815764, 20.9414752 ], [ 107.283038, 20.9428615 ], [ 107.2898863, 20.9376594 ] ] ], [ [ [ 107.2759832, 20.9392146 ], [ 107.275537, 20.9367828 ], [ 107.2728807, 20.936917 ], [ 107.2696756, 20.9417671 ], [ 107.2719493, 20.9424894 ], [ 107.2759832, 20.9392146 ] ] ], [ [ [ 107.3947968, 20.940649 ], [ 107.3934331, 20.9373166 ], [ 107.3889083, 20.9404478 ], [ 107.3919734, 20.9437848 ], [ 107.3947968, 20.940649 ] ] ], [ [ [ 107.2945878, 20.942985 ], [ 107.296429, 20.9408321 ], [ 107.2958843, 20.9393624 ], [ 107.291117, 20.9395199 ], [ 107.2879915, 20.9419277 ], [ 107.2870606, 20.9458105 ], [ 107.2945878, 20.942985 ] ] ], [ [ [ 107.3882568, 20.9509113 ], [ 107.3906793, 20.9488949 ], [ 107.3898228, 20.9437716 ], [ 107.3784936, 20.9395673 ], [ 107.3818295, 20.9458357 ], [ 107.3882568, 20.9509113 ] ] ], [ [ [ 107.3430468, 20.9258639 ], [ 107.3335454, 20.93011 ], [ 107.325755, 20.9298273 ], [ 107.314744, 20.9330748 ], [ 107.309693, 20.935736 ], [ 107.3080321, 20.9388395 ], [ 107.3118656, 20.9435145 ], [ 107.3171911, 20.9410268 ], [ 107.326256, 20.9439906 ], [ 107.3355116, 20.9448821 ], [ 107.3373479, 20.9440241 ], [ 107.3368191, 20.9378052 ], [ 107.3382907, 20.9363416 ], [ 107.3417734, 20.9365247 ], [ 107.3445178, 20.9381736 ], [ 107.3461533, 20.942496 ], [ 107.3515594, 20.9432027 ], [ 107.3650593, 20.9497614 ], [ 107.3726327, 20.9607495 ], [ 107.3776714, 20.9618862 ], [ 107.3840272, 20.9668691 ], [ 107.3869675, 20.9648049 ], [ 107.387894, 20.9616989 ], [ 107.383329, 20.9557281 ], [ 107.3817856, 20.9509746 ], [ 107.3653843, 20.9343918 ], [ 107.3493696, 20.9264007 ], [ 107.3430468, 20.9258639 ] ] ], [ [ [ 107.3332563, 20.9487207 ], [ 107.3258499, 20.9482452 ], [ 107.3241123, 20.9499617 ], [ 107.3314166, 20.9521588 ], [ 107.3340183, 20.9509886 ], [ 107.3332563, 20.9487207 ] ] ], [ [ [ 107.3063687, 20.9533366 ], [ 107.3019749, 20.9501472 ], [ 107.3002174, 20.9513696 ], [ 107.303215, 20.9553167 ], [ 107.3063687, 20.9533366 ] ] ], [ [ [ 107.2893921, 20.9600657 ], [ 107.2896756, 20.9577352 ], [ 107.2866579, 20.9556531 ], [ 107.2799625, 20.9564949 ], [ 107.2845342, 20.959791 ], [ 107.2893921, 20.9600657 ] ] ], [ [ [ 107.2990856, 20.9668319 ], [ 107.3051164, 20.9724635 ], [ 107.3144179, 20.9606629 ], [ 107.3115851, 20.9580636 ], [ 107.304064, 20.9590762 ], [ 107.2991847, 20.9647598 ], [ 107.2990856, 20.9668319 ] ] ], [ [ [ 107.2861296, 20.9775226 ], [ 107.2823926, 20.9753943 ], [ 107.280053, 20.9751222 ], [ 107.2806882, 20.9805909 ], [ 107.2861296, 20.9775226 ] ] ], [ [ [ 107.3778962, 20.9791193 ], [ 107.3754055, 20.9756687 ], [ 107.3718374, 20.9781054 ], [ 107.3741404, 20.9801055 ], [ 107.3778962, 20.9791193 ] ] ], [ [ [ 107.4062843, 20.9783818 ], [ 107.4015742, 20.9768286 ], [ 107.3995488, 20.9783636 ], [ 107.4023315, 20.9809085 ], [ 107.406375, 20.9801944 ], [ 107.4062843, 20.9783818 ] ] ], [ [ [ 107.3225033, 20.9819293 ], [ 107.3191169, 20.9801919 ], [ 107.3136996, 20.9824202 ], [ 107.3182776, 20.9842476 ], [ 107.3225033, 20.9819293 ] ] ], [ [ [ 107.3838557, 20.9811296 ], [ 107.3805862, 20.9804861 ], [ 107.3789434, 20.9826564 ], [ 107.3831713, 20.9845712 ], [ 107.3849079, 20.9831262 ], [ 107.3838557, 20.9811296 ] ] ], [ [ [ 107.2838948, 20.9841389 ], [ 107.2813167, 20.9870663 ], [ 107.2805647, 20.9920718 ], [ 107.2849738, 20.9899275 ], [ 107.2955197, 20.9895297 ], [ 107.2950672, 20.9878877 ], [ 107.287199, 20.9831998 ], [ 107.2838948, 20.9841389 ] ] ], [ [ [ 107.3106431, 20.9911315 ], [ 107.3064281, 20.9903413 ], [ 107.3027574, 20.9911932 ], [ 107.3065047, 20.9945724 ], [ 107.311004, 20.9927732 ], [ 107.3106431, 20.9911315 ] ] ], [ [ [ 107.3512561, 20.9930677 ], [ 107.3473185, 20.9915019 ], [ 107.3457551, 20.9928788 ], [ 107.3494075, 20.9974658 ], [ 107.3519833, 20.9949694 ], [ 107.3512561, 20.9930677 ] ] ], [ [ [ 107.3817579, 21.0030846 ], [ 107.3771659, 21.0053166 ], [ 107.3781639, 21.0086868 ], [ 107.3829377, 21.0069733 ], [ 107.3817579, 21.0030846 ] ] ], [ [ [ 107.4066634, 21.011911 ], [ 107.4045539, 21.0093682 ], [ 107.4014702, 21.0107191 ], [ 107.4033844, 21.0141676 ], [ 107.4066634, 21.011911 ] ] ], [ [ [ 107.3742134, 21.0394452 ], [ 107.3732527, 21.0341163 ], [ 107.3686346, 21.0366019 ], [ 107.370291, 21.0427876 ], [ 107.3742134, 21.0394452 ] ] ], [ [ [ 107.3758388, 21.0553623 ], [ 107.3775418, 21.0470821 ], [ 107.3738525, 21.0430607 ], [ 107.3708426, 21.0450248 ], [ 107.3706812, 21.0517312 ], [ 107.3736695, 21.0565397 ], [ 107.3758388, 21.0553623 ] ] ], [ [ [ 107.3812823, 21.0620106 ], [ 107.3807126, 21.0580545 ], [ 107.3795094, 21.0570723 ], [ 107.3771671, 21.0610985 ], [ 107.3799477, 21.0631031 ], [ 107.3812823, 21.0620106 ] ] ], [ [ [ 107.3707614, 21.0793982 ], [ 107.373894, 21.0774735 ], [ 107.3766966, 21.0669732 ], [ 107.3747375, 21.0651182 ], [ 107.3700865, 21.0671226 ], [ 107.366048, 21.0729957 ], [ 107.3662138, 21.0769473 ], [ 107.3707614, 21.0793982 ] ] ], [ [ [ 107.3801586, 21.0737082 ], [ 107.3772115, 21.0735318 ], [ 107.3760431, 21.0757983 ], [ 107.3787112, 21.0794206 ], [ 107.3812147, 21.0786711 ], [ 107.3801586, 21.0737082 ] ] ], [ [ [ 107.3622721, 21.0804667 ], [ 107.3571013, 21.0774254 ], [ 107.3524506, 21.0791772 ], [ 107.3608352, 21.0828164 ], [ 107.3622721, 21.0804667 ] ] ], [ [ [ 107.391059, 21.1013115 ], [ 107.3948673, 21.0975812 ], [ 107.3917077, 21.0938317 ], [ 107.3855508, 21.0916291 ], [ 107.3819674, 21.0948135 ], [ 107.3876762, 21.0975194 ], [ 107.391059, 21.1013115 ] ] ], [ [ [ 107.4004813, 21.1424994 ], [ 107.3987918, 21.1354629 ], [ 107.3962718, 21.1349476 ], [ 107.3918092, 21.1508632 ], [ 107.3957697, 21.1516366 ], [ 107.3952122, 21.1571419 ], [ 107.39647, 21.158162 ], [ 107.4016081, 21.1568204 ], [ 107.4039067, 21.141492 ], [ 107.4004813, 21.1424994 ] ] ], [ [ [ 107.4011766, 21.1653336 ], [ 107.3999736, 21.1611367 ], [ 107.3956518, 21.1606166 ], [ 107.3965315, 21.1673966 ], [ 107.3995488, 21.1674472 ], [ 107.4011766, 21.1653336 ] ] ], [ [ [ 107.4201019, 21.2270529 ], [ 107.4050005, 21.2202105 ], [ 107.3996102, 21.2161087 ], [ 107.3950106, 21.2174392 ], [ 107.3916213, 21.2208268 ], [ 107.3873632, 21.2202792 ], [ 107.3857812, 21.2099398 ], [ 107.3800441, 21.2078182 ], [ 107.375829, 21.2027158 ], [ 107.3737675, 21.205226 ], [ 107.3731338, 21.2087934 ], [ 107.3791646, 21.2299326 ], [ 107.3809274, 21.2333604 ], [ 107.3868258, 21.2377649 ], [ 107.3879925, 21.2427999 ], [ 107.390936, 21.2468743 ], [ 107.3967751, 21.2505762 ], [ 107.40581, 21.2472657 ], [ 107.411765, 21.2525462 ], [ 107.4177196, 21.2553061 ], [ 107.4274055, 21.2565574 ], [ 107.4302658, 21.2555138 ], [ 107.4324141, 21.2536802 ], [ 107.433738, 21.2469692 ], [ 107.4298839, 21.2374714 ], [ 107.4201019, 21.2270529 ] ] ], [ [ [ 107.3706481, 21.2462325 ], [ 107.3737636, 21.2451296 ], [ 107.3753282, 21.2424427 ], [ 107.3702, 21.2308435 ], [ 107.3677078, 21.231714 ], [ 107.3674528, 21.2335856 ], [ 107.3706481, 21.2462325 ] ] ], [ [ [ 107.3785502, 21.2742299 ], [ 107.3831659, 21.2793879 ], [ 107.3866435, 21.2783092 ], [ 107.3845518, 21.2739498 ], [ 107.3800316, 21.2718594 ], [ 107.3785502, 21.2742299 ] ] ], [ [ [ 107.4062278, 21.274524 ], [ 107.4004783, 21.274935 ], [ 107.3975988, 21.2766333 ], [ 107.4042496, 21.2783574 ], [ 107.4069773, 21.2768008 ], [ 107.4062278, 21.274524 ] ] ], [ [ [ 107.373579, 21.2814389 ], [ 107.376118, 21.2775872 ], [ 107.3720193, 21.2753988 ], [ 107.3674799, 21.2792448 ], [ 107.3682111, 21.2810278 ], [ 107.373579, 21.2814389 ] ] ], [ [ [ 107.373356, 21.2910507 ], [ 107.3799768, 21.287009 ], [ 107.3821112, 21.28184 ], [ 107.3802495, 21.2811979 ], [ 107.3731195, 21.2855566 ], [ 107.3719232, 21.2887378 ], [ 107.373356, 21.2910507 ] ] ], [ [ [ 107.3878576, 21.2863144 ], [ 107.3776754, 21.2965676 ], [ 107.3750097, 21.3043918 ], [ 107.3754046, 21.3098984 ], [ 107.3806121, 21.3072766 ], [ 107.3800492, 21.3026225 ], [ 107.3827027, 21.2985978 ], [ 107.3921196, 21.2955221 ], [ 107.3945349, 21.2883947 ], [ 107.3922366, 21.2845112 ], [ 107.3878576, 21.2863144 ] ] ], [ [ [ 107.4466588, 20.7242157 ], [ 107.4675422, 20.7408083 ], [ 107.4709332, 20.741026 ], [ 107.4692602, 20.7329657 ], [ 107.4596203, 20.7213992 ], [ 107.4537789, 20.7173972 ], [ 107.4487095, 20.7170012 ], [ 107.4454038, 20.7185492 ], [ 107.4447192, 20.7209404 ], [ 107.4466588, 20.7242157 ] ] ], [ [ [ 107.4806063, 20.7725756 ], [ 107.4865413, 20.7718717 ], [ 107.4876503, 20.7691624 ], [ 107.4837141, 20.761204 ], [ 107.4782729, 20.7576548 ], [ 107.4704601, 20.763379 ], [ 107.4765415, 20.7712101 ], [ 107.4806063, 20.7725756 ] ] ], [ [ [ 107.4918044, 20.776461 ], [ 107.4883296, 20.7736169 ], [ 107.4861909, 20.7743583 ], [ 107.4881563, 20.7793633 ], [ 107.4913241, 20.7785497 ], [ 107.4918044, 20.776461 ] ] ], [ [ [ 107.5576214, 20.9345925 ], [ 107.5401213, 20.922243 ], [ 107.5312057, 20.9108122 ], [ 107.5231183, 20.9062876 ], [ 107.5171214, 20.8960423 ], [ 107.515481, 20.8847907 ], [ 107.5031896, 20.8778388 ], [ 107.4951896, 20.8694866 ], [ 107.4923402, 20.8628766 ], [ 107.4898565, 20.845833 ], [ 107.4783302, 20.8208717 ], [ 107.4746596, 20.8170044 ], [ 107.4692995, 20.8157054 ], [ 107.4667655, 20.81936 ], [ 107.4672857, 20.8214389 ], [ 107.4768646, 20.8379345 ], [ 107.4903703, 20.8719735 ], [ 107.4888907, 20.8745917 ], [ 107.474799, 20.8824481 ], [ 107.4747358, 20.886405 ], [ 107.4777304, 20.887797 ], [ 107.4903433, 20.8818019 ], [ 107.5013563, 20.8828388 ], [ 107.5078547, 20.8862258 ], [ 107.5119891, 20.902784 ], [ 107.5178018, 20.9157211 ], [ 107.5260148, 20.914571 ], [ 107.5302227, 20.9167127 ], [ 107.5316127, 20.9227076 ], [ 107.5378349, 20.9297027 ], [ 107.5357649, 20.9370104 ], [ 107.5401402, 20.9485714 ], [ 107.5522865, 20.9642608 ], [ 107.5524672, 20.9678916 ], [ 107.5545701, 20.9697237 ], [ 107.5582499, 20.9671923 ], [ 107.5517367, 20.9566179 ], [ 107.5491911, 20.9477015 ], [ 107.5514974, 20.9432124 ], [ 107.5565216, 20.9431717 ], [ 107.5576214, 20.9345925 ] ] ], [ [ [ 107.4688669, 20.8929798 ], [ 107.4688754, 20.8898525 ], [ 107.4662354, 20.8905678 ], [ 107.4629931, 20.8936873 ], [ 107.4614497, 20.8979335 ], [ 107.4648532, 20.8981022 ], [ 107.4688669, 20.8929798 ] ] ], [ [ [ 107.4444861, 20.8929317 ], [ 107.4276904, 20.8853229 ], [ 107.4220222, 20.8900794 ], [ 107.4138202, 20.8936022 ], [ 107.4420557, 20.9062849 ], [ 107.4430015, 20.9051286 ], [ 107.4412746, 20.9005575 ], [ 107.4475081, 20.900914 ], [ 107.4502669, 20.8994895 ], [ 107.4444861, 20.8929317 ] ] ], [ [ [ 107.4776045, 20.8996071 ], [ 107.5040883, 20.9119468 ], [ 107.5156602, 20.9156338 ], [ 107.5090355, 20.9026283 ], [ 107.5024652, 20.8953462 ], [ 107.4782009, 20.8962779 ], [ 107.4776045, 20.8996071 ] ] ], [ [ [ 107.5268161, 20.9249473 ], [ 107.5243164, 20.9198359 ], [ 107.5193621, 20.9190593 ], [ 107.5224741, 20.9235976 ], [ 107.5268161, 20.9249473 ] ] ], [ [ [ 107.454683, 20.9479407 ], [ 107.4557195, 20.955907 ], [ 107.4689268, 20.9757101 ], [ 107.4737526, 20.9785878 ], [ 107.4771564, 20.9776686 ], [ 107.4795082, 20.9684856 ], [ 107.4720666, 20.9564627 ], [ 107.4489449, 20.9357447 ], [ 107.4416145, 20.9330285 ], [ 107.4415182, 20.9353888 ], [ 107.454683, 20.9479407 ] ] ], [ [ [ 107.5410429, 21.0014852 ], [ 107.5477356, 20.9929803 ], [ 107.5415175, 20.9846404 ], [ 107.5372694, 20.9869956 ], [ 107.5343006, 20.985013 ], [ 107.5383007, 20.9802508 ], [ 107.5213032, 20.9337635 ], [ 107.5154107, 20.92544 ], [ 107.5091166, 20.9199735 ], [ 107.4874877, 20.9151193 ], [ 107.4803724, 20.9189877 ], [ 107.4790873, 20.9115554 ], [ 107.474655, 20.9152255 ], [ 107.4692665, 20.9105437 ], [ 107.4578956, 20.9064947 ], [ 107.4489028, 20.9076312 ], [ 107.4518637, 20.9117281 ], [ 107.4513524, 20.91309 ], [ 107.4360945, 20.9119951 ], [ 107.408649, 20.9016313 ], [ 107.4037413, 20.8944613 ], [ 107.3923669, 20.8922492 ], [ 107.392122, 20.9010412 ], [ 107.3936391, 20.9027494 ], [ 107.4030972, 20.903559 ], [ 107.4140245, 20.9100633 ], [ 107.4187191, 20.9160055 ], [ 107.4329948, 20.91836 ], [ 107.4320775, 20.9221404 ], [ 107.4745988, 20.9495421 ], [ 107.4782327, 20.9531392 ], [ 107.4814959, 20.96002 ], [ 107.4885017, 20.9569694 ], [ 107.4866332, 20.9643256 ], [ 107.4906183, 20.9794986 ], [ 107.4866981, 20.9809889 ], [ 107.4809116, 20.9751825 ], [ 107.4757338, 20.98587 ], [ 107.4814567, 20.9847235 ], [ 107.4840347, 20.9864668 ], [ 107.5007998, 21.0109728 ], [ 107.5078166, 21.0185528 ], [ 107.509124, 21.0178743 ], [ 107.5086096, 21.0143734 ], [ 107.5024234, 21.0000727 ], [ 107.5087293, 21.0017905 ], [ 107.5088591, 21.007856 ], [ 107.5121519, 21.0108277 ], [ 107.5166902, 21.023513 ], [ 107.5214759, 21.024273 ], [ 107.5287245, 21.0360604 ], [ 107.5351074, 21.0420539 ], [ 107.534091, 21.0271621 ], [ 107.5312015, 21.0221132 ], [ 107.5333342, 21.0099875 ], [ 107.5346408, 21.0095814 ], [ 107.54226, 21.0237378 ], [ 107.5487702, 21.0316561 ], [ 107.5477315, 21.0416031 ], [ 107.5495351, 21.045968 ], [ 107.5535047, 21.0391275 ], [ 107.5499775, 21.027195 ], [ 107.5444436, 21.0205394 ], [ 107.5434535, 21.009702 ], [ 107.5406002, 21.0046872 ], [ 107.5410429, 21.0014852 ] ] ], [ [ [ 107.4401059, 20.9827146 ], [ 107.442243, 20.9797548 ], [ 107.4418532, 20.9764963 ], [ 107.4345248, 20.9804452 ], [ 107.4401059, 20.9827146 ] ] ], [ [ [ 107.4731879, 20.9824207 ], [ 107.4716144, 20.9795877 ], [ 107.4684024, 20.9784881 ], [ 107.4676046, 20.9811168 ], [ 107.4692275, 20.9851412 ], [ 107.4731879, 20.9824207 ] ] ], [ [ [ 107.425355, 20.9966395 ], [ 107.4250084, 20.9945201 ], [ 107.4226717, 20.994057 ], [ 107.4203239, 20.9973326 ], [ 107.4233194, 20.9987943 ], [ 107.425355, 20.9966395 ] ] ], [ [ [ 107.4451893, 21.0111964 ], [ 107.4463074, 21.0049826 ], [ 107.4441035, 21.0060995 ], [ 107.4414308, 21.0107552 ], [ 107.4451893, 21.0111964 ] ] ], [ [ [ 107.4556085, 21.0184604 ], [ 107.4582414, 21.015286 ], [ 107.4548674, 21.0110631 ], [ 107.4519755, 21.0160658 ], [ 107.4556085, 21.0184604 ] ] ], [ [ [ 107.4385027, 21.0210418 ], [ 107.4406008, 21.0273292 ], [ 107.4435585, 21.0290861 ], [ 107.4446692, 21.0255105 ], [ 107.4422392, 21.0168366 ], [ 107.440049, 21.0131731 ], [ 107.4366674, 21.0117331 ], [ 107.4331848, 21.0159389 ], [ 107.4385027, 21.0210418 ] ] ], [ [ [ 107.4509921, 21.0265147 ], [ 107.4496834, 21.0190431 ], [ 107.4483562, 21.0181763 ], [ 107.4456372, 21.0230046 ], [ 107.449706, 21.0272886 ], [ 107.4509921, 21.0265147 ] ] ], [ [ [ 107.4613978, 21.0276627 ], [ 107.4603533, 21.0239907 ], [ 107.4574171, 21.0245879 ], [ 107.4586422, 21.0292532 ], [ 107.4613978, 21.0276627 ] ] ], [ [ [ 107.5375172, 21.0352636 ], [ 107.5409972, 21.0337469 ], [ 107.5428598, 21.0301042 ], [ 107.5371941, 21.0249218 ], [ 107.5363119, 21.0304715 ], [ 107.5375172, 21.0352636 ] ] ], [ [ [ 107.4863092, 21.0335234 ], [ 107.4903242, 21.0304049 ], [ 107.4888635, 21.0279099 ], [ 107.4842254, 21.0319281 ], [ 107.4863092, 21.0335234 ] ] ], [ [ [ 107.4258462, 21.0360385 ], [ 107.4262767, 21.0335746 ], [ 107.419764, 21.0317286 ], [ 107.421782, 21.036346 ], [ 107.4258462, 21.0360385 ] ] ], [ [ [ 107.495267, 21.0394276 ], [ 107.5015873, 21.039654 ], [ 107.5016482, 21.0379048 ], [ 107.4947713, 21.0347086 ], [ 107.495267, 21.0394276 ] ] ], [ [ [ 107.5550613, 21.0404156 ], [ 107.5541263, 21.043897 ], [ 107.5556862, 21.0458594 ], [ 107.5585898, 21.0430351 ], [ 107.5595891, 21.0367237 ], [ 107.5568206, 21.0311667 ], [ 107.5541014, 21.0294196 ], [ 107.5529392, 21.0309412 ], [ 107.5550613, 21.0404156 ] ] ], [ [ [ 107.5400464, 21.0438137 ], [ 107.5449123, 21.044368 ], [ 107.5440694, 21.0331545 ], [ 107.5391331, 21.0379882 ], [ 107.5400464, 21.0438137 ] ] ], [ [ [ 107.4885887, 21.0402994 ], [ 107.4873712, 21.0372443 ], [ 107.4844563, 21.0387825 ], [ 107.4870283, 21.0417194 ], [ 107.4885887, 21.0402994 ] ] ], [ [ [ 107.4445168, 21.0492862 ], [ 107.4430029, 21.0457836 ], [ 107.4378426, 21.0444983 ], [ 107.4404509, 21.0500711 ], [ 107.4430737, 21.0506344 ], [ 107.4445168, 21.0492862 ] ] ], [ [ [ 107.5246117, 21.0528156 ], [ 107.5259533, 21.049172 ], [ 107.5213242, 21.0465497 ], [ 107.5198118, 21.0489411 ], [ 107.5246117, 21.0528156 ] ] ], [ [ [ 107.4702619, 21.0535697 ], [ 107.4671549, 21.0517629 ], [ 107.465238, 21.053725 ], [ 107.4675889, 21.0556137 ], [ 107.4702619, 21.0535697 ] ] ], [ [ [ 107.4367562, 21.0556643 ], [ 107.4314682, 21.0534761 ], [ 107.4290564, 21.0552821 ], [ 107.4358806, 21.0588333 ], [ 107.4367562, 21.0556643 ] ] ], [ [ [ 107.5385034, 21.0592127 ], [ 107.5395548, 21.0556773 ], [ 107.5372988, 21.0540399 ], [ 107.534684, 21.0570821 ], [ 107.5365318, 21.0598072 ], [ 107.5385034, 21.0592127 ] ] ], [ [ [ 107.5230947, 21.0570575 ], [ 107.5213091, 21.0526997 ], [ 107.5152975, 21.0468087 ], [ 107.5014314, 21.0423422 ], [ 107.4929758, 21.0408535 ], [ 107.4914079, 21.0421561 ], [ 107.4996979, 21.051781 ], [ 107.5155247, 21.0602792 ], [ 107.5235025, 21.0680247 ], [ 107.5250516, 21.0743955 ], [ 107.5309094, 21.0724488 ], [ 107.5312089, 21.0684222 ], [ 107.5349869, 21.0636953 ], [ 107.5306828, 21.058271 ], [ 107.5304046, 21.0534811 ], [ 107.5268106, 21.0540721 ], [ 107.5230947, 21.0570575 ] ] ], [ [ [ 107.504128, 21.0599029 ], [ 107.5013397, 21.0586282 ], [ 107.4980616, 21.0606141 ], [ 107.5025811, 21.062527 ], [ 107.504128, 21.0599029 ] ] ], [ [ [ 107.5460358, 21.0595548 ], [ 107.5534283, 21.0703457 ], [ 107.5563244, 21.0709502 ], [ 107.5544402, 21.0586467 ], [ 107.5584545, 21.0515796 ], [ 107.5544585, 21.0506464 ], [ 107.5477297, 21.0537349 ], [ 107.5460358, 21.0595548 ] ] ], [ [ [ 107.5125382, 21.0625181 ], [ 107.5041639, 21.0672342 ], [ 107.5137002, 21.0681163 ], [ 107.5152068, 21.0665208 ], [ 107.5125382, 21.0625181 ] ] ], [ [ [ 107.4899677, 21.0635856 ], [ 107.4863569, 21.0639397 ], [ 107.4888007, 21.0681132 ], [ 107.4918845, 21.0668518 ], [ 107.4899677, 21.0635856 ] ] ], [ [ [ 107.4451845, 21.0706356 ], [ 107.4430811, 21.0655564 ], [ 107.4386524, 21.0657264 ], [ 107.4435469, 21.0709939 ], [ 107.4451845, 21.0706356 ] ] ], [ [ [ 107.5017432, 21.0685816 ], [ 107.4971022, 21.0694934 ], [ 107.4950017, 21.073301 ], [ 107.5049234, 21.0768898 ], [ 107.5119814, 21.0761676 ], [ 107.5133638, 21.0719894 ], [ 107.5123891, 21.0698966 ], [ 107.5095745, 21.071981 ], [ 107.5017432, 21.0685816 ] ] ], [ [ [ 107.4940458, 21.0907415 ], [ 107.4905278, 21.0860931 ], [ 107.487835, 21.0872997 ], [ 107.4876041, 21.089883 ], [ 107.4891137, 21.091152 ], [ 107.4940458, 21.0907415 ] ] ], [ [ [ 107.5683473, 21.0844014 ], [ 107.5657367, 21.083105 ], [ 107.5560543, 21.0885583 ], [ 107.5408301, 21.0886502 ], [ 107.5415524, 21.0871144 ], [ 107.547436, 21.0857738 ], [ 107.5571066, 21.0855474 ], [ 107.5604474, 21.0817418 ], [ 107.5568996, 21.0759855 ], [ 107.5441038, 21.0717782 ], [ 107.5434554, 21.0696862 ], [ 107.5375196, 21.065677 ], [ 107.5323592, 21.0748745 ], [ 107.5232766, 21.0793282 ], [ 107.5282518, 21.0888389 ], [ 107.5313839, 21.0905672 ], [ 107.5355028, 21.0895306 ], [ 107.539287, 21.0918751 ], [ 107.5390195, 21.094457 ], [ 107.5330103, 21.0935221 ], [ 107.5335897, 21.097151 ], [ 107.5420439, 21.1003968 ], [ 107.5435927, 21.1087006 ], [ 107.5506277, 21.1183683 ], [ 107.5548716, 21.1200369 ], [ 107.5535773, 21.1145007 ], [ 107.5625657, 21.1131352 ], [ 107.567653, 21.1175722 ], [ 107.5779036, 21.1217729 ], [ 107.5793998, 21.1098169 ], [ 107.5716897, 21.0946456 ], [ 107.5683473, 21.0844014 ] ] ], [ [ [ 107.5208078, 21.1416007 ], [ 107.5337512, 21.1469238 ], [ 107.5366174, 21.144072 ], [ 107.5293966, 21.1370801 ], [ 107.5073585, 21.1245915 ], [ 107.5050221, 21.129882 ], [ 107.5208078, 21.1416007 ] ] ], [ [ [ 107.4298733, 21.1476473 ], [ 107.4313081, 21.1458858 ], [ 107.4298866, 21.1431083 ], [ 107.4238091, 21.1435969 ], [ 107.423713, 21.1458661 ], [ 107.4298733, 21.1476473 ] ] ], [ [ [ 107.5238807, 21.1473389 ], [ 107.5194992, 21.1455478 ], [ 107.5173004, 21.1478872 ], [ 107.5220814, 21.1493979 ], [ 107.5238807, 21.1473389 ] ] ], [ [ [ 107.485878, 21.2572983 ], [ 107.5111428, 21.2365134 ], [ 107.5117292, 21.2343716 ], [ 107.5074483, 21.2304121 ], [ 107.5076309, 21.2288997 ], [ 107.5141505, 21.2313513 ], [ 107.5171911, 21.2308537 ], [ 107.5259707, 21.2230566 ], [ 107.5334754, 21.2061373 ], [ 107.5298227, 21.2011708 ], [ 107.5347032, 21.1972729 ], [ 107.5328432, 21.1902089 ], [ 107.5418527, 21.197624 ], [ 107.5494487, 21.1981439 ], [ 107.5630206, 21.2042225 ], [ 107.5658814, 21.203976 ], [ 107.568613, 21.201502 ], [ 107.5728933, 21.2060488 ], [ 107.5811143, 21.2070731 ], [ 107.5969527, 21.2201716 ], [ 107.607634, 21.2204849 ], [ 107.6091602, 21.2172099 ], [ 107.6035538, 21.2049292 ], [ 107.5949373, 21.2006692 ], [ 107.5909387, 21.1894834 ], [ 107.5808181, 21.17858 ], [ 107.5720638, 21.1767981 ], [ 107.5681547, 21.1663681 ], [ 107.5632442, 21.1643412 ], [ 107.5623583, 21.1608933 ], [ 107.5401892, 21.1450881 ], [ 107.5349938, 21.1504568 ], [ 107.5390001, 21.1566852 ], [ 107.5349713, 21.1598708 ], [ 107.5298824, 21.1579268 ], [ 107.5223472, 21.1514805 ], [ 107.5118986, 21.1490201 ], [ 107.516642, 21.1460046 ], [ 107.5166452, 21.1437284 ], [ 107.5065299, 21.1342564 ], [ 107.5008165, 21.1323102 ], [ 107.5041477, 21.1223988 ], [ 107.4715531, 21.1000053 ], [ 107.4691103, 21.0949137 ], [ 107.4698361, 21.0907963 ], [ 107.4645643, 21.091288 ], [ 107.4573356, 21.0887485 ], [ 107.4528529, 21.0945378 ], [ 107.4511568, 21.0941133 ], [ 107.4470717, 21.0856127 ], [ 107.4426188, 21.0808939 ], [ 107.4163637, 21.0638028 ], [ 107.4158424, 21.0589255 ], [ 107.4099228, 21.0523945 ], [ 107.3903793, 21.0472973 ], [ 107.3827147, 21.0422319 ], [ 107.380437, 21.0423516 ], [ 107.3795249, 21.048318 ], [ 107.3822626, 21.0580777 ], [ 107.3897028, 21.0636888 ], [ 107.3839839, 21.0645136 ], [ 107.3847737, 21.0689714 ], [ 107.3779876, 21.0682799 ], [ 107.3777116, 21.0708011 ], [ 107.3816344, 21.0730819 ], [ 107.3827831, 21.0770362 ], [ 107.3801271, 21.0836279 ], [ 107.3969271, 21.0959056 ], [ 107.3954809, 21.1013657 ], [ 107.398231, 21.1075937 ], [ 107.3982024, 21.1168403 ], [ 107.402566, 21.1214754 ], [ 107.4110055, 21.1226328 ], [ 107.4140295, 21.12718 ], [ 107.4302892, 21.1276428 ], [ 107.4300778, 21.1388219 ], [ 107.4337738, 21.1429922 ], [ 107.4342975, 21.1472804 ], [ 107.4390335, 21.1472084 ], [ 107.442154, 21.1496539 ], [ 107.4405352, 21.1532641 ], [ 107.4328448, 21.1551778 ], [ 107.4335842, 21.1621141 ], [ 107.4316086, 21.1653871 ], [ 107.4298265, 21.1636174 ], [ 107.4277944, 21.1557111 ], [ 107.4252045, 21.1552001 ], [ 107.4203598, 21.1616596 ], [ 107.4180497, 21.1705041 ], [ 107.4213775, 21.1722072 ], [ 107.4222717, 21.1744122 ], [ 107.4302852, 21.1755343 ], [ 107.4391415, 21.1655601 ], [ 107.4450923, 21.1634572 ], [ 107.4485047, 21.1671086 ], [ 107.4470529, 21.1708326 ], [ 107.4492073, 21.1734642 ], [ 107.4431487, 21.1816667 ], [ 107.4447136, 21.1856946 ], [ 107.449663, 21.187486 ], [ 107.4585875, 21.1852207 ], [ 107.4646204, 21.1861673 ], [ 107.4676037, 21.1822775 ], [ 107.4774719, 21.180649 ], [ 107.4795378, 21.1828565 ], [ 107.4729436, 21.1896182 ], [ 107.4769901, 21.1923387 ], [ 107.4653442, 21.1977046 ], [ 107.4547719, 21.20684 ], [ 107.4556615, 21.208355 ], [ 107.4610329, 21.2053425 ], [ 107.4639769, 21.2073667 ], [ 107.4611335, 21.2174034 ], [ 107.4549465, 21.2242799 ], [ 107.4496935, 21.2361922 ], [ 107.4506373, 21.2466666 ], [ 107.4525097, 21.2484361 ], [ 107.4603297, 21.2494218 ], [ 107.455359, 21.2525612 ], [ 107.4517925, 21.2650322 ], [ 107.4565907, 21.2757168 ], [ 107.4581542, 21.2761829 ], [ 107.4631737, 21.2717411 ], [ 107.4673708, 21.2736841 ], [ 107.4753918, 21.2697572 ], [ 107.485878, 21.2572983 ] ] ], [ [ [ 107.422844, 21.1788614 ], [ 107.4203829, 21.1885973 ], [ 107.4249818, 21.1869997 ], [ 107.4260543, 21.1898828 ], [ 107.4240595, 21.1942828 ], [ 107.42991, 21.1959923 ], [ 107.4363481, 21.1815224 ], [ 107.434104, 21.1788057 ], [ 107.422844, 21.1788614 ] ] ], [ [ [ 107.5412492, 21.267953 ], [ 107.5469071, 21.2609926 ], [ 107.5434681, 21.2573521 ], [ 107.5394936, 21.2593079 ], [ 107.5380249, 21.261858 ], [ 107.5383248, 21.2675542 ], [ 107.5412492, 21.267953 ] ] ], [ [ [ 107.5479117, 21.2782774 ], [ 107.5437377, 21.2760103 ], [ 107.5391332, 21.2791431 ], [ 107.5443517, 21.2815106 ], [ 107.5473847, 21.2802403 ], [ 107.5479117, 21.2782774 ] ] ], [ [ [ 107.5565747, 21.2822228 ], [ 107.5501024, 21.2797548 ], [ 107.5484241, 21.2825991 ], [ 107.5516588, 21.2844714 ], [ 107.5565747, 21.2822228 ] ] ], [ [ [ 107.4883802, 21.2936929 ], [ 107.4877333, 21.2899886 ], [ 107.4861299, 21.2892992 ], [ 107.482912, 21.2921031 ], [ 107.4819545, 21.2954608 ], [ 107.4841406, 21.296563 ], [ 107.4883802, 21.2936929 ] ] ], [ [ [ 107.7982687, 10.6530948 ], [ 107.800845, 10.6549424 ], [ 107.8027435, 10.6522175 ], [ 107.7999703, 10.6505159 ], [ 107.7982687, 10.6530948 ] ] ], [ [ [ 107.9933717, 10.6964789 ], [ 107.9919341, 10.6944611 ], [ 107.9878253, 10.6957139 ], [ 107.9901136, 10.6979701 ], [ 107.9933717, 10.6964789 ] ] ], [ [ [ 108.3003107, 10.9091479 ], [ 108.2968563, 10.9101384 ], [ 108.2969508, 10.912647 ], [ 108.3001343, 10.9129112 ], [ 108.3012235, 10.9114761 ], [ 108.3003107, 10.9091479 ] ] ], [ [ [ 108.6146869, 15.4889406 ], [ 108.6236825, 15.4819813 ], [ 108.6241319, 15.4806043 ], [ 108.615568, 15.480354 ], [ 108.6099718, 15.4863129 ], [ 108.6117392, 15.4893893 ], [ 108.6146869, 15.4889406 ] ] ], [ [ [ 108.5408976, 15.9131352 ], [ 108.5391111, 15.9040625 ], [ 108.5330476, 15.9033951 ], [ 108.5285419, 15.9054538 ], [ 108.5301036, 15.9096132 ], [ 108.5375199, 15.9152595 ], [ 108.5399174, 15.9155947 ], [ 108.5408976, 15.9131352 ] ] ], [ [ [ 108.4844539, 15.9497154 ], [ 108.4804844, 15.9407837 ], [ 108.4787177, 15.9390131 ], [ 108.4761116, 15.9399744 ], [ 108.4745732, 15.9453013 ], [ 108.477544, 15.9493897 ], [ 108.4821296, 15.9506761 ], [ 108.4844539, 15.9497154 ] ] ], [ [ [ 108.536149, 15.9232481 ], [ 108.529385, 15.9244934 ], [ 108.5245385, 15.9311938 ], [ 108.5066628, 15.9431122 ], [ 108.5048364, 15.94571 ], [ 108.5035937, 15.9562233 ], [ 108.5013441, 15.9588221 ], [ 108.4957048, 15.9592447 ], [ 108.4934259, 15.9571683 ], [ 108.4898469, 15.9568011 ], [ 108.4812667, 15.965693 ], [ 108.481695, 15.967876 ], [ 108.494339, 15.9772657 ], [ 108.501819, 15.9795688 ], [ 108.5082974, 15.9761411 ], [ 108.5087022, 15.9689057 ], [ 108.5120764, 15.9649392 ], [ 108.5334963, 15.9595635 ], [ 108.5365181, 15.9558705 ], [ 108.535789, 15.9468634 ], [ 108.5392576, 15.9258338 ], [ 108.536149, 15.9232481 ] ] ], [ [ [ 108.4511358, 15.9783846 ], [ 108.4470964, 15.9693159 ], [ 108.4439927, 15.9687081 ], [ 108.4410361, 15.9708299 ], [ 108.4404783, 15.9736975 ], [ 108.4470539, 15.9818738 ], [ 108.4499437, 15.9813218 ], [ 108.4511358, 15.9783846 ] ] ], [ [ [ 108.2050755, 16.2271166 ], [ 108.2070509, 16.225818 ], [ 108.2090912, 16.2189913 ], [ 108.2067543, 16.2120323 ], [ 108.2044939, 16.2106695 ], [ 108.1977901, 16.2132009 ], [ 108.1968759, 16.2168189 ], [ 108.1972334, 16.2213911 ], [ 108.199638, 16.2257567 ], [ 108.2050755, 16.2271166 ] ] ], [ [ [ 107.7317282, 20.1318057 ], [ 107.7279953, 20.1280746 ], [ 107.7187486, 20.1280629 ], [ 107.7146144, 20.1299209 ], [ 107.7181482, 20.1351425 ], [ 107.7317103, 20.1448483 ], [ 107.7348574, 20.1455974 ], [ 107.7370229, 20.1446684 ], [ 107.7372234, 20.1418738 ], [ 107.7317282, 20.1318057 ] ] ], [ [ [ 107.786552, 20.9783886 ], [ 107.7891421, 20.9754564 ], [ 107.7884385, 20.9736839 ], [ 107.7831448, 20.9757828 ], [ 107.7830239, 20.9787727 ], [ 107.786552, 20.9783886 ] ] ], [ [ [ 107.8088714, 20.987127 ], [ 107.8096768, 20.9824349 ], [ 107.8078998, 20.9797517 ], [ 107.8040746, 20.978659 ], [ 107.8022025, 20.9820931 ], [ 107.8062023, 20.9866218 ], [ 107.8088714, 20.987127 ] ] ], [ [ [ 107.771516, 20.9995055 ], [ 107.7839989, 20.9915449 ], [ 107.7843406, 20.9894722 ], [ 107.781207, 20.9842068 ], [ 107.7790025, 20.9827694 ], [ 107.7780681, 20.9836455 ], [ 107.7789093, 20.9901047 ], [ 107.7622662, 20.999735 ], [ 107.7578581, 20.9960625 ], [ 107.7599909, 20.9868159 ], [ 107.7570249, 20.9837829 ], [ 107.7649225, 20.9784493 ], [ 107.7643617, 20.9860632 ], [ 107.7678373, 20.9888575 ], [ 107.7686903, 20.985111 ], [ 107.7746312, 20.9840008 ], [ 107.7736201, 20.9778603 ], [ 107.7780374, 20.97332 ], [ 107.7776153, 20.9714856 ], [ 107.7735036, 20.9686509 ], [ 107.7673097, 20.9688039 ], [ 107.7662932, 20.9674473 ], [ 107.7685008, 20.9660942 ], [ 107.768163, 20.9647383 ], [ 107.7618069, 20.9589108 ], [ 107.7579912, 20.9572322 ], [ 107.7495925, 20.9569039 ], [ 107.7448523, 20.9486855 ], [ 107.7367124, 20.9454068 ], [ 107.7489498, 20.9618867 ], [ 107.7601408, 20.9684375 ], [ 107.761156, 20.9708306 ], [ 107.760599, 20.975335 ], [ 107.7560941, 20.9817088 ], [ 107.7469206, 20.9891934 ], [ 107.7368158, 20.9945236 ], [ 107.7368501, 21.0005433 ], [ 107.7297989, 21.0062754 ], [ 107.7338613, 21.0143331 ], [ 107.740132, 21.0212769 ], [ 107.7470864, 21.0248727 ], [ 107.7461593, 21.0199285 ], [ 107.7482009, 21.0161836 ], [ 107.7526175, 21.0133981 ], [ 107.7583861, 21.0150788 ], [ 107.7625958, 21.0077881 ], [ 107.771516, 20.9995055 ] ] ], [ [ [ 107.8624116, 21.0292326 ], [ 107.8530681, 21.0263776 ], [ 107.8412827, 21.0170264 ], [ 107.8376398, 21.0096497 ], [ 107.8328797, 21.0082635 ], [ 107.8327084, 21.0003865 ], [ 107.8277245, 21.0008016 ], [ 107.8208759, 20.9966063 ], [ 107.817944, 20.9914084 ], [ 107.8179457, 20.9896486 ], [ 107.8214637, 20.9863414 ], [ 107.8202195, 20.9846644 ], [ 107.8137238, 20.9843238 ], [ 107.8111415, 20.9861652 ], [ 107.8094468, 20.9901861 ], [ 107.8039264, 20.9933657 ], [ 107.8037448, 20.9969688 ], [ 107.8081926, 20.9987325 ], [ 107.809792, 21.0012478 ], [ 107.8051617, 21.0039253 ], [ 107.8051602, 21.0054336 ], [ 107.8141886, 21.0101759 ], [ 107.818492, 21.0241314 ], [ 107.8231145, 21.0303359 ], [ 107.8287215, 21.0308431 ], [ 107.8303175, 21.0378829 ], [ 107.8359196, 21.0444229 ], [ 107.8381449, 21.0444246 ], [ 107.8417087, 21.0403213 ], [ 107.8466048, 21.0397382 ], [ 107.8515853, 21.0451043 ], [ 107.8542997, 21.0457345 ], [ 107.85911, 21.0408777 ], [ 107.8578699, 21.0325815 ], [ 107.8624116, 21.0292326 ] ] ], [ [ [ 107.8231089, 21.0365366 ], [ 107.8209758, 21.0331831 ], [ 107.8191069, 21.0328465 ], [ 107.8173216, 21.0383753 ], [ 107.821237, 21.0394678 ], [ 107.8231089, 21.0365366 ] ] ], [ [ [ 107.7758459, 21.0357396 ], [ 107.7605384, 21.0341315 ], [ 107.7636467, 21.0399165 ], [ 107.7626611, 21.0451943 ], [ 107.7701378, 21.0455374 ], [ 107.7743147, 21.0513233 ], [ 107.777786, 21.0516619 ], [ 107.777171, 21.0445391 ], [ 107.7806491, 21.0386771 ], [ 107.7758459, 21.0357396 ] ] ], [ [ [ 107.5845282, 21.0132689 ], [ 107.5751041, 20.9814582 ], [ 107.5671771, 20.9729229 ], [ 107.5619851, 20.9714767 ], [ 107.5623674, 20.9826778 ], [ 107.5695944, 20.9853724 ], [ 107.572538, 20.9902602 ], [ 107.5718211, 20.9919819 ], [ 107.5658046, 20.9945548 ], [ 107.5636545, 20.9993369 ], [ 107.5685219, 21.0096847 ], [ 107.571348, 21.0218471 ], [ 107.5748994, 21.0286502 ], [ 107.5784593, 21.0316244 ], [ 107.5877731, 21.0332902 ], [ 107.5895725, 21.0387962 ], [ 107.5894905, 21.0433708 ], [ 107.5814432, 21.0419199 ], [ 107.5850869, 21.0536044 ], [ 107.583484, 21.0644652 ], [ 107.5854062, 21.0711689 ], [ 107.593635, 21.083914 ], [ 107.6095829, 21.1013957 ], [ 107.6241879, 21.123161 ], [ 107.6277496, 21.1265167 ], [ 107.6295853, 21.126137 ], [ 107.6082257, 21.0746609 ], [ 107.6051466, 21.0616813 ], [ 107.5972718, 21.0503247 ], [ 107.5962348, 21.0350371 ], [ 107.5865657, 21.0252652 ], [ 107.5845282, 21.0132689 ] ] ], [ [ [ 107.8646749, 21.057597 ], [ 107.8627593, 21.0544246 ], [ 107.8597007, 21.0551057 ], [ 107.861821, 21.0618887 ], [ 107.8644133, 21.0610609 ], [ 107.8646749, 21.057597 ] ] ], [ [ [ 107.5705251, 21.0696721 ], [ 107.5729052, 21.0677719 ], [ 107.5734945, 21.0633103 ], [ 107.5689129, 21.0649886 ], [ 107.568326, 21.0683072 ], [ 107.5705251, 21.0696721 ] ] ], [ [ [ 107.7742027, 21.0711812 ], [ 107.7709132, 21.0674073 ], [ 107.7680619, 21.0695829 ], [ 107.7724162, 21.0762904 ], [ 107.7744659, 21.074533 ], [ 107.7742027, 21.0711812 ] ] ], [ [ [ 107.574586, 21.0848746 ], [ 107.5747293, 21.079095 ], [ 107.5717935, 21.0771216 ], [ 107.5702809, 21.0816074 ], [ 107.574586, 21.0848746 ] ] ], [ [ [ 107.5835232, 21.0914709 ], [ 107.5818374, 21.0853804 ], [ 107.5796166, 21.0850687 ], [ 107.5792126, 21.0906019 ], [ 107.5816262, 21.0924511 ], [ 107.5835232, 21.0914709 ] ] ], [ [ [ 107.5867742, 21.0990399 ], [ 107.5838432, 21.0946073 ], [ 107.5812302, 21.094295 ], [ 107.5836953, 21.1026618 ], [ 107.5870937, 21.1024223 ], [ 107.5867742, 21.0990399 ] ] ], [ [ [ 107.8181641, 21.1161767 ], [ 107.8198656, 21.1111365 ], [ 107.8111716, 21.1082847 ], [ 107.8031737, 21.1033918 ], [ 107.8002257, 21.1043975 ], [ 107.8004918, 21.1061623 ], [ 107.8119133, 21.1155833 ], [ 107.8159305, 21.1171832 ], [ 107.8181641, 21.1161767 ] ] ], [ [ [ 107.5991233, 21.1145362 ], [ 107.5977472, 21.1096895 ], [ 107.5951051, 21.1106163 ], [ 107.596879, 21.1145943 ], [ 107.5991233, 21.1145362 ] ] ], [ [ [ 107.6060575, 21.1277888 ], [ 107.6093966, 21.1247205 ], [ 107.6059437, 21.1194267 ], [ 107.6014317, 21.1208328 ], [ 107.602989, 21.1262462 ], [ 107.6060575, 21.1277888 ] ] ], [ [ [ 107.5549439, 21.1223732 ], [ 107.5549261, 21.1301462 ], [ 107.5634869, 21.1386836 ], [ 107.5660278, 21.1392865 ], [ 107.5687383, 21.1351064 ], [ 107.5769902, 21.1399056 ], [ 107.5809664, 21.1381194 ], [ 107.5803383, 21.1346802 ], [ 107.5757435, 21.1286923 ], [ 107.5638458, 21.1202982 ], [ 107.5600334, 21.1199917 ], [ 107.5549439, 21.1223732 ] ] ], [ [ [ 107.796204, 21.1322315 ], [ 107.7948927, 21.1308581 ], [ 107.7909542, 21.131266 ], [ 107.7945228, 21.1358662 ], [ 107.796204, 21.1322315 ] ] ], [ [ [ 107.6485656, 21.1401745 ], [ 107.64309, 21.1337555 ], [ 107.6411002, 21.1336956 ], [ 107.6421743, 21.1398239 ], [ 107.6484996, 21.1433511 ], [ 107.6485656, 21.1401745 ] ] ], [ [ [ 107.8494063, 21.1353579 ], [ 107.8470848, 21.134516 ], [ 107.843777, 21.1383788 ], [ 107.8461851, 21.1427497 ], [ 107.8486878, 21.1403988 ], [ 107.8494063, 21.1353579 ] ] ], [ [ [ 107.8679308, 21.147511 ], [ 107.8697214, 21.1412104 ], [ 107.8665069, 21.1399481 ], [ 107.8633751, 21.1480123 ], [ 107.8679308, 21.147511 ] ] ], [ [ [ 107.5884015, 21.1536789 ], [ 107.5836513, 21.1457478 ], [ 107.5800027, 21.1429009 ], [ 107.5785675, 21.1452898 ], [ 107.5796672, 21.1511214 ], [ 107.586331, 21.1559171 ], [ 107.5884015, 21.1536789 ] ] ], [ [ [ 107.8619369, 21.1608666 ], [ 107.8622066, 21.1584302 ], [ 107.8595285, 21.1560759 ], [ 107.8522061, 21.1532145 ], [ 107.8501512, 21.1538853 ], [ 107.8505958, 21.1565742 ], [ 107.8546131, 21.1596016 ], [ 107.8586313, 21.1615367 ], [ 107.8619369, 21.1608666 ] ] ], [ [ [ 107.8662231, 21.1680269 ], [ 107.8658697, 21.1623974 ], [ 107.8590796, 21.1641576 ], [ 107.8625607, 21.1678566 ], [ 107.8662231, 21.1680269 ] ] ], [ [ [ 107.6528387, 21.1512962 ], [ 107.6581854, 21.1674625 ], [ 107.655465, 21.1753074 ], [ 107.6602869, 21.1910479 ], [ 107.6683396, 21.2088433 ], [ 107.6758464, 21.2166322 ], [ 107.6800587, 21.216002 ], [ 107.679914, 21.2125371 ], [ 107.6727094, 21.2039003 ], [ 107.6704774, 21.1854613 ], [ 107.6636308, 21.1663169 ], [ 107.6624077, 21.1604684 ], [ 107.6638616, 21.1456914 ], [ 107.6595386, 21.1409777 ], [ 107.6547019, 21.1392422 ], [ 107.6521388, 21.1433397 ], [ 107.6528387, 21.1512962 ] ] ], [ [ [ 107.6242841, 21.1934125 ], [ 107.6257018, 21.1925465 ], [ 107.6252766, 21.1895351 ], [ 107.6173044, 21.1735414 ], [ 107.6152124, 21.1730167 ], [ 107.6145923, 21.1752737 ], [ 107.6171023, 21.1823996 ], [ 107.6242841, 21.1934125 ] ] ], [ [ [ 108.0197318, 21.1995406 ], [ 108.0171821, 21.1956663 ], [ 108.0086969, 21.198028 ], [ 108.0141522, 21.2035644 ], [ 108.0197318, 21.1995406 ] ] ], [ [ [ 107.5865001, 21.2173788 ], [ 107.5836469, 21.2140117 ], [ 107.5751655, 21.209289 ], [ 107.5673958, 21.2062483 ], [ 107.5649799, 21.2074202 ], [ 107.5806027, 21.2163592 ], [ 107.5865001, 21.2173788 ] ] ], [ [ [ 108.0139521, 21.212103 ], [ 108.0112085, 21.2095896 ], [ 108.0088707, 21.2120323 ], [ 108.009044, 21.2143935 ], [ 108.0133736, 21.214149 ], [ 108.0139521, 21.212103 ] ] ], [ [ [ 107.6911581, 21.2351082 ], [ 107.695145, 21.2345481 ], [ 107.6922948, 21.2296656 ], [ 107.6847133, 21.2208874 ], [ 107.6799005, 21.2207391 ], [ 107.6795971, 21.2223649 ], [ 107.6911581, 21.2351082 ] ] ], [ [ [ 107.5964913, 21.234399 ], [ 107.5982628, 21.2329059 ], [ 107.597824, 21.2313256 ], [ 107.5904942, 21.2269063 ], [ 107.5775895, 21.2247206 ], [ 107.5795275, 21.2280495 ], [ 107.5964913, 21.234399 ] ] ], [ [ [ 107.6385829, 21.2419924 ], [ 107.6319361, 21.2340906 ], [ 107.6284731, 21.2335838 ], [ 107.6259367, 21.2362099 ], [ 107.6279294, 21.2392192 ], [ 107.6379142, 21.2433691 ], [ 107.6385829, 21.2419924 ] ] ], [ [ [ 107.9449993, 21.2377721 ], [ 107.9468256, 21.2403488 ], [ 107.9606566, 21.2483977 ], [ 107.9710823, 21.2499904 ], [ 107.9753462, 21.245645 ], [ 107.9778848, 21.2340566 ], [ 107.9759016, 21.2305101 ], [ 107.9591016, 21.2302422 ], [ 107.9471317, 21.2345284 ], [ 107.9449993, 21.2377721 ] ] ], [ [ [ 107.6135564, 21.2347619 ], [ 107.6069261, 21.2340021 ], [ 107.6016958, 21.2404768 ], [ 107.5918882, 21.2368013 ], [ 107.5895842, 21.2391246 ], [ 107.5920537, 21.242205 ], [ 107.598635, 21.2458448 ], [ 107.6092378, 21.2497567 ], [ 107.6132778, 21.2490306 ], [ 107.6137867, 21.2523855 ], [ 107.6189967, 21.2562184 ], [ 107.6348868, 21.2622987 ], [ 107.641061, 21.2613027 ], [ 107.6377413, 21.2580786 ], [ 107.6388957, 21.2555036 ], [ 107.6376615, 21.2534234 ], [ 107.6161141, 21.2409909 ], [ 107.6131661, 21.2379505 ], [ 107.6135564, 21.2347619 ] ] ], [ [ [ 107.6782146, 21.2608338 ], [ 107.6739525, 21.257804 ], [ 107.6717849, 21.2585413 ], [ 107.6730927, 21.2615668 ], [ 107.6773583, 21.2625604 ], [ 107.6782146, 21.2608338 ] ] ], [ [ [ 107.5680103, 21.2611329 ], [ 107.5590377, 21.2558125 ], [ 107.5554857, 21.2558054 ], [ 107.5530757, 21.2589429 ], [ 107.5570383, 21.2621915 ], [ 107.5568255, 21.2638604 ], [ 107.5487792, 21.2646297 ], [ 107.545008, 21.2689428 ], [ 107.554188, 21.2750497 ], [ 107.5670316, 21.2784138 ], [ 107.5858686, 21.2642112 ], [ 107.5849317, 21.2626383 ], [ 107.5790791, 21.2636092 ], [ 107.5742793, 21.2608505 ], [ 107.5680103, 21.2611329 ] ] ], [ [ [ 107.6935618, 21.2700498 ], [ 107.6906119, 21.267269 ], [ 107.6828652, 21.2671963 ], [ 107.6847002, 21.2692352 ], [ 107.6915246, 21.2713428 ], [ 107.6935618, 21.2700498 ] ] ], [ [ [ 107.6470733, 21.2737442 ], [ 107.646561, 21.2681461 ], [ 107.6388269, 21.2697048 ], [ 107.6438324, 21.2748191 ], [ 107.6453984, 21.275509 ], [ 107.6470733, 21.2737442 ] ] ], [ [ [ 107.6655487, 21.283887 ], [ 107.6668069, 21.2813358 ], [ 107.6641994, 21.2786806 ], [ 107.6494818, 21.2707039 ], [ 107.6500947, 21.2784624 ], [ 107.6619942, 21.28506 ], [ 107.6655487, 21.283887 ] ] ], [ [ [ 107.682893, 21.2840107 ], [ 107.655652, 21.2672766 ], [ 107.6507424, 21.2668762 ], [ 107.6525139, 21.2694321 ], [ 107.6693698, 21.2795231 ], [ 107.669993, 21.2816843 ], [ 107.6667981, 21.286442 ], [ 107.6701139, 21.2909295 ], [ 107.679716, 21.2956562 ], [ 107.6986951, 21.3016585 ], [ 107.6995371, 21.297732 ], [ 107.6979736, 21.295275 ], [ 107.688852, 21.2922681 ], [ 107.682893, 21.2840107 ] ] ], [ [ [ 107.7525786, 21.2837307 ], [ 107.7495111, 21.2856058 ], [ 107.7492396, 21.289488 ], [ 107.7637561, 21.297394 ], [ 107.7828121, 21.2991668 ], [ 107.7932098, 21.2969225 ], [ 107.7909472, 21.2941651 ], [ 107.7760211, 21.2940253 ], [ 107.7680277, 21.2916375 ], [ 107.7525786, 21.2837307 ] ] ], [ [ [ 107.6555702, 21.3112108 ], [ 107.6565856, 21.3074211 ], [ 107.6550285, 21.3064277 ], [ 107.6528224, 21.3093539 ], [ 107.6541483, 21.311467 ], [ 107.6555702, 21.3112108 ] ] ], [ [ [ 107.775786, 21.3241374 ], [ 107.7675302, 21.3240307 ], [ 107.7523886, 21.3146863 ], [ 107.7437818, 21.30363 ], [ 107.7379267, 21.3061762 ], [ 107.7292566, 21.3039073 ], [ 107.7315475, 21.3097034 ], [ 107.7292463, 21.3112717 ], [ 107.7104484, 21.3031962 ], [ 107.7039714, 21.3021075 ], [ 107.7024019, 21.3034801 ], [ 107.7419756, 21.3261134 ], [ 107.7665237, 21.3353702 ], [ 107.7943583, 21.3524329 ], [ 107.8117027, 21.3588302 ], [ 107.8174527, 21.3575586 ], [ 107.8185542, 21.3532886 ], [ 107.8127061, 21.3479818 ], [ 107.8026756, 21.344733 ], [ 107.7996506, 21.3388392 ], [ 107.7940126, 21.3334338 ], [ 107.775786, 21.3241374 ] ] ], [ [ [ 107.8576989, 21.3625005 ], [ 107.855568, 21.3595563 ], [ 107.852567, 21.3613701 ], [ 107.8549644, 21.364377 ], [ 107.8576989, 21.3625005 ] ] ], [ [ [ 107.8717427, 21.3679548 ], [ 107.8716565, 21.3651908 ], [ 107.8695886, 21.3639108 ], [ 107.8659339, 21.3660125 ], [ 107.8676052, 21.3679523 ], [ 107.8717427, 21.3679548 ] ] ], [ [ [ 107.7593801, 21.3651123 ], [ 107.7514397, 21.3621581 ], [ 107.7451681, 21.3621509 ], [ 107.7426576, 21.3635226 ], [ 107.7409766, 21.3700006 ], [ 107.7504683, 21.3737741 ], [ 107.7553113, 21.3737795 ], [ 107.7593752, 21.3690395 ], [ 107.7593801, 21.3651123 ] ] ], [ [ [ 107.9904544, 21.3920969 ], [ 107.9645722, 21.3792894 ], [ 107.9536771, 21.3672174 ], [ 107.9506241, 21.361259 ], [ 107.9445574, 21.3578918 ], [ 107.9348164, 21.3575797 ], [ 107.9235045, 21.3634564 ], [ 107.9086879, 21.3596208 ], [ 107.8909394, 21.3592259 ], [ 107.8631658, 21.3518213 ], [ 107.8439413, 21.3400475 ], [ 107.8405515, 21.3468541 ], [ 107.8435174, 21.3539748 ], [ 107.8471466, 21.3577429 ], [ 107.8492922, 21.3587245 ], [ 107.8512199, 21.3568172 ], [ 107.8448783, 21.3503371 ], [ 107.8454482, 21.3480957 ], [ 107.8628594, 21.3571084 ], [ 107.8680881, 21.3564926 ], [ 107.8743882, 21.3584822 ], [ 107.8755941, 21.3660655 ], [ 107.8797191, 21.3704522 ], [ 107.8725606, 21.3758642 ], [ 107.8591083, 21.3691505 ], [ 107.8557234, 21.3693804 ], [ 107.8503539, 21.3737097 ], [ 107.8363261, 21.3651888 ], [ 107.8269972, 21.3654912 ], [ 107.8393324, 21.3735859 ], [ 107.8607102, 21.3802544 ], [ 107.8850222, 21.3840982 ], [ 107.8993476, 21.3825964 ], [ 107.915281, 21.3850015 ], [ 107.9347224, 21.3917006 ], [ 107.9645688, 21.3979356 ], [ 108.0018898, 21.39848 ], [ 107.9989999, 21.3930642 ], [ 107.9949955, 21.3899307 ], [ 107.9904544, 21.3920969 ] ] ], [ [ [ 107.765041, 21.384653 ], [ 107.7615659, 21.3841142 ], [ 107.7593966, 21.3874296 ], [ 107.7626439, 21.3878612 ], [ 107.765041, 21.384653 ] ] ], [ [ [ 107.9545109, 21.4591932 ], [ 107.9547709, 21.4573256 ], [ 107.9494949, 21.4533454 ], [ 107.9468126, 21.4553749 ], [ 107.9488008, 21.4610596 ], [ 107.9545109, 21.4591932 ] ] ], [ [ [ 108.0868185, 21.4781875 ], [ 108.091713, 21.4795147 ], [ 108.095234, 21.4739676 ], [ 108.0901932, 21.4737863 ], [ 108.0868185, 21.4781875 ] ] ], [ [ [ 108.0567706, 21.5005243 ], [ 108.05359, 21.5014952 ], [ 108.0524774, 21.5038833 ], [ 108.0562947, 21.5047779 ], [ 108.0576459, 21.5022404 ], [ 108.0567706, 21.5005243 ] ] ], [ [ [ 107.8693149, 21.5071134 ], [ 107.8706266, 21.5044102 ], [ 107.8689685, 21.5029343 ], [ 107.8633782, 21.5053891 ], [ 107.8647721, 21.5100605 ], [ 107.8693149, 21.5071134 ] ] ], [ [ [ 108.0353762, 21.5120484 ], [ 108.0438072, 21.5092966 ], [ 108.0369522, 21.5041538 ], [ 108.0350494, 21.5098075 ], [ 108.0353762, 21.5120484 ] ] ], [ [ [ 107.8611928, 21.5087473 ], [ 107.8569152, 21.5070238 ], [ 107.8542926, 21.5109552 ], [ 107.8562996, 21.513005 ], [ 107.8609297, 21.5103039 ], [ 107.8611928, 21.5087473 ] ] ], [ [ [ 108.0650242, 21.516269 ], [ 108.0702456, 21.5137718 ], [ 108.0706659, 21.5115623 ], [ 108.0656209, 21.5113285 ], [ 108.0608353, 21.5154553 ], [ 108.0650242, 21.516269 ] ] ], [ [ [ 113.5785422, 6.9606817 ], [ 113.5807608, 6.9684871 ], [ 113.587356, 6.9683098 ], [ 113.5915502, 6.9654783 ], [ 113.593364, 6.9602831 ], [ 113.5908693, 6.9546224 ], [ 113.5832582, 6.953306 ], [ 113.5793709, 6.9567961 ], [ 113.5785422, 6.9606817 ] ] ], [ [ [ 111.5477327, 7.5753491 ], [ 111.559089, 7.5761698 ], [ 111.5669762, 7.5721451 ], [ 111.570288, 7.5678604 ], [ 111.5711206, 7.5617884 ], [ 111.5670263, 7.5554022 ], [ 111.5532422, 7.5412642 ], [ 111.5486307, 7.5339025 ], [ 111.5479977, 7.5228112 ], [ 111.544791, 7.5137158 ], [ 111.5371222, 7.5112301 ], [ 111.529571, 7.5156396 ], [ 111.5319911, 7.5317722 ], [ 111.5372629, 7.5473813 ], [ 111.5402094, 7.5650294 ], [ 111.5440568, 7.5722357 ], [ 111.5477327, 7.5753491 ] ] ], [ [ [ 111.6152482, 7.5799645 ], [ 111.6224124, 7.5830531 ], [ 111.622942, 7.5891323 ], [ 111.6254689, 7.5884118 ], [ 111.6255158, 7.5814231 ], [ 111.6079826, 7.5661873 ], [ 111.5959714, 7.5715046 ], [ 111.5966895, 7.5738598 ], [ 111.6069951, 7.5726666 ], [ 111.6152482, 7.5799645 ] ] ], [ [ [ 111.6463883, 7.6249863 ], [ 111.6500998, 7.6313686 ], [ 111.6598009, 7.6406166 ], [ 111.6772304, 7.6423462 ], [ 111.687224, 7.6521462 ], [ 111.6904333, 7.6523547 ], [ 111.6978009, 7.6485894 ], [ 111.7002492, 7.6521803 ], [ 111.7026019, 7.6522764 ], [ 111.7026563, 7.6475844 ], [ 111.7001062, 7.6441806 ], [ 111.6578635, 7.617059 ], [ 111.6480493, 7.6172314 ], [ 111.6461627, 7.6200237 ], [ 111.6463883, 7.6249863 ] ] ], [ [ [ 113.7936303, 7.6454019 ], [ 113.8123947, 7.65141 ], [ 113.8349756, 7.6553744 ], [ 113.841281, 7.6581718 ], [ 113.8458949, 7.658583 ], [ 113.8484332, 7.6572249 ], [ 113.8473872, 7.6515108 ], [ 113.838539, 7.6427471 ], [ 113.8234451, 7.6378499 ], [ 113.7802721, 7.6303249 ], [ 113.7764181, 7.6354252 ], [ 113.7755308, 7.641463 ], [ 113.7900233, 7.6422577 ], [ 113.7936303, 7.6454019 ] ], [ [ 113.8338421, 7.6423558 ], [ 113.8398186, 7.6502998 ], [ 113.8344371, 7.6514648 ], [ 113.7970258, 7.6447371 ], [ 113.7829744, 7.6383686 ], [ 113.7818187, 7.6333311 ], [ 113.8100417, 7.6382903 ], [ 113.8261705, 7.6392648 ], [ 113.8338421, 7.6423558 ] ] ], [ [ [ 111.5500797, 7.6622974 ], [ 111.5577897, 7.6476315 ], [ 111.5555332, 7.6444591 ], [ 111.5440976, 7.6394153 ], [ 111.5417413, 7.6403005 ], [ 111.5413431, 7.6467291 ], [ 111.5437573, 7.649223 ], [ 111.5395022, 7.6615642 ], [ 111.54115, 7.6651536 ], [ 111.5450568, 7.6657631 ], [ 111.5500797, 7.6622974 ] ] ], [ [ [ 111.7183172, 7.6661712 ], [ 111.7190337, 7.6683568 ], [ 111.7232591, 7.667943 ], [ 111.7263504, 7.6609543 ], [ 111.7228021, 7.661356 ], [ 111.7183172, 7.6661712 ] ] ], [ [ [ 111.7121505, 7.671612 ], [ 111.7126128, 7.6690671 ], [ 111.7102068, 7.6670808 ], [ 111.7034666, 7.6688919 ], [ 111.6994283, 7.6797869 ], [ 111.702176, 7.6819365 ], [ 111.7121505, 7.671612 ] ] ], [ [ [ 111.7544171, 7.6944901 ], [ 111.7516045, 7.6853409 ], [ 111.7463039, 7.6792766 ], [ 111.7418183, 7.6761141 ], [ 111.7393929, 7.6754881 ], [ 111.737482, 7.6769022 ], [ 111.7449054, 7.6973283 ], [ 111.7502376, 7.7015098 ], [ 111.7530007, 7.701322 ], [ 111.7544171, 7.6944901 ] ] ], [ [ [ 111.7508142, 7.7418745 ], [ 111.7540581, 7.7400722 ], [ 111.7548234, 7.7353639 ], [ 111.7528327, 7.7314512 ], [ 111.7497831, 7.7308327 ], [ 111.7466598, 7.7321904 ], [ 111.7452159, 7.7366127 ], [ 111.7473267, 7.740971 ], [ 111.7508142, 7.7418745 ] ] ], [ [ [ 111.7327551, 7.7829693 ], [ 111.7386114, 7.7930775 ], [ 111.7420625, 7.7926014 ], [ 111.7464356, 7.7818954 ], [ 111.748075, 7.7654424 ], [ 111.7474293, 7.7603477 ], [ 111.7440646, 7.7579241 ], [ 111.7393816, 7.7591124 ], [ 111.7347608, 7.7637496 ], [ 111.7323829, 7.7700028 ], [ 111.7327551, 7.7829693 ] ] ], [ [ [ 110.4984306, 7.8520583 ], [ 110.5092992, 7.851646 ], [ 110.512304, 7.8470547 ], [ 110.5061914, 7.8317051 ], [ 110.4972418, 7.820714 ], [ 110.4741143, 7.8084506 ], [ 110.4573911, 7.8034807 ], [ 110.4500549, 7.8026817 ], [ 110.448768, 7.8038499 ], [ 110.4482771, 7.8059809 ], [ 110.4510226, 7.8111741 ], [ 110.4771002, 7.8400156 ], [ 110.4867392, 7.8488032 ], [ 110.4984306, 7.8520583 ] ] ], [ [ [ 109.1273612, 7.814287 ], [ 109.120725, 7.8166016 ], [ 109.1154817, 7.8212723 ], [ 109.1124294, 7.8275884 ], [ 109.1120343, 7.834598 ], [ 109.1143577, 7.8412157 ], [ 109.1190439, 7.8464431 ], [ 109.1253795, 7.8494844 ], [ 109.1324, 7.8498764 ], [ 109.1390366, 7.8475596 ], [ 109.1442788, 7.8428866 ], [ 109.1473287, 7.836569 ], [ 109.1477221, 7.8295685 ], [ 109.1453995, 7.8229508 ], [ 109.1407146, 7.8177231 ], [ 109.1343805, 7.8146808 ], [ 109.1273612, 7.814287 ] ] ], [ [ [ 111.6851506, 7.8329203 ], [ 111.6889447, 7.8372107 ], [ 111.6909654, 7.8361979 ], [ 111.6917002, 7.8299308 ], [ 111.6894608, 7.8277731 ], [ 111.6862391, 7.8274922 ], [ 111.6851506, 7.8329203 ] ] ], [ [ [ 111.7246689, 7.8565449 ], [ 111.7290645, 7.8630523 ], [ 111.7322524, 7.872702 ], [ 111.7365103, 7.8763565 ], [ 111.7416923, 7.850632 ], [ 111.741878, 7.8398098 ], [ 111.7405372, 7.8383846 ], [ 111.7361167, 7.8388781 ], [ 111.7302312, 7.8425725 ], [ 111.7256012, 7.8506616 ], [ 111.7246689, 7.8565449 ] ] ], [ [ [ 112.9160706, 7.8981756 ], [ 112.9118709, 7.8956616 ], [ 112.919157, 7.9014744 ], [ 112.9205433, 7.9018962 ], [ 112.9230995, 7.9004588 ], [ 112.9240264, 7.8994276 ], [ 112.9210142, 7.8950231 ], [ 112.91114, 7.8920783 ], [ 112.9162941, 7.8962773 ], [ 112.9160706, 7.8981756 ] ] ], [ [ [ 111.7252975, 7.9453026 ], [ 111.7289932, 7.9428893 ], [ 111.7335584, 7.9349376 ], [ 111.7328577, 7.9268044 ], [ 111.7293546, 7.9245201 ], [ 111.7140749, 7.921894 ], [ 111.7032761, 7.9282177 ], [ 111.7002896, 7.9316512 ], [ 111.6983215, 7.9399683 ], [ 111.6991112, 7.944665 ], [ 111.7014171, 7.9473504 ], [ 111.7090052, 7.9480788 ], [ 111.7252975, 7.9453026 ] ] ], [ [ [ 110.5917689, 8.0268904 ], [ 110.5875069, 8.0449422 ], [ 110.5904068, 8.060117 ], [ 110.5946694, 8.0691061 ], [ 110.5994837, 8.0747927 ], [ 110.6044272, 8.0772662 ], [ 110.6130735, 8.0778339 ], [ 110.6209995, 8.07503 ], [ 110.6351397, 8.0614148 ], [ 110.6380868, 8.053434 ], [ 110.6381204, 8.042786 ], [ 110.6292283, 8.016112 ], [ 110.6239666, 8.0084891 ], [ 110.6179916, 8.0046776 ], [ 110.6102268, 8.0066339 ], [ 110.60468, 8.0099143 ], [ 110.5917689, 8.0268904 ] ], [ [ 110.6151128, 8.0180642 ], [ 110.6257413, 8.0215639 ], [ 110.6263738, 8.0380334 ], [ 110.6247447, 8.0431241 ], [ 110.6108623, 8.0569883 ], [ 110.599102, 8.057896 ], [ 110.5948173, 8.0538932 ], [ 110.5930433, 8.0474929 ], [ 110.5954414, 8.0361397 ], [ 110.5993127, 8.0342324 ], [ 110.6027249, 8.0362178 ], [ 110.608405, 8.0367383 ], [ 110.6117576, 8.0339922 ], [ 110.612045, 8.0299326 ], [ 110.6055148, 8.0224094 ], [ 110.6071761, 8.0198537 ], [ 110.6151128, 8.0180642 ] ] ], [ [ [ 110.4922935, 8.0701189 ], [ 110.499472, 8.0752678 ], [ 110.5036604, 8.0713335 ], [ 110.5017806, 8.0700052 ], [ 110.4922935, 8.0701189 ] ] ], [ [ [ 110.4592092, 8.0806444 ], [ 110.4656633, 8.081919 ], [ 110.4680291, 8.0813844 ], [ 110.4683377, 8.0788477 ], [ 110.4615389, 8.0770706 ], [ 110.4585054, 8.0784574 ], [ 110.4592092, 8.0806444 ] ] ], [ [ [ 110.5556805, 8.1215388 ], [ 110.5564488, 8.1205792 ], [ 110.5542918, 8.1172262 ], [ 110.5420424, 8.1075657 ], [ 110.5341351, 8.107074 ], [ 110.5358532, 8.1093421 ], [ 110.5414951, 8.1099644 ], [ 110.5556805, 8.1215388 ] ] ], [ [ [ 110.454229, 8.1448634 ], [ 110.4420422, 8.1441531 ], [ 110.4382567, 8.1466163 ], [ 110.4416399, 8.1504642 ], [ 110.4491882, 8.1509371 ], [ 110.4546579, 8.1479355 ], [ 110.454229, 8.1448634 ] ] ], [ [ [ 110.4781469, 8.1621609 ], [ 110.4778747, 8.167738 ], [ 110.4806008, 8.1688879 ], [ 110.4899208, 8.1686077 ], [ 110.491091, 8.1672425 ], [ 110.4911466, 8.1648259 ], [ 110.4868769, 8.1621713 ], [ 110.4781469, 8.1621609 ] ] ], [ [ [ 113.2249386, 8.081652 ], [ 113.2252376, 8.0864408 ], [ 113.233047, 8.0973487 ], [ 113.2510584, 8.1087684 ], [ 113.2586058, 8.1227578 ], [ 113.270451, 8.1339906 ], [ 113.2903067, 8.1804732 ], [ 113.2994704, 8.1938244 ], [ 113.3148907, 8.2072725 ], [ 113.3359193, 8.2221997 ], [ 113.3410522, 8.2285618 ], [ 113.3479511, 8.2402617 ], [ 113.350249, 8.2496018 ], [ 113.3493225, 8.2649072 ], [ 113.3511407, 8.2774358 ], [ 113.3564555, 8.2841356 ], [ 113.3593862, 8.2914094 ], [ 113.3614245, 8.2940061 ], [ 113.3636555, 8.2941196 ], [ 113.3641351, 8.2795798 ], [ 113.3601068, 8.2531081 ], [ 113.3523527, 8.2282718 ], [ 113.3514733, 8.2207754 ], [ 113.3425371, 8.2031477 ], [ 113.3222335, 8.1697496 ], [ 113.3048584, 8.1501168 ], [ 113.2797025, 8.1274348 ], [ 113.2639012, 8.1087859 ], [ 113.2410008, 8.0868988 ], [ 113.2294605, 8.0807828 ], [ 113.2249386, 8.081652 ] ], [ [ 113.2761603, 8.1343834 ], [ 113.2776475, 8.13157 ], [ 113.2894816, 8.1414843 ], [ 113.3063788, 8.1577091 ], [ 113.3263498, 8.1807389 ], [ 113.3444057, 8.2156993 ], [ 113.3382145, 8.2175238 ], [ 113.2999215, 8.1838559 ], [ 113.2761603, 8.1343834 ] ] ], [ [ [ 111.9162669, 8.6399728 ], [ 111.9140659, 8.641206 ], [ 111.9157828, 8.6460267 ], [ 111.9172674, 8.6476164 ], [ 111.9211902, 8.6469468 ], [ 111.9220066, 8.6448881 ], [ 111.9162669, 8.6399728 ] ] ], [ [ [ 111.6412257, 8.6774476 ], [ 111.6493656, 8.680502 ], [ 111.66467, 8.6822368 ], [ 111.6855387, 8.6936755 ], [ 111.6889605, 8.693615 ], [ 111.6940903, 8.68858 ], [ 111.6941042, 8.6845732 ], [ 111.6885315, 8.6767869 ], [ 111.6808366, 8.6723197 ], [ 111.6684092, 8.6687455 ], [ 111.6537289, 8.6707932 ], [ 111.6439207, 8.670155 ], [ 111.6406974, 8.6717456 ], [ 111.6412257, 8.6774476 ] ] ], [ [ [ 112.6710108, 8.8246855 ], [ 112.6723161, 8.8215738 ], [ 112.6551848, 8.8168195 ], [ 112.6244427, 8.8170763 ], [ 112.6115103, 8.8154789 ], [ 112.5916888, 8.8078432 ], [ 112.5829915, 8.8062483 ], [ 112.5720441, 8.8082632 ], [ 112.5636739, 8.807088 ], [ 112.5559197, 8.8153675 ], [ 112.5514013, 8.8254513 ], [ 112.5478119, 8.8291196 ], [ 112.5459653, 8.8350678 ], [ 112.5461424, 8.8431126 ], [ 112.548938, 8.8451067 ], [ 112.5616242, 8.8432885 ], [ 112.6094333, 8.842383 ], [ 112.6469832, 8.8317181 ], [ 112.6547337, 8.8311285 ], [ 112.6710108, 8.8246855 ] ] ], [ [ [ 112.2197348, 8.8276195 ], [ 112.2146478, 8.8258491 ], [ 112.2124386, 8.82666 ], [ 112.2109468, 8.8302213 ], [ 112.2191703, 8.8335063 ], [ 112.2233634, 8.8334215 ], [ 112.2239206, 8.8313666 ], [ 112.2197348, 8.8276195 ] ] ], [ [ [ 112.8567954, 8.860098 ], [ 112.8600173, 8.8600976 ], [ 112.8556288, 8.8590953 ], [ 112.8567954, 8.860098 ] ] ], [ [ [ 112.1903183, 8.8399544 ], [ 112.1900103, 8.836614 ], [ 112.1823057, 8.8356929 ], [ 112.1718578, 8.841639 ], [ 112.1740733, 8.8561763 ], [ 112.1968505, 8.8777123 ], [ 112.2176315, 8.8836284 ], [ 112.2320497, 8.8838147 ], [ 112.2332672, 8.8794431 ], [ 112.2309079, 8.8749926 ], [ 112.2265867, 8.8718839 ], [ 112.2180871, 8.877963 ], [ 112.2102858, 8.876844 ], [ 112.1979661, 8.8735064 ], [ 112.1820962, 8.8609162 ], [ 112.1817012, 8.8532746 ], [ 112.1903183, 8.8399544 ] ] ], [ [ [ 112.8291489, 8.8744427 ], [ 112.8400421, 8.8693936 ], [ 112.8563501, 8.8678155 ], [ 112.8595528, 8.8649999 ], [ 112.8593163, 8.8622644 ], [ 112.8567954, 8.860098 ], [ 112.8243245, 8.8620553 ], [ 112.8142282, 8.8691341 ], [ 112.8105967, 8.8757278 ], [ 112.8164875, 8.8774764 ], [ 112.8291489, 8.8744427 ] ] ], [ [ [ 112.2498662, 8.8578168 ], [ 112.2486498, 8.8610794 ], [ 112.2526112, 8.8664519 ], [ 112.2575431, 8.869078 ], [ 112.2602601, 8.8742629 ], [ 112.2601576, 8.8775881 ], [ 112.2586079, 8.8812838 ], [ 112.2537654, 8.8850892 ], [ 112.240497, 8.8849331 ], [ 112.238358, 8.8868029 ], [ 112.2476074, 8.8894356 ], [ 112.2551948, 8.8880044 ], [ 112.2583912, 8.8853007 ], [ 112.2627219, 8.8795099 ], [ 112.2632117, 8.8742231 ], [ 112.2576664, 8.8646873 ], [ 112.2498662, 8.8578168 ] ] ], [ [ [ 112.35303, 8.9347761 ], [ 112.3532201, 8.9322313 ], [ 112.3504249, 8.929193 ], [ 112.3460044, 8.9286336 ], [ 112.3439101, 8.9309867 ], [ 112.3462092, 8.9349058 ], [ 112.35303, 8.9347761 ] ] ], [ [ [ 113.6378962, 8.9396278 ], [ 113.6369511, 8.9429157 ], [ 113.6385081, 8.9493984 ], [ 113.6473092, 8.9590095 ], [ 113.6557236, 8.963927 ], [ 113.6626889, 8.9663108 ], [ 113.6702544, 8.9654194 ], [ 113.6881077, 8.9685353 ], [ 113.7081894, 8.9804731 ], [ 113.7201552, 8.9796419 ], [ 113.709418, 8.9687628 ], [ 113.6991343, 8.9649227 ], [ 113.6963782, 8.9588163 ], [ 113.6872025, 8.9513396 ], [ 113.6803908, 8.9482627 ], [ 113.6653073, 8.9485869 ], [ 113.6561018, 8.9462609 ], [ 113.6406303, 8.9386954 ], [ 113.6378962, 8.9396278 ] ] ], [ [ [ 113.6697402, 9.2124751 ], [ 113.6692396, 9.2066535 ], [ 113.6660232, 9.2042037 ], [ 113.6622023, 9.2107345 ], [ 113.6624954, 9.2152087 ], [ 113.66473, 9.2159938 ], [ 113.6697402, 9.2124751 ] ] ], [ [ [ 112.9566892, 9.6090533 ], [ 112.9446961, 9.6034427 ], [ 112.9290538, 9.6032372 ], [ 112.9243369, 9.6013843 ], [ 112.9002973, 9.5842711 ], [ 112.8941615, 9.5762592 ], [ 112.8891942, 9.5735914 ], [ 112.8809662, 9.5737066 ], [ 112.8790541, 9.5750781 ], [ 112.881575, 9.5825088 ], [ 112.9003707, 9.5984414 ], [ 112.9051905, 9.6050594 ], [ 112.9261076, 9.6383176 ], [ 112.9363088, 9.6589351 ], [ 112.9482407, 9.673312 ], [ 112.9741864, 9.6926135 ], [ 112.977543, 9.6842922 ], [ 112.9610633, 9.668696 ], [ 112.9224347, 9.6165101 ], [ 112.9285508, 9.6078022 ], [ 112.9412331, 9.6092157 ], [ 112.9633567, 9.6206813 ], [ 113.0284083, 9.6710848 ], [ 113.0263182, 9.6796999 ], [ 113.026541, 9.6888306 ], [ 113.0288682, 9.6899167 ], [ 113.0361455, 9.6817476 ], [ 113.0490289, 9.6911441 ], [ 113.0542018, 9.7144311 ], [ 113.0524555, 9.716988 ], [ 113.0613924, 9.724964 ], [ 113.066553, 9.7246959 ], [ 113.0681105, 9.7132451 ], [ 113.0663265, 9.7011419 ], [ 113.052628, 9.6792898 ], [ 113.0275061, 9.6623516 ], [ 113.0200887, 9.6589385 ], [ 112.9986039, 9.6363926 ], [ 112.988259, 9.6284723 ], [ 112.9566892, 9.6090533 ] ] ], [ [ [ 109.0815411, 9.9720403 ], [ 109.082637, 9.9674073 ], [ 109.0810388, 9.965287 ], [ 109.0779583, 9.9653029 ], [ 109.0785538, 9.9720557 ], [ 109.0815411, 9.9720403 ] ] ], [ [ [ 109.0498535, 9.9829113 ], [ 109.0512094, 9.987409 ], [ 109.0539355, 9.9873352 ], [ 109.0544094, 9.9852307 ], [ 109.0517858, 9.9816403 ], [ 109.0498535, 9.9829113 ] ] ], [ [ [ 108.9732534, 10.0409382 ], [ 108.9706593, 10.0459505 ], [ 108.9738006, 10.0459359 ], [ 108.9754119, 10.0444661 ], [ 108.9754903, 10.0409278 ], [ 108.9732534, 10.0409382 ] ] ], [ [ [ 108.9010757, 10.0502221 ], [ 108.9053879, 10.0520557 ], [ 108.9070174, 10.04913 ], [ 108.9054797, 10.0471721 ], [ 108.9021381, 10.0471304 ], [ 108.9010757, 10.0502221 ] ] ], [ [ [ 113.6030243, 10.2506541 ], [ 113.60574, 10.2663186 ], [ 113.6206746, 10.2684882 ], [ 113.6195083, 10.2602611 ], [ 113.6135068, 10.2477583 ], [ 113.6030243, 10.2506541 ] ] ], [ [ [ 108.9685889, 10.4853312 ], [ 108.9689446, 10.4838626 ], [ 108.9674558, 10.4833921 ], [ 108.9669852, 10.4849993 ], [ 108.9685889, 10.4853312 ] ] ], [ [ [ 108.9596918, 10.4916322 ], [ 108.9622139, 10.4923165 ], [ 108.9616273, 10.4961462 ], [ 108.9631506, 10.498674 ], [ 108.96838, 10.4965127 ], [ 108.9649642, 10.4879301 ], [ 108.9605802, 10.4877017 ], [ 108.9596918, 10.4916322 ] ] ], [ [ [ 108.9617329, 10.5036968 ], [ 108.9624093, 10.5022127 ], [ 108.9609567, 10.5015794 ], [ 108.9602391, 10.5028396 ], [ 108.9617329, 10.5036968 ] ] ], [ [ [ 108.9244698, 10.5404996 ], [ 108.9215614, 10.5436935 ], [ 108.920872, 10.5472753 ], [ 108.9238555, 10.5520131 ], [ 108.9289693, 10.5548944 ], [ 108.9471056, 10.5536203 ], [ 108.9519351, 10.5518091 ], [ 108.9552458, 10.5485134 ], [ 108.953998, 10.540268 ], [ 108.9568471, 10.5352845 ], [ 108.9576093, 10.5258372 ], [ 108.9600037, 10.520657 ], [ 108.9654374, 10.5189422 ], [ 108.9665351, 10.5166508 ], [ 108.965693, 10.5090004 ], [ 108.9590235, 10.5049554 ], [ 108.9499543, 10.5048972 ], [ 108.9301454, 10.5141313 ], [ 108.9244698, 10.5404996 ] ] ], [ [ [ 108.9565122, 10.5565273 ], [ 108.9573224, 10.5552479 ], [ 108.9559385, 10.5543555 ], [ 108.9551306, 10.5558285 ], [ 108.9565122, 10.5565273 ] ] ], [ [ [ 108.9508259, 10.5568258 ], [ 108.9516237, 10.5554024 ], [ 108.9503507, 10.5546292 ], [ 108.9494196, 10.5559654 ], [ 108.9508259, 10.5568258 ] ] ], [ [ [ 108.9510674, 10.5607508 ], [ 108.9518432, 10.5593499 ], [ 108.9503943, 10.5586 ], [ 108.9496659, 10.5599888 ], [ 108.9510674, 10.5607508 ] ] ], [ [ [ 108.868048, 10.6229233 ], [ 108.8706335, 10.6247577 ], [ 108.8725176, 10.6220233 ], [ 108.8697359, 10.6203359 ], [ 108.868048, 10.6229233 ] ] ], [ [ [ 108.8308405, 11.2266925 ], [ 108.8259958, 11.2235251 ], [ 108.8219714, 11.2235369 ], [ 108.8193499, 11.2258446 ], [ 108.8217057, 11.2292965 ], [ 108.8286662, 11.2300081 ], [ 108.830969, 11.2323831 ], [ 108.8323109, 11.2298329 ], [ 108.8308405, 11.2266925 ] ] ], [ [ [ 109.1464518, 11.5817345 ], [ 109.1451886, 11.5792137 ], [ 109.1405879, 11.5842939 ], [ 109.1449977, 11.5844866 ], [ 109.1464518, 11.5817345 ] ] ], [ [ [ 109.1776016, 11.6513581 ], [ 109.1750085, 11.6489561 ], [ 109.1730871, 11.6486132 ], [ 109.1746706, 11.652789 ], [ 109.1779161, 11.6538907 ], [ 109.1776016, 11.6513581 ] ] ], [ [ [ 109.2191916, 11.7858673 ], [ 109.220879, 11.7769563 ], [ 109.2206835, 11.7743638 ], [ 109.2188756, 11.7731363 ], [ 109.2120037, 11.7782455 ], [ 109.2095827, 11.7849795 ], [ 109.2113397, 11.78774 ], [ 109.2136219, 11.7879627 ], [ 109.2191916, 11.7858673 ] ] ], [ [ [ 109.2418546, 11.8521508 ], [ 109.2451627, 11.852598 ], [ 109.2475077, 11.8508492 ], [ 109.2466976, 11.8446954 ], [ 109.2501429, 11.8383337 ], [ 109.248615, 11.8348154 ], [ 109.2458288, 11.8339785 ], [ 109.2396007, 11.8354021 ], [ 109.2382744, 11.8302682 ], [ 109.2327662, 11.8295609 ], [ 109.2223208, 11.8364488 ], [ 109.2214555, 11.8446693 ], [ 109.2191186, 11.8484148 ], [ 109.2196096, 11.8530204 ], [ 109.2225878, 11.8520359 ], [ 109.2368225, 11.8392657 ], [ 109.2413372, 11.8432785 ], [ 109.239747, 11.848579 ], [ 109.2418546, 11.8521508 ] ] ], [ [ [ 109.3179352, 12.006189 ], [ 109.3205423, 12.0080212 ], [ 109.3224331, 12.0052777 ], [ 109.3196288, 12.0035931 ], [ 109.3179352, 12.006189 ] ] ], [ [ [ 109.319488, 12.0403356 ], [ 109.3240883, 12.0470525 ], [ 109.3261569, 12.047243 ], [ 109.3239632, 12.041622 ], [ 109.3254663, 12.0354536 ], [ 109.3228729, 12.0356459 ], [ 109.319488, 12.0403356 ] ] ], [ [ [ 109.2951157, 12.1712334 ], [ 109.3032774, 12.1728725 ], [ 109.3148201, 12.1665504 ], [ 109.3153213, 12.1644356 ], [ 109.3123092, 12.1630184 ], [ 109.2993632, 12.1645345 ], [ 109.2959437, 12.1664982 ], [ 109.2951157, 12.1712334 ] ] ], [ [ [ 109.2415067, 12.1809717 ], [ 109.2474444, 12.1776333 ], [ 109.2494883, 12.1703067 ], [ 109.2326899, 12.1782257 ], [ 109.2345511, 12.1802372 ], [ 109.2415067, 12.1809717 ] ] ], [ [ [ 109.2748483, 12.1820842 ], [ 109.2755057, 12.1774345 ], [ 109.2737733, 12.1748265 ], [ 109.2685473, 12.176125 ], [ 109.2697027, 12.1825375 ], [ 109.2748483, 12.1820842 ] ] ], [ [ [ 109.2208667, 12.1984792 ], [ 109.2297892, 12.1944115 ], [ 109.2248052, 12.1876375 ], [ 109.2216425, 12.1862757 ], [ 109.21685, 12.1907888 ], [ 109.2208667, 12.1984792 ] ] ], [ [ [ 109.2960934, 12.2309799 ], [ 109.298182, 12.2239486 ], [ 109.3036974, 12.2143467 ], [ 109.3102896, 12.2159255 ], [ 109.3130452, 12.2274259 ], [ 109.314516, 12.2286765 ], [ 109.3283029, 12.2212117 ], [ 109.3290243, 12.2149986 ], [ 109.326855, 12.2047246 ], [ 109.3337174, 12.1963734 ], [ 109.3229267, 12.1863038 ], [ 109.3148318, 12.1877941 ], [ 109.2931247, 12.1979982 ], [ 109.28955, 12.1984113 ], [ 109.2868574, 12.1916459 ], [ 109.2923113, 12.1871234 ], [ 109.2929675, 12.1848999 ], [ 109.2849663, 12.1819496 ], [ 109.2793059, 12.1830037 ], [ 109.2730589, 12.1877203 ], [ 109.2689114, 12.196923 ], [ 109.2564115, 12.2006868 ], [ 109.2415781, 12.211662 ], [ 109.2383175, 12.21666 ], [ 109.2392428, 12.2235231 ], [ 109.2380983, 12.2257493 ], [ 109.2298756, 12.2266372 ], [ 109.2285467, 12.2286245 ], [ 109.2318672, 12.2334641 ], [ 109.2363507, 12.2340678 ], [ 109.2510315, 12.2227637 ], [ 109.2541225, 12.2149771 ], [ 109.2569167, 12.2134608 ], [ 109.2594438, 12.2180647 ], [ 109.2630064, 12.2373293 ], [ 109.2748406, 12.2290998 ], [ 109.2803225, 12.2285267 ], [ 109.2904919, 12.2319141 ], [ 109.2960934, 12.2309799 ] ] ], [ [ [ 109.3584603, 12.2749323 ], [ 109.3614849, 12.2730937 ], [ 109.3597789, 12.2681655 ], [ 109.3570689, 12.2687013 ], [ 109.3549555, 12.2718502 ], [ 109.3584603, 12.2749323 ] ] ], [ [ [ 109.3683185, 12.2861569 ], [ 109.368928, 12.282875 ], [ 109.3678275, 12.2808392 ], [ 109.3660891, 12.2866912 ], [ 109.3683185, 12.2861569 ] ] ], [ [ [ 109.2392295, 12.2903602 ], [ 109.2416034, 12.2927418 ], [ 109.2438238, 12.2904441 ], [ 109.2415547, 12.2882196 ], [ 109.2392295, 12.2903602 ] ] ], [ [ [ 109.2146544, 12.3632672 ], [ 109.2158625, 12.360971 ], [ 109.2136399, 12.3589807 ], [ 109.2088265, 12.3615837 ], [ 109.2146544, 12.3632672 ] ] ], [ [ [ 109.3661337, 12.3692347 ], [ 109.3703923, 12.3711162 ], [ 109.3782478, 12.3614439 ], [ 109.3783177, 12.3581719 ], [ 109.3725488, 12.3596516 ], [ 109.3661337, 12.3692347 ] ] ], [ [ [ 109.2279725, 12.3996115 ], [ 109.2356509, 12.3955793 ], [ 109.2382182, 12.3910983 ], [ 109.2365552, 12.3842497 ], [ 109.2334614, 12.3821146 ], [ 109.220282, 12.3880925 ], [ 109.224964, 12.3981935 ], [ 109.2279725, 12.3996115 ] ] ], [ [ [ 109.219101, 12.4013566 ], [ 109.221476, 12.4037386 ], [ 109.2236978, 12.4014409 ], [ 109.2214277, 12.399216 ], [ 109.219101, 12.4013566 ] ] ], [ [ [ 109.2143058, 12.4031568 ], [ 109.2166808, 12.4055389 ], [ 109.2189027, 12.4032413 ], [ 109.2166326, 12.4010162 ], [ 109.2143058, 12.4031568 ] ] ], [ [ [ 109.3728762, 12.4787565 ], [ 109.3752643, 12.4808913 ], [ 109.3774688, 12.478432 ], [ 109.3749798, 12.4763743 ], [ 109.3728762, 12.4787565 ] ] ], [ [ [ 109.3443872, 12.4901656 ], [ 109.3531619, 12.4880598 ], [ 109.3585706, 12.4838451 ], [ 109.3588356, 12.4806683 ], [ 109.3508512, 12.4785953 ], [ 109.3448854, 12.4851384 ], [ 109.3443872, 12.4901656 ] ] ], [ [ [ 109.2923526, 12.4947738 ], [ 109.3121407, 12.4991497 ], [ 109.3130841, 12.4976445 ], [ 109.3069012, 12.4945594 ], [ 109.2997376, 12.4871073 ], [ 109.289574, 12.4874194 ], [ 109.2923526, 12.4947738 ] ] ], [ [ [ 109.3888029, 12.5497272 ], [ 109.3914175, 12.5515595 ], [ 109.3933124, 12.5488138 ], [ 109.3905001, 12.5471292 ], [ 109.3888029, 12.5497272 ] ] ], [ [ [ 109.3623845, 12.6340459 ], [ 109.3784479, 12.6280393 ], [ 109.3829907, 12.6246518 ], [ 109.3832264, 12.6067015 ], [ 109.388688, 12.5989372 ], [ 109.3948278, 12.5958008 ], [ 109.3989598, 12.5744867 ], [ 109.4113246, 12.5588166 ], [ 109.40623, 12.552198 ], [ 109.3995997, 12.5503149 ], [ 109.3951907, 12.5522228 ], [ 109.3839965, 12.56228 ], [ 109.3824871, 12.5676201 ], [ 109.3720089, 12.5689997 ], [ 109.3598568, 12.5798044 ], [ 109.3434384, 12.5907729 ], [ 109.3366065, 12.591486 ], [ 109.3372669, 12.6035483 ], [ 109.3305248, 12.609339 ], [ 109.3256254, 12.6107589 ], [ 109.3161637, 12.608499 ], [ 109.3095401, 12.6107785 ], [ 109.306547, 12.6122706 ], [ 109.300922, 12.6210895 ], [ 109.3025482, 12.6310122 ], [ 109.3170441, 12.6380329 ], [ 109.3308091, 12.6366305 ], [ 109.344552, 12.6280729 ], [ 109.353569, 12.6273127 ], [ 109.3596211, 12.6332734 ], [ 109.3623845, 12.6340459 ] ] ], [ [ [ 109.4446506, 12.5979351 ], [ 109.4472664, 12.5997668 ], [ 109.449161, 12.5970205 ], [ 109.4463476, 12.5953365 ], [ 109.4446506, 12.5979351 ] ] ], [ [ [ 109.3035065, 12.6390807 ], [ 109.3061215, 12.6409143 ], [ 109.3080184, 12.6381691 ], [ 109.3052056, 12.6364832 ], [ 109.3035065, 12.6390807 ] ] ], [ [ [ 109.2904949, 12.6398337 ], [ 109.2931098, 12.6416675 ], [ 109.2950068, 12.6389224 ], [ 109.2921941, 12.6372363 ], [ 109.2904949, 12.6398337 ] ] ], [ [ [ 109.2146801, 12.6434262 ], [ 109.2170578, 12.6458089 ], [ 109.2192824, 12.6435107 ], [ 109.2170096, 12.6412851 ], [ 109.2146801, 12.6434262 ] ] ], [ [ [ 109.3157075, 12.6470029 ], [ 109.3163642, 12.6433655 ], [ 109.3151077, 12.6419808 ], [ 109.3134518, 12.6463669 ], [ 109.3157075, 12.6470029 ] ] ], [ [ [ 109.3715675, 12.6465125 ], [ 109.3739472, 12.6488934 ], [ 109.37617, 12.6465935 ], [ 109.3738955, 12.6443697 ], [ 109.3715675, 12.6465125 ] ] ], [ [ [ 109.3385472, 12.6526347 ], [ 109.347905, 12.6535352 ], [ 109.3460944, 12.6440166 ], [ 109.3409077, 12.6438231 ], [ 109.3369859, 12.6490942 ], [ 109.3385472, 12.6526347 ] ] ], [ [ [ 109.3914041, 12.6526076 ], [ 109.3961265, 12.6560617 ], [ 109.4032207, 12.6508247 ], [ 109.4028675, 12.6482634 ], [ 109.4001838, 12.6445203 ], [ 109.3924522, 12.6495252 ], [ 109.3914041, 12.6526076 ] ] ], [ [ [ 109.4667529, 12.6592851 ], [ 109.4681996, 12.6537553 ], [ 109.4652181, 12.6515188 ], [ 109.4639054, 12.6568914 ], [ 109.4651403, 12.6592758 ], [ 109.4667529, 12.6592851 ] ] ], [ [ [ 109.2597768, 12.6787793 ], [ 109.262392, 12.6806135 ], [ 109.2642898, 12.6778686 ], [ 109.2614768, 12.6761821 ], [ 109.2597768, 12.6787793 ] ] ], [ [ [ 109.2856725, 12.7026412 ], [ 109.2798612, 12.6952891 ], [ 109.2776944, 12.6961641 ], [ 109.284084, 12.7024867 ], [ 109.2856725, 12.7026412 ] ] ], [ [ [ 109.3679625, 12.7100523 ], [ 109.3707108, 12.7093029 ], [ 109.3693767, 12.7055649 ], [ 109.364538, 12.7041773 ], [ 109.3640092, 12.7060873 ], [ 109.3679625, 12.7100523 ] ] ], [ [ [ 109.3010971, 12.7244173 ], [ 109.3096601, 12.7252112 ], [ 109.3113722, 12.7233862 ], [ 109.3038258, 12.7178689 ], [ 109.3006579, 12.7134736 ], [ 109.2927738, 12.7128567 ], [ 109.2938634, 12.7196235 ], [ 109.3010971, 12.7244173 ] ] ], [ [ [ 109.3917333, 12.8352157 ], [ 109.3955693, 12.8330478 ], [ 109.3903704, 12.8269149 ], [ 109.3895258, 12.8314912 ], [ 109.3917333, 12.8352157 ] ] ], [ [ [ 109.3172764, 13.1686261 ], [ 109.3196567, 13.1706939 ], [ 109.3218858, 13.1683936 ], [ 109.3195184, 13.166167 ], [ 109.3172764, 13.1686261 ] ] ], [ [ [ 109.3114232, 13.1812144 ], [ 109.3123041, 13.1751843 ], [ 109.3102394, 13.1742928 ], [ 109.308024, 13.179052 ], [ 109.3085724, 13.1807018 ], [ 109.3114232, 13.1812144 ] ] ], [ [ [ 109.3294171, 13.290052 ], [ 109.3401051, 13.2839235 ], [ 109.3402084, 13.2804594 ], [ 109.338295, 13.2773791 ], [ 109.3322284, 13.2760566 ], [ 109.328575, 13.2770691 ], [ 109.3259933, 13.2875995 ], [ 109.3294171, 13.290052 ] ] ], [ [ [ 109.365958, 13.5938656 ], [ 109.3683524, 13.5961052 ], [ 109.3705868, 13.593815 ], [ 109.368242, 13.5915782 ], [ 109.365958, 13.5938656 ] ] ], [ [ [ 109.3363861, 13.6239548 ], [ 109.3354666, 13.6335463 ], [ 109.34114, 13.6354367 ], [ 109.3493164, 13.6241117 ], [ 109.3604639, 13.6130584 ], [ 109.3616667, 13.610544 ], [ 109.3607866, 13.6066104 ], [ 109.3571223, 13.6057983 ], [ 109.3484894, 13.6097925 ], [ 109.3363861, 13.6239548 ] ] ], [ [ [ 109.249725, 13.6856095 ], [ 109.2530621, 13.682563 ], [ 109.2532013, 13.6796379 ], [ 109.248753, 13.6806248 ], [ 109.249725, 13.6856095 ] ] ], [ [ [ 109.2388776, 13.6869176 ], [ 109.2394902, 13.6830548 ], [ 109.235883, 13.6827024 ], [ 109.2356465, 13.68565 ], [ 109.2388776, 13.6869176 ] ] ], [ [ [ 109.2942898, 13.7682551 ], [ 109.2987623, 13.7652416 ], [ 109.2987289, 13.7627506 ], [ 109.2970319, 13.7626131 ], [ 109.2939182, 13.76629 ], [ 109.2942898, 13.7682551 ] ] ], [ [ [ 109.2316483, 13.880762 ], [ 109.23444, 13.8811763 ], [ 109.2380041, 13.8776592 ], [ 109.241277, 13.8737078 ], [ 109.2430886, 13.8680243 ], [ 109.2402182, 13.8623037 ], [ 109.2310918, 13.8578442 ], [ 109.2290552, 13.8590808 ], [ 109.2286222, 13.8637893 ], [ 109.2316483, 13.880762 ] ] ], [ [ [ 109.2981716, 13.8807591 ], [ 109.3005649, 13.883143 ], [ 109.3028021, 13.8808418 ], [ 109.3005145, 13.8786151 ], [ 109.2981716, 13.8807591 ] ] ], [ [ [ 109.3429554, 13.8978889 ], [ 109.3453494, 13.9002724 ], [ 109.3475863, 13.8979706 ], [ 109.345298, 13.8957444 ], [ 109.3429554, 13.8978889 ] ] ], [ [ [ 109.3473929, 13.8999739 ], [ 109.349787, 13.9023573 ], [ 109.3520238, 13.9000555 ], [ 109.3497355, 13.8978293 ], [ 109.3473929, 13.8999739 ] ] ], [ [ [ 109.3133684, 13.9019168 ], [ 109.3157621, 13.9043006 ], [ 109.3179993, 13.9019992 ], [ 109.3157114, 13.8997726 ], [ 109.3133684, 13.9019168 ] ] ], [ [ [ 109.3004114, 14.1430021 ], [ 109.2972947, 14.1412977 ], [ 109.2946815, 14.1421456 ], [ 109.2979943, 14.1459287 ], [ 109.3012789, 14.1453144 ], [ 109.3004114, 14.1430021 ] ] ], [ [ [ 109.196565, 14.2330315 ], [ 109.1989613, 14.235417 ], [ 109.2012035, 14.2331164 ], [ 109.198913, 14.2308882 ], [ 109.196565, 14.2330315 ] ] ], [ [ [ 109.2052672, 14.2469078 ], [ 109.2076637, 14.2492932 ], [ 109.209906, 14.2469925 ], [ 109.2076153, 14.2447644 ], [ 109.2052672, 14.2469078 ] ] ], [ [ [ 109.2047768, 14.251915 ], [ 109.2071734, 14.2543004 ], [ 109.2094157, 14.2519998 ], [ 109.207125, 14.2497716 ], [ 109.2047768, 14.251915 ] ] ], [ [ [ 109.0955286, 15.3744337 ], [ 109.0902776, 15.3849027 ], [ 109.098222, 15.3913458 ], [ 109.1101118, 15.392786 ], [ 109.1257506, 15.3919535 ], [ 109.1400773, 15.3891477 ], [ 109.1416151, 15.3875697 ], [ 109.1398359, 15.3775465 ], [ 109.1318847, 15.3762919 ], [ 109.1217262, 15.3699982 ], [ 109.1138522, 15.3699028 ], [ 109.0955286, 15.3744337 ] ] ], [ [ [ 109.0841987, 15.4277946 ], [ 109.0762833, 15.4269814 ], [ 109.0754261, 15.4310466 ], [ 109.0813479, 15.433815 ], [ 109.0842643, 15.433459 ], [ 109.0855446, 15.4296305 ], [ 109.0841987, 15.4277946 ] ] ], [ [ [ 108.6466517, 15.4822026 ], [ 108.6470008, 15.4800668 ], [ 108.6439371, 15.4781611 ], [ 108.6363899, 15.4806009 ], [ 108.6379477, 15.4821031 ], [ 108.6466517, 15.4822026 ] ] ], [ [ [ 108.6798377, 15.4766822 ], [ 108.6759977, 15.4752956 ], [ 108.671077, 15.4771635 ], [ 108.6632148, 15.483522 ], [ 108.6598839, 15.4913603 ], [ 108.6516336, 15.4930134 ], [ 108.6492036, 15.4951955 ], [ 108.6495646, 15.4978545 ], [ 108.6523833, 15.4999157 ], [ 108.6637019, 15.500491 ], [ 108.6700575, 15.503937 ], [ 108.6722901, 15.5084714 ], [ 108.6705239, 15.5145122 ], [ 108.6715167, 15.5166603 ], [ 108.6760703, 15.5152716 ], [ 108.6812523, 15.5084431 ], [ 108.6812446, 15.5061724 ], [ 108.675503, 15.5022468 ], [ 108.6730333, 15.4912596 ], [ 108.673632, 15.4861187 ], [ 108.6800635, 15.4790721 ], [ 108.6798377, 15.4766822 ] ] ], [ [ [ 111.2210908, 15.7991335 ], [ 111.228142, 15.7914703 ], [ 111.2284259, 15.7873588 ], [ 111.2269368, 15.7817955 ], [ 111.2217692, 15.7759589 ], [ 111.2099736, 15.7713715 ], [ 111.2035018, 15.7714683 ], [ 111.1950197, 15.7771807 ], [ 111.1942104, 15.7812999 ], [ 111.1963695, 15.7850463 ], [ 111.2065028, 15.7950808 ], [ 111.2167226, 15.7995277 ], [ 111.2210908, 15.7991335 ] ] ], [ [ [ 108.6958003, 15.8123611 ], [ 108.6881902, 15.8120444 ], [ 108.6896952, 15.8194788 ], [ 108.6959537, 15.8159778 ], [ 108.6958003, 15.8123611 ] ] ], [ [ [ 112.4966279, 16.0150043 ], [ 112.4724028, 16.0104808 ], [ 112.4512057, 16.012179 ], [ 112.4472061, 16.0142179 ], [ 112.4416694, 16.0240473 ], [ 112.4406175, 16.0290188 ], [ 112.4419132, 16.0350668 ], [ 112.4480056, 16.0425903 ], [ 112.4606888, 16.0486268 ], [ 112.4763775, 16.053925 ], [ 112.4983848, 16.0559398 ], [ 112.5549389, 16.0743557 ], [ 112.5781898, 16.0790165 ], [ 112.5919657, 16.0779538 ], [ 112.5967332, 16.0748769 ], [ 112.597366, 16.0716733 ], [ 112.5961148, 16.0698313 ], [ 112.5626661, 16.0477013 ], [ 112.5470096, 16.0338913 ], [ 112.5333917, 16.0245699 ], [ 112.4966279, 16.0150043 ] ], [ [ 112.4537184, 16.0172728 ], [ 112.4710672, 16.0137622 ], [ 112.498456, 16.0176391 ], [ 112.5135441, 16.0235504 ], [ 112.530588, 16.0279764 ], [ 112.5430104, 16.0361447 ], [ 112.5545343, 16.0461543 ], [ 112.5565352, 16.0513527 ], [ 112.5498264, 16.0565079 ], [ 112.5413468, 16.0562318 ], [ 112.498153, 16.045595 ], [ 112.4751567, 16.0460757 ], [ 112.4534407, 16.0361778 ], [ 112.4494023, 16.0322118 ], [ 112.447904, 16.027518 ], [ 112.4537184, 16.0172728 ] ] ], [ [ [ 111.7994038, 16.081259 ], [ 111.8076756, 16.0796643 ], [ 111.8143722, 16.0764682 ], [ 111.820276, 16.0721999 ], [ 111.8221198, 16.0676418 ], [ 111.8198385, 16.0593558 ], [ 111.8060928, 16.04711 ], [ 111.7932301, 16.0406402 ], [ 111.7833343, 16.0379186 ], [ 111.7715498, 16.037402 ], [ 111.7603851, 16.039046 ], [ 111.7534992, 16.0424247 ], [ 111.7483938, 16.0481253 ], [ 111.7483934, 16.058443 ], [ 111.7545384, 16.0670243 ], [ 111.7635484, 16.073926 ], [ 111.779883, 16.0801555 ], [ 111.7994038, 16.081259 ] ] ], [ [ [ 111.7074658, 16.2453795 ], [ 111.7094398, 16.2428611 ], [ 111.7094961, 16.2390745 ], [ 111.7072254, 16.2323706 ], [ 111.7042651, 16.2293459 ], [ 111.6971264, 16.2273226 ], [ 111.6885911, 16.2303196 ], [ 111.6856518, 16.2334516 ], [ 111.684596, 16.2378468 ], [ 111.6863415, 16.2434952 ], [ 111.6937356, 16.2472721 ], [ 111.7029516, 16.2471135 ], [ 111.7074658, 16.2453795 ] ] ], [ [ [ 111.724076, 16.2199052 ], [ 111.7209968, 16.2233001 ], [ 111.7211221, 16.2302479 ], [ 111.7248382, 16.23401 ], [ 111.7490164, 16.2307874 ], [ 111.7599553, 16.234961 ], [ 111.7713458, 16.244784 ], [ 111.7745181, 16.2484464 ], [ 111.7758989, 16.2531101 ], [ 111.7758331, 16.2587692 ], [ 111.7723108, 16.2640041 ], [ 111.7665445, 16.2691165 ], [ 111.7566198, 16.27317 ], [ 111.7421086, 16.2763329 ], [ 111.7057552, 16.2779328 ], [ 111.6668455, 16.2764987 ], [ 111.6568034, 16.274245 ], [ 111.6502629, 16.2701532 ], [ 111.6036528, 16.2238987 ], [ 111.5825461, 16.2072791 ], [ 111.5823392, 16.2053427 ], [ 111.587018, 16.2008723 ], [ 111.6053635, 16.2039865 ], [ 111.6484336, 16.2323528 ], [ 111.6676191, 16.2349841 ], [ 111.6687769, 16.2275062 ], [ 111.6677214, 16.2222633 ], [ 111.6491032, 16.2111691 ], [ 111.6238699, 16.1931676 ], [ 111.6026056, 16.1847959 ], [ 111.5892808, 16.1817858 ], [ 111.5779178, 16.1824604 ], [ 111.5664515, 16.1870157 ], [ 111.5594472, 16.1953763 ], [ 111.5591224, 16.2062125 ], [ 111.5610006, 16.2149107 ], [ 111.5640794, 16.218416 ], [ 111.5767119, 16.230815 ], [ 111.5917008, 16.2399409 ], [ 111.6085823, 16.2535603 ], [ 111.6388653, 16.2834404 ], [ 111.6475609, 16.287496 ], [ 111.6561126, 16.2900358 ], [ 111.749507, 16.2955647 ], [ 111.7700211, 16.298119 ], [ 111.7757878, 16.2975673 ], [ 111.7816004, 16.2948786 ], [ 111.7912861, 16.2872718 ], [ 111.8061586, 16.266802 ], [ 111.8075779, 16.2598257 ], [ 111.806018, 16.2503156 ], [ 111.80127, 16.2408619 ], [ 111.7905859, 16.2319979 ], [ 111.7612228, 16.2152167 ], [ 111.7429294, 16.2140813 ], [ 111.724076, 16.2199052 ] ] ], [ [ [ 112.0612224, 16.3319579 ], [ 112.0378118, 16.3383195 ], [ 112.0189445, 16.3406801 ], [ 112.0085802, 16.3369098 ], [ 111.9912296, 16.3270706 ], [ 111.971511, 16.320733 ], [ 111.9608802, 16.3196161 ], [ 111.9526766, 16.3197671 ], [ 111.9485116, 16.3217195 ], [ 111.9448021, 16.3264771 ], [ 111.9436901, 16.3309994 ], [ 111.9446233, 16.3377352 ], [ 111.9485325, 16.3431033 ], [ 111.9643527, 16.3535042 ], [ 111.9780229, 16.3588636 ], [ 112.0127461, 16.3656666 ], [ 112.0322465, 16.3655797 ], [ 112.0458508, 16.3630084 ], [ 112.0690992, 16.353936 ], [ 112.0744001, 16.3502555 ], [ 112.0782951, 16.3436033 ], [ 112.0776839, 16.3389981 ], [ 112.073219, 16.3341895 ], [ 112.0612224, 16.3319579 ] ] ], [ [ [ 111.5486205, 16.4640525 ], [ 111.5548399, 16.4614695 ], [ 111.5559884, 16.4582939 ], [ 111.5549088, 16.4517729 ], [ 111.5482811, 16.4448925 ], [ 111.5366235, 16.4396731 ], [ 111.5301041, 16.4388783 ], [ 111.5262541, 16.4391669 ], [ 111.5176936, 16.4456204 ], [ 111.518768, 16.4519162 ], [ 111.5295338, 16.4612098 ], [ 111.5375271, 16.4635587 ], [ 111.5486205, 16.4640525 ] ] ], [ [ [ 111.7164001, 16.461175 ], [ 111.719542, 16.4555115 ], [ 111.7179485, 16.4503972 ], [ 111.7156451, 16.4473987 ], [ 111.7113746, 16.4460701 ], [ 111.7036606, 16.4476054 ], [ 111.7004709, 16.4506986 ], [ 111.6985684, 16.4558731 ], [ 111.701651, 16.4604944 ], [ 111.7061757, 16.4620525 ], [ 111.7164001, 16.461175 ] ] ], [ [ [ 111.5912807, 16.4899037 ], [ 111.5984722, 16.4859196 ], [ 111.6055747, 16.477007 ], [ 111.6133498, 16.465951 ], [ 111.6178719, 16.4561485 ], [ 111.6188196, 16.4494941 ], [ 111.6169959, 16.4431235 ], [ 111.6116381, 16.438146 ], [ 111.6005553, 16.4393986 ], [ 111.5932256, 16.4435219 ], [ 111.5820062, 16.4610455 ], [ 111.5796062, 16.4741545 ], [ 111.5806948, 16.4792879 ], [ 111.5832007, 16.4840427 ], [ 111.5912807, 16.4899037 ] ] ], [ [ [ 111.754106, 16.4924909 ], [ 111.7561802, 16.5056531 ], [ 111.7549623, 16.5103182 ], [ 111.745323, 16.5253503 ], [ 111.747904, 16.5307274 ], [ 111.7531699, 16.5330797 ], [ 111.7568194, 16.5327716 ], [ 111.7599103, 16.530518 ], [ 111.7727257, 16.5178286 ], [ 111.7783107, 16.5094206 ], [ 111.7782093, 16.5040453 ], [ 111.7735518, 16.4923952 ], [ 111.7639921, 16.4837637 ], [ 111.758235, 16.4760431 ], [ 111.7464527, 16.4461855 ], [ 111.7413059, 16.4430977 ], [ 111.7379143, 16.4431567 ], [ 111.7348565, 16.4471205 ], [ 111.7347323, 16.4544551 ], [ 111.743744, 16.4758069 ], [ 111.754106, 16.4924909 ] ] ], [ [ [ 111.5989251, 16.5077922 ], [ 111.5929881, 16.5051367 ], [ 111.5840906, 16.5073241 ], [ 111.5848404, 16.5119473 ], [ 111.5899744, 16.5165866 ], [ 111.593228, 16.5173346 ], [ 111.6005194, 16.5115405 ], [ 111.5989251, 16.5077922 ] ] ], [ [ [ 111.6364989, 16.5463181 ], [ 111.6387195, 16.5428087 ], [ 111.6380972, 16.5321368 ], [ 111.6315274, 16.5241023 ], [ 111.6260561, 16.5215239 ], [ 111.615612, 16.5202308 ], [ 111.6077872, 16.5216975 ], [ 111.6049763, 16.5241481 ], [ 111.6024017, 16.5318025 ], [ 111.6034631, 16.5352566 ], [ 111.6083997, 16.5398475 ], [ 111.6269702, 16.5483483 ], [ 111.6364989, 16.5463181 ] ] ], [ [ [ 111.6977273, 16.5620935 ], [ 111.7021425, 16.5462104 ], [ 111.6965147, 16.5447872 ], [ 111.6920485, 16.5491197 ], [ 111.6908284, 16.5533964 ], [ 111.6908565, 16.5593236 ], [ 111.6935602, 16.5650529 ], [ 111.6977273, 16.5620935 ] ] ], [ [ [ 111.6532445, 16.5679498 ], [ 111.6678011, 16.5705777 ], [ 111.6762208, 16.5686369 ], [ 111.679712, 16.5651627 ], [ 111.6810768, 16.561006 ], [ 111.6813669, 16.5558793 ], [ 111.6792459, 16.5502546 ], [ 111.6709537, 16.5460094 ], [ 111.6635338, 16.5447868 ], [ 111.6557708, 16.5458181 ], [ 111.6474537, 16.550582 ], [ 111.6435148, 16.5571843 ], [ 111.643749, 16.5611321 ], [ 111.6449406, 16.5641518 ], [ 111.6532445, 16.5679498 ] ] ], [ [ [ 111.7048333, 16.5842251 ], [ 111.7176922, 16.5858273 ], [ 111.722825, 16.5823948 ], [ 111.728052, 16.5753127 ], [ 111.7376685, 16.5511312 ], [ 111.7393393, 16.5406146 ], [ 111.7378388, 16.5385128 ], [ 111.7229096, 16.5389236 ], [ 111.7128169, 16.5462416 ], [ 111.7091822, 16.551624 ], [ 111.7032345, 16.5768051 ], [ 111.7048333, 16.5842251 ] ] ], [ [ [ 112.6378755, 16.5750103 ], [ 112.6415112, 16.5732162 ], [ 112.6412982, 16.5711291 ], [ 112.6352815, 16.5684573 ], [ 112.6308246, 16.57001 ], [ 112.6311293, 16.5741653 ], [ 112.6378755, 16.5750103 ] ] ], [ [ [ 112.7232957, 16.6769008 ], [ 112.7271187, 16.6767731 ], [ 112.7394065, 16.6666686 ], [ 112.7421295, 16.6625094 ], [ 112.7398077, 16.6583887 ], [ 112.7352278, 16.6579205 ], [ 112.7239686, 16.6654503 ], [ 112.7203209, 16.6720162 ], [ 112.7232957, 16.6769008 ] ] ], [ [ [ 111.3794699, 16.74648 ], [ 111.3963723, 16.7445961 ], [ 111.4035238, 16.7351339 ], [ 111.4032424, 16.718597 ], [ 111.4004761, 16.7143256 ], [ 111.394443, 16.7102854 ], [ 111.3807587, 16.7088824 ], [ 111.3696267, 16.7104952 ], [ 111.3605569, 16.7203459 ], [ 111.3608761, 16.7278924 ], [ 111.3628904, 16.7332548 ], [ 111.3654245, 16.735193 ], [ 111.3666938, 16.7420054 ], [ 111.3794699, 16.74648 ] ] ], [ [ [ 112.3282168, 16.8275975 ], [ 112.3267686, 16.8288061 ], [ 112.3283379, 16.8314048 ], [ 112.3230562, 16.8374151 ], [ 112.3229143, 16.8395982 ], [ 112.3205229, 16.8381915 ], [ 112.3193841, 16.8395536 ], [ 112.324808, 16.8485523 ], [ 112.3410911, 16.8503235 ], [ 112.3489543, 16.8460902 ], [ 112.3493075, 16.844422 ], [ 112.3371555, 16.8292943 ], [ 112.3282168, 16.8275975 ] ] ], [ [ [ 112.3422891, 16.9221326 ], [ 112.3380574, 16.9226773 ], [ 112.3389616, 16.9291839 ], [ 112.3302704, 16.9439705 ], [ 112.3222173, 16.9530461 ], [ 112.3218579, 16.9562698 ], [ 112.3176791, 16.9570886 ], [ 112.3113948, 16.961993 ], [ 112.2972625, 16.9678808 ], [ 112.2952362, 16.9712294 ], [ 112.2974804, 16.973574 ], [ 112.3005285, 16.9733832 ], [ 112.315142, 16.9654727 ], [ 112.3353689, 16.9503928 ], [ 112.3443794, 16.9327508 ], [ 112.3446526, 16.9255772 ], [ 112.3422891, 16.9221326 ] ] ], [ [ [ 112.2456004, 16.9766194 ], [ 112.2415282, 16.973397 ], [ 112.2368183, 16.9760582 ], [ 112.2363865, 16.9736815 ], [ 112.2297203, 16.9739958 ], [ 112.2103136, 16.9668531 ], [ 112.2049815, 16.9671406 ], [ 112.1970508, 16.970781 ], [ 112.1938534, 16.9728614 ], [ 112.191493, 16.97766 ], [ 112.1925612, 16.9831482 ], [ 112.2025151, 16.9919525 ], [ 112.2192838, 16.9995572 ], [ 112.2380003, 17.0038687 ], [ 112.2438615, 17.0023446 ], [ 112.2504291, 16.9974409 ], [ 112.2641267, 16.994807 ], [ 112.2857436, 16.9815132 ], [ 112.2816235, 16.9760908 ], [ 112.2785585, 16.9754178 ], [ 112.2679176, 16.9770964 ], [ 112.2629586, 16.977011 ], [ 112.2596719, 16.9748742 ], [ 112.2456004, 16.9766194 ] ] ], [ [ [ 111.4452508, 17.075377 ], [ 111.4439789, 17.0854184 ], [ 111.4452772, 17.0888665 ], [ 111.4509332, 17.0935939 ], [ 111.4614502, 17.0988214 ], [ 111.4780402, 17.1029871 ], [ 111.5009105, 17.1120194 ], [ 111.5098239, 17.1139926 ], [ 111.5354376, 17.1145374 ], [ 111.5545357, 17.1086401 ], [ 111.5598725, 17.1010749 ], [ 111.5585104, 17.0941597 ], [ 111.5449436, 17.0859036 ], [ 111.5216438, 17.0758785 ], [ 111.4916425, 17.0661521 ], [ 111.4591282, 17.0660976 ], [ 111.4452508, 17.075377 ] ], [ [ 111.4801663, 17.0946662 ], [ 111.4699821, 17.0907833 ], [ 111.4666295, 17.0879464 ], [ 111.466972, 17.083894 ], [ 111.4712728, 17.0818977 ], [ 111.4983372, 17.0830025 ], [ 111.5082593, 17.0895864 ], [ 111.5091323, 17.0922701 ], [ 111.5089733, 17.0949707 ], [ 111.5061277, 17.0975222 ], [ 111.5012009, 17.0991438 ], [ 111.4801663, 17.0946662 ] ] ], [ [ [ 113.8108046, 7.406729 ], [ 113.8237334, 7.4065351 ], [ 113.8448476, 7.4136648 ], [ 113.8649705, 7.4124266 ], [ 113.8673171, 7.4063168 ], [ 113.8644987, 7.4016959 ], [ 113.8556193, 7.3965744 ], [ 113.8451094, 7.393177 ], [ 113.8338551, 7.3931574 ], [ 113.8023215, 7.4007191 ], [ 113.804869, 7.4047125 ], [ 113.8108046, 7.406729 ] ] ], [ [ [ 114.044971, 7.6021113 ], [ 114.0378913, 7.6054814 ], [ 114.0444734, 7.6081968 ], [ 114.0467477, 7.6074561 ], [ 114.0481179, 7.6035038 ], [ 114.044971, 7.6021113 ] ] ], [ [ [ 114.1008035, 7.619856 ], [ 114.095222, 7.6120103 ], [ 114.0676039, 7.6028679 ], [ 114.0621865, 7.6023513 ], [ 114.0588112, 7.6041196 ], [ 114.0592785, 7.6068207 ], [ 114.0650235, 7.6069906 ], [ 114.0791638, 7.6136429 ], [ 114.0869415, 7.6146138 ], [ 114.1008035, 7.619856 ] ] ], [ [ [ 114.1596567, 7.6203278 ], [ 114.1641844, 7.6249172 ], [ 114.1656579, 7.6233552 ], [ 114.1658649, 7.6189629 ], [ 114.1578874, 7.6119453 ], [ 114.1515377, 7.6028551 ], [ 114.1424754, 7.5990744 ], [ 114.1349846, 7.6024057 ], [ 114.1367656, 7.6086897 ], [ 114.1402401, 7.611961 ], [ 114.150459, 7.6148643 ], [ 114.1596567, 7.6203278 ] ] ], [ [ [ 114.0256072, 7.6172008 ], [ 114.0267439, 7.6156518 ], [ 114.022717, 7.6136119 ], [ 114.0197306, 7.6159848 ], [ 114.0256072, 7.6172008 ] ] ], [ [ [ 114.1192123, 7.6168418 ], [ 114.1153352, 7.614227 ], [ 114.1143974, 7.6167821 ], [ 114.1158268, 7.6194361 ], [ 114.1184383, 7.6192264 ], [ 114.1192123, 7.6168418 ] ] ], [ [ [ 114.1248894, 7.6146504 ], [ 114.1267613, 7.620837 ], [ 114.1292624, 7.6197511 ], [ 114.1291078, 7.6145261 ], [ 114.1248894, 7.6146504 ] ] ], [ [ [ 114.0072113, 7.6265225 ], [ 114.009172, 7.6255401 ], [ 114.0090547, 7.6214972 ], [ 114.0071791, 7.6212919 ], [ 114.0072113, 7.6265225 ] ] ], [ [ [ 114.1863839, 7.6316907 ], [ 114.1819311, 7.6273694 ], [ 114.1783931, 7.6265298 ], [ 114.1746415, 7.6275859 ], [ 114.1733125, 7.6305945 ], [ 114.174215, 7.6336719 ], [ 114.1766972, 7.6353527 ], [ 114.1850762, 7.637668 ], [ 114.186676, 7.6369456 ], [ 114.1863839, 7.6316907 ] ] ], [ [ [ 114.1927895, 7.6482091 ], [ 114.1964568, 7.6465815 ], [ 114.1969025, 7.6445437 ], [ 114.193006, 7.6441536 ], [ 114.1927895, 7.6482091 ] ] ], [ [ [ 114.2008769, 7.6542374 ], [ 114.1980309, 7.6607334 ], [ 114.1994618, 7.6633902 ], [ 114.202336, 7.6634733 ], [ 114.2059277, 7.659317 ], [ 114.2053355, 7.6564665 ], [ 114.2008769, 7.6542374 ] ] ], [ [ [ 114.205224, 7.6717654 ], [ 114.2019846, 7.6741566 ], [ 114.2021289, 7.6767169 ], [ 114.2062524, 7.6790235 ], [ 114.2092286, 7.6746154 ], [ 114.205224, 7.6717654 ] ] ], [ [ [ 114.2214238, 7.6907323 ], [ 114.2237275, 7.6909334 ], [ 114.2248089, 7.6864466 ], [ 114.2210861, 7.6839933 ], [ 114.2160819, 7.683873 ], [ 114.2150624, 7.6859281 ], [ 114.2161912, 7.6875142 ], [ 114.2192941, 7.6904052 ], [ 114.2209295, 7.6877775 ], [ 114.2214238, 7.6907323 ] ] ], [ [ [ 114.2406925, 7.6886468 ], [ 114.2361859, 7.6904692 ], [ 114.2365426, 7.6967015 ], [ 114.2416014, 7.6963811 ], [ 114.2432284, 7.6943075 ], [ 114.2427485, 7.6895975 ], [ 114.2406925, 7.6886468 ] ] ], [ [ [ 114.1802585, 7.7244663 ], [ 114.1806863, 7.7193903 ], [ 114.17091, 7.7195174 ], [ 114.1653207, 7.7245723 ], [ 114.157944, 7.7263081 ], [ 114.155519, 7.7299204 ], [ 114.1563908, 7.7422024 ], [ 114.1477497, 7.7497079 ], [ 114.1346452, 7.7462168 ], [ 114.1264714, 7.7324639 ], [ 114.1175502, 7.7248024 ], [ 114.098296, 7.7187925 ], [ 114.0861218, 7.7181375 ], [ 114.0791818, 7.7146314 ], [ 114.0755463, 7.7058025 ], [ 114.062676, 7.6899941 ], [ 114.0532426, 7.6848743 ], [ 114.0404883, 7.6729392 ], [ 114.0315621, 7.667804 ], [ 114.0261463, 7.6672867 ], [ 114.0207913, 7.663059 ], [ 114.0137195, 7.6491042 ], [ 113.996064, 7.639669 ], [ 113.9867789, 7.6376619 ], [ 113.9764863, 7.6413612 ], [ 113.9705687, 7.6393408 ], [ 113.9640037, 7.6334525 ], [ 113.9421213, 7.6296733 ], [ 113.9408523, 7.6332035 ], [ 113.9419873, 7.6409189 ], [ 113.936806, 7.6513973 ], [ 113.9380191, 7.6565281 ], [ 113.9410971, 7.6576556 ], [ 113.9521963, 7.6509407 ], [ 113.9694258, 7.6452817 ], [ 113.9744961, 7.648799 ], [ 113.9778542, 7.6458027 ], [ 113.9927059, 7.6450862 ], [ 113.9964691, 7.646497 ], [ 114.0033322, 7.6527086 ], [ 114.0046162, 7.6649767 ], [ 114.0062219, 7.6679646 ], [ 114.0134023, 7.6711285 ], [ 114.0238882, 7.6689709 ], [ 114.0297002, 7.6714996 ], [ 114.0348919, 7.6759005 ], [ 114.0464395, 7.6927599 ], [ 114.0522279, 7.6944459 ], [ 114.0598163, 7.6999568 ], [ 114.0697113, 7.7092777 ], [ 114.0763379, 7.7193682 ], [ 114.0887898, 7.7237247 ], [ 114.1062685, 7.7410837 ], [ 114.1307909, 7.7567171 ], [ 114.1546865, 7.7539883 ], [ 114.1635997, 7.7442826 ], [ 114.1641591, 7.7403881 ], [ 114.1671202, 7.7377714 ], [ 114.1713821, 7.7376449 ], [ 114.1745307, 7.7305372 ], [ 114.1802585, 7.7244663 ] ] ], [ [ [ 114.2839287, 7.7059762 ], [ 114.2766366, 7.6972871 ], [ 114.2716406, 7.6885288 ], [ 114.2641718, 7.6868119 ], [ 114.261705, 7.6909423 ], [ 114.264567, 7.6981909 ], [ 114.2795132, 7.7074594 ], [ 114.2819604, 7.7079255 ], [ 114.2839287, 7.7059762 ] ] ], [ [ [ 114.3518564, 7.7010571 ], [ 114.3378918, 7.7151171 ], [ 114.3360518, 7.7212479 ], [ 114.3408489, 7.7233967 ], [ 114.3459189, 7.7212172 ], [ 114.3470765, 7.7192919 ], [ 114.3452698, 7.7132723 ], [ 114.3466726, 7.7105297 ], [ 114.3516553, 7.7055179 ], [ 114.3543396, 7.704896 ], [ 114.356385, 7.7142829 ], [ 114.3668299, 7.7220632 ], [ 114.3692918, 7.7273877 ], [ 114.3672165, 7.7412213 ], [ 114.3725587, 7.7434878 ], [ 114.3761016, 7.7400041 ], [ 114.3781068, 7.7217178 ], [ 114.37715, 7.7191822 ], [ 114.3672835, 7.7104398 ], [ 114.3617119, 7.689687 ], [ 114.3566358, 7.6894372 ], [ 114.3532616, 7.6939949 ], [ 114.3518564, 7.7010571 ] ] ], [ [ [ 114.288438, 7.717075 ], [ 114.2931316, 7.7186205 ], [ 114.2969938, 7.7178286 ], [ 114.3094764, 7.7226815 ], [ 114.3154561, 7.7192939 ], [ 114.3157165, 7.7167548 ], [ 114.3151072, 7.7133985 ], [ 114.3125185, 7.711621 ], [ 114.303132, 7.7140992 ], [ 114.2961339, 7.71178 ], [ 114.2885234, 7.7129498 ], [ 114.288438, 7.717075 ] ] ], [ [ [ 114.1963388, 7.7556733 ], [ 114.1996715, 7.7587034 ], [ 114.2057172, 7.7512933 ], [ 114.2009085, 7.7494943 ], [ 114.1959636, 7.7413328 ], [ 114.1889203, 7.7406792 ], [ 114.1859554, 7.7427096 ], [ 114.1833223, 7.7486149 ], [ 114.1842537, 7.7508533 ], [ 114.1963388, 7.7556733 ] ] ], [ [ [ 114.3648086, 7.7791431 ], [ 114.3659927, 7.7697217 ], [ 114.3698276, 7.7624529 ], [ 114.3670084, 7.7587612 ], [ 114.36171, 7.7624314 ], [ 114.3602403, 7.7762395 ], [ 114.3612901, 7.7795808 ], [ 114.3631011, 7.7808145 ], [ 114.3648086, 7.7791431 ] ] ], [ [ [ 114.2188126, 7.7765353 ], [ 114.2174829, 7.7700316 ], [ 114.2137538, 7.7673135 ], [ 114.2035348, 7.7734121 ], [ 114.2033496, 7.7762471 ], [ 114.2087387, 7.7802632 ], [ 114.2146898, 7.7804898 ], [ 114.2188126, 7.7765353 ] ] ], [ [ [ 114.3691205, 7.7893976 ], [ 114.3672239, 7.7893206 ], [ 114.3644908, 7.7972398 ], [ 114.3640165, 7.7994159 ], [ 114.3658112, 7.8005769 ], [ 114.3716179, 7.7958058 ], [ 114.3691205, 7.7893976 ] ] ], [ [ [ 114.377676, 7.8127916 ], [ 114.3957314, 7.813161 ], [ 114.3965664, 7.8095463 ], [ 114.39316, 7.8059208 ], [ 114.3837629, 7.8035425 ], [ 114.3802657, 7.8041116 ], [ 114.3773572, 7.8075102 ], [ 114.377676, 7.8127916 ] ] ], [ [ [ 114.2382259, 7.8028682 ], [ 114.2313184, 7.8089755 ], [ 114.227592, 7.8085813 ], [ 114.2257935, 7.8049263 ], [ 114.2263112, 7.7996848 ], [ 114.2342845, 7.7925344 ], [ 114.2330708, 7.7802649 ], [ 114.2295826, 7.779358 ], [ 114.2238448, 7.7906555 ], [ 114.2219777, 7.8043661 ], [ 114.2234691, 7.8090418 ], [ 114.2342021, 7.8178241 ], [ 114.2459412, 7.8235413 ], [ 114.2485014, 7.8300394 ], [ 114.2468134, 7.8356537 ], [ 114.2505243, 7.8411059 ], [ 114.2563139, 7.845484 ], [ 114.2632065, 7.8695556 ], [ 114.2699498, 7.8773477 ], [ 114.2731472, 7.8631863 ], [ 114.2695149, 7.8519993 ], [ 114.2707626, 7.8485897 ], [ 114.268825, 7.8459505 ], [ 114.2649086, 7.8448882 ], [ 114.2603973, 7.8381115 ], [ 114.2534907, 7.8330928 ], [ 114.2517018, 7.8297747 ], [ 114.2563952, 7.8286221 ], [ 114.2593188, 7.8108324 ], [ 114.2614405, 7.8084084 ], [ 114.2462874, 7.8014462 ], [ 114.2382259, 7.8028682 ] ] ], [ [ [ 114.4485304, 7.8714787 ], [ 114.4485535, 7.8632763 ], [ 114.4328376, 7.8475485 ], [ 114.4194564, 7.8388415 ], [ 114.4053837, 7.8202785 ], [ 114.4056827, 7.8277836 ], [ 114.415221, 7.8435343 ], [ 114.4220809, 7.8465317 ], [ 114.4299754, 7.8528748 ], [ 114.4485304, 7.8714787 ] ] ], [ [ [ 114.47488, 7.9088467 ], [ 114.4840981, 7.9188794 ], [ 114.4802421, 7.9247631 ], [ 114.482707, 7.9317603 ], [ 114.4894562, 7.9310431 ], [ 114.5025945, 7.923536 ], [ 114.5041212, 7.91825 ], [ 114.5021442, 7.9145944 ], [ 114.490629, 7.9062408 ], [ 114.4837397, 7.8985943 ], [ 114.4689304, 7.891458 ], [ 114.4604809, 7.8841263 ], [ 114.4602405, 7.8890698 ], [ 114.4634599, 7.8945426 ], [ 114.4643941, 7.9005524 ], [ 114.4719058, 7.9002771 ], [ 114.47488, 7.9088467 ] ] ], [ [ [ 114.4717187, 7.9419483 ], [ 114.4728263, 7.9449494 ], [ 114.471401, 7.9499269 ], [ 114.4650976, 7.9598618 ], [ 114.4619959, 7.9579344 ], [ 114.4574275, 7.9577388 ], [ 114.4405087, 7.9624792 ], [ 114.4365788, 7.961083 ], [ 114.428916, 7.9510323 ], [ 114.42733, 7.9434923 ], [ 114.4292626, 7.9350006 ], [ 114.4272809, 7.9283163 ], [ 114.4208028, 7.931889 ], [ 114.4098958, 7.9288525 ], [ 114.4031808, 7.9302396 ], [ 114.3929181, 7.9261706 ], [ 114.3872793, 7.9268496 ], [ 114.383662, 7.9245997 ], [ 114.3777441, 7.9244439 ], [ 114.3516188, 7.9346863 ], [ 114.3318595, 7.9349511 ], [ 114.3245332, 7.9274166 ], [ 114.3206644, 7.9169104 ], [ 114.3136722, 7.9046943 ], [ 114.3015134, 7.8902327 ], [ 114.2962759, 7.887129 ], [ 114.2894744, 7.8856485 ], [ 114.2880168, 7.8821517 ], [ 114.2850866, 7.8802168 ], [ 114.2779733, 7.88248 ], [ 114.3060706, 7.9123626 ], [ 114.3102859, 7.918872 ], [ 114.3104658, 7.9247686 ], [ 114.3158593, 7.9316012 ], [ 114.3316419, 7.9444013 ], [ 114.3428587, 7.9495113 ], [ 114.3544483, 7.9483321 ], [ 114.3636099, 7.9438148 ], [ 114.3769963, 7.9330671 ], [ 114.3894794, 7.937912 ], [ 114.3978869, 7.9393402 ], [ 114.4089195, 7.946421 ], [ 114.4097304, 7.9507807 ], [ 114.4077395, 7.9574192 ], [ 114.4089881, 7.9622716 ], [ 114.4140614, 7.9678494 ], [ 114.4239422, 7.9743008 ], [ 114.4369718, 7.9786948 ], [ 114.4532226, 7.9774697 ], [ 114.4636831, 7.971374 ], [ 114.4693655, 7.964104 ], [ 114.468611, 7.9614392 ], [ 114.4760335, 7.9556429 ], [ 114.4786869, 7.9513442 ], [ 114.48038, 7.9406669 ], [ 114.4722041, 7.9358621 ], [ 114.4695245, 7.9366199 ], [ 114.4686066, 7.939684 ], [ 114.4717187, 7.9419483 ] ] ], [ [ [ 113.9606992, 7.9521222 ], [ 113.9482604, 7.9492001 ], [ 113.9439058, 7.9510142 ], [ 113.942797, 7.9661522 ], [ 113.9379293, 7.9737262 ], [ 113.9236147, 7.9829211 ], [ 113.9012498, 8.0017702 ], [ 113.895012, 8.0048474 ], [ 113.8920828, 8.0100488 ], [ 113.9006133, 8.0214093 ], [ 113.9077982, 8.0215467 ], [ 113.9318713, 8.0143787 ], [ 113.9359191, 7.9893301 ], [ 113.941939, 7.98054 ], [ 113.9589519, 7.9650144 ], [ 113.965253, 7.9571498 ], [ 113.9606992, 7.9521222 ] ], [ [ 113.9079584, 8.0002962 ], [ 113.922135, 7.9901254 ], [ 113.9330375, 7.9882538 ], [ 113.927123, 8.0088536 ], [ 113.9195164, 8.0152863 ], [ 113.9097998, 8.0180044 ], [ 113.9053261, 8.0172433 ], [ 113.9018759, 8.013345 ], [ 113.9001798, 8.0085089 ], [ 113.9079584, 8.0002962 ] ] ], [ [ [ 114.1480189, 8.0974941 ], [ 114.1503192, 8.0898485 ], [ 114.1432693, 8.0864873 ], [ 114.1376912, 8.0800503 ], [ 114.1285699, 8.0801672 ], [ 114.1256432, 8.0840457 ], [ 114.1274007, 8.0920339 ], [ 114.1322866, 8.0978063 ], [ 114.1378426, 8.1005249 ], [ 114.1480189, 8.0974941 ] ] ], [ [ [ 114.5856039, 8.4924642 ], [ 114.5888269, 8.4966332 ], [ 114.5925446, 8.4843205 ], [ 114.5817301, 8.4731599 ], [ 114.5727216, 8.4825117 ], [ 114.5746655, 8.4873543 ], [ 114.5856039, 8.4924642 ] ] ], [ [ [ 114.1999345, 8.6939869 ], [ 114.2071443, 8.6853653 ], [ 114.192708, 8.6792612 ], [ 114.1886455, 8.6721277 ], [ 114.1789575, 8.6670346 ], [ 114.1763143, 8.6675333 ], [ 114.167936, 8.6907321 ], [ 114.1712277, 8.7133346 ], [ 114.1650901, 8.7240256 ], [ 114.1629298, 8.732245 ], [ 114.1572046, 8.7398131 ], [ 114.1579921, 8.7435735 ], [ 114.16097, 8.7471851 ], [ 114.1648718, 8.7492255 ], [ 114.1682155, 8.7481188 ], [ 114.1936502, 8.7362957 ], [ 114.1943253, 8.7331761 ], [ 114.1978365, 8.7295291 ], [ 114.1954524, 8.713373 ], [ 114.1959724, 8.7011668 ], [ 114.1999345, 8.6939869 ] ], [ [ 114.177573, 8.7012945 ], [ 114.1758653, 8.6856192 ], [ 114.17781, 8.6781613 ], [ 114.1820219, 8.6740281 ], [ 114.1993792, 8.6885183 ], [ 114.1912118, 8.711991 ], [ 114.193757, 8.7245585 ], [ 114.1908931, 8.7323529 ], [ 114.1817282, 8.7366337 ], [ 114.1742357, 8.7346969 ], [ 114.1718666, 8.7279828 ], [ 114.177573, 8.7012945 ] ] ], [ [ [ 114.0210042, 8.8209774 ], [ 114.0303711, 8.8225952 ], [ 114.0337949, 8.8216379 ], [ 114.0403028, 8.8022232 ], [ 114.0436508, 8.798693 ], [ 114.053236, 8.7960119 ], [ 114.0569364, 8.7927375 ], [ 114.0596507, 8.7852689 ], [ 114.0594088, 8.7770269 ], [ 114.0624474, 8.7688616 ], [ 114.061652, 8.7652759 ], [ 114.0474554, 8.7636258 ], [ 114.0315113, 8.7730235 ], [ 114.0029703, 8.7705817 ], [ 113.9904412, 8.7801205 ], [ 113.9640036, 8.7911149 ], [ 113.9292291, 8.8105331 ], [ 113.9193666, 8.8135431 ], [ 113.90824, 8.8203423 ], [ 113.9014229, 8.8219002 ], [ 113.8981021, 8.8257479 ], [ 113.911284, 8.8427793 ], [ 113.9164364, 8.8429745 ], [ 113.9297776, 8.8415719 ], [ 113.9459979, 8.8329199 ], [ 113.9676941, 8.8357131 ], [ 113.9786348, 8.8343761 ], [ 113.9851879, 8.8355533 ], [ 114.0072811, 8.8297847 ], [ 114.0210042, 8.8209774 ] ], [ [ 114.0017517, 8.82192 ], [ 113.9309992, 8.8293408 ], [ 113.9232137, 8.8280199 ], [ 113.9212851, 8.8256072 ], [ 113.9220637, 8.8203419 ], [ 113.935068, 8.8091777 ], [ 114.0072498, 8.7765793 ], [ 114.0180802, 8.776113 ], [ 114.0308355, 8.7779034 ], [ 114.0408606, 8.769201 ], [ 114.0507407, 8.7699254 ], [ 114.0536636, 8.7720996 ], [ 114.0251349, 8.8055165 ], [ 114.0017517, 8.82192 ] ] ], [ [ [ 114.0146794, 9.5391198 ], [ 114.0204601, 9.5407372 ], [ 114.0233225, 9.5391258 ], [ 114.0236755, 9.5365673 ], [ 114.0175195, 9.5308836 ], [ 114.0146794, 9.5391198 ] ] ], [ [ [ 114.270385, 9.7041661 ], [ 114.2714702, 9.7286277 ], [ 114.2757517, 9.735172 ], [ 114.2799201, 9.7380032 ], [ 114.2825764, 9.7378381 ], [ 114.2784145, 9.7290691 ], [ 114.2810074, 9.7220733 ], [ 114.2849379, 9.7185101 ], [ 114.2905403, 9.7237474 ], [ 114.2916627, 9.7215176 ], [ 114.2878005, 9.7092177 ], [ 114.2842696, 9.7035805 ], [ 114.27566, 9.6986869 ], [ 114.2715616, 9.7009214 ], [ 114.270385, 9.7041661 ] ] ], [ [ [ 114.3177288, 9.7420016 ], [ 114.310962, 9.7349481 ], [ 114.3090742, 9.7344143 ], [ 114.3080931, 9.7357097 ], [ 114.3134189, 9.7466481 ], [ 114.3177288, 9.7420016 ] ] ], [ [ [ 114.3302887, 9.7534568 ], [ 114.3257444, 9.7495386 ], [ 114.3243067, 9.7519072 ], [ 114.3261614, 9.7603411 ], [ 114.327694, 9.7603792 ], [ 114.3300084, 9.7554086 ], [ 114.3302887, 9.7534568 ] ] ], [ [ [ 114.3392315, 9.7579176 ], [ 114.3367153, 9.7590922 ], [ 114.3352361, 9.7663191 ], [ 114.34162, 9.760887 ], [ 114.3392315, 9.7579176 ] ] ], [ [ [ 114.3467261, 9.7636895 ], [ 114.3444475, 9.7670539 ], [ 114.3441708, 9.7718785 ], [ 114.3481573, 9.7687157 ], [ 114.3467261, 9.7636895 ] ] ], [ [ [ 114.2523257, 9.7790372 ], [ 114.2620022, 9.7652639 ], [ 114.2621132, 9.7633205 ], [ 114.2582205, 9.7597394 ], [ 114.2548634, 9.7611909 ], [ 114.2481406, 9.7694141 ], [ 114.2523257, 9.7790372 ] ] ], [ [ [ 114.3610463, 9.779663 ], [ 114.3655841, 9.7846592 ], [ 114.3678763, 9.781719 ], [ 114.3711665, 9.7807746 ], [ 114.3835053, 9.7848109 ], [ 114.3847546, 9.7839276 ], [ 114.3819052, 9.7798729 ], [ 114.3737711, 9.7755567 ], [ 114.3608898, 9.7745964 ], [ 114.3610463, 9.779663 ] ] ], [ [ [ 114.4044608, 9.7990468 ], [ 114.4055357, 9.7952947 ], [ 114.4013173, 9.7910286 ], [ 114.3964498, 9.7891489 ], [ 114.3926972, 9.7902779 ], [ 114.3895532, 9.7973049 ], [ 114.3899106, 9.8005905 ], [ 114.393635, 9.8040268 ], [ 114.3966938, 9.8038487 ], [ 114.4044608, 9.7990468 ] ] ], [ [ [ 114.4292422, 9.8102115 ], [ 114.429118, 9.8157778 ], [ 114.4343874, 9.8168175 ], [ 114.4348344, 9.8147745 ], [ 114.4292422, 9.8102115 ] ] ], [ [ [ 114.4623124, 9.83639 ], [ 114.4615249, 9.8335435 ], [ 114.4532819, 9.8291839 ], [ 114.4474027, 9.8315944 ], [ 114.4473027, 9.8392785 ], [ 114.4514561, 9.8452829 ], [ 114.4605181, 9.8410011 ], [ 114.4623124, 9.83639 ] ] ], [ [ [ 114.49139, 9.8484643 ], [ 114.4903577, 9.845454 ], [ 114.4887323, 9.8452509 ], [ 114.4821372, 9.8523006 ], [ 114.4851701, 9.8538968 ], [ 114.49139, 9.8484643 ] ] ], [ [ [ 114.2748348, 9.855824 ], [ 114.2774999, 9.8625727 ], [ 114.2855952, 9.8654524 ], [ 114.276851, 9.8441003 ], [ 114.2748348, 9.855824 ] ] ], [ [ [ 114.5131864, 9.8667174 ], [ 114.5071569, 9.8620033 ], [ 114.5036083, 9.8683675 ], [ 114.5040901, 9.8701273 ], [ 114.5086533, 9.8715911 ], [ 114.5131864, 9.8667174 ] ] ], [ [ [ 114.3076584, 9.8829362 ], [ 114.3236977, 9.8792823 ], [ 114.3328062, 9.874334 ], [ 114.3364948, 9.8698825 ], [ 114.3346909, 9.8602709 ], [ 114.3253745, 9.8606845 ], [ 114.319939, 9.8629522 ], [ 114.3141157, 9.8731487 ], [ 114.3096642, 9.8715312 ], [ 114.3002979, 9.8788203 ], [ 114.3004204, 9.8828206 ], [ 114.3076584, 9.8829362 ] ] ], [ [ [ 114.3290773, 9.888719 ], [ 114.3345942, 9.8843779 ], [ 114.3333553, 9.8800321 ], [ 114.3267689, 9.8800805 ], [ 114.3222838, 9.8835073 ], [ 114.3235713, 9.8866752 ], [ 114.3290773, 9.888719 ] ] ], [ [ [ 114.5306335, 9.8941691 ], [ 114.5331892, 9.8887587 ], [ 114.5326796, 9.8834439 ], [ 114.5297256, 9.8816747 ], [ 114.5270335, 9.8841278 ], [ 114.5273106, 9.8874902 ], [ 114.5244536, 9.891467 ], [ 114.524205, 9.8957235 ], [ 114.5260253, 9.8966821 ], [ 114.5306335, 9.8941691 ] ] ], [ [ [ 114.4350737, 9.9022421 ], [ 114.4393703, 9.9024652 ], [ 114.4419562, 9.9009521 ], [ 114.4430787, 9.8961112 ], [ 114.4404912, 9.8921434 ], [ 114.4275939, 9.8884925 ], [ 114.4263961, 9.8854938 ], [ 114.4276755, 9.8802267 ], [ 114.4255811, 9.878436 ], [ 114.4160487, 9.887329 ], [ 114.4149544, 9.8930964 ], [ 114.4350737, 9.9022421 ] ] ], [ [ [ 114.400504, 9.8841241 ], [ 114.3997574, 9.8798197 ], [ 114.3961402, 9.8782434 ], [ 114.3951536, 9.884768 ], [ 114.3824435, 9.895446 ], [ 114.372068, 9.8978708 ], [ 114.3579243, 9.8979636 ], [ 114.3556073, 9.8999739 ], [ 114.3562796, 9.9024838 ], [ 114.3765427, 9.9038074 ], [ 114.3905287, 9.9013565 ], [ 114.3947442, 9.8993698 ], [ 114.400504, 9.8841241 ] ] ], [ [ [ 114.3475359, 9.9003909 ], [ 114.348724, 9.8906723 ], [ 114.3462553, 9.8891621 ], [ 114.3396153, 9.8915569 ], [ 114.3400388, 9.897028 ], [ 114.343838, 9.901722 ], [ 114.3456792, 9.9021724 ], [ 114.3475359, 9.9003909 ] ] ], [ [ [ 114.5641643, 9.9044491 ], [ 114.5651116, 9.896726 ], [ 114.5607121, 9.8977939 ], [ 114.559762, 9.9054325 ], [ 114.5615938, 9.9067278 ], [ 114.5641643, 9.9044491 ] ] ], [ [ [ 114.4725915, 9.9042876 ], [ 114.4727031, 9.8997373 ], [ 114.4672241, 9.8942766 ], [ 114.4590935, 9.8922516 ], [ 114.4558538, 9.8945433 ], [ 114.4539116, 9.9084282 ], [ 114.4555101, 9.9106549 ], [ 114.4626313, 9.9102666 ], [ 114.4725915, 9.9042876 ] ] ], [ [ [ 114.5923301, 9.9141909 ], [ 114.6006493, 9.9103778 ], [ 114.5963345, 9.9007914 ], [ 114.5931652, 9.8976786 ], [ 114.5885739, 9.8980769 ], [ 114.5863187, 9.9022059 ], [ 114.5877397, 9.9119682 ], [ 114.5897692, 9.9141024 ], [ 114.5923301, 9.9141909 ] ] ], [ [ [ 114.5021246, 9.9187054 ], [ 114.5016117, 9.9078496 ], [ 114.4945108, 9.903435 ], [ 114.4870872, 9.9049293 ], [ 114.484384, 9.9107438 ], [ 114.4909631, 9.9201474 ], [ 114.4967628, 9.9223272 ], [ 114.5021246, 9.9187054 ] ] ], [ [ [ 114.5133954, 9.9180373 ], [ 114.5079305, 9.9224212 ], [ 114.5156489, 9.9208326 ], [ 114.5227772, 9.9126885 ], [ 114.5124024, 9.9081236 ], [ 114.5065635, 9.9087266 ], [ 114.5067069, 9.9105762 ], [ 114.5128913, 9.9155247 ], [ 114.5133954, 9.9180373 ] ] ], [ [ [ 114.603791, 9.92039 ], [ 114.6048815, 9.9214057 ], [ 114.607792, 9.9201791 ], [ 114.6088206, 9.917692 ], [ 114.6059363, 9.9154977 ], [ 114.603791, 9.92039 ] ] ], [ [ [ 114.6251109, 9.9286886 ], [ 114.6161044, 9.9244027 ], [ 114.6147551, 9.9248685 ], [ 114.6224738, 9.9341893 ], [ 114.62462, 9.9346293 ], [ 114.6276848, 9.9318236 ], [ 114.6251109, 9.9286886 ] ] ], [ [ [ 114.5258151, 9.9410666 ], [ 114.5281979, 9.9398967 ], [ 114.531295, 9.9331419 ], [ 114.531903, 9.9268863 ], [ 114.5280426, 9.9229614 ], [ 114.5156818, 9.9321115 ], [ 114.514858, 9.9355926 ], [ 114.5168391, 9.9405035 ], [ 114.5258151, 9.9410666 ] ] ], [ [ [ 114.5464427, 9.9374816 ], [ 114.5422827, 9.9415065 ], [ 114.5436772, 9.9431022 ], [ 114.5467881, 9.940333 ], [ 114.5464427, 9.9374816 ] ] ], [ [ [ 114.5277152, 9.9479123 ], [ 114.5293463, 9.9511485 ], [ 114.5332543, 9.9525436 ], [ 114.5336666, 9.9481481 ], [ 114.5277152, 9.9479123 ] ] ], [ [ [ 114.5415267, 9.9528076 ], [ 114.548716, 9.9519093 ], [ 114.5495693, 9.9506654 ], [ 114.5455363, 9.9480521 ], [ 114.5415267, 9.9528076 ] ] ], [ [ [ 114.5709233, 9.9570642 ], [ 114.5457225, 9.9601288 ], [ 114.5462162, 9.9623041 ], [ 114.5607957, 9.9682514 ], [ 114.5652559, 9.9670162 ], [ 114.5734475, 9.9686015 ], [ 114.5761383, 9.9608606 ], [ 114.5709233, 9.9570642 ] ] ], [ [ [ 114.5823808, 9.9781908 ], [ 114.598992, 9.9890451 ], [ 114.6004679, 9.9862161 ], [ 114.5930739, 9.979371 ], [ 114.5906784, 9.9708517 ], [ 114.5872932, 9.9698628 ], [ 114.581985, 9.9764337 ], [ 114.5823808, 9.9781908 ] ] ], [ [ [ 113.8402927, 10.0055709 ], [ 113.8437042, 10.0203167 ], [ 113.8479023, 10.0276201 ], [ 113.8486256, 10.0355154 ], [ 113.8429462, 10.1341313 ], [ 113.8464932, 10.1360115 ], [ 113.8529059, 10.1333584 ], [ 113.8626823, 10.1261578 ], [ 113.8635246, 10.1206915 ], [ 113.8528787, 10.0096718 ], [ 113.8472981, 10.0063648 ], [ 113.8402927, 10.0055709 ] ] ], [ [ [ 114.3097283, 10.172636 ], [ 114.3103711, 10.1675779 ], [ 114.3075689, 10.1656015 ], [ 114.3074111, 10.1700805 ], [ 114.3097283, 10.172636 ] ] ], [ [ [ 114.2536132, 10.1718373 ], [ 114.256263, 10.1742729 ], [ 114.2677756, 10.1682033 ], [ 114.2585989, 10.1648619 ], [ 114.2545578, 10.1687834 ], [ 114.2536132, 10.1718373 ] ] ], [ [ [ 114.323625, 10.1729325 ], [ 114.3213137, 10.1715048 ], [ 114.3188084, 10.1729843 ], [ 114.3216065, 10.1779541 ], [ 114.3247956, 10.1772026 ], [ 114.323625, 10.1729325 ] ] ], [ [ [ 114.3600853, 10.1769521 ], [ 114.3435107, 10.1794437 ], [ 114.3412122, 10.1815022 ], [ 114.3455536, 10.1844127 ], [ 114.3526077, 10.1833799 ], [ 114.3586685, 10.1845999 ], [ 114.3658441, 10.18368 ], [ 114.3714134, 10.1804687 ], [ 114.3659085, 10.1743183 ], [ 114.3600853, 10.1769521 ] ] ], [ [ [ 114.2457823, 10.1839501 ], [ 114.2554653, 10.1789044 ], [ 114.2519554, 10.1756207 ], [ 114.2450586, 10.1827535 ], [ 114.2457823, 10.1839501 ] ] ], [ [ [ 114.3812831, 10.1952741 ], [ 114.3795372, 10.1894154 ], [ 114.376219, 10.1889896 ], [ 114.3743086, 10.1958962 ], [ 114.3774736, 10.1970877 ], [ 114.3812831, 10.1952741 ] ] ], [ [ [ 114.3922844, 10.2014677 ], [ 114.3898417, 10.1997861 ], [ 114.386088, 10.2005445 ], [ 114.3865181, 10.2029898 ], [ 114.3897695, 10.2050565 ], [ 114.3922844, 10.2014677 ] ] ], [ [ [ 114.4007984, 10.2064612 ], [ 114.4074884, 10.206985 ], [ 114.4112216, 10.2049212 ], [ 114.4077525, 10.2018507 ], [ 114.4007568, 10.200933 ], [ 114.3992677, 10.2018019 ], [ 114.3990484, 10.2047499 ], [ 114.4007984, 10.2064612 ] ] ], [ [ [ 114.2272038, 10.2181964 ], [ 114.2273902, 10.2048489 ], [ 114.2247155, 10.2023537 ], [ 114.2194592, 10.2082444 ], [ 114.2190529, 10.2143423 ], [ 114.2230652, 10.2180853 ], [ 114.2272038, 10.2181964 ] ] ], [ [ [ 114.4188071, 10.2154228 ], [ 114.4145635, 10.2127438 ], [ 114.412231, 10.2193109 ], [ 114.4155874, 10.2200275 ], [ 114.4188071, 10.2154228 ] ] ], [ [ [ 114.4305018, 10.2236252 ], [ 114.4279156, 10.2220679 ], [ 114.4255686, 10.2234395 ], [ 114.4256929, 10.2274151 ], [ 114.4285038, 10.2295526 ], [ 114.4303483, 10.22815 ], [ 114.4305018, 10.2236252 ] ] ], [ [ [ 114.4530314, 10.2370439 ], [ 114.4548262, 10.2348161 ], [ 114.4514894, 10.2300045 ], [ 114.4422536, 10.2242627 ], [ 114.4365903, 10.2233252 ], [ 114.4358383, 10.2256885 ], [ 114.4385118, 10.2300527 ], [ 114.4439133, 10.2339235 ], [ 114.4530314, 10.2370439 ] ] ], [ [ [ 114.5318256, 10.2357251 ], [ 114.5294228, 10.2362095 ], [ 114.5284253, 10.2382292 ], [ 114.530521, 10.2392167 ], [ 114.5327543, 10.2380358 ], [ 114.5318256, 10.2357251 ] ] ], [ [ [ 114.5180981, 10.2340242 ], [ 114.5125684, 10.232617 ], [ 114.5028554, 10.2332111 ], [ 114.4939731, 10.236762 ], [ 114.4743828, 10.2383627 ], [ 114.4651667, 10.2397586 ], [ 114.4635333, 10.2412712 ], [ 114.4685694, 10.2438648 ], [ 114.4910257, 10.2452174 ], [ 114.5097004, 10.2379701 ], [ 114.5190784, 10.2370351 ], [ 114.5180981, 10.2340242 ] ] ], [ [ [ 114.5601236, 10.2647999 ], [ 114.5664613, 10.2665896 ], [ 114.5690274, 10.2656905 ], [ 114.5711554, 10.2621547 ], [ 114.5593849, 10.25459 ], [ 114.5538714, 10.2453482 ], [ 114.5474897, 10.2421563 ], [ 114.5437679, 10.2437929 ], [ 114.545488, 10.2515161 ], [ 114.5601236, 10.2647999 ] ] ], [ [ [ 114.2632199, 10.2601937 ], [ 114.2554315, 10.256681 ], [ 114.2542829, 10.2577687 ], [ 114.2650749, 10.2679748 ], [ 114.2668007, 10.2652367 ], [ 114.2632199, 10.2601937 ] ] ], [ [ [ 114.6066405, 10.2654941 ], [ 114.6066412, 10.2701008 ], [ 114.6087822, 10.2706755 ], [ 114.6096192, 10.2664525 ], [ 114.6066405, 10.2654941 ] ] ], [ [ [ 114.5926795, 10.2740891 ], [ 114.5984686, 10.2680626 ], [ 114.5984332, 10.2642065 ], [ 114.5886983, 10.2620583 ], [ 114.5821212, 10.2637261 ], [ 114.5807146, 10.2658157 ], [ 114.5827681, 10.2728558 ], [ 114.586652, 10.2754475 ], [ 114.5926795, 10.2740891 ] ] ], [ [ [ 114.6207133, 10.2689749 ], [ 114.6207523, 10.2775039 ], [ 114.6333536, 10.2881823 ], [ 114.6451599, 10.290637 ], [ 114.6467819, 10.2897675 ], [ 114.6471999, 10.2881183 ], [ 114.6367259, 10.2849446 ], [ 114.6327351, 10.2817991 ], [ 114.6277536, 10.2771657 ], [ 114.6227259, 10.2692618 ], [ 114.6207133, 10.2689749 ] ] ], [ [ [ 114.3014877, 10.2903366 ], [ 114.2902225, 10.2775502 ], [ 114.2804036, 10.2733738 ], [ 114.2800492, 10.277247 ], [ 114.2939498, 10.289274 ], [ 114.300069, 10.2922542 ], [ 114.3014877, 10.2903366 ] ] ], [ [ [ 114.3465072, 10.3193103 ], [ 114.3511971, 10.3141919 ], [ 114.3493998, 10.3134267 ], [ 114.3412912, 10.3188828 ], [ 114.3423351, 10.3201392 ], [ 114.3465072, 10.3193103 ] ] ], [ [ [ 114.6019869, 10.3259793 ], [ 114.6189158, 10.3173934 ], [ 114.618768, 10.3164646 ], [ 114.6170711, 10.3150012 ], [ 114.6079992, 10.3150541 ], [ 114.5987891, 10.3181449 ], [ 114.5929087, 10.3221808 ], [ 114.6019869, 10.3259793 ] ] ], [ [ [ 114.5620296, 10.3281523 ], [ 114.5678654, 10.3296741 ], [ 114.5733798, 10.3275965 ], [ 114.5815271, 10.319178 ], [ 114.5832664, 10.3135001 ], [ 114.5773608, 10.3147739 ], [ 114.567599, 10.3213382 ], [ 114.5601451, 10.3228414 ], [ 114.5597749, 10.325574 ], [ 114.5620296, 10.3281523 ] ] ], [ [ [ 114.360131, 10.3287331 ], [ 114.3574006, 10.3322117 ], [ 114.3581746, 10.3342959 ], [ 114.3620865, 10.3307814 ], [ 114.360131, 10.3287331 ] ] ], [ [ [ 114.4984986, 10.3561745 ], [ 114.4977118, 10.3649916 ], [ 114.5039124, 10.3682281 ], [ 114.509084, 10.3670111 ], [ 114.5171743, 10.3570177 ], [ 114.5294675, 10.3507665 ], [ 114.5311635, 10.3482488 ], [ 114.5311029, 10.3426169 ], [ 114.5282008, 10.340712 ], [ 114.5175297, 10.3402257 ], [ 114.4984986, 10.3561745 ] ] ], [ [ [ 114.3534411, 10.3590473 ], [ 114.3498217, 10.3605638 ], [ 114.3476973, 10.3683658 ], [ 114.355831, 10.3636643 ], [ 114.3534411, 10.3590473 ] ] ], [ [ [ 114.5457651, 10.3524006 ], [ 114.544608, 10.3606 ], [ 114.5474312, 10.3630515 ], [ 114.5625918, 10.3907869 ], [ 114.5657499, 10.4065621 ], [ 114.5804306, 10.4177128 ], [ 114.5905132, 10.4153096 ], [ 114.5919862, 10.4127234 ], [ 114.5913749, 10.4079349 ], [ 114.5863053, 10.4011096 ], [ 114.5768932, 10.3944205 ], [ 114.5678752, 10.3728428 ], [ 114.561234, 10.3611686 ], [ 114.558247, 10.3492893 ], [ 114.5583459, 10.3394905 ], [ 114.554701, 10.3313508 ], [ 114.5507982, 10.3280263 ], [ 114.5496052, 10.322165 ], [ 114.5471639, 10.324512 ], [ 114.543849, 10.3367692 ], [ 114.5457651, 10.3524006 ] ] ], [ [ [ 114.3702648, 10.3847979 ], [ 114.3726174, 10.3843747 ], [ 114.3734501, 10.380715 ], [ 114.3655622, 10.374272 ], [ 114.3599576, 10.3728008 ], [ 114.3530511, 10.3751206 ], [ 114.3543269, 10.3781301 ], [ 114.3702648, 10.3847979 ] ] ], [ [ [ 114.4772725, 10.3861477 ], [ 114.4842502, 10.3765446 ], [ 114.4839988, 10.372328 ], [ 114.4811271, 10.3694833 ], [ 114.4685209, 10.3713982 ], [ 114.4594215, 10.3756684 ], [ 114.4522516, 10.3754199 ], [ 114.4323586, 10.3847146 ], [ 114.4266246, 10.3906403 ], [ 114.4279317, 10.3926863 ], [ 114.4314764, 10.3924604 ], [ 114.4395494, 10.3893995 ], [ 114.4493589, 10.3888635 ], [ 114.4598193, 10.3920842 ], [ 114.4667681, 10.3909312 ], [ 114.4678918, 10.389019 ], [ 114.4772725, 10.3861477 ] ] ], [ [ [ 114.4114051, 10.3888534 ], [ 114.4211068, 10.3869401 ], [ 114.4217987, 10.3825798 ], [ 114.4132904, 10.3753347 ], [ 114.4097742, 10.3745041 ], [ 114.4024116, 10.3774264 ], [ 114.4007695, 10.3816816 ], [ 114.4015881, 10.3851707 ], [ 114.4042616, 10.3874318 ], [ 114.4114051, 10.3888534 ] ] ], [ [ [ 114.4265102, 10.669993 ], [ 114.4265588, 10.6646677 ], [ 114.4228424, 10.662865 ], [ 114.4174143, 10.6648411 ], [ 114.4165428, 10.6679556 ], [ 114.42095, 10.6746352 ], [ 114.4265102, 10.669993 ] ] ], [ [ [ 114.3882921, 10.6694882 ], [ 114.3858152, 10.6694571 ], [ 114.3834078, 10.6716599 ], [ 114.3853205, 10.6777773 ], [ 114.3908237, 10.6747349 ], [ 114.3882921, 10.6694882 ] ] ], [ [ [ 114.4643334, 10.6748653 ], [ 114.4591921, 10.6739802 ], [ 114.4563653, 10.6765191 ], [ 114.4563137, 10.6800102 ], [ 114.4585689, 10.6798343 ], [ 114.4643334, 10.6748653 ] ] ], [ [ [ 114.4933044, 10.6913662 ], [ 114.5015455, 10.6939985 ], [ 114.5033103, 10.6919178 ], [ 114.4939917, 10.6858616 ], [ 114.4874157, 10.6856385 ], [ 114.4842387, 10.6881893 ], [ 114.4852877, 10.6907161 ], [ 114.4933044, 10.6913662 ] ] ], [ [ [ 114.3154134, 10.6922505 ], [ 114.3285445, 10.7114642 ], [ 114.3312185, 10.7126624 ], [ 114.3325147, 10.7093195 ], [ 114.3305047, 10.7052238 ], [ 114.3351532, 10.6989023 ], [ 114.3341262, 10.697015 ], [ 114.3289003, 10.6933361 ], [ 114.325131, 10.6945622 ], [ 114.322667, 10.6936306 ], [ 114.3194175, 10.6894656 ], [ 114.3163189, 10.6901984 ], [ 114.3154134, 10.6922505 ] ] ], [ [ [ 114.3582674, 10.7067289 ], [ 114.3667081, 10.7064486 ], [ 114.3684784, 10.7027958 ], [ 114.3629711, 10.7022169 ], [ 114.3581816, 10.7039606 ], [ 114.3582674, 10.7067289 ] ] ], [ [ [ 114.3496502, 10.7030467 ], [ 114.3452238, 10.7043529 ], [ 114.346636, 10.7082534 ], [ 114.3487055, 10.7090434 ], [ 114.3528774, 10.7064659 ], [ 114.3496502, 10.7030467 ] ] ], [ [ [ 114.5231729, 10.7136498 ], [ 114.5263613, 10.7198975 ], [ 114.5357139, 10.7209398 ], [ 114.5417516, 10.726992 ], [ 114.5435256, 10.72603 ], [ 114.5384424, 10.7178147 ], [ 114.5355471, 10.7166683 ], [ 114.529682, 10.7044589 ], [ 114.5249976, 10.7002846 ], [ 114.5122133, 10.6954551 ], [ 114.5130428, 10.6982776 ], [ 114.5237428, 10.7053119 ], [ 114.5231729, 10.7136498 ] ] ], [ [ [ 114.3559628, 10.7226785 ], [ 114.3415015, 10.7180004 ], [ 114.3399608, 10.7203916 ], [ 114.3470707, 10.7275304 ], [ 114.3554626, 10.727383 ], [ 114.3573061, 10.724343 ], [ 114.3559628, 10.7226785 ] ] ], [ [ [ 114.3927355, 10.7405206 ], [ 114.4044281, 10.7410165 ], [ 114.4041433, 10.7387876 ], [ 114.3965585, 10.7336915 ], [ 114.3926275, 10.7335982 ], [ 114.3912828, 10.7353439 ], [ 114.3927355, 10.7405206 ] ] ], [ [ [ 114.4218513, 10.7526742 ], [ 114.4175724, 10.7466323 ], [ 114.4159296, 10.7457247 ], [ 114.4125833, 10.7471282 ], [ 114.4125888, 10.7507507 ], [ 114.4174598, 10.755077 ], [ 114.4218513, 10.7526742 ] ] ], [ [ [ 114.5740843, 10.7585061 ], [ 114.5760239, 10.7736208 ], [ 114.5740125, 10.7831811 ], [ 114.568035, 10.7900912 ], [ 114.5719464, 10.7910359 ], [ 114.5757243, 10.7945459 ], [ 114.5871776, 10.7751918 ], [ 114.5888892, 10.7663878 ], [ 114.5785573, 10.7517727 ], [ 114.5791291, 10.744392 ], [ 114.5767979, 10.7389164 ], [ 114.5728603, 10.7371191 ], [ 114.5652463, 10.7383178 ], [ 114.5627372, 10.7407438 ], [ 114.5694315, 10.7444824 ], [ 114.5740843, 10.7585061 ] ] ], [ [ [ 114.456691, 10.7926879 ], [ 114.4586498, 10.7967786 ], [ 114.4613118, 10.7958452 ], [ 114.457904, 10.7826388 ], [ 114.4560892, 10.7831204 ], [ 114.456691, 10.7926879 ] ] ], [ [ [ 114.5796399, 10.8157478 ], [ 114.5772239, 10.802622 ], [ 114.5745699, 10.8005702 ], [ 114.574826, 10.8152933 ], [ 114.5796399, 10.8157478 ] ] ], [ [ [ 114.4946617, 10.8209198 ], [ 114.494883, 10.8160125 ], [ 114.4900943, 10.8109406 ], [ 114.4851212, 10.810242 ], [ 114.4836664, 10.8152939 ], [ 114.4905655, 10.8224315 ], [ 114.4946617, 10.8209198 ] ] ], [ [ [ 114.5049054, 10.8316822 ], [ 114.5038845, 10.8368275 ], [ 114.5068607, 10.8409402 ], [ 114.5100131, 10.8349059 ], [ 114.5069882, 10.8311689 ], [ 114.5049054, 10.8316822 ] ] ], [ [ [ 114.5108542, 10.8389648 ], [ 114.5148398, 10.8411409 ], [ 114.5216446, 10.8384821 ], [ 114.5219098, 10.8366649 ], [ 114.514322, 10.8363034 ], [ 114.5108542, 10.8389648 ] ] ], [ [ [ 114.5258229, 10.8582642 ], [ 114.5273108, 10.8559813 ], [ 114.5258696, 10.8428192 ], [ 114.5124417, 10.848668 ], [ 114.5118777, 10.8512417 ], [ 114.5220665, 10.858594 ], [ 114.5258229, 10.8582642 ] ] ], [ [ [ 114.5486725, 10.8727837 ], [ 114.55076, 10.8656888 ], [ 114.5409812, 10.8627984 ], [ 114.5372339, 10.8600394 ], [ 114.5389803, 10.8574288 ], [ 114.5351363, 10.8566964 ], [ 114.5296081, 10.8656022 ], [ 114.5460052, 10.8752101 ], [ 114.5486725, 10.8727837 ] ] ], [ [ [ 114.5966575, 10.8942661 ], [ 114.5920321, 10.8342814 ], [ 114.5904873, 10.8288566 ], [ 114.5860587, 10.8249496 ], [ 114.5846157, 10.8303674 ], [ 114.5880756, 10.8408575 ], [ 114.5897628, 10.8538029 ], [ 114.5901709, 10.8773879 ], [ 114.5877394, 10.8887698 ], [ 114.5831812, 10.8933201 ], [ 114.5769355, 10.8945392 ], [ 114.5683549, 10.8902434 ], [ 114.5685911, 10.8835442 ], [ 114.564854, 10.885389 ], [ 114.563737, 10.8879417 ], [ 114.5643322, 10.8909346 ], [ 114.5680499, 10.8947186 ], [ 114.5779625, 10.9000858 ], [ 114.5938255, 10.9118322 ], [ 114.599277, 10.910476 ], [ 114.6015645, 10.9070469 ], [ 114.5966575, 10.8942661 ] ] ], [ [ [ 114.5574371, 10.884333 ], [ 114.5676731, 10.8695274 ], [ 114.560831, 10.8676111 ], [ 114.5583886, 10.868646 ], [ 114.5530808, 10.8810606 ], [ 114.5555117, 10.8847127 ], [ 114.5574371, 10.884333 ] ] ], [ [ [ 114.0930566, 10.9124913 ], [ 114.0949997, 10.9141397 ], [ 114.0937312, 10.912958 ], [ 114.0930566, 10.9124913 ] ] ], [ [ [ 114.0949997, 10.9141397 ], [ 114.0956329, 10.9147953 ], [ 114.0954851, 10.9145515 ], [ 114.0949997, 10.9141397 ] ] ], [ [ [ 114.0956329, 10.9147953 ], [ 114.0959098, 10.9152518 ], [ 114.0957961, 10.9149641 ], [ 114.0956329, 10.9147953 ] ] ], [ [ [ 114.0880012, 10.9340806 ], [ 114.0834457, 10.9344235 ], [ 114.0741866, 10.9286617 ], [ 114.0615663, 10.9116542 ], [ 114.0665376, 10.9037523 ], [ 114.0739697, 10.9026098 ], [ 114.0809564, 10.9037147 ], [ 114.0930566, 10.9124913 ], [ 114.0905832, 10.9103929 ], [ 114.0800375, 10.9029402 ], [ 114.0733292, 10.9013423 ], [ 114.0590932, 10.9030396 ], [ 114.054128, 10.9053754 ], [ 114.0545934, 10.9095785 ], [ 114.0647545, 10.9184772 ], [ 114.0718591, 10.930753 ], [ 114.0852222, 10.9382092 ], [ 114.0918895, 10.9345797 ], [ 114.0973169, 10.927257 ], [ 114.0981735, 10.9220535 ], [ 114.0977167, 10.9192936 ], [ 114.0959098, 10.9152518 ], [ 114.0968202, 10.9192775 ], [ 114.09559, 10.9252586 ], [ 114.0880012, 10.9340806 ] ] ], [ [ [ 114.6220327, 10.9268368 ], [ 114.6074459, 10.9184008 ], [ 114.6016605, 10.9192217 ], [ 114.6009031, 10.9224402 ], [ 114.6148761, 10.9352053 ], [ 114.621447, 10.9353647 ], [ 114.6239796, 10.9337956 ], [ 114.6220327, 10.9268368 ] ] ], [ [ [ 114.1749834, 11.0392295 ], [ 114.1875201, 11.0375004 ], [ 114.1820358, 11.0252258 ], [ 114.1742395, 11.0275925 ], [ 114.1684901, 11.0326192 ], [ 114.1749834, 11.0392295 ] ] ], [ [ [ 114.2893666, 11.0577326 ], [ 114.2927576, 11.0527543 ], [ 114.2920064, 11.0483572 ], [ 114.2809232, 11.0436598 ], [ 114.2766785, 11.0459202 ], [ 114.2807553, 11.058295 ], [ 114.2829525, 11.0596009 ], [ 114.2893666, 11.0577326 ] ] ], [ [ [ 114.3431184, 11.0535924 ], [ 114.3438705, 11.0504341 ], [ 114.3408195, 11.0503781 ], [ 114.3402443, 11.0527904 ], [ 114.3431184, 11.0535924 ] ] ], [ [ [ 114.2044866, 11.0521567 ], [ 114.2086878, 11.0609714 ], [ 114.2232087, 11.0597644 ], [ 114.2170062, 11.0498434 ], [ 114.2125246, 11.0577488 ], [ 114.2070122, 11.0511105 ], [ 114.1940559, 11.0469662 ], [ 114.2044866, 11.0521567 ] ] ], [ [ [ 114.3134178, 11.0569902 ], [ 114.3288014, 11.0584982 ], [ 114.3366025, 11.0567107 ], [ 114.3356562, 11.0547558 ], [ 114.3180581, 11.0538785 ], [ 114.313375, 11.0543896 ], [ 114.3134178, 11.0569902 ] ] ], [ [ [ 114.2232087, 11.0597644 ], [ 114.2340601, 11.060803 ], [ 114.2305241, 11.0544952 ], [ 114.2232087, 11.0597644 ] ] ], [ [ [ 114.3225139, 11.0654806 ], [ 114.3144064, 11.0587026 ], [ 114.3160883, 11.0620904 ], [ 114.3198136, 11.0654094 ], [ 114.3225139, 11.0654806 ] ] ], [ [ [ 114.2582392, 11.0702446 ], [ 114.2551184, 11.0689659 ], [ 114.2533593, 11.0719139 ], [ 114.2542777, 11.0767634 ], [ 114.2556866, 11.0774835 ], [ 114.259881, 11.0735485 ], [ 114.2582392, 11.0702446 ] ] ], [ [ [ 114.3677512, 11.0938836 ], [ 114.378047, 11.0958716 ], [ 114.3833033, 11.092875 ], [ 114.3822206, 11.0892275 ], [ 114.3726218, 11.0784779 ], [ 114.3692639, 11.0801899 ], [ 114.3710644, 11.0844789 ], [ 114.3667333, 11.0873205 ], [ 114.3661993, 11.0900969 ], [ 114.3677512, 11.0938836 ] ] ], [ [ [ 114.572646, 11.3576859 ], [ 114.5673361, 11.3479025 ], [ 114.567146, 11.344388 ], [ 114.569037, 11.3393544 ], [ 114.5734401, 11.3341657 ], [ 114.5815021, 11.3307758 ], [ 114.5945809, 11.3316671 ], [ 114.6101205, 11.346409 ], [ 114.6141153, 11.3429925 ], [ 114.6108466, 11.3401105 ], [ 114.6101874, 11.3340852 ], [ 114.6019586, 11.3250835 ], [ 114.5954839, 11.3212306 ], [ 114.5886615, 11.3222098 ], [ 114.5805907, 11.3273566 ], [ 114.5621415, 11.3256922 ], [ 114.5593547, 11.3306377 ], [ 114.556583, 11.3469067 ], [ 114.5573044, 11.356328 ], [ 114.5613122, 11.3641625 ], [ 114.5726425, 11.3708498 ], [ 114.5838544, 11.3726277 ], [ 114.5870211, 11.3747451 ], [ 114.5912454, 11.3736191 ], [ 114.5929073, 11.3698981 ], [ 114.6045327, 11.3748839 ], [ 114.6095471, 11.3682391 ], [ 114.6046531, 11.365408 ], [ 114.5963994, 11.3652844 ], [ 114.5910168, 11.361703 ], [ 114.5848919, 11.3627367 ], [ 114.572646, 11.3576859 ] ] ], [ [ [ 114.6208806, 11.3767358 ], [ 114.6152183, 11.3741615 ], [ 114.6130145, 11.3779007 ], [ 114.6130398, 11.3834814 ], [ 114.6171563, 11.3849757 ], [ 114.6207768, 11.3807148 ], [ 114.6208806, 11.3767358 ] ] ], [ [ [ 114.2961032, 11.3863254 ], [ 114.2977058, 11.391081 ], [ 114.3026533, 11.3936426 ], [ 114.3004078, 11.3855806 ], [ 114.3045773, 11.3804468 ], [ 114.2962825, 11.3793312 ], [ 114.2961032, 11.3863254 ] ] ], [ [ [ 114.3274602, 11.4313934 ], [ 114.3311206, 11.434873 ], [ 114.3334046, 11.4346064 ], [ 114.331548, 11.4292353 ], [ 114.3286867, 11.4265797 ], [ 114.3262616, 11.4278398 ], [ 114.3274602, 11.4313934 ] ] ], [ [ [ 114.3626339, 11.4595419 ], [ 114.3526091, 11.4505429 ], [ 114.3478522, 11.4505734 ], [ 114.3482112, 11.4529092 ], [ 114.3531477, 11.4577364 ], [ 114.3626339, 11.4595419 ] ] ], [ [ [ 114.3981692, 11.4660745 ], [ 114.3979447, 11.4552241 ], [ 114.3938759, 11.4571008 ], [ 114.3911895, 11.4610277 ], [ 114.3862393, 11.4603864 ], [ 114.3832404, 11.4644075 ], [ 114.3850459, 11.4671518 ], [ 114.3903072, 11.4685754 ], [ 114.3958819, 11.468095 ], [ 114.3981692, 11.4660745 ] ] ], [ [ [ 114.787939, 8.1092514 ], [ 114.7786969, 8.1241042 ], [ 114.7643443, 8.1315004 ], [ 114.7235177, 8.1369802 ], [ 114.7006063, 8.1377187 ], [ 114.6829806, 8.1299696 ], [ 114.6725666, 8.1303035 ], [ 114.6650412, 8.1340092 ], [ 114.6462288, 8.1325316 ], [ 114.6314048, 8.1253818 ], [ 114.625629, 8.1186363 ], [ 114.6247573, 8.1131207 ], [ 114.6259462, 8.1068467 ], [ 114.6408405, 8.094593 ], [ 114.65143, 8.0770691 ], [ 114.6593387, 8.0754659 ], [ 114.6938142, 8.0809866 ], [ 114.7117982, 8.0819289 ], [ 114.7309788, 8.0753936 ], [ 114.7390463, 8.0786823 ], [ 114.7485817, 8.0802328 ], [ 114.7665552, 8.0886083 ], [ 114.7791251, 8.1000322 ], [ 114.7874012, 8.0967199 ], [ 114.7793741, 8.0895437 ], [ 114.7665825, 8.081677 ], [ 114.7448819, 8.0732534 ], [ 114.7384362, 8.072955 ], [ 114.7356412, 8.070341 ], [ 114.7273456, 8.0704401 ], [ 114.7032315, 8.0762888 ], [ 114.654406, 8.0695471 ], [ 114.6485115, 8.0705793 ], [ 114.6247884, 8.1038175 ], [ 114.6206295, 8.1061466 ], [ 114.5976808, 8.1050907 ], [ 114.5859613, 8.1066446 ], [ 114.5652102, 8.1037511 ], [ 114.5571801, 8.1041732 ], [ 114.5385274, 8.0980003 ], [ 114.5171644, 8.0944455 ], [ 114.5117513, 8.0946149 ], [ 114.509283, 8.0968888 ], [ 114.5259453, 8.1178285 ], [ 114.5323009, 8.1206711 ], [ 114.5592488, 8.1213449 ], [ 114.5735299, 8.1284248 ], [ 114.5836703, 8.1277665 ], [ 114.6005684, 8.1372024 ], [ 114.6172807, 8.1376904 ], [ 114.6370422, 8.1494556 ], [ 114.6656436, 8.1527 ], [ 114.6939999, 8.1698085 ], [ 114.7087394, 8.1741854 ], [ 114.7308027, 8.1686224 ], [ 114.7410606, 8.1634396 ], [ 114.7682995, 8.1674072 ], [ 114.7764733, 8.1622904 ], [ 114.7760195, 8.1484452 ], [ 114.7834526, 8.1419663 ], [ 114.8034119, 8.1353419 ], [ 114.8092273, 8.1219856 ], [ 114.8102895, 8.1126793 ], [ 114.8079107, 8.103749 ], [ 114.8001611, 8.1005376 ], [ 114.787939, 8.1092514 ] ] ], [ [ [ 116.610356, 8.2273582 ], [ 116.6153332, 8.2204272 ], [ 116.612562, 8.2131606 ], [ 116.6091782, 8.2094106 ], [ 116.6006168, 8.2069195 ], [ 116.5917071, 8.2102495 ], [ 116.588585, 8.2143149 ], [ 116.5885218, 8.2207145 ], [ 116.5937157, 8.2268974 ], [ 116.603223, 8.2299495 ], [ 116.610356, 8.2273582 ] ] ], [ [ [ 115.2700382, 8.3644601 ], [ 115.2812056, 8.3571495 ], [ 115.2773469, 8.3485071 ], [ 115.2727858, 8.3439402 ], [ 115.266702, 8.3417895 ], [ 115.2614561, 8.3418036 ], [ 115.2518592, 8.3480455 ], [ 115.2456639, 8.3499489 ], [ 115.2289918, 8.3474898 ], [ 115.197804, 8.3485696 ], [ 115.1801886, 8.3652127 ], [ 115.1713931, 8.375137 ], [ 115.1698312, 8.3789043 ], [ 115.1715921, 8.3808693 ], [ 115.1844245, 8.384816 ], [ 115.1963299, 8.3864308 ], [ 115.2131931, 8.3676173 ], [ 115.2168534, 8.3658026 ], [ 115.2392843, 8.3635053 ], [ 115.2446958, 8.3609541 ], [ 115.2628164, 8.3660623 ], [ 115.2700382, 8.3644601 ] ], [ [ 115.189026, 8.3784117 ], [ 115.1844896, 8.374517 ], [ 115.1846753, 8.3701219 ], [ 115.1902884, 8.3660459 ], [ 115.1990672, 8.3532521 ], [ 115.2200875, 8.3542127 ], [ 115.2211607, 8.3558634 ], [ 115.2097259, 8.3628423 ], [ 115.1954211, 8.377347 ], [ 115.189026, 8.3784117 ] ] ], [ [ [ 114.6603165, 8.8464533 ], [ 114.6604712, 8.8470443 ], [ 114.6624695, 8.8480205 ], [ 114.6603165, 8.8464533 ] ] ], [ [ [ 114.6407071, 8.8494233 ], [ 114.6389506, 8.8408783 ], [ 114.6426664, 8.8340142 ], [ 114.6454762, 8.834515 ], [ 114.6603165, 8.8464533 ], [ 114.6594461, 8.8431272 ], [ 114.6517741, 8.83423 ], [ 114.6388938, 8.8268024 ], [ 114.6339638, 8.8279642 ], [ 114.6321735, 8.8302104 ], [ 114.6344222, 8.8369594 ], [ 114.6334679, 8.8533639 ], [ 114.6353399, 8.8576049 ], [ 114.6404847, 8.8622478 ], [ 114.6593772, 8.8691508 ], [ 114.6835632, 8.870823 ], [ 114.6858094, 8.8724481 ], [ 114.6851463, 8.8676627 ], [ 114.681441, 8.8626262 ], [ 114.6707739, 8.8520767 ], [ 114.6624695, 8.8480205 ], [ 114.6743768, 8.8564441 ], [ 114.6705307, 8.8618797 ], [ 114.6657914, 8.8619468 ], [ 114.6461489, 8.8554057 ], [ 114.6407071, 8.8494233 ] ] ], [ [ [ 116.2716875, 8.9010682 ], [ 116.2761808, 8.9090701 ], [ 116.2800371, 8.9118002 ], [ 116.2893756, 8.9110902 ], [ 116.3043391, 8.914735 ], [ 116.3112457, 8.9107289 ], [ 116.3104291, 8.9073696 ], [ 116.2987776, 8.8929094 ], [ 116.2931495, 8.8778705 ], [ 116.289552, 8.8730956 ], [ 116.2812729, 8.868337 ], [ 116.271372, 8.8677123 ], [ 116.2647073, 8.8707934 ], [ 116.2702268, 8.8901182 ], [ 116.2716875, 8.9010682 ] ], [ [ 116.2804726, 8.9056776 ], [ 116.273714, 8.8772855 ], [ 116.2764565, 8.874633 ], [ 116.2804975, 8.8744727 ], [ 116.2887463, 8.8805892 ], [ 116.3005975, 8.9021644 ], [ 116.301101, 8.9062146 ], [ 116.2951975, 8.9076365 ], [ 116.2804726, 8.9056776 ] ] ], [ [ [ 116.6661934, 9.0549312 ], [ 116.6843561, 9.0391902 ], [ 116.6858566, 9.0355679 ], [ 116.6856899, 9.025663 ], [ 116.6827334, 9.0224182 ], [ 116.6743939, 9.0219231 ], [ 116.6645539, 9.0259803 ], [ 116.6589008, 9.0290215 ], [ 116.6544795, 9.0362214 ], [ 116.6523572, 9.0461326 ], [ 116.6527565, 9.0506067 ], [ 116.6545397, 9.0527782 ], [ 116.6620068, 9.0559768 ], [ 116.6661934, 9.0549312 ] ] ], [ [ [ 116.4973358, 9.1761834 ], [ 116.4868708, 9.1738719 ], [ 116.4814042, 9.1748991 ], [ 116.4800475, 9.1773693 ], [ 116.4818172, 9.1810005 ], [ 116.4841216, 9.1818729 ], [ 116.4934574, 9.1803663 ], [ 116.4966264, 9.1786273 ], [ 116.4973358, 9.1761834 ] ] ], [ [ [ 115.9628976, 9.3170627 ], [ 115.9552305, 9.3124427 ], [ 115.9441339, 9.3104791 ], [ 115.9314955, 9.3125032 ], [ 115.9118747, 9.3093176 ], [ 115.9015544, 9.3110027 ], [ 115.8996653, 9.3133222 ], [ 115.9026323, 9.3170038 ], [ 115.9163558, 9.3174677 ], [ 115.9256824, 9.3248422 ], [ 115.9453039, 9.3225045 ], [ 115.95486, 9.3248075 ], [ 115.960314, 9.3233366 ], [ 115.96274, 9.3202968 ], [ 115.9628976, 9.3170627 ] ] ], [ [ [ 115.4462016, 9.3480733 ], [ 115.436834, 9.3484985 ], [ 115.4286446, 9.3522657 ], [ 115.4198894, 9.3799273 ], [ 115.4283026, 9.3976495 ], [ 115.4373004, 9.4085814 ], [ 115.4386437, 9.413931 ], [ 115.4424881, 9.4184597 ], [ 115.4465471, 9.4161916 ], [ 115.4496935, 9.407774 ], [ 115.4531881, 9.391183 ], [ 115.4547682, 9.3712763 ], [ 115.4614598, 9.3617071 ], [ 115.4603598, 9.3592765 ], [ 115.4462016, 9.3480733 ] ], [ [ 115.4509501, 9.383475 ], [ 115.4441227, 9.4084176 ], [ 115.4406336, 9.4073527 ], [ 115.4304404, 9.3913406 ], [ 115.4254571, 9.3794428 ], [ 115.4292486, 9.3633915 ], [ 115.4376538, 9.3528476 ], [ 115.4431923, 9.3520327 ], [ 115.4484724, 9.354383 ], [ 115.4545147, 9.3599303 ], [ 115.4548108, 9.3630298 ], [ 115.4499175, 9.3739983 ], [ 115.4509501, 9.383475 ] ] ], [ [ [ 116.931379, 9.463403 ], [ 116.9375915, 9.4587545 ], [ 116.9359106, 9.4477807 ], [ 116.9260287, 9.4405242 ], [ 116.9196888, 9.4471353 ], [ 116.9187062, 9.4506293 ], [ 116.9198507, 9.453328 ], [ 116.9285681, 9.4623255 ], [ 116.931379, 9.463403 ] ] ], [ [ [ 116.1731611, 9.6086251 ], [ 116.1709877, 9.596746 ], [ 116.1664921, 9.5942473 ], [ 116.1614168, 9.5950085 ], [ 116.1598067, 9.5973234 ], [ 116.161654, 9.6045705 ], [ 116.172061, 9.6113676 ], [ 116.1731611, 9.6086251 ] ] ], [ [ [ 116.6006634, 9.7322121 ], [ 116.6099127, 9.7209805 ], [ 116.611967, 9.7158228 ], [ 116.6105512, 9.7108081 ], [ 116.603736, 9.7072838 ], [ 116.5848035, 9.7159533 ], [ 116.5782059, 9.7159422 ], [ 116.5697383, 9.713612 ], [ 116.5657072, 9.715609 ], [ 116.5615448, 9.7212753 ], [ 116.5541082, 9.7232707 ], [ 116.5447579, 9.728726 ], [ 116.5364828, 9.7310369 ], [ 116.5301146, 9.7314376 ], [ 116.5235883, 9.7297309 ], [ 116.5182757, 9.7316383 ], [ 116.5153109, 9.7251359 ], [ 116.5081924, 9.7176752 ], [ 116.5040983, 9.7061458 ], [ 116.493857, 9.7020528 ], [ 116.4837991, 9.705843 ], [ 116.4679014, 9.7211425 ], [ 116.4562044, 9.742049 ], [ 116.4463147, 9.750774 ], [ 116.4480574, 9.7527633 ], [ 116.4551344, 9.7504424 ], [ 116.4560219, 9.7478699 ], [ 116.4642797, 9.739926 ], [ 116.4653347, 9.7345284 ], [ 116.4703815, 9.7261508 ], [ 116.479667, 9.7157337 ], [ 116.4888663, 9.7083148 ], [ 116.4955461, 9.7086072 ], [ 116.4988849, 9.7104443 ], [ 116.5149587, 9.7320553 ], [ 116.5167303, 9.7405794 ], [ 116.5131098, 9.7513148 ], [ 116.5150403, 9.7578273 ], [ 116.519135, 9.7564247 ], [ 116.5288854, 9.7462846 ], [ 116.5390568, 9.7417827 ], [ 116.5668196, 9.7423384 ], [ 116.5777614, 9.7444266 ], [ 116.5848741, 9.7414571 ], [ 116.592796, 9.7340856 ], [ 116.6006634, 9.7322121 ] ] ], [ [ [ 115.8745592, 9.7294561 ], [ 115.862585, 9.6991682 ], [ 115.8596646, 9.6957196 ], [ 115.8469498, 9.6673579 ], [ 115.8457125, 9.6676296 ], [ 115.8547553, 9.7315223 ], [ 115.8516973, 9.752692 ], [ 115.8517669, 9.7634051 ], [ 115.8472037, 9.7681042 ], [ 115.8461851, 9.7732967 ], [ 115.8613193, 9.8001146 ], [ 115.8708798, 9.8065655 ], [ 115.8761192, 9.8070446 ], [ 115.8877801, 9.8031131 ], [ 115.8920024, 9.7976801 ], [ 115.8928845, 9.7940445 ], [ 115.8912809, 9.784403 ], [ 115.8745592, 9.7294561 ] ], [ [ 115.8718672, 9.7318712 ], [ 115.8752444, 9.7504509 ], [ 115.8858246, 9.7837487 ], [ 115.8830801, 9.7906142 ], [ 115.8799057, 9.7936641 ], [ 115.8713219, 9.7962414 ], [ 115.865309, 9.7918467 ], [ 115.8598207, 9.7848401 ], [ 115.8520663, 9.7704805 ], [ 115.856834, 9.7630889 ], [ 115.8579806, 9.754481 ], [ 115.856436, 9.7422555 ], [ 115.8602652, 9.7281381 ], [ 115.8597766, 9.7212825 ], [ 115.8558214, 9.7112893 ], [ 115.8558263, 9.7024997 ], [ 115.8614966, 9.7069067 ], [ 115.8663725, 9.7231755 ], [ 115.8718672, 9.7318712 ] ] ], [ [ [ 116.440006, 9.7587347 ], [ 116.4469701, 9.7558201 ], [ 116.4432789, 9.7505709 ], [ 116.4394284, 9.7484961 ], [ 116.435793, 9.7504098 ], [ 116.4295541, 9.7601872 ], [ 116.433358, 9.7662198 ], [ 116.440006, 9.7587347 ] ] ], [ [ [ 116.5048686, 9.7574093 ], [ 116.4971539, 9.7664604 ], [ 116.4940084, 9.771453 ], [ 116.496496, 9.7713519 ], [ 116.507981, 9.7640471 ], [ 116.510582, 9.7604804 ], [ 116.5095658, 9.7559904 ], [ 116.5048686, 9.7574093 ] ] ], [ [ [ 116.4827724, 9.780972 ], [ 116.4865549, 9.7820545 ], [ 116.4924718, 9.7750763 ], [ 116.4902783, 9.7735042 ], [ 116.4828367, 9.7788796 ], [ 116.4827724, 9.780972 ] ] ], [ [ [ 116.4295356, 9.7708538 ], [ 116.4299166, 9.7690362 ], [ 116.4265996, 9.7657916 ], [ 116.4181344, 9.7721924 ], [ 116.4183956, 9.7820469 ], [ 116.4152811, 9.79091 ], [ 116.4160205, 9.7951082 ], [ 116.4202331, 9.7974755 ], [ 116.439294, 9.7977011 ], [ 116.4399547, 9.7935548 ], [ 116.4382177, 9.7905159 ], [ 116.4244878, 9.7775399 ], [ 116.4258867, 9.7718464 ], [ 116.4295356, 9.7708538 ] ] ], [ [ [ 116.4496915, 9.8046028 ], [ 116.4585967, 9.8088938 ], [ 116.471354, 9.8067615 ], [ 116.4763104, 9.8030414 ], [ 116.4795083, 9.7979847 ], [ 116.4810721, 9.7901042 ], [ 116.4792441, 9.7860587 ], [ 116.4651577, 9.7924207 ], [ 116.4567316, 9.7945938 ], [ 116.443491, 9.7953323 ], [ 116.4427292, 9.7970109 ], [ 116.4496915, 9.8046028 ] ] ], [ [ [ 115.5693587, 9.8903916 ], [ 115.5575473, 9.8796944 ], [ 115.5477191, 9.8746984 ], [ 115.5320388, 9.8783612 ], [ 115.5108982, 9.8801068 ], [ 115.5052137, 9.8836902 ], [ 115.4992186, 9.8943252 ], [ 115.4971955, 9.906527 ], [ 115.4983818, 9.9179409 ], [ 115.5064437, 9.927772 ], [ 115.5146682, 9.9314867 ], [ 115.5302967, 9.9322616 ], [ 115.5591624, 9.9294495 ], [ 115.5728612, 9.9238905 ], [ 115.5769227, 9.9205345 ], [ 115.5789563, 9.9141239 ], [ 115.5803541, 9.9039343 ], [ 115.5693587, 9.8903916 ] ], [ [ 115.5714022, 9.9148066 ], [ 115.5633292, 9.9210147 ], [ 115.5196985, 9.9289258 ], [ 115.5087477, 9.9243888 ], [ 115.5045999, 9.9196074 ], [ 115.5015719, 9.9066162 ], [ 115.5034327, 9.9031689 ], [ 115.5042031, 9.8951126 ], [ 115.5126239, 9.8848099 ], [ 115.5490813, 9.8788497 ], [ 115.5682981, 9.8940719 ], [ 115.573487, 9.9020539 ], [ 115.5747553, 9.9056703 ], [ 115.5714022, 9.9148066 ] ] ], [ [ [ 114.6551276, 9.9546897 ], [ 114.6517204, 9.9464839 ], [ 114.644281, 9.9402559 ], [ 114.6414587, 9.9304031 ], [ 114.6385637, 9.9288098 ], [ 114.6372477, 9.9301154 ], [ 114.6410884, 9.9412841 ], [ 114.6520855, 9.9558487 ], [ 114.6502141, 9.9649241 ], [ 114.6399506, 9.9770467 ], [ 114.6395396, 9.9800932 ], [ 114.6443448, 9.9829743 ], [ 114.6448885, 9.9866647 ], [ 114.6426473, 9.9882526 ], [ 114.6319707, 9.9889281 ], [ 114.6222904, 9.992858 ], [ 114.6103141, 9.9927309 ], [ 114.6067044, 9.9979851 ], [ 114.6110187, 10.0001241 ], [ 114.615778, 9.9976142 ], [ 114.6195892, 9.9978249 ], [ 114.6685248, 10.00411 ], [ 114.659205, 9.9791533 ], [ 114.6551276, 9.9546897 ] ] ], [ [ [ 116.152473, 10.1269444 ], [ 116.160291, 10.1208693 ], [ 116.164462, 10.1131607 ], [ 116.156328, 10.1112582 ], [ 116.1448639, 10.1156994 ], [ 116.1402626, 10.1238683 ], [ 116.1462672, 10.1285176 ], [ 116.152473, 10.1269444 ] ] ], [ [ [ 115.3106278, 10.1791183 ], [ 115.290258, 10.1719361 ], [ 115.2891414, 10.1741453 ], [ 115.2907504, 10.1802058 ], [ 115.2819878, 10.1970844 ], [ 115.2832723, 10.2108517 ], [ 115.2861483, 10.2133168 ], [ 115.2948841, 10.2068959 ], [ 115.3123486, 10.1980985 ], [ 115.3201736, 10.1996997 ], [ 115.3311127, 10.2048419 ], [ 115.3321682, 10.2037197 ], [ 115.3323577, 10.2006547 ], [ 115.3169233, 10.1839298 ], [ 115.3106278, 10.1791183 ] ] ], [ [ [ 115.3628697, 10.2471193 ], [ 115.3665832, 10.2582327 ], [ 115.3788423, 10.2582988 ], [ 115.3808098, 10.2571349 ], [ 115.3780334, 10.252556 ], [ 115.3682307, 10.2453388 ], [ 115.3637157, 10.2454976 ], [ 115.3628697, 10.2471193 ] ] ], [ [ [ 116.476479, 10.3233153 ], [ 116.484807, 10.3367775 ], [ 116.4951311, 10.3429437 ], [ 116.5111551, 10.319528 ], [ 116.5204686, 10.3121123 ], [ 116.5230496, 10.3073469 ], [ 116.5232369, 10.3033467 ], [ 116.5140537, 10.2931435 ], [ 116.5091507, 10.2907512 ], [ 116.4987341, 10.2857107 ], [ 116.4879439, 10.2861482 ], [ 116.4721688, 10.2993243 ], [ 116.4683318, 10.3056433 ], [ 116.4694138, 10.3121837 ], [ 116.4757647, 10.3197019 ], [ 116.476479, 10.3233153 ] ] ], [ [ [ 116.5556731, 10.3130147 ], [ 116.5496802, 10.3115787 ], [ 116.548957, 10.3128687 ], [ 116.5529887, 10.3180961 ], [ 116.5556731, 10.3130147 ] ] ], [ [ [ 116.5648926, 10.3266165 ], [ 116.5695497, 10.3180325 ], [ 116.5688103, 10.3155448 ], [ 116.5628261, 10.3143206 ], [ 116.5582748, 10.3220606 ], [ 116.5615434, 10.325914 ], [ 116.5648926, 10.3266165 ] ] ], [ [ [ 116.5934716, 10.3327936 ], [ 116.603712, 10.3323955 ], [ 116.6034741, 10.3288126 ], [ 116.5930555, 10.3279101 ], [ 116.5921442, 10.3314478 ], [ 116.5934716, 10.3327936 ] ] ], [ [ [ 114.6902291, 10.3053995 ], [ 114.6782856, 10.301297 ], [ 114.6715938, 10.292982 ], [ 114.665344, 10.2928304 ], [ 114.6558788, 10.2879911 ], [ 114.6537504, 10.2895774 ], [ 114.6559598, 10.292311 ], [ 114.6674944, 10.2991874 ], [ 114.6702259, 10.3052922 ], [ 114.6658921, 10.316996 ], [ 114.6568698, 10.3276806 ], [ 114.6456549, 10.3307236 ], [ 114.6143269, 10.3316051 ], [ 114.6212473, 10.3334983 ], [ 114.6504392, 10.3342342 ], [ 114.6744922, 10.3327685 ], [ 114.6799551, 10.3358658 ], [ 114.6851501, 10.3430639 ], [ 114.6888323, 10.3529942 ], [ 114.6928964, 10.3583558 ], [ 114.7106219, 10.3687717 ], [ 114.718256, 10.3769396 ], [ 114.7196837, 10.3737392 ], [ 114.7002775, 10.3479552 ], [ 114.6989418, 10.3377166 ], [ 114.7049621, 10.3253736 ], [ 114.7048707, 10.3225726 ], [ 114.6981261, 10.3181151 ], [ 114.692891, 10.3075342 ], [ 114.6902291, 10.3053995 ] ] ], [ [ [ 116.6211977, 10.3346649 ], [ 116.6206511, 10.3384679 ], [ 116.6227865, 10.3405503 ], [ 116.6235681, 10.3364576 ], [ 116.6211977, 10.3346649 ] ] ], [ [ [ 116.6786148, 10.3315189 ], [ 116.6713619, 10.3336389 ], [ 116.6714861, 10.3382531 ], [ 116.6792159, 10.3407326 ], [ 116.6949569, 10.3423196 ], [ 116.6986051, 10.3451078 ], [ 116.7040417, 10.3384429 ], [ 116.7012511, 10.3358992 ], [ 116.6885701, 10.3332059 ], [ 116.6786148, 10.3315189 ] ] ], [ [ [ 116.6391807, 10.3382648 ], [ 116.6374564, 10.3358855 ], [ 116.6350095, 10.3356363 ], [ 116.6357057, 10.3437988 ], [ 116.6373686, 10.3434814 ], [ 116.6391807, 10.3382648 ] ] ], [ [ [ 116.6578632, 10.3441997 ], [ 116.6560716, 10.3410681 ], [ 116.6533045, 10.3424426 ], [ 116.6532226, 10.3455265 ], [ 116.6578632, 10.3441997 ] ] ], [ [ [ 116.7142781, 10.3517357 ], [ 116.7316719, 10.3556311 ], [ 116.7361871, 10.3522232 ], [ 116.7362449, 10.350261 ], [ 116.7311508, 10.3466938 ], [ 116.7159552, 10.3446668 ], [ 116.7143407, 10.3465537 ], [ 116.7142781, 10.3517357 ] ] ], [ [ [ 116.7653341, 10.3720976 ], [ 116.7708602, 10.3622536 ], [ 116.7631562, 10.3571164 ], [ 116.7542991, 10.3580466 ], [ 116.7541898, 10.3621108 ], [ 116.7587249, 10.3724204 ], [ 116.7614631, 10.3737059 ], [ 116.7653341, 10.3720976 ] ] ], [ [ [ 116.7955245, 10.3841782 ], [ 116.7903615, 10.3773953 ], [ 116.7836971, 10.373475 ], [ 116.7812336, 10.3786179 ], [ 116.7911368, 10.3903067 ], [ 116.796397, 10.3880615 ], [ 116.7955245, 10.3841782 ] ] ], [ [ [ 116.5093901, 10.3917293 ], [ 116.5146706, 10.3962812 ], [ 116.5200442, 10.4030724 ], [ 116.5236289, 10.4110578 ], [ 116.537048, 10.4276156 ], [ 116.5388273, 10.4227764 ], [ 116.5380296, 10.417201 ], [ 116.532253, 10.414352 ], [ 116.5329989, 10.4050688 ], [ 116.5283058, 10.4010541 ], [ 116.5208817, 10.3993934 ], [ 116.5190595, 10.3963833 ], [ 116.5227345, 10.3895047 ], [ 116.523295, 10.3757436 ], [ 116.5191907, 10.3722656 ], [ 116.5148023, 10.3721636 ], [ 116.5071823, 10.3657443 ], [ 116.5058442, 10.360752 ], [ 116.5072138, 10.3528463 ], [ 116.4949685, 10.3508199 ], [ 116.5066941, 10.3710316 ], [ 116.5091506, 10.3791221 ], [ 116.5093901, 10.3917293 ] ] ], [ [ [ 116.5879995, 10.3973904 ], [ 116.5883977, 10.3993441 ], [ 116.5908632, 10.3984607 ], [ 116.5905186, 10.396519 ], [ 116.5879995, 10.3973904 ] ] ], [ [ [ 116.8061428, 10.3946519 ], [ 116.8047149, 10.3942919 ], [ 116.8005504, 10.4025867 ], [ 116.8020132, 10.4039185 ], [ 116.8084629, 10.4009943 ], [ 116.8061428, 10.3946519 ] ] ], [ [ [ 116.8107785, 10.4088769 ], [ 116.8069204, 10.411139 ], [ 116.8076162, 10.4141898 ], [ 116.8121495, 10.4111992 ], [ 116.8107785, 10.4088769 ] ] ], [ [ [ 116.6015388, 10.4112918 ], [ 116.6021332, 10.4153377 ], [ 116.6043894, 10.4151048 ], [ 116.6051026, 10.4118472 ], [ 116.6038953, 10.4100722 ], [ 116.6015388, 10.4112918 ] ] ], [ [ [ 116.686718, 10.4276556 ], [ 116.6892509, 10.4251959 ], [ 116.6888968, 10.4235272 ], [ 116.6859735, 10.4247706 ], [ 116.686718, 10.4276556 ] ] ], [ [ [ 116.8127655, 10.4304937 ], [ 116.8138518, 10.4337814 ], [ 116.8172181, 10.4289063 ], [ 116.8161109, 10.4261528 ], [ 116.8127655, 10.4304937 ] ] ], [ [ [ 116.5387019, 10.4367708 ], [ 116.5395577, 10.4437399 ], [ 116.5418414, 10.4442071 ], [ 116.5432692, 10.4377053 ], [ 116.5406565, 10.4361308 ], [ 116.5387019, 10.4367708 ] ] ], [ [ [ 116.8210062, 10.4463877 ], [ 116.8234217, 10.4467061 ], [ 116.825189, 10.4450916 ], [ 116.8251979, 10.442011 ], [ 116.8209282, 10.4445709 ], [ 116.8210062, 10.4463877 ] ] ], [ [ [ 116.6269084, 10.4471643 ], [ 116.6314096, 10.4464175 ], [ 116.6315982, 10.4441639 ], [ 116.6295362, 10.4422837 ], [ 116.6269911, 10.4423885 ], [ 116.6269084, 10.4471643 ] ] ], [ [ [ 116.5539184, 10.4487575 ], [ 116.5432858, 10.4517126 ], [ 116.5440255, 10.4558849 ], [ 116.5479815, 10.4557236 ], [ 116.5562605, 10.450623 ], [ 116.5539184, 10.4487575 ] ] ], [ [ [ 116.8362848, 10.4583451 ], [ 116.8336948, 10.4539739 ], [ 116.8296353, 10.4614256 ], [ 116.8293564, 10.4647976 ], [ 116.831138, 10.4673134 ], [ 116.8362848, 10.4583451 ] ] ], [ [ [ 115.7328949, 10.4609481 ], [ 115.7308827, 10.4599869 ], [ 115.7277234, 10.4625194 ], [ 115.7279086, 10.4643533 ], [ 115.7306772, 10.4637911 ], [ 115.7328949, 10.4609481 ] ] ], [ [ [ 116.6398351, 10.4648798 ], [ 116.6428164, 10.4616687 ], [ 116.641308, 10.459485 ], [ 116.6394344, 10.4620889 ], [ 116.6398351, 10.4648798 ] ] ], [ [ [ 116.5512148, 10.4653976 ], [ 116.5545592, 10.4641405 ], [ 116.5561498, 10.461554 ], [ 116.5552555, 10.4604698 ], [ 116.5485318, 10.462145 ], [ 116.5512148, 10.4653976 ] ] ], [ [ [ 115.7707469, 10.4567872 ], [ 115.7815213, 10.4589186 ], [ 115.788711, 10.470732 ], [ 115.7912909, 10.4713264 ], [ 115.791025, 10.4643181 ], [ 115.7878661, 10.4576475 ], [ 115.7836047, 10.4556199 ], [ 115.7707469, 10.4567872 ] ] ], [ [ [ 116.8656471, 10.4802373 ], [ 116.8637509, 10.4771368 ], [ 116.8446838, 10.4730529 ], [ 116.8500527, 10.476598 ], [ 116.8501704, 10.4825999 ], [ 116.8517966, 10.4843473 ], [ 116.8615671, 10.4869679 ], [ 116.8656471, 10.4802373 ] ] ], [ [ [ 115.7016469, 10.4893656 ], [ 115.7135599, 10.5094076 ], [ 115.7188153, 10.5131262 ], [ 115.7193737, 10.5094238 ], [ 115.7076794, 10.4890289 ], [ 115.7068103, 10.4844587 ], [ 115.704811, 10.4838419 ], [ 115.7020079, 10.4865911 ], [ 115.7016469, 10.4893656 ] ] ], [ [ [ 116.8828678, 10.4981732 ], [ 116.8763329, 10.4941144 ], [ 116.8775255, 10.4988191 ], [ 116.8743271, 10.5032902 ], [ 116.8748167, 10.5048079 ], [ 116.8828678, 10.4981732 ] ] ], [ [ [ 115.7914297, 10.4903052 ], [ 115.7914036, 10.4794958 ], [ 115.78559, 10.4739905 ], [ 115.7822956, 10.4662378 ], [ 115.7736779, 10.4612639 ], [ 115.7670768, 10.4626625 ], [ 115.7610714, 10.4599473 ], [ 115.7472952, 10.4645997 ], [ 115.7407143, 10.4703633 ], [ 115.7331755, 10.4708141 ], [ 115.7274194, 10.4738451 ], [ 115.7238022, 10.4781203 ], [ 115.7234913, 10.4822161 ], [ 115.7188291, 10.4853246 ], [ 115.7223294, 10.4949202 ], [ 115.7287589, 10.5035448 ], [ 115.7311499, 10.5114551 ], [ 115.7433797, 10.5099477 ], [ 115.7405653, 10.5113379 ], [ 115.7352784, 10.521813 ], [ 115.7499772, 10.5347588 ], [ 115.7576506, 10.531656 ], [ 115.7703564, 10.5309554 ], [ 115.7796687, 10.5342921 ], [ 115.7892754, 10.5407818 ], [ 115.7992093, 10.5390318 ], [ 115.8022266, 10.5358128 ], [ 115.7978669, 10.5067493 ], [ 115.7914297, 10.4903052 ] ] ], [ [ [ 116.5681996, 10.511214 ], [ 116.5702927, 10.5037034 ], [ 116.5695348, 10.4991113 ], [ 116.5660337, 10.4932304 ], [ 116.5630972, 10.4923984 ], [ 116.5554476, 10.495656 ], [ 116.5523432, 10.4992891 ], [ 116.5515581, 10.5042301 ], [ 116.5535514, 10.5113018 ], [ 116.559609, 10.5156831 ], [ 116.5627123, 10.5154161 ], [ 116.5681996, 10.511214 ] ] ], [ [ [ 116.6944297, 10.5095714 ], [ 116.6974108, 10.5063593 ], [ 116.6959015, 10.5041759 ], [ 116.6940282, 10.5067804 ], [ 116.6944297, 10.5095714 ] ] ], [ [ [ 116.651693, 10.517405 ], [ 116.6499198, 10.5162589 ], [ 116.649462, 10.5190415 ], [ 116.6510336, 10.5193018 ], [ 116.651693, 10.517405 ] ] ], [ [ [ 116.5738629, 10.5230955 ], [ 116.5694466, 10.5224345 ], [ 116.5661189, 10.5241134 ], [ 116.569267, 10.5316991 ], [ 116.575325, 10.5377633 ], [ 116.5776634, 10.5361247 ], [ 116.5798349, 10.5311763 ], [ 116.5738629, 10.5230955 ] ] ], [ [ [ 115.7339664, 10.5372485 ], [ 115.7439699, 10.5373395 ], [ 115.7473087, 10.5349149 ], [ 115.7264529, 10.5260768 ], [ 115.7253664, 10.5272945 ], [ 115.7272692, 10.5323176 ], [ 115.7339664, 10.5372485 ] ] ], [ [ [ 116.9473213, 10.5506152 ], [ 116.9355905, 10.528908 ], [ 116.9082638, 10.5180596 ], [ 116.8970547, 10.5098765 ], [ 116.8953723, 10.5100876 ], [ 116.8954749, 10.5124575 ], [ 116.8992887, 10.5191392 ], [ 116.8986879, 10.521539 ], [ 116.8898095, 10.5346253 ], [ 116.876105, 10.5486141 ], [ 116.872707, 10.5564399 ], [ 116.8734327, 10.5601803 ], [ 116.8777694, 10.5626505 ], [ 116.888206, 10.5562024 ], [ 116.892985, 10.5558601 ], [ 116.900886, 10.5527314 ], [ 116.9058655, 10.5488885 ], [ 116.9088329, 10.5490417 ], [ 116.9202414, 10.5552609 ], [ 116.9394772, 10.5598889 ], [ 116.942953, 10.558763 ], [ 116.9473213, 10.5506152 ] ] ], [ [ [ 116.6932044, 10.5410056 ], [ 116.6927691, 10.5441123 ], [ 116.6941838, 10.5440536 ], [ 116.6964927, 10.5383423 ], [ 116.6932044, 10.5410056 ] ] ], [ [ [ 116.5877868, 10.5361311 ], [ 116.5853473, 10.5421221 ], [ 116.5816825, 10.5438382 ], [ 116.5885717, 10.5548946 ], [ 116.5919107, 10.5568618 ], [ 116.594302, 10.5564833 ], [ 116.5984259, 10.5501424 ], [ 116.5957168, 10.5496924 ], [ 116.5940793, 10.5511622 ], [ 116.5887087, 10.5480159 ], [ 116.5868954, 10.5452848 ], [ 116.5882151, 10.5429865 ], [ 116.5920314, 10.5428302 ], [ 116.5933687, 10.5409519 ], [ 116.5931511, 10.5391374 ], [ 116.5877868, 10.5361311 ] ] ], [ [ [ 116.6197447, 10.5672216 ], [ 116.6196212, 10.564281 ], [ 116.6168884, 10.5632712 ], [ 116.6066456, 10.5655154 ], [ 116.6045747, 10.5680443 ], [ 116.6101431, 10.5746297 ], [ 116.6164223, 10.572408 ], [ 116.6197447, 10.5672216 ] ] ], [ [ [ 116.8600422, 10.5692566 ], [ 116.8535601, 10.5762503 ], [ 116.8546218, 10.5795654 ], [ 116.858552, 10.5772994 ], [ 116.8608079, 10.5706242 ], [ 116.8600422, 10.5692566 ] ] ], [ [ [ 116.6270539, 10.5760388 ], [ 116.6251924, 10.5789208 ], [ 116.6210911, 10.5805205 ], [ 116.6220703, 10.5821353 ], [ 116.6253101, 10.5817215 ], [ 116.6275368, 10.5774216 ], [ 116.6270539, 10.5760388 ] ] ], [ [ [ 116.6459798, 10.5866216 ], [ 116.6367375, 10.58574 ], [ 116.6353415, 10.5879016 ], [ 116.6388818, 10.5895794 ], [ 116.6446899, 10.5896206 ], [ 116.6459798, 10.5866216 ] ] ], [ [ [ 116.8471091, 10.584135 ], [ 116.8384403, 10.5863205 ], [ 116.8374718, 10.5950117 ], [ 116.8469715, 10.5875008 ], [ 116.8471091, 10.584135 ] ] ], [ [ [ 116.6524894, 10.5932267 ], [ 116.6544569, 10.5928649 ], [ 116.6562945, 10.5894224 ], [ 116.6522595, 10.591132 ], [ 116.6524894, 10.5932267 ] ] ], [ [ [ 116.6655257, 10.5933898 ], [ 116.6689255, 10.5984396 ], [ 116.6709166, 10.5986379 ], [ 116.6692544, 10.5928148 ], [ 116.667381, 10.5920506 ], [ 116.6655257, 10.5933898 ] ] ], [ [ [ 116.6817697, 10.6074474 ], [ 116.6808159, 10.610012 ], [ 116.6849813, 10.6113826 ], [ 116.6851219, 10.60801 ], [ 116.6817697, 10.6074474 ] ] ], [ [ [ 116.7105472, 10.6214048 ], [ 116.7131089, 10.6183524 ], [ 116.7120009, 10.6172761 ], [ 116.710205, 10.6200161 ], [ 116.7105472, 10.6214048 ] ] ], [ [ [ 116.732498, 10.6312941 ], [ 116.7359641, 10.6228727 ], [ 116.7242759, 10.6244816 ], [ 116.7219555, 10.6265421 ], [ 116.732498, 10.6312941 ] ] ], [ [ [ 116.7462547, 10.6300194 ], [ 116.7433987, 10.632804 ], [ 116.7409071, 10.6341704 ], [ 116.742799, 10.6353542 ], [ 116.7474874, 10.6323529 ], [ 116.7462547, 10.6300194 ] ] ], [ [ [ 116.7691702, 10.6425304 ], [ 116.7531991, 10.6367442 ], [ 116.7506139, 10.639237 ], [ 116.7571604, 10.6399458 ], [ 116.7659717, 10.6439268 ], [ 116.7691702, 10.6425304 ] ] ], [ [ [ 116.8259663, 10.6023386 ], [ 116.8206063, 10.6025641 ], [ 116.8154442, 10.6073999 ], [ 116.8125689, 10.6128394 ], [ 116.8095231, 10.6390013 ], [ 116.8014206, 10.6510991 ], [ 116.7946403, 10.6561426 ], [ 116.7897261, 10.6569085 ], [ 116.7853104, 10.6561137 ], [ 116.7804152, 10.6507197 ], [ 116.7751136, 10.6523414 ], [ 116.7740626, 10.654205 ], [ 116.7849351, 10.6655076 ], [ 116.7977876, 10.6735075 ], [ 116.8027627, 10.6790135 ], [ 116.8089243, 10.6912426 ], [ 116.8121169, 10.6911811 ], [ 116.8133961, 10.6880514 ], [ 116.8165317, 10.6689046 ], [ 116.8144354, 10.6299768 ], [ 116.8153615, 10.6202802 ], [ 116.8281393, 10.6068659 ], [ 116.8259663, 10.6023386 ] ] ], [ [ [ 115.8775979, 10.6596342 ], [ 115.870323, 10.6492086 ], [ 115.8617895, 10.646194 ], [ 115.8594291, 10.6468382 ], [ 115.8627132, 10.6519949 ], [ 115.8708373, 10.6553028 ], [ 115.8745794, 10.6614148 ], [ 115.8762607, 10.6613517 ], [ 115.8775979, 10.6596342 ] ] ], [ [ [ 116.161155, 10.6228629 ], [ 116.1601523, 10.6595192 ], [ 116.1650849, 10.6739468 ], [ 116.1663106, 10.6853166 ], [ 116.1656981, 10.6999606 ], [ 116.1614733, 10.7157203 ], [ 116.1625779, 10.7187407 ], [ 116.1729317, 10.7297559 ], [ 116.1751638, 10.7291101 ], [ 116.1738382, 10.6960234 ], [ 116.1763509, 10.6867356 ], [ 116.1853028, 10.669678 ], [ 116.200099, 10.6511389 ], [ 116.2028676, 10.650056 ], [ 116.2060511, 10.6435269 ], [ 116.205744, 10.639362 ], [ 116.1848103, 10.6114993 ], [ 116.1734239, 10.6044254 ], [ 116.1592713, 10.6055334 ], [ 116.161155, 10.6228629 ] ] ], [ [ [ 115.8869295, 10.7212284 ], [ 115.8985514, 10.6985518 ], [ 115.8792235, 10.6636025 ], [ 115.8771644, 10.6647914 ], [ 115.8774377, 10.6682548 ], [ 115.8838249, 10.6774633 ], [ 115.881883, 10.6817048 ], [ 115.8743414, 10.6862955 ], [ 115.8733375, 10.6893901 ], [ 115.8736222, 10.6913247 ], [ 115.8787131, 10.6959969 ], [ 115.8807227, 10.7099558 ], [ 115.8833892, 10.7136075 ], [ 115.8780994, 10.7183918 ], [ 115.8721964, 10.7200029 ], [ 115.8682384, 10.7230422 ], [ 115.8577248, 10.7417842 ], [ 115.8576328, 10.7522129 ], [ 115.8589957, 10.7548029 ], [ 115.8621069, 10.7553814 ], [ 115.8662069, 10.7524476 ], [ 115.8691992, 10.7535865 ], [ 115.8717319, 10.7573836 ], [ 115.8703413, 10.7668883 ], [ 115.8654532, 10.7690262 ], [ 115.8606755, 10.7690312 ], [ 115.8550728, 10.7641356 ], [ 115.8507337, 10.7656032 ], [ 115.8457645, 10.7713985 ], [ 115.8455205, 10.7745909 ], [ 115.8563258, 10.7729261 ], [ 115.8571832, 10.7753048 ], [ 115.8497353, 10.7843412 ], [ 115.8450523, 10.7867405 ], [ 115.8393239, 10.7875106 ], [ 115.8329551, 10.7862193 ], [ 115.8275654, 10.7885056 ], [ 115.8212693, 10.7835969 ], [ 115.8162421, 10.7843403 ], [ 115.8153214, 10.7822894 ], [ 115.8193141, 10.7728271 ], [ 115.8279349, 10.7613852 ], [ 115.8230379, 10.7618458 ], [ 115.82126, 10.75941 ], [ 115.8152458, 10.7397567 ], [ 115.8183435, 10.7363053 ], [ 115.8185181, 10.7335188 ], [ 115.816898, 10.7296871 ], [ 115.8133614, 10.7289849 ], [ 115.8124568, 10.7273506 ], [ 115.8177551, 10.7227053 ], [ 115.8270342, 10.7230544 ], [ 115.8296025, 10.7204566 ], [ 115.8325941, 10.6976888 ], [ 115.8358664, 10.6896441 ], [ 115.8351328, 10.6753534 ], [ 115.8396043, 10.6659206 ], [ 115.8372494, 10.657533 ], [ 115.837283, 10.6473889 ], [ 115.8412811, 10.6473784 ], [ 115.8447955, 10.6365486 ], [ 115.8472535, 10.6347894 ], [ 115.8495883, 10.6408154 ], [ 115.854844, 10.6461763 ], [ 115.8566494, 10.6456918 ], [ 115.8569688, 10.64304 ], [ 115.8497645, 10.6344176 ], [ 115.8449308, 10.6180648 ], [ 115.8301608, 10.5986104 ], [ 115.8274908, 10.5957231 ], [ 115.8245284, 10.5952779 ], [ 115.8178387, 10.615742 ], [ 115.8218495, 10.6271241 ], [ 115.8192394, 10.6377807 ], [ 115.8217968, 10.6551919 ], [ 115.8173763, 10.677269 ], [ 115.8086045, 10.699417 ], [ 115.8036516, 10.7371302 ], [ 115.8082936, 10.7447415 ], [ 115.8103523, 10.7600943 ], [ 115.8105531, 10.765369 ], [ 115.8060189, 10.7772143 ], [ 115.8055487, 10.7851553 ], [ 115.8101785, 10.7961039 ], [ 115.8123561, 10.7979691 ], [ 115.8150164, 10.8106593 ], [ 115.8311528, 10.8304934 ], [ 115.8352641, 10.8296449 ], [ 115.8498175, 10.804356 ], [ 115.8523972, 10.8020352 ], [ 115.8615841, 10.7998841 ], [ 115.8699392, 10.7888669 ], [ 115.8706066, 10.7806402 ], [ 115.8740731, 10.7721696 ], [ 115.8749683, 10.7607374 ], [ 115.8817804, 10.7461641 ], [ 115.8869295, 10.7212284 ] ] ], [ [ [ 116.1840958, 10.7680892 ], [ 116.1953534, 10.7999488 ], [ 116.2025835, 10.8119182 ], [ 116.2078543, 10.815332 ], [ 116.2093911, 10.8135348 ], [ 116.2078709, 10.8016872 ], [ 116.1967165, 10.7918207 ], [ 116.1958644, 10.788095 ], [ 116.1992559, 10.7779387 ], [ 116.1980528, 10.7742268 ], [ 116.1893796, 10.7648202 ], [ 116.1881785, 10.7576279 ], [ 116.1905965, 10.7512689 ], [ 116.1872008, 10.7472251 ], [ 116.1880226, 10.7378659 ], [ 116.1850945, 10.7314373 ], [ 116.1829665, 10.7309635 ], [ 116.1776871, 10.7325614 ], [ 116.1766914, 10.735802 ], [ 116.1850322, 10.7545488 ], [ 116.1840958, 10.7680892 ] ] ], [ [ [ 116.680013, 10.7794576 ], [ 116.6831944, 10.7913172 ], [ 116.6856525, 10.7927493 ], [ 116.6952197, 10.7922136 ], [ 116.6985014, 10.7902445 ], [ 116.6891286, 10.7815901 ], [ 116.6818195, 10.7788251 ], [ 116.680013, 10.7794576 ] ] ], [ [ [ 116.6173561, 10.8035712 ], [ 116.6222886, 10.8219353 ], [ 116.6248053, 10.8247635 ], [ 116.6267003, 10.824546 ], [ 116.6287362, 10.8226475 ], [ 116.6302676, 10.8121145 ], [ 116.6327433, 10.8072663 ], [ 116.6413141, 10.8048196 ], [ 116.6490277, 10.7971031 ], [ 116.6563659, 10.793869 ], [ 116.6622192, 10.7872061 ], [ 116.6700669, 10.7826941 ], [ 116.6723717, 10.780505 ], [ 116.6728331, 10.7764081 ], [ 116.6709569, 10.7737234 ], [ 116.6544689, 10.7706351 ], [ 116.643096, 10.7718019 ], [ 116.6356881, 10.7750383 ], [ 116.6186183, 10.7916537 ], [ 116.6173561, 10.8035712 ] ] ], [ [ [ 116.2710769, 10.809926 ], [ 116.273167, 10.8059452 ], [ 116.2743698, 10.797405 ], [ 116.2739824, 10.794775 ], [ 116.2714856, 10.7938989 ], [ 116.257352, 10.7991891 ], [ 116.2526437, 10.8045257 ], [ 116.2581421, 10.8118276 ], [ 116.2654253, 10.812794 ], [ 116.2710769, 10.809926 ] ] ], [ [ [ 116.0921151, 10.8133508 ], [ 116.0957688, 10.8015542 ], [ 116.0933613, 10.7981364 ], [ 116.0892928, 10.7994167 ], [ 116.0873664, 10.8081975 ], [ 116.0888419, 10.8131961 ], [ 116.0921151, 10.8133508 ] ] ], [ [ [ 116.6971206, 10.8147728 ], [ 116.6997921, 10.815602 ], [ 116.7022089, 10.8117714 ], [ 116.7014404, 10.8102686 ], [ 116.6978527, 10.8120916 ], [ 116.6971206, 10.8147728 ] ] ], [ [ [ 116.8108098, 10.823006 ], [ 116.8140958, 10.8191008 ], [ 116.8132096, 10.8181614 ], [ 116.8029466, 10.8155226 ], [ 116.7826874, 10.8131624 ], [ 116.7810597, 10.8163 ], [ 116.7917556, 10.8257585 ], [ 116.8045791, 10.8256395 ], [ 116.8108098, 10.823006 ] ] ], [ [ [ 116.7153557, 10.8159696 ], [ 116.7110776, 10.8214491 ], [ 116.7146087, 10.8249301 ], [ 116.7176869, 10.8243837 ], [ 116.7199311, 10.8208023 ], [ 116.7192735, 10.8185973 ], [ 116.7153557, 10.8159696 ] ] ], [ [ [ 116.3049628, 10.8165237 ], [ 116.2894971, 10.8062754 ], [ 116.2863962, 10.8061194 ], [ 116.2813429, 10.8150902 ], [ 116.2805, 10.822085 ], [ 116.2835391, 10.8276735 ], [ 116.2873116, 10.8322585 ], [ 116.2927782, 10.8352449 ], [ 116.3109136, 10.8314644 ], [ 116.3333654, 10.8317434 ], [ 116.3373389, 10.828783 ], [ 116.3355953, 10.8208053 ], [ 116.3305267, 10.8173205 ], [ 116.3125836, 10.8188674 ], [ 116.3049628, 10.8165237 ] ] ], [ [ [ 116.7688435, 10.8207175 ], [ 116.7608303, 10.8146341 ], [ 116.7546003, 10.8189403 ], [ 116.7617414, 10.8277114 ], [ 116.7644389, 10.8281569 ], [ 116.7679034, 10.8267564 ], [ 116.7697788, 10.8238508 ], [ 116.7688435, 10.8207175 ] ] ], [ [ [ 116.226545, 10.841193 ], [ 116.2286262, 10.8334537 ], [ 116.225147, 10.8203632 ], [ 116.223339, 10.8173711 ], [ 116.2196651, 10.8169581 ], [ 116.215855, 10.8201703 ], [ 116.2154213, 10.8233895 ], [ 116.2183115, 10.8323263 ], [ 116.226545, 10.841193 ] ] ], [ [ [ 116.8295196, 10.8286379 ], [ 116.825852, 10.8318618 ], [ 116.8260138, 10.8356223 ], [ 116.8283149, 10.8383161 ], [ 116.8326219, 10.8352047 ], [ 116.8325887, 10.8311598 ], [ 116.8295196, 10.8286379 ] ] ], [ [ [ 116.8661453, 10.850814 ], [ 116.8687366, 10.8553091 ], [ 116.8698307, 10.8480071 ], [ 116.8667067, 10.8442322 ], [ 116.8614432, 10.846408 ], [ 116.8586743, 10.8508504 ], [ 116.8615793, 10.8528208 ], [ 116.8661453, 10.850814 ] ] ], [ [ [ 116.7344464, 10.8538346 ], [ 116.7260743, 10.8476574 ], [ 116.7240871, 10.850671 ], [ 116.7269398, 10.8547395 ], [ 116.7339426, 10.8552497 ], [ 116.7344464, 10.8538346 ] ] ], [ [ [ 116.8510085, 10.849639 ], [ 116.8507114, 10.8460237 ], [ 116.8464774, 10.8459231 ], [ 116.8413895, 10.8538118 ], [ 116.8412881, 10.8580021 ], [ 116.8449654, 10.8582658 ], [ 116.8510085, 10.849639 ] ] ], [ [ [ 116.2434933, 10.8605964 ], [ 116.2493162, 10.8513199 ], [ 116.2482023, 10.8463802 ], [ 116.2336919, 10.8532209 ], [ 116.2340438, 10.8619866 ], [ 116.2388023, 10.8630077 ], [ 116.2434933, 10.8605964 ] ] ], [ [ [ 116.7520951, 10.8609064 ], [ 116.7448379, 10.8593965 ], [ 116.7441771, 10.8637458 ], [ 116.7463381, 10.8681169 ], [ 116.7491903, 10.8678211 ], [ 116.7529594, 10.8646344 ], [ 116.7520951, 10.8609064 ] ] ], [ [ [ 116.6631968, 10.9021921 ], [ 116.6657094, 10.9015298 ], [ 116.6668826, 10.895895 ], [ 116.6656023, 10.8923168 ], [ 116.6556575, 10.8907719 ], [ 116.648096, 10.8854973 ], [ 116.6496337, 10.881803 ], [ 116.6529796, 10.8808271 ], [ 116.6541414, 10.8749138 ], [ 116.650007, 10.8505057 ], [ 116.6436558, 10.837082 ], [ 116.6377751, 10.8314591 ], [ 116.6326223, 10.8297161 ], [ 116.6274561, 10.8328414 ], [ 116.6388906, 10.8512429 ], [ 116.6427883, 10.8633715 ], [ 116.638445, 10.8741638 ], [ 116.6385743, 10.8839343 ], [ 116.6407347, 10.8883143 ], [ 116.6508442, 10.8971152 ], [ 116.6631968, 10.9021921 ] ] ], [ [ [ 116.8773247, 10.8794446 ], [ 116.8739233, 10.8692745 ], [ 116.8707787, 10.8682925 ], [ 116.8679998, 10.8692462 ], [ 116.8661737, 10.8726683 ], [ 116.8672889, 10.8788932 ], [ 116.8706587, 10.8818171 ], [ 116.8751569, 10.8814876 ], [ 116.8773247, 10.8794446 ] ] ], [ [ [ 114.8696729, 10.8537373 ], [ 114.8694866, 10.8577735 ], [ 114.8908887, 10.8632233 ], [ 114.9103365, 10.879023 ], [ 114.9171564, 10.8826166 ], [ 114.920711, 10.8863176 ], [ 114.9316017, 10.9072768 ], [ 114.935403, 10.9087423 ], [ 114.9367942, 10.9023325 ], [ 114.930225, 10.8823977 ], [ 114.9223371, 10.8662188 ], [ 114.918608, 10.8636903 ], [ 114.8968051, 10.8638775 ], [ 114.875953, 10.854062 ], [ 114.8696729, 10.8537373 ] ] ], [ [ [ 116.3689124, 10.8881614 ], [ 116.3693273, 10.8931563 ], [ 116.3757017, 10.9011153 ], [ 116.3787139, 10.9025264 ], [ 116.3874264, 10.8988375 ], [ 116.394626, 10.8925638 ], [ 116.3965883, 10.8889507 ], [ 116.3972572, 10.8778004 ], [ 116.3913763, 10.859563 ], [ 116.3836599, 10.8634906 ], [ 116.3780653, 10.8642708 ], [ 116.3723202, 10.8682585 ], [ 116.3689124, 10.8881614 ] ] ], [ [ [ 116.2509638, 10.8836141 ], [ 116.2521354, 10.8777199 ], [ 116.2467972, 10.874588 ], [ 116.241745, 10.8750649 ], [ 116.2391666, 10.8810141 ], [ 116.2455659, 10.8930161 ], [ 116.2509638, 10.8836141 ] ] ], [ [ [ 116.7503481, 10.8813401 ], [ 116.7474468, 10.8864084 ], [ 116.7510452, 10.8880713 ], [ 116.7539477, 10.8833483 ], [ 116.7503481, 10.8813401 ] ] ], [ [ [ 116.4582012, 10.8925684 ], [ 116.4372213, 10.8766066 ], [ 116.4320093, 10.8763985 ], [ 116.4254014, 10.8798647 ], [ 116.4049294, 10.9087974 ], [ 116.4072389, 10.9102358 ], [ 116.4416719, 10.9027305 ], [ 116.4495452, 10.9043621 ], [ 116.4530184, 10.9067274 ], [ 116.4569496, 10.9058681 ], [ 116.4600262, 10.8993063 ], [ 116.4582012, 10.8925684 ] ] ], [ [ [ 116.8985592, 10.9008463 ], [ 116.8947807, 10.9047699 ], [ 116.8958807, 10.9073715 ], [ 116.8988249, 10.906968 ], [ 116.9031846, 10.9034379 ], [ 116.9028306, 10.9017803 ], [ 116.8985592, 10.9008463 ] ] ], [ [ [ 116.4757243, 10.9047896 ], [ 116.4681818, 10.8992555 ], [ 116.4643474, 10.9085849 ], [ 116.4655453, 10.9103437 ], [ 116.4724861, 10.9081175 ], [ 116.4757243, 10.9047896 ] ] ], [ [ [ 116.6767132, 10.9033281 ], [ 116.6760149, 10.9068454 ], [ 116.6808134, 10.9101355 ], [ 116.681294, 10.9048131 ], [ 116.6767132, 10.9033281 ] ] ], [ [ [ 116.7949982, 10.9059413 ], [ 116.7922177, 10.910244 ], [ 116.7941336, 10.9121174 ], [ 116.7965714, 10.912992 ], [ 116.7990127, 10.910657 ], [ 116.7968662, 10.9067003 ], [ 116.7949982, 10.9059413 ] ] ], [ [ [ 116.4880818, 10.9111018 ], [ 116.4811636, 10.9070721 ], [ 116.4803731, 10.9151667 ], [ 116.4893176, 10.9171685 ], [ 116.4906701, 10.9158626 ], [ 116.4880818, 10.9111018 ] ] ], [ [ [ 116.9219615, 10.916858 ], [ 116.9240398, 10.9095215 ], [ 116.9211835, 10.9054614 ], [ 116.9192309, 10.9059625 ], [ 116.9198332, 10.9133244 ], [ 116.9161169, 10.9154337 ], [ 116.9092248, 10.9158657 ], [ 116.9087826, 10.9186722 ], [ 116.9116208, 10.9206534 ], [ 116.9171673, 10.9201282 ], [ 116.9219615, 10.916858 ] ] ], [ [ [ 114.6683245, 10.9621209 ], [ 114.6454609, 10.9489219 ], [ 114.6424333, 10.9510915 ], [ 114.6501834, 10.9712875 ], [ 114.6597333, 10.9853041 ], [ 114.6636174, 10.9864153 ], [ 114.665064, 10.9832587 ], [ 114.6616175, 10.9648519 ], [ 114.6629543, 10.9629332 ], [ 114.6669168, 10.9636615 ], [ 114.6683245, 10.9621209 ] ] ], [ [ [ 114.736992, 11.0065416 ], [ 114.7350127, 11.0071482 ], [ 114.736231, 11.0107633 ], [ 114.7397368, 11.0137249 ], [ 114.7439256, 11.013726 ], [ 114.7428352, 11.0096423 ], [ 114.736992, 11.0065416 ] ] ], [ [ [ 114.7143464, 11.0292901 ], [ 114.6974397, 11.0105718 ], [ 114.6933546, 11.0073953 ], [ 114.6882884, 11.0058267 ], [ 114.6859208, 11.0067909 ], [ 114.6858078, 11.0125225 ], [ 114.6991499, 11.0247627 ], [ 114.7125362, 11.0320146 ], [ 114.7144304, 11.0318553 ], [ 114.7143464, 11.0292901 ] ] ], [ [ [ 115.02472, 11.0828795 ], [ 115.0255293, 11.0795554 ], [ 115.0237392, 11.0749853 ], [ 115.0185374, 11.070332 ], [ 115.0165066, 11.0711723 ], [ 115.01531, 11.0756366 ], [ 115.0166614, 11.0777685 ], [ 115.0218161, 11.0831169 ], [ 115.02472, 11.0828795 ] ] ], [ [ [ 114.7919943, 11.0876854 ], [ 114.7996971, 11.112247 ], [ 114.8006426, 11.1232596 ], [ 114.8041212, 11.1297443 ], [ 114.8036203, 11.1365014 ], [ 114.8013639, 11.1384389 ], [ 114.7975683, 11.1377012 ], [ 114.7835883, 11.127253 ], [ 114.7772759, 11.1205725 ], [ 114.7715594, 11.118749 ], [ 114.7712194, 11.1216283 ], [ 114.7808302, 11.1359472 ], [ 114.7939337, 11.1500702 ], [ 114.8018717, 11.1559202 ], [ 114.8057722, 11.1554372 ], [ 114.809454, 11.1527397 ], [ 114.8131236, 11.1453156 ], [ 114.8137716, 11.1342654 ], [ 114.8102213, 11.1081773 ], [ 114.8068566, 11.0963829 ], [ 114.8026886, 11.0887735 ], [ 114.7991467, 11.0847292 ], [ 114.7960668, 11.0836816 ], [ 114.7919943, 11.0876854 ] ] ], [ [ [ 116.1162585, 11.349586 ], [ 116.1099353, 11.3490277 ], [ 116.1079909, 11.350564 ], [ 116.1069188, 11.3610978 ], [ 116.1079093, 11.3651585 ], [ 116.1113529, 11.3683048 ], [ 116.1162913, 11.3672944 ], [ 116.1202713, 11.3630419 ], [ 116.1195945, 11.3524347 ], [ 116.1162585, 11.349586 ] ] ], [ [ [ 116.2104698, 11.3889639 ], [ 116.2161488, 11.3875867 ], [ 116.2185619, 11.3835641 ], [ 116.2176814, 11.3762041 ], [ 116.2132242, 11.3730277 ], [ 116.2047554, 11.3748603 ], [ 116.2026498, 11.3807193 ], [ 116.2052455, 11.3870881 ], [ 116.2104698, 11.3889639 ] ] ], [ [ [ 116.3127625, 11.3841254 ], [ 116.3210326, 11.3936364 ], [ 116.3243967, 11.394733 ], [ 116.3300992, 11.3907182 ], [ 116.3318681, 11.384599 ], [ 116.3274092, 11.3769873 ], [ 116.3163231, 11.3696378 ], [ 116.3105572, 11.3706856 ], [ 116.3093976, 11.3727809 ], [ 116.3127625, 11.3841254 ] ] ], [ [ [ 114.6340044, 11.3972556 ], [ 114.6512013, 11.4089622 ], [ 114.6528875, 11.4059995 ], [ 114.6499795, 11.3975933 ], [ 114.6365754, 11.3875849 ], [ 114.6304581, 11.388257 ], [ 114.6340044, 11.3972556 ] ] ], [ [ [ 116.1501871, 11.4232869 ], [ 116.1597177, 11.4343575 ], [ 116.1695847, 11.4310583 ], [ 116.1639678, 11.4155744 ], [ 116.1561687, 11.4080261 ], [ 116.1541843, 11.4038412 ], [ 116.1483345, 11.3995818 ], [ 116.1442772, 11.3889723 ], [ 116.141039, 11.3875276 ], [ 116.1333176, 11.387602 ], [ 116.1313916, 11.3905925 ], [ 116.1313338, 11.3948565 ], [ 116.1332243, 11.4024098 ], [ 116.1363604, 11.4069989 ], [ 116.143718, 11.4125024 ], [ 116.1501871, 11.4232869 ] ] ], [ [ [ 116.3642328, 11.4746317 ], [ 116.3682767, 11.472011 ], [ 116.3704954, 11.4653633 ], [ 116.3693988, 11.4588476 ], [ 116.3535782, 11.4373391 ], [ 116.3462475, 11.4204126 ], [ 116.3421989, 11.4025362 ], [ 116.3377226, 11.3945152 ], [ 116.3300992, 11.3907182 ], [ 116.3318257, 11.3957782 ], [ 116.3229419, 11.3983802 ], [ 116.3249652, 11.4073184 ], [ 116.3403187, 11.4378653 ], [ 116.3424099, 11.448441 ], [ 116.3488123, 11.4629454 ], [ 116.3583305, 11.4724065 ], [ 116.3642328, 11.4746317 ] ] ], [ [ [ 114.6978767, 11.4448998 ], [ 114.6889646, 11.433175 ], [ 114.6857135, 11.4345222 ], [ 114.6854637, 11.4363682 ], [ 114.6942101, 11.4489565 ], [ 114.6977137, 11.4474007 ], [ 114.6978767, 11.4448998 ] ] ], [ [ [ 114.636806, 11.462169 ], [ 114.6344467, 11.4563479 ], [ 114.6278312, 11.4279981 ], [ 114.6235803, 11.3984264 ], [ 114.6221018, 11.3957244 ], [ 114.6188652, 11.3952062 ], [ 114.6168639, 11.3980253 ], [ 114.6154149, 11.4055741 ], [ 114.6175023, 11.4573409 ], [ 114.6200716, 11.476861 ], [ 114.6248951, 11.4887009 ], [ 114.6320104, 11.4986354 ], [ 114.6452188, 11.5038384 ], [ 114.6586114, 11.5033628 ], [ 114.6644059, 11.5003462 ], [ 114.6673995, 11.4970354 ], [ 114.6678696, 11.4924264 ], [ 114.6657401, 11.4877466 ], [ 114.6424924, 11.488099 ], [ 114.6371225, 11.4862777 ], [ 114.6345524, 11.4835257 ], [ 114.6331312, 11.4671852 ], [ 114.636806, 11.462169 ] ] ], [ [ [ 114.6681144, 11.4823456 ], [ 114.6686517, 11.4845503 ], [ 114.6855188, 11.486773 ], [ 114.7009866, 11.4758618 ], [ 114.7031882, 11.4696628 ], [ 114.7017967, 11.4638848 ], [ 114.6973905, 11.4606617 ], [ 114.693527, 11.4612352 ], [ 114.6812514, 11.4724898 ], [ 114.6711269, 11.4771938 ], [ 114.6681144, 11.4823456 ] ] ], [ [ [ 116.1989214, 11.4881459 ], [ 116.2258148, 11.5076071 ], [ 116.2304115, 11.5092681 ], [ 116.2351159, 11.5069803 ], [ 116.2384159, 11.5029066 ], [ 116.2393003, 11.4984015 ], [ 116.2372584, 11.4940111 ], [ 116.2270543, 11.4920438 ], [ 116.2185333, 11.4855399 ], [ 116.2048773, 11.4705586 ], [ 116.1948944, 11.4541189 ], [ 116.1880663, 11.4499148 ], [ 116.1835868, 11.4511409 ], [ 116.1814868, 11.4585851 ], [ 116.1850987, 11.4689626 ], [ 116.1989214, 11.4881459 ] ] ], [ [ [ 116.3840135, 11.5324545 ], [ 116.3992507, 11.5597272 ], [ 116.3970319, 11.566376 ], [ 116.3973008, 11.5729256 ], [ 116.3990937, 11.5761343 ], [ 116.4039348, 11.5726608 ], [ 116.4077446, 11.5643082 ], [ 116.4102538, 11.5445273 ], [ 116.3972009, 11.5097889 ], [ 116.3883739, 11.4970215 ], [ 116.3773964, 11.4925392 ], [ 116.3733187, 11.4943415 ], [ 116.3689818, 11.5001385 ], [ 116.3861652, 11.5241688 ], [ 116.3840135, 11.5324545 ] ] ], [ [ [ 116.2826419, 11.5429734 ], [ 116.332727, 11.5922104 ], [ 116.3381206, 11.5956101 ], [ 116.3418724, 11.5938904 ], [ 116.3448986, 11.5899999 ], [ 116.3474659, 11.5826713 ], [ 116.3208552, 11.5548188 ], [ 116.2805197, 11.5220067 ], [ 116.2658988, 11.5147273 ], [ 116.2620972, 11.5151908 ], [ 116.2599481, 11.5171602 ], [ 116.2589552, 11.5241111 ], [ 116.2616375, 11.5274617 ], [ 116.2826419, 11.5429734 ] ] ], [ [ [ 116.3795112, 11.6252991 ], [ 116.3690885, 11.6142326 ], [ 116.3641454, 11.6152492 ], [ 116.3593026, 11.6187219 ], [ 116.3577775, 11.6220628 ], [ 116.3665745, 11.6340147 ], [ 116.3773917, 11.6344045 ], [ 116.3796789, 11.6293929 ], [ 116.3795112, 11.6252991 ] ] ], [ [ [ 116.4021779, 11.6662994 ], [ 116.4206269, 11.680557 ], [ 116.4287501, 11.6896965 ], [ 116.4354004, 11.6911406 ], [ 116.4374997, 11.6887758 ], [ 116.4317606, 11.6757782 ], [ 116.4110869, 11.6552251 ], [ 116.4094974, 11.6446842 ], [ 116.4003739, 11.6420839 ], [ 116.3904861, 11.6433905 ], [ 116.3902673, 11.6493285 ], [ 116.3922975, 11.6565452 ], [ 116.4021779, 11.6662994 ] ] ], [ [ [ 116.4557079, 11.7117374 ], [ 116.45816, 11.7229102 ], [ 116.4708276, 11.7524825 ], [ 116.4744162, 11.7560535 ], [ 116.4859594, 11.7578502 ], [ 116.4900647, 11.7541308 ], [ 116.491352, 11.7456789 ], [ 116.4908832, 11.7343902 ], [ 116.4869562, 11.7187181 ], [ 116.4926229, 11.6934523 ], [ 116.4888361, 11.6732528 ], [ 116.4856389, 11.6672438 ], [ 116.4815545, 11.6635319 ], [ 116.4772637, 11.6627356 ], [ 116.4737471, 11.6648154 ], [ 116.4715988, 11.6762085 ], [ 116.4730743, 11.688102 ], [ 116.4697442, 11.6946971 ], [ 116.4606072, 11.703464 ], [ 116.4557079, 11.7117374 ] ] ], [ [ [ 116.1762754, 12.0412384 ], [ 116.1757631, 12.0344189 ], [ 116.173242, 12.0312149 ], [ 116.1679012, 12.0292994 ], [ 116.1611834, 12.0288521 ], [ 116.1483479, 12.0309995 ], [ 116.1426003, 12.0368818 ], [ 116.1440109, 12.0422516 ], [ 116.148415, 12.0446757 ], [ 116.16121, 12.0474825 ], [ 116.1681014, 12.0462722 ], [ 116.1762754, 12.0412384 ] ] ] ] } }
]
}
